3013,-12533,-37761929,-37761929
32274,27830,898185420,898185420
849,2994,2541906,2541906
-16224,13037,-211512288,-211512288
22925,-5908,-135446808,-135440900
-20462,3705,-75811710,-75811710
-9611,-15492,148893612,148893612
-2481,-17326,42985806,42985806
4879,-19902,-97101858,-97101858
1152,-18903,-21776256,-21776256
19973,-26865,-536574645,-536574645
67,15840,1045440,1061280
-26689,2978,-79479842,-79479842
-9635,18343,-176716462,-176734805
-17297,27798,-480822006,-480822006
15708,-27872,-437813376,-437813376
17998,-11416,-205465168,-205465168
-27164,-24683,670489012,670489012
-31363,7768,-243620016,-243627784
3092,-23882,-73843144,-73843144
-32061,-5541,177655542,177650001
-28453,-25912,737274136,737274136
2979,-27956,-83252968,-83280924
-12418,18125,-225076250,-225076250
-22023,12330,-271543590,-271543590
12618,8350,105360300,105360300
-22361,-23934,535188174,535188174
-7510,25177,-189079270,-189079270
6262,-31284,-195900408,-195900408
-11636,3130,-36420680,-36420680
-15439,13301,-205354139,-205354139
-21910,-10433,228587030,228587030
13483,-13890,-187278870,-187278870
-10046,16024,-160977104,-160977104
-18256,9021,-164687376,-164687376
-30862,-32418,1000484316,1000484316
23178,-9181,-212797218,-212797218
-24410,-26237,640445170,640445170
-5847,20887,-122460481,-122126289
-11042,17012,-187846504,-187846504
-4986,-24895,124126470,124126470
-29251,-1683,49227750,49229433
-19360,-24870,481483200,481483200
-2796,-1305,3648780,3648780
19432,-4381,-85131592,-85131592
-1299,16424,-21318352,-21334776
31462,-5434,-170964508,-170964508
18692,-30360,-567489120,-567489120
-11633,-20714,240965962,240965962
19821,20090,398223980,398203890
-25216,5676,-143126016,-143126016
12753,-12416,-158539904,-158341248
-7157,-16695,119486115,119486115
-8167,1173,-9579891,-9579891
31091,7,217630,217637
2767,-21263,-59174929,-58834721
-7660,-566,4335560,4335560
6437,17263,111121931,111121931
28722,-30110,-864337660,-864819420
14821,1,14821,14821
11368,18855,214343640,214343640
21040,-6920,-145486080,-145596800
-7578,-27857,211100346,211100346
6232,-21343,-133009576,-133009576
7686,-31506,-242155116,-242155116
-3911,-11984,46869424,46869424
11866,-1299,-15413934,-15413934
3044,-29073,-88498212,-88498212
8135,-28599,-232652865,-232652865
20718,-7646,-158409828,-158409828
-17979,-24255,436080645,436080645
28742,-30811,-885569762,-885569762
-30629,19327,-591966683,-591966683
-11038,-1355,14956490,14956490
-9482,26460,-250893720,-250893720
-21732,30936,-672301152,-672301152
-16987,-28079,476977973,476977973
-9186,-1432,13154352,13154352
-1696,10832,-18371072,-18371072
5672,16294,92158864,92419568
7537,19261,145170157,145170157
-14954,-15897,237723738,237723738
29572,-12482,-369117704,-369117704
5620,-17353,-97523860,-97523860
2453,21017,51554701,51554701
-3077,11906,-36634762,-36634762
-22983,12640,-290505120,-290505120
1749,-11351,-20034515,-19852899
-8855,-30573,270723915,270723915
-16273,8837,-143804501,-143804501
-2210,12801,-28290210,-28290210
19533,24403,476688202,476663799
-351,-13166,4621266,4621266
-27242,32366,-881714572,-881714572
-15907,-19901,316545306,316565207
17615,17134,302089554,301815410
-13429,114,-1530906,-1530906
-13559,8962,-121515758,-121515758
26396,-27949,-737741804,-737741804
20449,23964,490039836,490039836
-24409,1318,-32171062,-32171062
-15572,-5046,78657048,78576312
18373,-20103,-369352419,-369352419
-12639,-29233,369475887,369475887
-7259,-18893,137144287,137144287
-8353,-17054,142452062,142452062
-15372,-4477,68820444,68820444
7845,-19440,-152506800,-152506800
-3653,-2157,7879521,7879521
31888,30009,956926992,956926992
14523,10774,156470802,156470802
-23744,-19291,458045504,458045504
10600,-22668,-240280800,-240280800
-464,-3553,1705440,1648592
2840,18269,51883960,51883960
-17627,27160,-478749320,-478749320
-5242,-22572,118322424,118322424
-15484,6210,-96155640,-96155640
-27084,8600,-233060000,-232922400
-15254,-18271,278705834,278705834
-26164,-10753,281169444,281341492
11099,-15100,-167594900,-167594900
15641,-25844,-404226004,-404226004
8425,31848,268319400,268319400
-28505,4598,-131065990,-131065990
-27619,-9937,274440066,274450003
25011,-27695,-692651950,-692679645
12551,-26959,-338362409,-338362409
13425,15778,211819650,211819650
25154,13329,335277666,335277666
23876,-5505,-131437380,-131437380
21713,-5153,-111969537,-111887089
-7150,14336,-102502400,-102502400
-3295,-19090,62901550,62901550
-27607,-32576,899846848,899325632
-5241,21087,-110516967,-110516967
-265,-7660,2029900,2029900
-23002,15962,-367157924,-367157924
26887,14271,383704377,383704377
21368,-19862,-424411216,-424411216
-7567,7121,-53884607,-53884607
-9114,-20752,189133728,189133728
14164,-5515,-78114460,-78114460
-4026,-5456,21965856,21965856
-3479,-15661,54484619,54484619
-2419,-6938,16776084,16783022
24904,32728,815058112,815058112
8079,-9762,-78867198,-78867198
-29309,-18176,532738560,532720384
21301,-15608,-332216280,-332466008
17696,-12050,-213236800,-213236800
16872,24324,410394528,410394528
4756,-8443,-40154908,-40154908
21402,10126,216716652,216716652
17871,-15691,-280664917,-280413861
-18875,23261,-439051375,-439051375
-6786,5304,-35992944,-35992944
21673,-3248,-70393904,-70393904
-16634,13305,-221315370,-221315370
-8262,-21001,173510262,173510262
24940,14678,366069320,366069320
-17802,1505,-26792010,-26792010
5280,767,4049760,4049760
6559,14262,93544458,93544458
-6549,11168,-73139232,-73139232
-7154,16003,-114485462,-114485462
-23187,4372,-101369192,-101373564
-14829,-10176,150910080,150899904
-10135,-12837,130102995,130102995
12201,-32768,-399802368,-399802368
-12451,15872,-197606400,-197622272
18654,28993,540835422,540835422
-27253,-77,2098481,2098481
-192,-22177,4257984,4257984
-2295,27469,-63041355,-63041355
-844,-7789,6573916,6573916
32235,-24591,-792690885,-792690885
-20611,-26753,551379330,551406083
30371,30592,929079040,929109632
17115,1987,34007505,34007505
-3918,-29659,116203962,116203962
-23281,11656,-271363336,-271363336
-19908,16673,-331926084,-331926084
32040,-15491,-496083784,-496331640
20117,-21989,-442352713,-442352713
15454,18503,285945362,285945362
2928,-21591,-63218448,-63218448
2665,-1587,-4229355,-4229355
-2132,-9918,21145176,21145176
-10341,-13213,136635633,136635633
-9100,-28070,255437000,255437000
19233,-32182,-618956406,-618956406
19122,-2588,-49487736,-49487736
-10952,-26764,293119328,293119328
-30082,-9501,285809082,285809082
-24909,17690,-440657900,-440640210
-22119,-8628,190842732,190842732
-27467,-30213,829860471,829860471
29583,25078,741882474,741882474
25822,8157,210630054,210630054
29583,31167,922013361,922013361
31194,-32202,-1004509188,-1004509188
-2141,1972,-4224024,-4222052
-606,-4239,2568834,2568834
2127,-23713,-50437551,-50437551
-8638,25051,-216390538,-216390538
30007,-21505,-644956455,-645300535
-13948,-26983,376358884,376358884
-14110,15078,-212750580,-212750580
10580,2222,23508760,23508760
20278,11940,241928280,242119320
10290,-2683,-27565142,-27608070
5049,8523,43032627,43032627
-19308,22517,-434758236,-434758236
-7613,29040,-221110560,-221081520
31620,-6087,-192470940,-192470940
18470,14138,261128860,261128860
-7081,10963,-77629003,-77629003
-27800,21018,-584300400,-584300400
7902,21972,173622744,173622744
-14024,23930,-335594320,-335594320
5844,26493,155248980,154825092
-17382,-19948,346736136,346736136
30455,6326,192658330,192658330
-2568,28965,-74382120,-74382120
-21096,-5808,122525568,122525568
-15959,28731,-458518029,-458518029
-7176,5000,-35880000,-35880000
11522,21453,247181466,247181466
1368,-27702,-37896336,-37896336
524,28772,15076528,15076528
-16383,9507,-155753181,-155753181
-12417,-6793,84348681,84348681
-32727,16992,-556369056,-556097184
-9208,-29492,271562336,271562336
29196,11606,338848776,338848776
15235,1661,25303674,25305335
32267,-9417,-303858339,-303858339
-19780,-21655,428335900,428335900
22318,3214,71678628,71730052
-11323,-26807,303535661,303535661
25057,15030,376606710,376606710
-7026,-23276,163537176,163537176
-13250,-23970,317602500,317602500
-2883,30201,-87039282,-87069483
-31034,16387,-508554158,-508554158
-11915,24732,-294681780,-294681780
14293,-12573,-179907057,-179705889
795,-31783,-25267485,-25267485
19896,-13226,-263144496,-263144496
-10076,-17994,181307544,181307544
-2897,29453,-85325341,-85325341
23974,-24376,-584390224,-584390224
6582,-16080,-105838560,-105838560
23445,-27706,-649567170,-649567170
25716,28615,735863340,735863340
24693,-21392,-528232656,-528232656
17447,-1162,-20273414,-20273414
-18319,-14186,259873334,259873334
-6442,-24069,154667394,155052498
28554,-30870,-881461980,-881461980
14264,23907,341009448,341009448
20962,16606,348094972,348094972
-8938,-5253,46951314,46951314
-5938,4155,-24605910,-24672390
19336,-15005,-290136680,-290136680
-31688,-11081,351134728,351134728
-22554,10954,-247056516,-247056516
11628,10293,119687004,119687004
-8003,5574,-44603148,-44608722
-19468,27627,-537842436,-537842436
-23635,16830,-397760220,-397777050
-25463,-20431,520234553,520234553
23160,11611,268910760,268910760
15289,-9186,-140444754,-140444754
13097,4362,57059322,57129114
-26269,-30410,798870700,798840290
5669,-5915,-33532135,-33532135
-32369,4324,-139963556,-139963556
-19340,29862,-577531080,-577531080
32458,-28944,-939927456,-939464352
30259,12145,367289090,367495555
-8301,-7764,64456728,64448964
-30619,20756,-635527964,-635527964
-20485,-24045,492561825,492561825
-9951,-9328,92822928,92822928
-18429,12688,-233839840,-233827152
4179,-31352,-130988656,-131020008
-29987,-22884,686199624,686222508
-24840,-12949,321653160,321653160
28323,-7933,-224678426,-224686359
-21448,-4370,93727760,93727760
29079,31722,922444038,922444038
10007,-6213,-62173491,-62173491
24463,-12445,-304442035,-304442035
-17609,29139,-513574875,-513108651
-15469,-830,12840100,12839270
-11671,1953,-22793463,-22793463
-5279,-9115,48118085,48118085
-25990,-5846,151937540,151937540
-7729,3374,-26023662,-26077646
507,3932,1993524,1993524
28863,-5788,-167059044,-167059044
-20871,14323,-298935333,-298935333
10403,-29641,-308325682,-308355323
5096,-8735,-44513560,-44513560
21316,-11117,-236969972,-236969972
22172,15812,350583664,350583664
-1327,23947,-31394517,-31777669
26291,21327,560686830,560708157
-4147,32263,-133246190,-133794661
-3780,-9683,36601740,36601740
-18424,23285,-429002840,-429002840
24311,20555,499712605,499712605
-23006,-14163,325833978,325833978
-8695,-4348,37805860,37805860
-15682,26564,-416576648,-416576648
22905,-19919,-456244695,-456244695
-10239,-28399,290777361,290777361
32459,23428,760824300,760449452
30054,25089,754024806,754024806
-18532,24114,-446880648,-446880648
-6773,-18413,124711249,124711249
12422,-930,-11552460,-11552460
13583,12181,165454523,165454523
-10698,12612,-135124968,-134923176
12047,8052,97002444,97002444
22268,-19307,-429928276,-429928276
24417,-22204,-542155068,-542155068
6846,2302,15759492,15759492
4144,-23483,-96937824,-97313552
20625,26449,545510625,545510625
21491,-20081,-431540690,-431560771
-7451,-14003,104336353,104336353
-4488,10548,-47339424,-47339424
31885,-4998,-159366228,-159361230
29448,10609,312413832,312413832
-30076,20234,-608557784,-608557784
10557,-29503,-311492674,-311463171
15296,10823,165548608,165548608
8108,-3842,-31150936,-31150936
31218,32116,1002597288,1002597288
7406,-20667,-153059802,-153059802
-4730,421,-1991330,-1991330
-19668,-6174,121529016,121430232
1720,12420,21362400,21362400
11710,28903,338454130,338454130
-3291,19832,-65267112,-65267112
-27148,-5183,140708084,140708084
-25954,19494,-505947276,-505947276
-18515,-20120,372501680,372521800
-21608,-3896,84184768,84184768
8645,-8586,-74225970,-74225970
-28379,-20402,578988358,578988358
7673,20948,160734004,160734004
30123,-13371,-402774633,-402774633
-18600,-24014,446660400,446660400
18774,15346,288105804,288105804
-16928,11791,-199598048,-199598048
-19328,-17490,338046720,338046720
-18096,5496,-99455616,-99455616
9719,-13602,-132197838,-132197838
-1836,11334,-20627880,-20809224
-15244,-23654,360581576,360581576
-31076,5377,-167095652,-167095652
-32228,17003,-547972684,-547972684
12287,10299,126543813,126543813
2145,25117,53875965,53875965
32303,-31368,-1012778616,-1013280504
-15331,-32485,497995050,498027535
-16078,1145,-18427630,-18409310
-7873,-9775,76958575,76958575
27,17687,477549,477549
18660,26376,492176160,492176160
3375,-24739,-83098301,-83494125
-21974,-6471,142297290,142193754
28171,13100,369040100,369040100
29094,-11454,-333242676,-333242676
29524,-10229,-302000996,-302000996
-14653,27277,-399717158,-399689881
10018,12146,121678628,121678628
-25615,-23037,590092755,590092755
22181,-28362,-629097522,-629097522
-26637,17886,-476447268,-476429382
-29903,6996,-209313324,-209201388
10275,-15420,-158425080,-158440500
4664,-22058,-102878512,-102878512
31503,22559,710676177,710676177
-1194,-10487,12521478,12521478
30777,825,25391025,25391025
2816,-76,-214016,-214016
-11940,-32632,389626080,389626080
-10764,16534,-177971976,-177971976
-4858,19491,-94687278,-94687278
-24839,30168,-749342952,-749342952
-1554,-24095,37443630,37443630
30737,14507,445901659,445901659
-7228,32011,-231375508,-231375508
11695,-5928,-69327960,-69327960
22512,-26327,-592673424,-592673424
18445,-24222,-446799012,-446774790
-17403,29654,-516068562,-516068562
5680,15626,88505664,88755680
17731,18202,322721460,322739662
-23614,22238,-525128132,-525128132
-10231,4414,-45159634,-45159634
-17842,20111,-358820462,-358820462
10115,-29548,-298848472,-298878020
-5638,15819,-89187522,-89187522
-26253,13608,-357264432,-357250824
31571,327,10323390,10323717
23915,18909,452208735,452208735
31566,13246,418123236,418123236
23125,-15909,-367895625,-367895625
-19450,12441,-241977450,-241977450
17556,23251,408194556,408194556
-18850,6001,-113118850,-113118850
-32600,-28138,917298800,917298800
-13801,-16087,222016687,222016687
16284,-23065,-375590460,-375590460
-657,-14110,9270270,9270270
27169,-29685,-806511765,-806511765
6893,-29085,-200511990,-200482905
-21335,1550,-33069250,-33069250
-20637,11094,-228957972,-228946878
29790,-28878,-860275620,-860275620
1485,32234,48415468,47867490
-4537,24450,-110929650,-110929650
10773,7476,80538948,80538948
1404,30464,42771456,42771456
-4761,26858,-127870938,-127870938
25266,-28823,-728241918,-728241918
-11753,32199,-378434847,-378434847
29964,9344,279983616,279983616
11459,13635,156229830,156243465
26997,29793,804321621,804321621
1990,10970,21830300,21830300
11108,31434,349168872,349168872
10632,-16741,-177990312,-177990312
25451,-3615,-92005365,-92005365
9678,2104,20396176,20362512
-31919,22105,-705569495,-705569495
16807,-5812,-97682284,-97682284
-20184,-6523,131764600,131660232
-29443,-2290,67422180,67424470
-9174,-25791,237019290,236606634
-11667,-28366,330917756,330946122
-20042,12593,-252388906,-252388906
-24190,-11484,277797960,277797960
-26041,9288,-241868808,-241868808
16611,-26532,-440696520,-440723052
-14915,-19686,293597004,293616690
-16503,31747,-523920741,-523920741
7119,-10530,-75131550,-74963070
-5725,-8293,47485718,47477425
19201,19629,376896429,376896429
18738,-10258,-192050276,-192214404
-16402,-28178,462175556,462175556
11773,17645,207752230,207734585
-23990,-8873,212863270,212863270
-24592,-16188,398095296,398095296
-7065,12189,-86115285,-86115285
27269,-22063,-601635947,-601635947
12194,17448,212760912,212760912
8003,6335,50692670,50699005
-4218,-26660,112451880,112451880
1275,-4748,-6053700,-6053700
20222,25439,514427458,514427458
10447,-16622,-173915986,-173650034
14966,-23073,-345310518,-345310518
22938,-4417,-101317146,-101317146
24890,5837,145282930,145282930
8158,-27543,-224695794,-224695794
11248,14457,162612336,162612336
-13889,-28600,397225400,397225400
-14974,17183,-257298242,-257298242
24117,31559,760603459,761108403
7506,13642,102396852,102396852
-19464,-20449,398019336,398019336
-8942,-14844,132735048,132735048
19027,20038,381242988,381263026
29200,30430,888556000,888556000
30570,12159,371700630,371700630
2393,-32462,-77681566,-77681566
17161,-4043,-69381923,-69381923
-29819,-7773,231783087,231783087
30880,-4517,-139484960,-139484960
-22915,21073,-482866722,-482887795
-23433,16918,-396439494,-396439494
-14551,20922,-304770774,-304436022
5048,-13617,-68738616,-68738616
6207,7101,44075907,44075907
-12185,9474,-115440690,-115440690
-31451,-22090,694752590,694752590
-22043,-22420,494204060,494204060
-17095,-17870,305487650,305487650
10246,30177,309193542,309193542
10051,-14291,-143624550,-143638841
-26012,25452,-662057424,-662057424
-3448,4432,-15281536,-15281536
2816,4879,13739264,13739264
3136,-29135,-91367360,-91367360
18114,-8260,-149621640,-149621640
7626,-766,-5853772,-5841516
-9730,-7721,75125330,75125330
-27773,-9558,265463892,265454334
3720,-2068,-7692960,-7692960
-25724,25032,-643923168,-643923168
-3461,-16429,56860769,56860769
7984,-29048,-231454464,-231919232
20548,-28671,-589131708,-589131708
-13342,7640,-101932880,-101932880
-18939,-30162,571238118,571238118
2708,-30245,-81903460,-81903460
28664,-31199,-894288136,-894288136
3547,3883,13773001,13773001
-31531,9406,-296430090,-296580586
-17149,-21554,369651100,369629546
-14621,-16604,242783688,242767084
-15688,6243,-97940184,-97940184
-16440,28422,-466802928,-467257680
-28415,-11398,323874170,323874170
-17751,4864,-86340864,-86340864
19952,6287,125438224,125438224
-15425,18197,-280688725,-280688725
-6183,-7266,44925678,44925678
-22043,26908,-593133044,-593133044
2416,-4142,-10007072,-10007072
-3499,-29115,101873385,101873385
8596,-17610,-151375560,-151375560
-4084,-25989,106139076,106139076
22588,32496,734019648,734019648
-20992,10199,-214097408,-214097408
-25277,14068,-355610904,-355596836
-2370,-28720,68066400,68066400
-25739,-23635,608341265,608341265
21892,-4745,-103877540,-103877540
-16965,15762,-267402330,-267402330
5230,8038,42038740,42038740
12215,15898,194194070,194194070
17621,-15975,-281751075,-281495475
-8541,-22257,190119294,190097037
-20881,12022,-251031382,-251031382
30430,12983,395072690,395072690
-7856,-31309,245963504,245963504
26087,23235,606131445,606131445
9309,-24750,-230422500,-230397750
-11731,23937,-281164002,-280804947
-30894,6247,-192994818,-192994818
-21108,13396,-282762768,-282762768
-11032,19956,-220154592,-220154592
-24374,-24623,599767034,600161002
-26311,23413,-616019443,-616019443
6630,5522,36610860,36610860
8192,6768,55443456,55443456
16550,-10456,-173046800,-173046800
30653,11174,342527796,342516622
1572,-8919,-14020668,-14020668
26211,-6209,-162737890,-162744099
5568,-6955,-38725440,-38725440
32679,27266,891025614,891025614
-9909,27196,-269485164,-269485164
2176,-27791,-60473216,-60473216
32197,-21894,-704921118,-704921118
4340,-1038,-4504920,-4504920
-4734,-24358,115310772,115310772
25803,-837,-21610503,-21597111
-10732,2425,-26025100,-26025100
-28858,-17981,518895698,518895698
-23094,24403,-563172434,-563562882
-8863,1895,-16795385,-16795385
-31708,-8911,282549988,282549988
22985,-31489,-724278489,-723774665
24078,-32653,-786218934,-786218934
-12521,-29026,363434546,363434546
-7103,2095,-14880785,-14880785
-13721,16686,-228948606,-228948606
32152,-4968,-159731136,-159731136
-25628,30624,-784831872,-784831872
22199,27183,603435417,603435417
19046,-12938,-246417148,-246417148
24033,32679,785374407,785374407
-23380,-25525,596774500,596774500
15692,-7419,-116418948,-116418948
13409,1948,26120732,26120732
25034,6117,153230850,153132978
18026,-7283,-131283358,-131283358
-2260,21604,-49170704,-48825040
-5721,-12580,71970180,71970180
-5848,-26709,156621576,156194232
-6980,10164,-70944720,-70944720
-7388,-25980,191940240,191940240
-14095,1711,-24116545,-24116545
20666,-9214,-190416524,-190416524
-8242,19101,-157124826,-157430442
24651,-26197,-645782247,-645782247
13441,-28824,-387423384,-387423384
-386,-13801,5327186,5327186
-27738,11710,-324811980,-324811980
-11519,11920,-137306480,-137306480
-30311,17586,-533049246,-533049246
19553,16272,318166416,318166416
25293,-20963,-530573530,-530217159
-26540,15273,-405345420,-405345420
11099,2541,28202559,28202559
-24238,7111,-172356418,-172356418
-21415,-20967,449008305,449008305
4548,-24759,-112603932,-112603932
30465,-17292,-526800780,-526800780
22201,16351,363008551,363008551
-11428,3868,-44203504,-44203504
-25757,14512,-373800096,-373785584
-12938,16820,-217617160,-217617160
-12732,-30277,385486764,385486764
13230,-21207,-280568610,-280568610
-26023,-5653,147108019,147108019
-29099,29488,-858071312,-858071312
27167,-9770,-265421590,-265421590
11795,27208,320891152,320918360
27594,-28513,-787243930,-786787722
7235,12893,93267962,93280855
-30331,4598,-139461938,-139461938
9678,10205,98927270,98763990
28181,4525,127519025,127519025
-11096,25189,-279497144,-279497144
-29774,3788,-112783912,-112783912
30596,-15411,-471514956,-471514956
1656,18364,30410784,30410784
5837,-7232,-42336128,-42213184
-12488,-19361,241780168,241780168
-31858,7575,-241324350,-241324350
-28395,5280,-149925600,-149925600
17491,-28230,-493742700,-493770930
-18511,-7826,144867086,144867086
-22113,5945,-131461785,-131461785
27987,22941,642026826,642049767
-17134,19916,-341240744,-341240744
-24111,30111,-725524545,-726006321
19922,-29177,-581731026,-581264194
-863,-3437,2966131,2966131
-8110,-1825,14800750,14800750
-4132,20636,-85267952,-85267952
-14061,26454,-371996148,-371969694
-24165,-14847,358777755,358777755
4455,29800,132759000,132759000
-394,20484,-8070696,-8070696
-32534,32012,-1041478408,-1041478408
-18550,-20497,380219350,380219350
-21590,-24726,533834340,533834340
13271,23113,307102431,306732623
-11094,-19952,221347488,221347488
-25013,-28749,719098737,719098737
4054,22355,90984850,90627170
-5794,19039,-110311966,-110311966
9206,-6505,-59885030,-59885030
-17268,18073,-312084564,-312084564
-24894,32442,-807611148,-807611148
-31867,92,-2931764,-2931764
-13138,-1453,19089514,19089514
27253,-19094,-520368782,-520368782
-18051,-3070,55413500,55416570
24114,24293,585412714,585801402
12351,-13179,-162773829,-162773829
3241,-17710,-57398110,-57398110
-16695,-25644,427716276,428126580
-8340,17295,-144240300,-144240300
-20410,16361,-333928010,-333928010
936,13993,13097448,13097448
4595,20866,95858404,95879270
24684,-29170,-720032280,-720032280
-21856,11909,-260283104,-260283104
-21615,2070,-44743050,-44743050
3346,-2747,-9191462,-9191462
18195,8272,150500768,150509040
-32555,32604,-1060901556,-1061423220
25672,4764,122301408,122301408
4768,26201,124926368,124926368
-3656,-9355,34201880,34201880
-28449,3573,-101648277,-101648277
-27655,13819,-382164445,-382164445
-31626,-30462,963391212,963391212
-17566,-25183,442364578,442364578
15196,-17451,-265185396,-265185396
-27145,19709,-535000805,-535000805
-16347,14947,-244338609,-244338609
2644,17593,46515892,46515892
-7407,26562,-196744734,-196744734
-14333,15638,-224155092,-224139454
10420,23111,240816620,240816620
15108,-19466,-294092328,-294092328
-7205,-3331,23999855,23999855
-28691,-7439,213424910,213432349
7608,-14156,-107698848,-107698848
-20115,-14243,286483702,286497945
-24841,15433,-383371153,-383371153
18840,8148,153508320,153508320
-1072,26487,-27970272,-28394064
-14140,25624,-362323360,-362323360
30382,9950,302300900,302300900
22365,-10776,-241016016,-241005240
8835,5495,48542830,48548325
-7291,26792,-195340472,-195340472
-13984,-28874,403774016,403774016
5837,-8353,-48898462,-48756461
-2188,-19970,43694360,43694360
25070,-19967,-500572690,-500572690
-2064,22462,-46361568,-46361568
-5164,8317,-42815916,-42948988
-11002,7119,-78323238,-78323238
-24371,9345,-227588130,-227746995
24458,23908,584741864,584741864
12350,31357,387258950,387258950
7758,13358,103631364,103631364
1203,-24637,-29613674,-29638311
25302,-32251,-816530818,-816014802
18840,-13480,-253963200,-253963200
13431,-8265,-111007215,-111007215
-5240,-937,4909880,4909880
24702,-22849,-564415998,-564415998
-27277,-3474,94763772,94760298
30068,-2270,-68254360,-68254360
-19328,9310,-179943680,-179943680
-17640,-21989,387885960,387885960
29704,-12277,-364676008,-364676008
15906,24032,382252992,382252992
-16277,-3333,54251241,54251241
-12684,27682,-351118488,-351118488
18235,17871,325877685,325877685
-2625,-3430,9003750,9003750
28777,18091,520604707,520604707
-442,-12730,5626660,5626660
27644,12789,353539116,353539116
-2873,-26221,75332933,75332933
8957,639,5724162,5723523
-22479,-20682,465241590,464910678
16911,30073,508564503,508564503
-24273,11489,-279056321,-278872497
14720,1074,15809280,15809280
11569,-4980,-57533940,-57613620
11816,-4321,-50987800,-51056936
23037,-29038,-668977444,-668948406
4597,12060,55439820,55439820
-4504,27735,-124918440,-124918440
-29580,-32418,958924440,958924440
31305,-24409,-764123745,-764123745
3386,24080,81534880,81534880
18759,2193,41138487,41138487
-16520,2335,-38574200,-38574200
26512,17140,454415680,454415680
-29796,30221,-900464916,-900464916
-24807,-22932,568874124,568874124
9046,26989,244142494,244142494
32631,21219,692397189,692397189
-4660,22488,-104434272,-104794080
20978,8573,179844394,179844394
6512,32757,213313584,213313584
8417,-20213,-170132821,-170132821
-28114,-9103,256067390,255921742
-17166,23759,-407846994,-407846994
618,10865,6714570,6714570
-20886,16054,-335303844,-335303844
-10098,-6036,60951528,60951528
17914,13778,246819092,246819092
16527,20205,333928035,333928035
-30650,-8900,272785000,272785000
9270,23593,218329622,218707110
18095,-28889,-522746455,-522746455
12433,-13585,-168902305,-168902305
3448,26950,92923600,92923600
-12198,5861,-71492478,-71492478
9447,17748,167665356,167665356
12974,32127,416815698,416815698
-26003,-15384,400014768,400030152
17138,-1862,-31910956,-31910956
15479,15694,242927426,242927426
-22476,17930,-403281560,-402994680
-27397,-12893,353229521,353229521
-10263,-7826,80318238,80318238
-4005,20712,-82951560,-82951560
-3232,1582,-5113024,-5113024
22967,25924,595396508,595396508
-4942,-20433,100979886,100979886
-24767,26409,-654071703,-654071703
28581,-25506,-728986986,-728986986
18611,27810,517544100,517571910
-6600,18470,-121902000,-121902000
-22666,22641,-513180906,-513180906
32334,-4759,-153877506,-153877506
-14950,-15042,224877900,224877900
9014,-31245,-281142510,-281642430
27697,3216,89022096,89073552
-32384,-12061,390583424,390583424
11048,19137,211119384,211425576
741,19455,14416155,14416155
19001,23728,450855728,450855728
-10850,11370,-123364500,-123364500
-9723,-8357,81255111,81255111
-7151,30647,-219156697,-219156697
-23048,11560,-266434880,-266434880
-8948,-7730,69168040,69168040
14084,25093,353409812,353409812
10893,-5729,-62411726,-62405997
-9506,23848,-226699088,-226699088
-1968,-13801,27160368,27160368
-25414,-18790,477529060,477529060
13062,-32178,-420309036,-420309036
18996,-13752,-261012960,-261232992
-31081,-12946,402374626,402374626
28281,-17957,-507841917,-507841917
24371,8768,213535872,213684928
22335,23034,514464390,514464390
-6503,-14879,96758137,96758137
3247,18764,60926708,60926708
3178,-21873,-69512394,-69512394
23762,-6955,-165375990,-165264710
31706,-27891,-884312046,-884312046
-11107,18678,-207437868,-207456546
-24937,-1907,47554859,47554859
-16844,20935,-352964100,-352629140
-23988,6308,-151316304,-151316304
10100,-26368,-266316800,-266316800
29574,-4555,-134709570,-134709570
-9364,31524,-295190736,-295190736
-17321,14291,-247534411,-247534411
25805,5939,153356858,153255895
-5475,28040,-153490960,-153519000
4847,17809,86320223,86320223
11060,-13431,-148331964,-148546860
-4471,-23977,107201167,107201167
25839,20158,520862562,520862562
-15191,-29480,447830680,447830680
19385,-18528,-359165280,-359165280
8202,8052,66042504,66042504
17323,31588,547198924,547198924
20581,13461,277040841,277040841
32117,-10013,-321587521,-321587521
24777,27374,678683582,678245598
-7438,-13237,98456806,98456806
7069,6854,48457780,48450926
8759,4596,40182828,40256364
2650,25989,68870850,68870850
-22777,9320,-212281640,-212281640
31907,8246,263096876,263105122
-25106,17170,-431070020,-431070020
32704,-4810,-157306240,-157306240
-4121,25730,-106033330,-106033330
-9429,9424,-89009680,-88858896
18670,18629,347803430,347803430
7723,-6665,-51367155,-51473795
5945,27599,164076055,164076055
-27593,2512,-69353808,-69313616
-31084,1888,-58686592,-58686592
19219,11353,218181954,218193307
-31586,6507,-205530102,-205530102
2402,-21557,-51779914,-51779914
-18361,23914,-439084954,-439084954
24495,-24061,-589374195,-589374195
-28054,19625,-550559750,-550559750
-26229,-4957,130017153,130017153
16090,10468,168430120,168430120
-15911,9752,-155164072,-155164072
-22861,-6063,138612306,138606243
-23840,-21162,504502080,504502080
30291,19826,600529540,600549366
-13250,-25748,341161000,341161000
7366,-13131,-96722946,-96722946
-30648,-12883,394838184,394838184
-16375,-22689,371532375,371532375
-7679,-8531,65509549,65509549
21751,-10586,-230256086,-230256086
-22481,11206,-252101382,-251922086
-32467,6024,-195671568,-195581208
26035,-12198,-317562732,-317574930
-20264,-6325,128169800,128169800
25778,-22133,-570544474,-570544474
4519,32286,145900434,145900434
-19537,20647,-403380439,-403380439
-28726,-8485,243604350,243740110
6952,9722,67431792,67587344
-10917,-16813,183547521,183547521
11219,16700,187607800,187357300
20976,-25551,-535957776,-535957776
11533,-32678,-376908052,-376875374
11727,-19238,-225911834,-225604026
11420,-32561,-371846620,-371846620
21889,839,18364871,18364871
-1968,-25788,50750784,50750784
30250,17237,521143458,521419250
7076,-4438,-31403288,-31403288
-900,-4474,4026600,4026600
-8455,21911,-185257505,-185257505
5017,18072,90667224,90667224
21368,27140,579927520,579927520
-22850,17156,-392014600,-392014600
16954,-29373,-497989842,-497989842
25106,-24114,-605406084,-605406084
14037,-10428,-146544684,-146377836
-19346,-8296,160494416,160494416
32469,9725,315916625,315761025
-14475,13446,-194630850,-194630850
10054,4893,49194222,49194222
-31529,-24880,784043440,784441520
-2328,-1080,2514240,2514240
-25324,-8811,223129764,223129764
-32487,-624,20271888,20271888
31128,27083,843039624,843039624
2843,-3735,-10618605,-10618605
17806,31968,569222208,569222208
-23360,29896,-698370560,-698370560
-4555,6637,-30337727,-30231535
6439,-6990,-45008610,-45008610
8986,-3072,-27604992,-27604992
-2679,24028,-64371012,-64371012
18446,-28810,-531429260,-531429260
-31804,-18252,580486608,580486608
-28634,9165,-262430610,-262430610
-12361,-27796,343586356,343586356
-6993,-21251,148608243,148608243
-22541,19407,-437472594,-437453187
-3494,-5952,20796288,20796288
-27647,-2018,55791646,55791646
9349,20931,195683919,195683919
-6232,32155,-200389960,-200389960
-22021,9279,-204332859,-204332859
-22931,28420,-651670600,-651699020
26608,23786,632897888,632897888
-24106,11454,-275926860,-276110124
4528,-18752,-84909056,-84909056
25223,-11309,-285246907,-285246907
3254,-20592,-67006368,-67006368
14298,15510,221761980,221761980
-30046,-32557,978207622,978207622
10495,1287,13507065,13507065
30676,10687,328005404,327834412
1605,-30004,-48156420,-48156420
30979,25352,785354256,785379608
23203,-6176,-143295552,-143301728
439,-21939,-9631221,-9631221
28939,-1857,-53739723,-53739723
15085,15027,226697322,226682295
22203,22593,501632379,501632379
4296,5003,21572936,21492888
-9978,25815,-257582070,-257582070
12197,-5222,-63692734,-63692734
32451,14448,468837600,468852048
100,16609,1660900,1660900
-26390,-20049,529093110,529093110
-19133,20596,-394083864,-394063268
13191,26293,346830963,346830963
13867,5953,82455003,82550251
5514,-17621,-97162194,-97162194
11952,19541,233554032,233554032
-11876,-15145,179862020,179862020
4023,29315,117934245,117934245
-21116,25951,-547981316,-547981316
-1015,-15627,15861405,15861405
-18114,13183,-238796862,-238796862
-5971,14231,-84959070,-84973301
-16816,-29339,493364624,493364624
32102,-29228,-938277256,-938277256
19847,-28815,-571891305,-571891305
10030,16799,168225186,168493970
-21340,5127,-109410180,-109410180
4602,-29118,-134001036,-134001036
-5360,-18254,97841440,97841440
9903,29670,293822010,293822010
-11195,-9647,107998165,107998165
6038,-22454,-135577252,-135577252
-2588,-27776,71884288,71884288
19240,-21324,-409932576,-410273760
-26321,-15874,418073538,417819554
-4467,-18317,81803722,81822039
-13597,-712,9681776,9681064
-3930,-13557,53279010,53279010
22050,-23095,-509244750,-509244750
-1034,-24469,25300946,25300946
-13705,-10994,150672770,150672770
31555,-19658,-620288532,-620308190
28812,27034,778903608,778903608
-26032,16010,-416772320,-416772320
21682,-1357,-29422474,-29422474
18294,16455,301027770,301027770
17873,-5480,-98031720,-97944040
11397,29249,333350853,333350853
-13622,20685,-281440110,-281771070
-18749,21610,-405187500,-405165890
13820,3348,46269360,46269360
4429,8022,35537460,35529438
-29713,-18596,552542948,552542948
10452,-12258,-128316744,-128120616
-24634,-21415,527537110,527537110
-22289,8724,-194449236,-194449236
-2164,3062,-6626168,-6626168
-279,-28086,7835994,7835994
-7680,-21920,168345600,168345600
21862,23631,516620922,516620922
28383,11749,333471867,333471867
-26710,32055,-856189050,-856189050
25699,-5290,-135942420,-135947710
29413,-20663,-607760819,-607760819
20980,-471,-9881580,-9881580
21339,27748,592114572,592114572
32693,18196,594881828,594881828
25783,-2436,-62807388,-62807388
-513,24917,-12782421,-12782421
-28560,17726,-506254560,-506254560
-27303,-23449,640228047,640228047
-30587,5950,-181992650,-181992650
-10982,12623,-138625786,-138625786
-19842,-6984,138576528,138576528
1591,-8635,-13600125,-13738285
16374,-4788,-78398712,-78398712
14175,20205,286405875,286405875
6544,11201,73299344,73299344
13062,-9514,-124271868,-124271868
-5964,22574,-134631336,-134631336
-31392,-25225,791863200,791863200
8154,-2405,-19610370,-19610370
31740,29287,929569380,929569380
-6448,15741,-101246112,-101497968
7687,-1532,-11776484,-11776484
11208,11026,123755824,123579408
15829,-29638,-469614110,-469139902
-26749,30734,-822134500,-822103766
25547,18104,462792552,462502888
-27016,-23148,625366368,625366368
-9667,816,-7887456,-7888272
22608,-5131,-116001648,-116001648
-20141,25064,-504839088,-504814024
-14202,18215,-258689430,-258689430
-19554,-17829,348628266,348628266
-29046,30064,-873238944,-873238944
27495,11026,303159870,303159870
7490,-4545,-34042050,-34042050
9803,-28815,-282473445,-282473445
-26314,-2903,76435990,76389542
-4524,-31808,143899392,143899392
-3513,32377,-113740401,-113740401
-27384,25874,-708533616,-708533616
-10932,19040,-208145280,-208145280
-24926,19017,-474017742,-474017742
-21147,-10453,221049591,221049591
23800,5886,140086800,140086800
-23458,23413,-549222154,-549222154
-9422,25195,-237790410,-237387290
-22275,-11549,257242426,257253975
-7449,-30173,224758677,224758677
26518,-184,-4879312,-4879312
181,-22068,-3994308,-3994308
18606,22970,427379820,427379820
-32269,-25974,838180980,838155006
31517,6918,218041524,218034606
28810,-932,-26850920,-26850920
-5525,17544,-96930600,-96930600
-25701,11046,-283893246,-283893246
17372,-28725,-499010700,-499010700
-29446,16528,-486683488,-486683488
-3604,30465,-109795860,-109795860
-28377,7046,-199944342,-199944342
8097,14768,119576496,119576496
-19761,21890,-432218050,-432568290
-18300,-12119,221777700,221777700
-16268,18784,-305578112,-305578112
28062,-1111,-31176882,-31176882
17490,5873,102718770,102718770
-23216,12458,-289224928,-289224928
-29666,-27132,804897912,804897912
-29358,-19884,583754472,583754472
-23641,26401,-624146041,-624146041
5069,30862,156964132,156439478
21261,-7257,-154298334,-154291077
-7738,16796,-129967448,-129967448
10885,9876,107500260,107500260
25803,-30766,-794347354,-793855098
30046,3734,112191764,112191764
-14030,-30912,434189952,433695360
15697,14259,223823523,223823523
-1603,15458,-24763716,-24779174
20657,-1984,-40983488,-40983488
-23805,25660,-610861960,-610836300
15261,29764,454258168,454228404
12401,31722,393384522,393384522
18893,-32214,-609166740,-608619102
-12229,-18164,222127556,222127556
-31233,-16178,505287474,505287474
27421,7186,197054492,197047306
-17482,-30019,524792158,524792158
-20428,25817,-527802748,-527389676
30542,-555,-16950810,-16950810
2263,2452,5588108,5548876
1548,-3085,-4775580,-4775580
-23613,18298,-432088972,-432070674
30522,2299,70170078,70170078
26726,6704,179171104,179171104
-28447,-26139,743576133,743576133
2236,15969,35706684,35706684
-8115,-15872,128785408,128801280
-4748,13192,-62635616,-62635616
-19493,24382,-475278326,-475278326
17365,12379,215159399,214961335
5439,2974,16175586,16175586
-3036,13010,-39498360,-39498360
-12091,9096,-109979736,-109979736
-20758,-2498,51853484,51853484
30135,-15800,-476133000,-476133000
-8960,-1679,15043840,15043840
19318,-14501,-280130318,-280130318
-21092,29801,-628562692,-628562692
24674,-13617,-335985858,-335985858
2898,26223,75994254,75994254
32545,10347,336743115,336743115
-25001,-29901,747554901,747554901
13423,215,2885945,2885945
-9772,23246,-226787976,-227159912
-12551,11129,-139680079,-139680079
-6730,5674,-38186020,-38186020
22123,17728,392196544,392196544
-21056,-18748,394757888,394757888
-26558,-21985,583877630,583877630
-9148,-1471,13456708,13456708
8828,30814,272025992,272025992
-7605,23504,-178747920,-178747920
16314,-30075,-490643550,-490643550
-6498,5328,-34621344,-34621344
-1543,31771,-49022653,-49022653
-9618,9649,-92804082,-92804082
7780,-22297,-173470660,-173470660
26619,17795,473685105,473685105
14955,12277,183602535,183602535
-2270,-3012,6837240,6837240
-25680,-6387,164018160,164018160
-18679,27929,-521685791,-521685791
18912,28383,536779296,536779296
-27156,-21480,583310880,583310880
4365,9107,39761162,39752055
15155,27920,422652960,423127600
-32594,7933,-258568202,-258568202
6102,10828,66245704,66072456
-7474,16158,-120506364,-120764892
21060,8747,184211820,184211820
17033,8004,136332132,136332132
-9539,20671,-197159998,-197180669
28277,6501,183828777,183828777
23657,29146,689506922,689506922
-3841,19708,-75698428,-75698428
17160,-629,-10793640,-10793640
5219,-28124,-146751032,-146779156
-18282,13437,-245655234,-245655234
-5805,-30438,176723028,176692590
-21066,4402,-92732532,-92732532
14558,-29716,-432605528,-432605528
-14011,20112,-281789232,-281789232
-29254,-19069,557844526,557844526
31448,28089,883342872,883342872
13438,-7476,-100462488,-100462488
-4706,-23890,112426340,112426340
15858,-20440,-324137520,-324137520
2653,-4962,-13169148,-13164186
28153,30952,871391656,871391656
-32009,2682,-85848138,-85848138
22338,23048,514846224,514846224
-16567,30635,-507530045,-507530045
16715,12001,200596715,200596715
-5449,27240,-148430760,-148430760
15313,-28148,-431480692,-431030324
-2744,-6477,17772888,17772888
3652,-7640,-27901280,-27901280
-30565,-23970,732643050,732643050
19297,15304,295321288,295321288
3743,7205,26968315,26968315
14450,30510,440869500,440869500
-18603,-28350,527395050,527395050
-6803,12315,-83766630,-83778945
27264,-1402,-38224128,-38224128
7275,-13972,-101646300,-101646300
-9836,5981,-58829116,-58829116
27299,22443,612649014,612671457
27583,24260,669163580,669163580
7290,-17571,-128092590,-128092590
20324,5024,102107776,102107776
15805,-29372,-464253832,-464224460
28129,11119,312766351,312766351
-26969,10818,-291750642,-291750642
30705,26065,800325825,800325825
-17987,-20453,367867658,367888111
-11631,15571,-181106301,-181106301
-5082,-1064,5407248,5407248
-20053,-4211,84443183,84443183
16267,-23573,-383461991,-383461991
-652,30699,-20015748,-20015748
31775,2534,80517850,80517850
24264,-28622,-694942160,-694484208
12521,17648,220970608,220970608
18012,-18378,-331024536,-331024536
-22567,14249,-321557183,-321557183
-8151,10660,-87060220,-86889660
-4907,30668,-149997188,-150487876
6105,-8073,-49285665,-49285665
-12729,25383,-323100207,-323100207
-27494,-26123,718225762,718225762
-10941,5955,-65159610,-65153655
-14804,-12735,188732700,188528940
20209,28250,570904250,570904250
-9608,-16406,157628848,157628848
18483,1499,27680534,27706017
-17251,25718,-443635500,-443661218
-30144,14401,-434103744,-434103744
5554,31334,174029036,174029036
-22991,9050,-208213350,-208068550
21803,-32613,-710539431,-711061239
-7382,-23599,174585402,174207818
-24021,-20307,488119359,487794447
20014,20516,410278968,410607224
-4447,1295,-5758865,-5758865
-19398,-30015,582230970,582230970
-7550,15247,-115114850,-115114850
-23876,27775,-663155900,-663155900
-4858,-12766,62017228,62017228
25599,-11720,-300020280,-300020280
14126,-661,-9326710,-9337286
167,22442,3747814,3747814
-21386,-16373,350152978,350152978
19154,22881,438628770,438262674
-1016,-10473,10640568,10640568
-13581,-3868,52535176,52531308
-28595,-17469,499508586,499526055
-12793,-42,537306,537306
-27608,-22614,624689136,624327312
24628,6727,165564924,165672556
-2368,-26441,62612288,62612288
19570,-23570,-461264900,-461264900
24619,20254,498309162,498633226
8523,-19579,-166871817,-166871817
16591,16738,277967966,277700158
9815,9970,97855550,97855550
-16169,-21027,339649131,339985563
27520,-26484,-728839680,-728839680
-13164,-28988,381598032,381598032
-17742,26915,-477525930,-477525930
4635,-24287,-112570245,-112570245
-24066,-20990,505145340,505145340
-515,25270,-12988780,-13014050
27618,19378,535181604,535181604
-18828,3138,-59082264,-59082264
8364,-10845,-90707580,-90707580
12248,-24795,-303689160,-303689160
-27210,-21880,595354800,595354800
3761,-12073,-45406553,-45406553
19563,-6012,-117612756,-117612756
-15030,8231,-123711930,-123711930
-26410,27132,-716122008,-716556120
31250,-13374,-417937500,-417937500
-31569,-13522,426876018,426876018
7587,-13581,-103025466,-103039047
-9327,26713,-249152151,-249152151
22737,-8940,-203411820,-203268780
9848,23965,236007320,236007320
-26484,31668,-838695312,-838695312
-19453,-31402,610894508,610863106
2813,-6956,-19574184,-19567228
-27981,32548,-910758136,-910725588
-26977,4679,-126225383,-126225383
-29787,-23714,706368918,706368918
-4154,-15193,63111722,63111722
11247,3621,40725387,40725387
30808,29645,913303160,913303160
-17357,-25403,441351722,440919871
25882,23127,598573014,598573014
19835,-4683,-92887305,-92887305
-24729,31010,-766846290,-766846290
-22019,22737,-500623266,-500646003
-12375,-30918,382610250,382610250
23520,-1254,-29494080,-29494080
25702,1078,27706756,27706756
-20082,-20307,407805174,407805174
-29368,10872,-319288896,-319288896
-19267,6440,-124073040,-124079480
12520,-1979,-24777080,-24777080
12982,-30152,-391433264,-391433264
-585,9779,-5720715,-5720715
-18431,9604,-177011324,-177011324
24046,13032,313367472,313367472
-28422,-16205,460578510,460578510
32704,22927,749804608,749804608
-14715,-66,971190,971190
20157,-27627,-556905066,-556877439
10585,14669,155271365,155271365
29883,-23660,-707031780,-707031780
16396,-30638,-502340648,-502340648
25100,-787,-19753700,-19753700
23931,-12903,-308781693,-308781693
15987,-7426,-118712036,-118719462
-31593,-24181,763950333,763950333
-1640,19835,-32529400,-32529400
-30149,25558,-770548142,-770548142
15206,-1830,-27826980,-27826980
-2781,10298,-28649036,-28638738
29211,25925,757295175,757295175
5010,-10973,-54974730,-54974730
-13460,-14316,192693360,192693360
-3641,93,-338613,-338613
12185,8389,102219965,102219965
23008,2442,56185536,56185536
19638,11740,230550120,230550120
-10452,1945,-20360260,-20329140
-29160,26561,-774518760,-774518760
-18788,-9741,183013908,183013908
8497,2284,19370604,19407148
1893,7067,13377831,13377831
-3918,4737,-18559566,-18559566
-28582,10736,-306856352,-306856352
-22449,15792,-354514608,-354514608
-7631,7765,-59378955,-59254715
-18684,1511,-28231524,-28231524
17975,-9876,-177363084,-177521100
17697,-22709,-401881173,-401881173
-14191,-3551,50392241,50392241
16134,7781,125538654,125538654
13991,-14787,-206884917,-206884917
21216,10628,225483648,225483648
7109,30138,214251042,214251042
-5315,16338,-86820132,-86836470
-15460,-10866,167988360,167988360
13266,-24189,-321278298,-320891274
14757,-31709,-467929713,-467929713
6476,17958,116296008,116296008
18451,-7882,-145422900,-145430782
18052,-4221,-76197492,-76197492
-32674,1117,-36496858,-36496858
10983,5389,59187387,59187387
11009,-13092,-144129828,-144129828
-4234,-2736,11584224,11584224
21388,-10995,-235161060,-235161060
32553,-30113,-979786681,-980268489
-14440,30480,-440131200,-440131200
-30437,-27725,843865825,843865825
4279,-11272,-48232888,-48232888
30277,-30344,-918725288,-918725288
32507,-16332,-530904324,-530904324
30265,-22854,-691676310,-691676310
6955,-8350,-57940650,-58074250
29079,-5265,-153100935,-153100935
-20162,-30385,612622370,612622370
5809,4824,28022616,28022616
-13005,-9393,122315646,122155965
-12772,-27095,346057340,346057340
-16932,-20296,343651872,343651872
-14178,-19212,272387736,272387736
-29512,-22882,675293584,675293584
-4289,26710,-114559190,-114559190
1913,5799,11093487,11093487
-4133,27981,-115645473,-115645473
-18632,8205,-152875560,-152875560
12818,16453,210894554,210894554
-5869,-25178,147794860,147769682
-5660,7999,-45274340,-45274340
-21725,10515,-228448890,-228438375
-1316,411,-540876,-540876
-14710,8412,-123740520,-123740520
5145,-23059,-118638555,-118638555
-13676,-24412,333858512,333858512
-23793,-30744,731491992,731491992
142,-31682,-4498844,-4498844
-11679,-7227,84404133,84404133
30574,27083,828035642,828035642
-28261,-19420,548828620,548828620
-2589,-22881,59261790,59238909
-31695,-18197,577045067,576753915
2776,24109,66926584,66926584
8094,26881,217574814,217574814
1046,27038,28281748,28281748
-29720,1148,-34118560,-34118560
-5101,25190,-128519380,-128494190
-19590,-31712,621238080,621238080
-28800,-22156,638092800,638092800
17047,-22345,-380915215,-380915215
30907,22090,682735630,682735630
-22456,-6096,136891776,136891776
-2892,18597,-53782524,-53782524
3106,-32251,-100171606,-100171606
3679,6911,25425569,25425569
25001,29661,741554661,741554661
-27316,10124,-276547184,-276547184
19908,29405,585394740,585394740
4476,-29438,-131764488,-131764488
15867,939,14899113,14899113
-12274,9679,-118800046,-118800046
23795,23182,551592508,551615690
-8233,-29692,243979164,244454236
-25878,31405,-812698590,-812698590
1662,8616,14319792,14319792
-24418,6884,-168093512,-168093512
-10692,-857,9163044,9163044
-9115,-18405,167761575,167761575
-26170,-742,19418140,19418140
30936,-28497,-881583192,-881583192
22931,-17377,-398454610,-398471987
25071,-24631,-617523801,-617523801
-6914,-26886,185889804,185889804
17107,-24786,-424385892,-424014102
-14493,-21584,312838496,312816912
-30636,2941,-90100476,-90100476
19164,-11806,-226250184,-226250184
24393,8782,214219326,214219326
32676,-23026,-752397576,-752397576
-19524,-8407,164138268,164138268
11965,-30464,-364532224,-364501760
12090,-551,-6661590,-6661590
-7680,-28004,215070720,215070720
16411,-1536,-25207296,-25207296
-5361,-24381,130706541,130706541
4885,4472,21845720,21845720
21100,20105,424215500,424215500
-28665,14956,-428713740,-428713740
-7394,-2197,16244618,16244618
26677,14750,393249750,393485750
11556,-17967,-207626652,-207626652
1515,-31513,-47742195,-47742195
30267,28025,848232675,848232675
-28473,22858,-650835834,-650835834
-12282,-20451,251179182,251179182
-1129,-19022,21475838,21475838
1101,-7685,-8468870,-8461185
-4594,20659,-94907446,-94907446
-24246,6526,-158229396,-158229396
-11208,-21655,242709240,242709240
-4169,13503,-56294007,-56294007
-8957,-309,2768022,2767713
-1119,-12527,14017713,14017713
-3930,18559,-72936870,-72936870
-27994,18014,-504283916,-504283916
-16551,17832,-295137432,-295137432
16814,-19079,-320794306,-320794306
-20455,28049,-573742295,-573742295
21435,-2002,-42912870,-42912870
-2844,460,-1308240,-1308240
-11550,-21694,250565700,250565700
29501,-1891,-55788282,-55786391
-29676,10257,-304386732,-304386732
-8875,4681,-41543875,-41543875
4021,-28899,-116202879,-116202879
-26204,-13540,354802160,354802160
-23878,-18398,439307444,439307444
-10654,24010,-255802540,-255802540
21828,16388,357717264,357717264
-31847,-15113,481303711,481303711
-3220,-31164,100348080,100348080
17479,-16772,-293157788,-293157788
1608,-23759,-38204472,-38204472
-29614,-14756,436984184,436984184
-9018,30100,-271441800,-271441800
-31060,5840,-181390400,-181390400
-31883,-27643,881341769,881341769
7302,-20869,-152385438,-152385438
-14894,25011,-372113658,-372513834
-1054,18214,-19197556,-19197556
11061,-2624,-28982080,-29024064
-29348,23829,-699333492,-699333492
1262,11772,14856264,14856264
140,11346,1588440,1588440
24253,-23768,-576469072,-576445304
17347,-19716,-341993736,-342013452
26,-18805,-488930,-488930
-1122,-22267,24983574,24983574
31887,-32258,-1028610846,-1028610846
-26081,-28832,751967392,751967392
6303,-7885,-49699155,-49699155
18628,-25071,-467022588,-467022588
-7084,28264,-200222176,-200222176
-2975,-11760,34986000,34986000
-21984,-30648,673765632,673765632
18720,-5742,-107490240,-107490240
-2030,18982,-38533460,-38533460
-19849,23689,-470202961,-470202961
6402,-28335,-181400670,-181400670
23665,27382,647995030,647995030
5836,-2632,-15402464,-15360352
13089,4081,53416209,53416209
-16332,-10346,169136408,168970872
-7531,1507,-11349217,-11349217
-24452,20314,-496717928,-496717928
-10461,-13842,144815004,144801162
1118,15502,17331236,17331236
15209,-27141,-412787469,-412787469
-2197,14819,-32557343,-32557343
-809,26204,-20779772,-21199036
17005,-24528,-417123168,-417098640
-14573,-631,9196194,9195563
30449,-28283,-861189067,-861189067
1570,-12316,-19336120,-19336120
-8838,-6879,60796602,60796602
-6500,6914,-44941000,-44941000
-32372,13931,-450974332,-450974332
21191,-8846,-187455586,-187455586
12310,-6463,-79559530,-79559530
-1798,-12432,22352736,22352736
30300,3384,102535200,102535200
17175,28815,494897625,494897625
-24330,-30433,740434890,740434890
23665,-1096,-25936840,-25936840
-18433,-3223,59409559,59409559
13576,27797,377372072,377372072
-29951,-22333,668895683,668895683
29781,32449,966363669,966363669
-23860,-14451,344569644,344800860
-29788,-20791,619322308,619322308
20148,9824,197933952,197933952
-24275,14456,-351136240,-350919400
-26005,26989,-701848945,-701848945
-23839,6479,-154452881,-154452881
20723,-6560,-135936320,-135942880
16182,3006,48594996,48643092
-810,-17916,14225304,14511960
-8242,-30463,250588638,251076046
-5327,-15784,84333912,84081368
-20151,-11481,231353631,231353631
10412,-25248,-262882176,-262882176
-25300,-8150,206325400,206195000
-32517,-24495,796503915,796503915
21530,29350,631905500,631905500
-32523,-5020,163265460,163265460
15963,23,367149,367149
29415,23549,692693835,692693835
-29731,-14315,425584950,425599265
25140,-30109,-756458516,-756940260
9395,-14444,-135686936,-135701380
7896,-10305,-81368280,-81368280
-19384,-19307,374246888,374246888
12521,22687,284063927,284063927
-21710,4671,-101482146,-101407410
-6225,-4189,26076525,26076525
13046,6366,83050836,83050836
19304,14251,275101304,275101304
13971,-14656,-204744320,-204758976
10323,-30685,-316730570,-316761255
25134,-11168,-280517824,-280696512
3863,682,2634566,2634566
9149,-15903,-145512450,-145496547
17951,32478,583012578,583012578
-23042,-14517,334500714,334500714
-8954,-25495,228282230,228282230
-11111,-7549,83876939,83876939
-24921,-18653,464851413,464851413
23494,-11912,-279860528,-279860528
6123,-6555,-40136265,-40136265
-22202,2680,-59501360,-59501360
-27926,2657,-74199382,-74199382
-7146,-12242,87481332,87481332
7039,-16477,-115981603,-115981603
-90,6710,-603900,-603900
-32295,24695,-797525025,-797525025
-24334,-22838,555739892,555739892
19253,1909,36723433,36753977
14680,-3213,-47166840,-47166840
-14270,-27680,394993600,394993600
-3975,13894,-55228650,-55228650
1626,-25066,-40757316,-40757316
-19447,28311,-550564017,-550564017
-12771,-30778,393035060,393065838
13280,23455,311482400,311482400
-21108,25896,-546612768,-546612768
-11229,29973,-336596790,-336566817
-4811,6125,-29565375,-29467375
-14628,-2274,33264072,33264072
-25195,14360,-361800200,-361800200
-2076,-8028,16666128,16666128
-30924,9862,-305130280,-304972488
3940,-5509,-21705460,-21705460
14762,-940,-13876280,-13876280
31955,-27821,-889437370,-889020055
-753,-26662,20076486,20076486
27599,5610,154920150,154830390
-8447,-28299,239041653,239041653
-14963,27777,-415599474,-415627251
-21043,17885,-376050010,-376354055
14685,22525,330802150,330779625
-3631,-11467,41453205,41636677
12795,19638,251268210,251268210
-1863,5017,-9346671,-9346671
-9960,-29075,289587000,289587000
-12376,-23725,293620600,293620600
8167,5206,42517402,42517402
16101,-8576,-138082176,-138082176
-21228,-25152,533926656,533926656
-10456,-7345,76916840,76799320
-3604,-23748,85587792,85587792
-8166,-29798,243330468,243330468
5145,25554,131475330,131475330
26916,29196,785839536,785839536
1226,-9939,-12344238,-12185214
15652,-2925,-45782100,-45782100
28572,-16070,-459152040,-459152040
-6374,12621,-80446254,-80446254
-17127,-26828,459483156,459483156
-19081,-338,6449378,6449378
7213,-27246,-196116708,-196525398
-20213,-747,15099111,15099111
30558,-17964,-548943912,-548943912
-22974,-30836,708426264,708426264
31792,-16226,-515597376,-515856992
8890,-18205,-161842450,-161842450
-27528,9251,-254661528,-254661528
29394,28645,842449450,841991130
-4344,8785,-38162040,-38162040
-23996,17624,-422905504,-422905504
29820,-18499,-551640180,-551640180
31844,-27634,-879977096,-879977096
-11115,-25672,285344280,285344280
-29666,32428,-962009048,-962009048
31200,20383,635949600,635949600
8010,-9618,-77040180,-77040180
-28904,3262,-94284848,-94284848
16492,18071,298026932,298026932
273,-12324,-3364452,-3364452
-17029,8139,-138599031,-138599031
31609,21203,670205627,670205627
8642,32265,278834130,278834130
26727,5172,138232044,138232044
-18820,17273,-325077860,-325077860
-1562,20595,-32169390,-32169390
-29384,1613,-47396392,-47396392
5752,907,5217064,5217064
27305,9576,261472680,261472680
27350,-6255,-171174330,-171074250
-7702,-17148,132073896,132073896
25800,30272,781501952,781017600
15331,-23020,-352896600,-352919620
12401,-3368,-41766568,-41766568
-31792,-32630,1036850880,1037372960
-18208,21349,-388722592,-388722592
-31335,-22955,719294925,719294925
-22452,22484,-504810768,-504810768
-12292,13359,-164208828,-164208828
28606,30420,870194520,870194520
-21962,1805,-39670290,-39641410
13203,-3588,-47368776,-47372364
9267,-18344,-169682000,-169993848
-6231,-16343,101833233,101833233
3047,-23371,-71211437,-71211437
13191,-24426,-322203366,-322203366
-6170,-5503,33953510,33953510
-32155,4247,-136562285,-136562285
1739,25297,44396235,43991483
610,18814,11476540,11476540
29843,-21736,-648645712,-648667448
-24124,18844,-454592656,-454592656
-901,7993,-7201693,-7201693
1691,-14129,-23892139,-23892139
11642,-9412,-109574504,-109574504
-23909,18080,-432274720,-432274720
20213,-17586,-355465818,-355465818
-24950,-154,3842300,3842300
28347,23136,655836192,655836192
-6636,-4765,31620540,31620540
23274,5378,125167572,125167572
10343,-13232,-136858576,-136858576
-25136,2502,-62850240,-62890272
-12447,6492,-80805924,-80805924
-32411,4047,-131167317,-131167317
1202,4361,5241922,5241922
5482,-14880,-81572160,-81572160
-17971,-21015,377303310,377660565
9432,-30848,-290958336,-290958336
-27406,-21848,598766288,598766288
14503,29070,421602210,421602210
1845,-30357,-55522953,-56008665
-24184,24290,-587429360,-587429360
14555,32742,476559810,476559810
27059,-4801,-129905458,-129910259
5845,-30405,-178203705,-177717225
22869,29779,681015951,681015951
20429,26113,533906398,533462477
960,6125,5880000,5880000
19069,-28032,-534570240,-534542208
-21270,-21967,467238090,467238090
14014,18056,253036784,253036784
26209,-12292,-322161028,-322161028
35,-31767,-1080078,-1111845
-1472,-8406,12373632,12373632
21620,-1,-21620,-21620
-2491,-2050,5106550,5106550
-25638,14402,-369238476,-369238476
-23405,-3481,81476286,81472805
559,28006,15207258,15655354
4434,27980,124063320,124063320
30240,-26646,-805775040,-805775040
2469,-14941,-36889329,-36889329
-23383,29346,-686197518,-686197518
5667,4745,26885170,26889915
-2412,31532,-76055184,-76055184
-30613,14096,-431520848,-431520848
-25734,-4158,107001972,107001972
26845,-13827,-371199642,-371185815
30983,-14476,-448509908,-448509908
-31972,10029,-320647188,-320647188
17115,-16089,-275363235,-275363235
25967,28121,730218007,730218007
24304,22890,556318560,556318560
22677,30324,687657348,687657348
-569,-13686,7787334,7787334
27434,-8621,-236370578,-236508514
2370,5092,12068040,12068040
26924,1254,33742632,33762696
10881,-4891,-53218971,-53218971
-8767,421,-3690907,-3690907
-11624,-10817,125736808,125736808
4819,-19586,-94678724,-94384934
11637,1335,15535395,15535395
6555,-19476,-127665180,-127665180
9167,31896,292900968,292390632
-17750,24443,-433863250,-433863250
24700,-3025,-74717500,-74717500
-32361,-11545,373607745,373607745
21237,-5537,-117589269,-117589269
-17436,-5227,91137972,91137972
9853,-25938,-255593052,-255567114
29732,16794,499319208,499319208
-14178,466,-6606948,-6606948
30231,13577,410446287,410446287
-7819,-10445,81669455,81669455
21431,-8251,-176827181,-176827181
-7788,-25133,195735804,195735804
20195,7812,157755528,157763340
-4397,-29665,129992030,130437005
31407,-29367,-922329369,-922329369
-1298,-24166,31367468,31367468
-24318,-30981,753395958,753395958
-20928,-26917,563318976,563318976
20106,10599,213103494,213103494
30848,-5163,-159268224,-159268224
-12628,20050,-253191400,-253191400
-32062,-9755,312764810,312764810
11391,-27684,-315348444,-315348444
-18000,23704,-426672000,-426672000
14184,21998,312019632,312019632
-14276,13230,-188871480,-188871480
30590,-21022,-643062980,-643062980
7337,-10697,-78483889,-78483889
15157,31526,477335166,477839582
-7855,-32152,252553960,252553960
-29305,22286,-653091230,-653091230
1002,13562,13589124,13589124
14612,-24691,-360784892,-360784892
11693,-21846,-255467124,-255445278
-13208,28176,-372148608,-372148608
-13250,23994,-317920500,-317920500
-27916,-23769,663535404,663535404
3231,-30470,-98448570,-98448570
-26668,-10928,291253056,291427904
-9970,11088,-110547360,-110547360
-22787,25715,-585941990,-585967705
-8668,-978,8477304,8477304
19683,27505,541353410,541380915
-30446,32500,-989495000,-989495000
-10693,-14755,157775215,157775215
581,-5958,-3461598,-3461598
19687,4524,89063988,89063988
15204,15214,231313656,231313656
-32600,-23030,750778000,750778000
-9508,11473,-109085284,-109085284
-1619,-23537,38082866,38106403
20726,15664,324652064,324652064
1177,-7028,-8271956,-8271956
-14410,-22671,326689110,326689110
-20203,1954,-39476662,-39476662
10339,26444,273378072,273404516
-14456,25707,-371620392,-371620392
9494,14406,136770564,136770564
-11763,6236,-73347832,-73354068
9248,-26805,-247892640,-247892640
8253,282,2327628,2327346
22172,-16268,-360694096,-360694096
-16661,-17653,294116633,294116633
-23788,-20507,487820516,487820516
30301,-25024,-758277248,-758252224
-17791,8253,-146829123,-146829123
-10452,-13554,141883272,141666408
1414,-29034,-41054076,-41054076
10578,6381,67498218,67498218
-20162,14213,-286562506,-286562506
30858,10742,331476636,331476636
-21901,5143,-112641986,-112636843
-27499,21666,-595793334,-595793334
-25711,-7361,189258671,189258671
1915,-18683,-35777945,-35777945
-3777,8628,-32587956,-32587956
7519,11336,85235384,85235384
-10021,1967,-19711307,-19711307
-7927,21644,-171571988,-171571988
15819,-27260,-431662100,-431225940
8108,-30983,-251210164,-251210164
-13849,-31853,441132197,441132197
25615,-7894,-202204810,-202204810
-5916,20350,-120390600,-120390600
-853,15536,-13252208,-13252208
-13813,13354,-184458802,-184458802
-3117,15083,-46787466,-47013711
23322,12658,295209876,295209876
5257,13532,71137724,71137724
16555,-486,-8045730,-8045730
-5117,17481,-89467758,-89450277
-4112,6623,-27233776,-27233776
-13927,18633,-259501791,-259501791
-29921,-16583,496179943,496179943
-20468,-8951,183209068,183209068
1392,-5717,-7958064,-7958064
30435,24563,747550342,747574905
1777,21809,38754593,38754593
-24104,-6918,166751472,166751472
-482,-32586,15706452,15706452
32266,20533,662517778,662517778
5764,-23285,-134214740,-134214740
7658,15508,118760264,118760264
15181,-17062,-259035284,-259018222
17565,1493,26226038,26224545
6164,-30319,-186886316,-186886316
-32043,-15495,496258365,496506285
7117,-32074,-228815916,-228270658
8893,21878,194582932,194561054
27934,-7014,-195929076,-195929076
12826,22226,285070676,285070676
-764,-20497,15659708,15659708
32042,9703,310748278,310903526
29723,-26323,-782398529,-782398529
-29084,-9331,271382804,271382804
16987,8259,140295633,140295633
-19794,21968,-434834592,-434834592
-28501,-32117,915366617,915366617
-2785,11903,-33149855,-33149855
19224,-17409,-334670616,-334670616
8935,-15551,-138948185,-138948185
7700,-31723,-244267100,-244267100
-14474,12385,-179260490,-179260490
30345,23127,701788815,701788815
11893,20770,247017610,247017610
32292,31761,1025626212,1025626212
25776,-15952,-411178752,-411178752
9375,-7649,-71709375,-71709375
13442,-9083,-122093686,-122093686
4727,19284,91155468,91155468
11747,-16277,-191189642,-191205919
-18727,12640,-236709280,-236709280
-26709,18895,-504666555,-504666555
14873,-11833,-175992209,-175992209
32538,4529,147364602,147364602
-29793,10188,-303531084,-303531084
-19886,29643,-589480698,-589480698
21896,-4144,-90737024,-90737024
-16953,-28860,489263580,489263580
1006,-23524,-23665144,-23665144
-5565,15511,-86334226,-86318715
-15593,-32106,500628858,500628858
18081,6885,124487685,124487685
32113,-31165,-1000801645,-1000801645
-25151,-31627,795450677,795450677
-7247,28459,-206242373,-206242373
30946,-26735,-827341310,-827341310
23278,-19839,-461812242,-461812242
10736,11385,122229360,122229360
5120,-28527,-146058240,-146058240
-18211,-7513,136811730,136819243
-1250,1380,-1725000,-1725000
-3422,4888,-16726736,-16726736
-17431,-14174,247066994,247066994
25596,-8995,-230236020,-230236020
-16418,23702,-389139436,-389139436
21888,6294,137763072,137763072
13428,-1064,-14287392,-14287392
-10725,25897,-277745325,-277745325
1986,-25449,-50541714,-50541714
-19816,7511,-148837976,-148837976
-8179,496,-4056288,-4056784
30274,23928,724396272,724396272
11783,-23723,-279528109,-279528109
27714,12,332568,332568
7976,-16523,-131523080,-131787448
-23872,-23211,554092992,554092992
-25367,20898,-530119566,-530119566
-8078,-23612,190737736,190737736
20805,5159,107332995,107332995
-18778,6750,-126751500,-126751500
-21933,-31348,687587032,687555684
29023,-6695,-194308985,-194308985
-10672,-8130,86763360,86763360
6307,-24916,-157120296,-157145212
-16653,8594,-143124476,-143115882
31630,-23102,-730716260,-730716260
3684,1176,4332384,4332384
9535,4878,46511730,46511730
13740,1214,16680360,16680360
24895,-15171,-377682045,-377682045
23027,24502,564183052,564207554
14963,22312,333832144,333854456
28013,3991,111803874,111799883
-32458,9058,-294149492,-294004564
6212,-12370,-76842440,-76842440
-17238,18802,-324108876,-324108876
-13985,8191,-114551135,-114551135
15591,-24301,-378876891,-378876891
-22440,14057,-315439080,-315439080
2837,-14055,-39874035,-39874035
-22661,6116,-138594676,-138594676
-3582,7494,-26843508,-26843508
27691,30672,848847600,849338352
-31894,-17990,573773060,573773060
27003,-11047,-298302141,-298302141
1372,30906,42403032,42403032
-15270,27984,-427315680,-427315680
-31488,-1786,56237568,56237568
27694,14990,414893220,415133060
-11975,-28033,335695175,335695175
3622,-1471,-5327962,-5327962
29511,26173,772391403,772391403
5421,9768,52805808,52952328
-18691,19693,-368062170,-368081863
-21550,-81,1744254,1745550
-21595,-7280,157211600,157211600
-16661,31345,-522239045,-522239045
6702,-31636,-211518296,-212024472
-1172,23039,-27001708,-27001708
-29009,20315,-589317835,-589317835
-13015,5883,-76661373,-76567245
22247,7209,160378623,160378623
24558,-4874,-119695692,-119695692
32455,-29876,-969625580,-969625580
-25144,-10742,269924976,270096848
-12383,-3426,42424158,42424158
13504,-27485,-371157440,-371157440
-10219,30042,-306999198,-306999198
-28161,-24202,681552522,681552522
-7592,-6135,46576920,46576920
-8806,13600,-119761600,-119761600
-543,-4951,2688393,2688393
2028,20570,41715960,41715960
-3808,-9036,34409088,34409088
-17717,-21183,374960283,375299211
19793,-11192,-221523256,-221523256
24709,-14416,-356204944,-356204944
23047,-20184,-465180648,-465180648
10713,-9708,-104001804,-104001804
10113,3021,30551373,30551373
-529,-6715,3552235,3552235
32359,16956,548679204,548679204
-30077,-24245,729241110,729216865
-4863,29146,-141736998,-141736998
15407,-30573,-470549043,-471038211
-16501,29953,-494254453,-494254453
16423,-9084,-149186532,-149186532
-339,-6538,2209844,2216382
32316,-27404,-885587664,-885587664
30911,9365,289481515,289481515
-22141,28525,-631600550,-631572025
-17431,19279,-336052249,-336052249
9589,-6467,-62012063,-62012063
3768,13774,51900432,51900432
8923,14541,129749343,129749343
-32706,32217,-1053689202,-1053689202
-28817,25010,-720713170,-720713170
-8608,-32052,275903616,275903616
4213,6765,28500945,28500945
-19885,24394,-485099084,-485074690
6191,-7329,-45256575,-45373839
18687,-3993,-74617191,-74617191
-11388,-3111,35428068,35428068
-20922,-12160,254411520,254411520
10421,19405,202219505,202219505
-20020,23935,-478795740,-479178700
-14488,-24050,348436400,348436400
-10388,-20040,208175520,208175520
6647,31005,206090235,206090235
28880,-22489,-649842144,-649482320
19789,2557,50603030,50600473
-29848,-8654,258304592,258304592
20013,20474,409439052,409746162
-4809,-19782,95448150,95131638
-14794,1520,-22511200,-22486880
10408,15789,164331912,164331912
9865,-21775,-214810375,-214810375
-31497,23750,-748053750,-748053750
-27304,31704,-865646016,-865646016
4160,-21560,-89689600,-89689600
327,28333,9264891,9264891
-26657,-31270,833564390,833564390
5347,17516,93640536,93658052
-23262,1858,-43220796,-43220796
15905,30983,492784615,492784615
-31234,3131,-97793654,-97793654
-22238,18230,-405398740,-405398740
17086,12566,214702676,214702676
16164,-21760,-351728640,-351728640
-21136,-11413,241225168,241225168
-20483,24951,-511046382,-511071333
19705,2940,57932700,57932700
25567,-6756,-172730652,-172730652
29067,-18274,-531170358,-531170358
-31009,29167,-904439503,-904439503
9097,29894,271945718,271945718
2297,913,2097161,2097161
12134,-25337,-307439158,-307439158
-27911,22915,-639580565,-639580565
8880,19492,173088960,173088960
-28126,-5147,144764522,144764522
18885,24582,464231070,464231070
13281,-2363,-31383003,-31383003
-21158,29243,-618723394,-618723394
24170,31072,751010240,751010240
7272,-7367,-53572824,-53572824
-15207,10843,-164889501,-164889501
8851,-13909,-123094650,-123108559
-12563,-29465,370139330,370168795
3246,1130,3667980,3667980
-22289,-10682,238091098,238091098
-7580,12140,-92021200,-92021200
16876,2224,37532224,37532224
30634,-23204,-710831336,-710831336
16709,-9720,-162411480,-162411480
19984,-31988,-639248192,-639248192
5696,-13732,-78217472,-78217472
-17530,-23681,415127930,415127930
-4947,5548,-27440408,-27445956
-14419,-23348,336631464,336654812
-20695,-18966,392804826,392501370
15440,-7302,-112742880,-112742880
2929,26541,77738589,77738589
-22243,30630,-681272460,-681303090
27267,-23150,-631207900,-631231050
22057,16028,353273148,353529596
-523,-20547,10746081,10746081
21615,-9949,-215047635,-215047635
-22183,31865,-706861295,-706861295
27851,-25557,-712196919,-711788007
8698,-12694,-110412412,-110412412
11668,-22239,-259484652,-259484652
-13607,7241,-98528287,-98528287
-8588,-10604,91067152,91067152
-10690,-23128,247238320,247238320
-28802,-14480,417052960,417052960
12711,25514,324308454,324308454
2614,-11655,-30279690,-30466170
-32635,4152,-135500520,-135500520
-9066,5454,-49445964,-49445964
14220,12182,173228040,173228040
21406,27549,589713894,589713894
32758,-2581,-84548398,-84548398
30367,29387,892395029,892395029
17295,25489,440832255,440832255
5567,-31301,-174252667,-174252667
12258,12493,153139194,153139194
-17432,-16893,294478776,294478776
-20893,-9023,188526562,188517539
-19554,-1237,24188298,24188298
-3866,-23764,91871624,91871624
2542,-10174,-25862308,-25862308
-7873,32739,-257754147,-257754147
-29699,-19591,581813518,581833109
9835,11387,111991145,111991145
-15531,-23809,369777579,369777579
13578,9764,132575592,132575592
-377,-30767,11599159,11599159
12431,-21217,-263748527,-263748527
18239,-1347,-24567933,-24567933
3062,-18728,-57345136,-57345136
27735,23883,662395005,662395005
27746,783,21725118,21725118
-2547,-15416,39249136,39264552
-14995,3599,-53963406,-53967005
13802,3874,53468948,53468948
15501,4962,76920924,76915962
13175,-9512,-125320600,-125320600
-16282,2573,-41893586,-41893586
-17823,-32072,571619256,571619256
-429,-18766,8069380,8050614
22536,8588,193539168,193539168
24600,-28253,-695023800,-695023800
22581,-27760,-626404400,-626848560
4853,-11679,-56678187,-56678187
-13835,29898,-413638830,-413638830
783,32099,25133517,25133517
29499,8981,264930519,264930519
-9355,18118,-169493890,-169493890
-6817,-18176,123905792,123905792
2204,-20552,-45296608,-45296608
26644,4686,124853784,124853784
-18762,-4048,75948576,75948576
3049,-13249,-40396201,-40396201
-12121,2525,-30605525,-30605525
-26379,16744,-441689976,-441689976
1029,-19764,-20337156,-20337156
-25163,-29120,732746560,732746560
-16920,27061,-457872120,-457872120
26065,-28884,-753323604,-752861460
9718,27504,267283872,267283872
-1091,-8644,9421960,9430604
10867,-20350,-221123100,-221143450
11242,-9657,-108563994,-108563994
31149,-1729,-53858350,-53856621
-31856,-24911,793564816,793564816
31919,-16776,-535473144,-535473144
19635,1661,32612074,32613735
24697,15919,393151543,393151543
-27539,-20740,571138120,571158860
4264,30012,127971168,127971168
10276,-3658,-37589608,-37589608
15326,7284,111634584,111634584
-27715,-4899,135770886,135775785
18883,-19662,-371257884,-371277546
8287,31472,260808464,260808464
27127,28868,783102236,783102236
-8980,14803,-132930940,-132930940
-32048,21946,-702974272,-703325408
-27973,-31990,894856270,894856270
18485,7551,139459419,139580235
-12629,29785,-376154765,-376154765
8315,16453,136806695,136806695
-8651,-5258,45571086,45486958
14983,-332,-4974356,-4974356
-12413,-32501,403467414,403434913
-32732,21069,-689630508,-689630508
26932,-28474,-766406184,-766861768
-24361,-2293,55823085,55859773
14804,15263,226197660,225953452
1293,27178,35168332,35141154
-30026,22302,-669639852,-669639852
-9483,-5748,54508284,54508284
27951,-31800,-888333000,-888841800
3567,27338,97514646,97514646
-22305,6782,-151272510,-151272510
18130,-20925,-379705050,-379370250
-13037,15345,-200068110,-200052765
-2832,12362,-35009184,-35009184
8927,-16650,-148634550,-148634550
17705,11721,207332769,207520305
-18172,17378,-315793016,-315793016
9199,-24726,-227454474,-227454474
22078,8372,184837016,184837016
13951,17323,241673173,241673173
-29685,31033,-921214605,-921214605
-3778,-27675,104556150,104556150
-22646,9199,-208320554,-208320554
31877,-12368,-394254736,-394254736
-20597,-16948,349077956,349077956
-15183,-4183,63510489,63510489
28766,-23878,-686874548,-686874548
30174,-19966,-602454084,-602454084
31618,-3608,-114077744,-114077744
-1261,-27924,35240088,35212164
5839,-32076,-187804980,-187291764
32322,-13261,-428622042,-428622042
20513,-2962,-60759506,-60759506
-3082,23846,-73493372,-73493372
-2504,-24429,61170216,61170216
-260,-731,190060,190060
-27961,-22827,638265747,638265747
4074,11492,46818408,46818408
29539,-8299,-245135862,-245144161
20436,9679,197954908,197800044
-24485,-6392,156508120,156508120
-21234,-7036,149402424,149402424
-6122,6863,-42015286,-42015286
-11699,9449,-110534402,-110543851
-9973,-26845,267725185,267725185
11778,25543,300845454,300845454
-17414,13917,-242350638,-242350638
-5303,-9363,49651989,49651989
-25757,-26861,691885638,691858777
-3268,-30645,100147860,100147860
18156,4207,76382292,76382292
-2801,10242,-28687842,-28687842
18631,-15337,-285743647,-285743647
23227,13536,314400672,314400672
-4956,-30150,149423400,149423400
20904,-4800,-100339200,-100339200
16726,29,485054,485054
-15338,18883,-289627454,-289627454
4543,-32060,-145648580,-145648580
25001,1757,43926757,43926757
-6887,11522,-79352014,-79352014
-27916,-23120,645417920,645417920
3119,-9321,-28923063,-29072199
-31407,23466,-736996662,-736996662
-27479,10670,-293200930,-293200930
9183,9691,88992453,88992453
17663,29005,512315315,512315315
6669,-15741,-104992470,-104976729
-20701,-11495,237969490,237957995
-10382,-20791,215852162,215852162
6534,9729,63569286,63569286
-32163,8724,-280581288,-280590012
-27770,2852,-79200040,-79200040
3568,7684,27416512,27416512
-6166,-9318,57454788,57454788
8214,23419,192363666,192363666
-23698,-19621,464978458,464978458
10039,21683,217328709,217675637
4370,28161,123063570,123063570
20225,18901,382272725,382272725
15661,-22123,-346136458,-346468303
-31982,13074,-418132668,-418132668
-2580,-16087,41504460,41504460
29159,-12637,-368482283,-368482283
-15544,-12690,197253360,197253360
-31766,-26937,855680742,855680742
-3046,-19710,60036660,60036660
-6166,-13552,83561632,83561632
-27310,1454,-39708740,-39708740
-31266,25117,-785308122,-785308122
28670,9032,258947440,258947440
3662,7193,26340766,26340766
4133,10367,42846811,42846811
-5583,29716,-166379884,-165904428
-15326,-3281,50284606,50284606
18589,-22637,-420821830,-420799193
-26752,7060,-188869120,-188869120
5409,-20640,-111641760,-111641760
21510,246,5291460,5291460
-2269,18451,-41883770,-41865319
-30466,-17118,521516988,521516988
24085,-4037,-97231145,-97231145
32331,12113,391625403,391625403
31194,-7754,-241878276,-241878276
17526,-4413,-77342238,-77342238
11831,6428,75946820,76049668
-22982,23231,-533894842,-533894842
11686,20933,244623038,244623038
11697,-28877,-337774269,-337774269
-8352,1617,-13505184,-13505184
9908,26289,260471412,260471412
29692,30526,906377992,906377992
-24182,32240,-779627680,-779627680
-10896,-25486,277695456,277695456
25211,12448,313826528,313826528
-21279,12860,-273647940,-273647940
-413,-25929,10734606,10708677
28158,-17987,-506477946,-506477946
-17446,-25865,451240790,451240790
15188,26683,405261404,405261404
-23034,-14107,324940638,324940638
1644,15433,25371852,25371852
-29257,-31771,929524147,929524147
31240,-3261,-101873640,-101873640
-1315,-6985,9178290,9185275
1115,1821,2030415,2030415
15350,-13813,-212029550,-212029550
-12657,-18966,240052662,240052662
22667,-12698,-287825566,-287825566
-15236,-2007,30578652,30578652
9036,20747,187469892,187469892
-27432,-29121,798847272,798847272
9198,26919,247600962,247600962
-22074,-3298,72800052,72800052
-22943,-2058,47216694,47216694
11540,24465,282326100,282326100
-18320,-28147,515653040,515653040
3845,-11999,-46136155,-46136155
9315,-25700,-239369800,-239395500
-1544,1810,-2794640,-2794640
30922,10946,338647348,338472212
22735,31077,707032827,706535595
-274,7869,-2156106,-2156106
22881,25954,593853474,593853474
-15586,4139,-64510454,-64510454
-6694,-14688,98321472,98321472
-27818,24595,-684183710,-684183710
-21672,22775,-493579800,-493579800
-1939,9959,-19300542,-19310501
5544,-25754,-142780176,-142780176
17233,16967,292392311,292392311
20336,-15011,-305263696,-305263696
31095,19883,618261885,618261885
18337,-10405,-190796485,-190796485
27912,-23621,-659309352,-659309352
-22896,-30362,695168352,695168352
-23307,24962,-581789334,-581789334
-9085,22861,-207715046,-207692185
28794,24635,709340190,709340190
4882,-32213,-157263866,-157263866
-8911,17389,-155231603,-154953379
13364,553,7381444,7390292
-19892,24717,-491670564,-491670564
-3770,-27404,103313080,103313080
32519,-11039,-358977241,-358977241
-19978,-19754,394645412,394645412
-29195,32222,-940721290,-940721290
-23979,-25600,613862400,613862400
-5575,-2391,13329825,13329825
-20742,19174,-397707108,-397707108
25411,-25838,-656543580,-656569418
-30843,31790,-980498970,-980498970
-31954,-30818,985251460,984758372
-28331,-21966,622318746,622318746
-27314,-27148,741520472,741520472
-548,4990,-2734520,-2734520
-23537,26063,-613444831,-613444831
-18609,-20145,374878305,374878305
-32581,20547,-669441807,-669441807
26147,15999,418309854,418325853
-19653,29304,-575911512,-575911512
32025,15589,499237725,499237725
-30355,-22365,678867210,678889575
9543,-7535,-71906505,-71906505
3370,-28313,-94961802,-95414810
18655,12775,238317625,238317625
2958,-31895,-94345410,-94345410
-27360,-8434,230754240,230754240
4514,-25546,-115314644,-115314644
30011,27304,819420344,819420344
27129,-18098,-490980642,-490980642
6031,4432,26729392,26729392
7767,30575,237476025,237476025
26120,-13100,-342172000,-342172000
6,12795,76770,76770
3077,23451,72158727,72158727
-26400,391,-10322400,-10322400
31637,13381,423334697,423334697
13492,-15240,-205618080,-205618080
-10395,-25889,269116155,269116155
-9193,6591,-60591063,-60591063
4153,-31554,-131043762,-131043762
25400,23424,594969600,594969600
-11706,-20124,235571544,235571544
19667,-24351,-479276382,-478911117
-30140,-25476,767846640,767846640
-5408,-12890,69709120,69709120
25493,-32691,-833391663,-833391663
18434,31202,575177668,575177668
18003,22962,413361924,413384886
12392,367,4547864,4547864
-6755,-7167,48405918,48413085
11812,32353,382153636,382153636
-23036,-24866,572813176,572813176
-29029,-11975,347622275,347622275
-18076,-16013,289450988,289450988
24101,-27904,-672514304,-672514304
2312,18944,43798528,43798528
26727,8462,226163874,226163874
16497,-3002,-49523994,-49523994
15260,-26708,-407564080,-407564080
-12651,15538,-196571238,-196571238
7746,-12205,-94539930,-94539930
-8977,24535,-220250695,-220250695
8290,27573,228580170,228580170
22331,22300,497981300,497981300
3829,-16556,-63392924,-63392924
-5584,-7902,44251200,44124768
29581,-4656,-137733792,-137729136
791,30672,24261552,24261552
-25651,-13130,336574420,336797630
-13425,22922,-307727850,-307727850
-28208,-522,14716224,14724576
12387,32381,401071066,401103447
8221,-10043,-82573546,-82563503
-8268,-22912,189436416,189436416
-9937,32032,-318814496,-318301984
17004,19846,337461384,337461384
563,-15197,-8297562,-8555911
-31178,-21494,670483836,670139932
-21986,19693,-432970298,-432970298
-26906,-15747,423688782,423688782
-24678,28502,-703372356,-703372356
8607,18983,163386681,163386681
27132,19224,521585568,521585568
-28775,-16012,460745300,460745300
22217,-18247,-405685551,-405393599
4046,24349,98905638,98516054
29421,22239,654315858,654293619
-30597,9018,-275923746,-275923746
-30671,-32693,1003250091,1002727003
-20804,-13671,284411484,284411484
9494,21051,199858194,199858194
-6623,-12690,84045870,84045870
-27486,-22053,606148758,606148758
24988,28089,701887932,701887932
-6857,7942,-54585366,-54458294
1678,-24202,-40610956,-40610956
-8423,3608,-30390184,-30390184
-31136,9715,-302486240,-302486240
3749,-26124,-97938876,-97938876
19052,31066,591869432,591869432
-15893,-27387,435261591,435261591
-32355,-10532,340752328,340762860
681,-24203,-16482243,-16482243
4761,14710,70034310,70034310
-24750,6209,-153672750,-153672750
-21302,23758,-505712788,-506092916
9014,6260,56327480,56427640
-17887,-16876,301861012,301861012
-9900,32057,-317364300,-317364300
27369,-26000,-711594000,-711594000
-12538,-7946,99626948,99626948
-22391,-4637,103827067,103827067
-13042,-24776,323128592,323128592
7555,28958,218748732,218777690
25369,-10602,-268962138,-268962138
13962,-24501,-342082962,-342082962
-8859,24916,-220730844,-220730844
8721,-17363,-151422723,-151422723
17800,-9494,-168993200,-168993200
-13540,-17240,233429600,233429600
26377,-24513,-646579401,-646579401
-9285,24852,-230750820,-230750820
-11833,-12357,146220381,146220381
-16142,8287,-133768754,-133768754
-12826,16884,-216554184,-216554184
-23169,14963,-346677747,-346677747
26173,-27863,-729286162,-729258299
30787,-21547,-663345942,-663367489
28141,8007,225332994,225324987
-6994,11258,-78738452,-78738452
26941,1450,39065900,39064450
21765,14918,324690270,324690270
-22210,7510,-166797100,-166797100
-2601,4912,-12697520,-12776112
14184,1509,21403656,21403656
-19587,-19843,388644998,388664841
-8268,6356,-52551408,-52551408
14337,-11496,-164818152,-164818152
12126,29813,361512438,361512438
-2766,-3990,11100180,11036340
29136,-2759,-80430368,-80386224
4182,18620,77868840,77868840
-20254,13701,-277500054,-277500054
30783,-10344,-318419352,-318419352
-17150,-28716,492479400,492479400
-9694,22161,-214828734,-214828734
8017,8786,70437362,70437362
-24312,17030,-414033360,-414033360
9050,-14153,-128084650,-128084650
-2252,-9540,21636720,21484080
-10372,7816,-81067552,-81067552
-13748,5853,-80467044,-80467044
1676,-32376,-54262176,-54262176
-14680,-19391,284659880,284659880
15076,2946,44413896,44413896
22936,12937,296723032,296723032
-15779,-26578,419347684,419374262
-22015,-14080,309971200,309971200
-21928,-14490,317736720,317736720
-22502,29613,-666351726,-666351726
-17807,-4255,75768785,75768785
180,-3933,-707940,-707940
-31253,12330,-385349490,-385349490
7637,-17031,-130338243,-130065747
20339,25880,526347440,526373320
10247,4194,42975918,42975918
10321,10349,106812029,106812029
4913,-4634,-22692698,-22766842
-8800,-10020,88176000,88176000
-30894,2475,-76462650,-76462650
-1635,-28615,46756910,46785525
-4878,-7606,37102068,37102068
-14668,11761,-172510348,-172510348
29864,-18519,-553051416,-553051416
21335,18338,391241230,391241230
2185,-32561,-71145785,-71145785
27445,16234,445282386,445542130
22485,-598,-13455598,-13446030
-26119,11588,-302666972,-302666972
-14138,-23352,330150576,330150576
11033,-4077,-44981541,-44981541
-29245,-18328,536020688,536002360
11213,8867,99576410,99425671
-29972,12782,-383102104,-383102104
26072,8264,215459008,215459008
29756,-13780,-410037680,-410037680
26403,1640,43299280,43300920
-20442,625,-12776250,-12776250
31699,-20071,-636531694,-636230629
28173,5595,157633530,157627935
-21009,-18299,384443691,384443691
-25769,-528,13606032,13606032
-13535,32355,-437924925,-437924925
-8820,30424,-268339680,-268339680
24259,6699,162504342,162511041
-23219,-172,3993496,3993668
-19018,27963,-531800334,-531800334
8054,-12339,-99378306,-99378306
-9429,3508,-33133060,-33076932
13654,-6268,-85583272,-85583272
-25357,22586,-572735788,-572713202
-28105,-430,12092030,12085150
-31896,27736,-884667456,-884667456
-23502,-27399,644369682,643931298
-9072,9266,-84061152,-84061152
-26232,-6798,178325136,178325136
-18551,7124,-132157324,-132157324
23400,-5573,-130408200,-130408200
-10014,-20551,205797714,205797714
-28041,24855,-696959055,-696959055
-10777,-1566,16876782,16876782
-19724,-14538,286747512,286747512
-3955,-10216,40394064,40404280
-7738,22090,-170932420,-170932420
15618,-6240,-97456320,-97456320
3422,2925,10009350,10009350
-31862,-32740,1043161880,1043161880
-8016,-24479,196223664,196223664
20664,-15674,-323887536,-323887536
-13779,-27368,377514192,377103672
-3689,-30524,112603036,112603036
-3060,8961,-27420660,-27420660
28390,27852,790718280,790718280
19129,18195,348052155,348052155
-26118,-12337,322217766,322217766
31694,-17145,-543667950,-543393630
-1700,-14363,24417100,24417100
-4259,445,-1894810,-1895255
-9034,13357,-120667138,-120667138
-11537,19534,-225363758,-225363758
20284,-19999,-405659716,-405659716
5389,-24918,-134308020,-134283102
6924,-26547,-183811428,-183811428
24489,-19368,-474302952,-474302952
-12363,2282,-28212366,-28212366
8004,1849,14799396,14799396
-19089,-9141,174492549,174492549
32288,-11309,-365144992,-365144992
-10209,-20958,213960222,213960222
27230,5138,139907740,139907740
2247,-8703,-19555641,-19555641
-28319,-30975,877181025,877181025
-12432,-31706,394168992,394168992
23108,-22158,-512027064,-512027064
31012,-32524,-1008634288,-1008634288
-2873,-19713,56635449,56635449
3871,27496,106437016,106437016
19843,-23441,-465116322,-465139763
25537,-24539,-626652443,-626652443
3518,14315,50360170,50360170
-1190,15986,-19023340,-19023340
-23874,-6398,152745852,152745852
9845,8126,80000470,80000470
14822,-3604,-53418488,-53418488
-3421,-8189,28022758,28014569
-17789,20745,-369053550,-369032805
10363,-8541,-88510383,-88510383
-10347,-15591,161320077,161320077
21706,13071,283928262,283719126
-2183,-16362,35718246,35718246
-15712,-17441,274032992,274032992
18618,-30146,-561258228,-561258228
-32440,5277,-171185880,-171185880
-19208,6187,-118839896,-118839896
22728,-26124,-594164256,-593746272
-5086,10889,-55381454,-55381454
-9990,25990,-259640100,-259640100
22521,14671,330405591,330405591
19167,21003,402564501,402564501
8984,-32761,-294324824,-294324824
-17603,532,-9364264,-9364796
15468,-508,-7857744,-7857744
-2269,-12543,28472610,28460067
19819,27926,553465394,553465394
-30615,-11899,364287885,364287885
-15641,19105,-298821305,-298821305
-16436,-6568,107846560,107951648
-13361,-12125,161808125,162002125
-23637,-20639,487844043,487844043
20156,-122,-2459032,-2459032
24,-32509,-780216,-780216
-1376,-29354,40391104,40391104
26174,31428,822596472,822596472
14955,-1996,-29850180,-29850180
7867,30232,237835144,237835144
15623,32664,510309672,510309672
13325,5491,73173066,73167575
-5002,6982,-34923964,-34923964
30625,-20640,-632100000,-632100000
-3462,-30598,105930276,105930276
28580,24289,694179620,694179620
-16239,17219,-279619341,-279619341
27425,960,26328000,26328000
31906,-30341,-968059946,-968059946
29589,14094,417027366,417027366
5944,21085,125329240,125329240
22659,22928,519502624,519525552
14747,24368,359354896,359354896
-23765,32579,-774761199,-774239935
20899,11006,230003388,230014394
-24082,-30013,722773066,722773066
-30565,-4406,134669390,134669390
24202,5810,140613620,140613620
-13292,-22713,301901196,301901196
-22606,32506,-734830636,-734830636
-13583,4735,-64315505,-64315505
1065,-8969,-9408481,-9551985
-4976,-21146,105222496,105222496
-15118,3954,-59776572,-59776572
24424,-20785,-507652840,-507652840
-2646,-20364,53883144,53883144
4076,6342,25849992,25849992
24495,7892,193314540,193314540
-23025,-23892,550113300,550113300
-28646,29843,-854882578,-854882578
-27322,-13775,376360550,376360550
-11209,-28959,325064775,324601431
599,-13183,-7896617,-7896617
14215,2529,35949735,35949735
-8749,-23364,204061176,204411636
-31255,15363,-480170565,-480170565
-11882,3607,-42858374,-42858374
18943,18962,359197166,359197166
18710,-31320,-585997200,-585997200
-11929,2752,-32828608,-32828608
29167,18271,532910257,532910257
10216,7133,72870728,72870728
14192,19729,279993968,279993968
5660,-10498,-59418680,-59418680
17806,21529,383345374,383345374
12222,23226,283868172,283868172
2323,-9335,-21675870,-21685205
-18134,-31936,579638400,579127424
-21422,6743,-144448546,-144448546
-16085,-5500,88555500,88467500
7512,4238,31835856,31835856
5554,-4695,-26076030,-26076030
1994,31210,62732100,62232740
16260,-22283,-362321580,-362321580
-11153,-12317,137371501,137371501
-29564,-2317,68499788,68499788
-19045,19618,-373624810,-373624810
2467,29961,73883826,73913787
-28813,-3645,105027030,105023385
32546,32568,1059958128,1059958128
5189,31099,161372711,161372711
31523,12343,389076046,389088389
-21281,24059,-511999579,-511999579
18998,26279,498827978,499248442
-31169,-9567,298193823,298193823
-1288,-17001,21897288,21897288
-29347,-4128,121140288,121144416
21841,-29682,-648284562,-648284562
28035,21082,591012788,591033870
-6800,-2342,15925600,15925600
-28421,-30936,879232056,879232056
-2528,-11443,28927904,28927904
10091,-15162,-152999742,-152999742
-26232,-16592,435241344,435241344
6335,1947,12334245,12334245
-27407,6048,-165757536,-165757536
4853,2703,13117659,13117659
31145,-2559,-79700055,-79700055
-32614,19892,-648757688,-648757688
-29024,15315,-444502560,-444502560
-28313,2154,-60986202,-60986202
-6714,32655,-219245670,-219245670
12216,14861,181541976,181541976
17377,7247,125931119,125931119
849,-24704,-20973696,-20973696
14545,13685,199267285,199048325
32054,-20547,-658284786,-658613538
5103,-24823,-126671769,-126671769
-13837,-21836,302166568,302144732
-9317,-1787,16649479,16649479
-11980,-29808,357576768,357099840
23695,-24753,-586522335,-586522335
16634,3788,63009592,63009592
9998,-21112,-211077776,-211077776
-31159,-20969,653373071,653373071
-31867,-133,4238311,4238311
-13654,-22154,302490716,302490716
32197,12379,398566663,398566663
-172,-1883,323876,323876
-7338,-25472,186913536,186913536
-13733,22831,-313538123,-313538123
16141,25329,408860718,408835389
-25679,18725,-480839275,-480839275
-8327,23384,-194718568,-194718568
-25760,12,-309120,-309120
-12999,8880,-115431120,-115431120
-17975,-32560,584745040,585266000
-10786,5716,-61652776,-61652776
-25016,-32417,810943672,810943672
-31390,21169,-664494910,-664494910
-17909,32706,-585731754,-585731754
10204,-19892,-202977968,-202977968
13954,-18881,-263465474,-263465474
-14721,-11427,168216867,168216867
-458,9589,-4545186,-4391762
12924,3500,45234000,45234000
-16289,-31505,513184945,513184945
-2588,-32272,83519936,83519936
-6378,20504,-130774512,-130774512
22560,1892,42683520,42683520
-25225,-14045,354285125,354285125
27927,15826,441972702,441972702
-12145,-6975,84711375,84711375
-620,32696,-20271520,-20271520
11625,25388,295135500,295135500
-28399,-5668,160965532,160965532
7701,-16248,-125125848,-125125848
30835,22252,686118168,686140420
-12032,14329,-172406528,-172406528
-16171,25972,-419577660,-419993212
12154,-16257,-197587578,-197587578
12534,28120,352456080,352456080
-6218,7681,-47760458,-47760458
23404,-28787,-673730948,-673730948
25128,-13691,-343808392,-344027448
-31457,-23984,754464688,754464688
-12393,-245,3036285,3036285
-16574,18307,-303420218,-303420218
6318,-17663,-111594834,-111594834
-11455,-10374,118834170,118834170
-4735,-18734,88705490,88705490
20189,28640,578241600,578212960
-19786,29047,-574723942,-574723942
32238,-5126,-165251988,-165251988
-25650,9360,-239934240,-240084000
26877,-6923,-186076394,-186069471
-28843,-12291,354509313,354509313
-7871,-16898,133004158,133004158
15694,11104,174266176,174266176
28179,-29861,-841423258,-841453119
4034,-19562,-78913108,-78913108
24967,12084,301701228,301701228
12979,-22646,-293899788,-293922434
-16099,16470,-265134060,-265150530
-28569,-152,4342488,4342488
23373,7827,182948298,182940471
-9653,30886,-298142558,-298142558
-16926,-7156,121122456,121122456
30292,-28462,-862170904,-862170904
12492,28170,352350360,351899640
-27604,-32089,886298180,885784756
-15733,22443,-353095719,-353095719
8465,19041,161182065,161182065
16559,-1003,-16608677,-16608677
-15697,-23107,362710579,362710579
13473,31078,418713894,418713894
-5420,3499,-18908596,-18964580
-5568,-21724,120959232,120959232
-15015,-17120,257056800,257056800
29030,10834,314511020,314511020
15121,-19452,-294133692,-294133692
-27912,22258,-621265296,-621265296
-2022,-21322,43113084,43113084
-9839,18982,-186763898,-186763898
27501,8726,239982452,239973726
-27806,-7252,201649112,201649112
-16652,21401,-356369452,-356369452
-13211,-18211,240585521,240585521
-7916,14422,-114164552,-114164552
20332,11526,234346632,234346632
31223,-28800,-899222400,-899222400
-21964,22064,-484966720,-484613696
-1942,-11172,21696024,21696024
9742,5929,57760318,57760318
-30802,17668,-544209736,-544209736
-11726,1273,-14947566,-14927198
4892,-9957,-48709644,-48709644
30809,32639,1005574951,1005574951
18394,20166,370933404,370933404
-22603,-24465,552982395,552982395
-28520,9208,-262612160,-262612160
-22562,18276,-412343112,-412343112
6806,-28293,-192562158,-192562158
-31538,2887,-91004014,-91050206
-12070,-27458,331418060,331418060
3709,19639,72860690,72841051
25055,-5427,-135973485,-135973485
-12733,9396,-119648664,-119639268
13733,3705,50880765,50880765
5002,29253,146323506,146323506
31088,15141,470703408,470703408
-6931,-12477,86465610,86478087
6673,27947,186490331,186490331
4192,-27110,-113645120,-113645120
-15091,25173,-379860570,-379885743
9330,-6245,-58265850,-58265850
-7038,-27549,193889862,193889862
27206,-25678,-698595668,-698595668
-23267,16663,-387681358,-387698021
-4259,19742,-84061436,-84081178
-3849,25268,-97256532,-97256532
32700,23555,770248500,770248500
30644,-19077,-584595588,-584595588
-23396,-7578,177294888,177294888
-24128,-18932,456791296,456791296
-20699,-16527,342092373,342092373
-25612,-24532,628313584,628313584
-23460,-30302,710884920,710884920
21136,29419,621799984,621799984
22741,-24677,-561574489,-561179657
29646,-7017,-208138254,-208025982
20545,7388,151786460,151786460
27122,29821,808805162,808805162
-9097,-8950,81418150,81418150
24105,24560,591625840,592018800
2307,32271,74416926,74449197
16662,-24694,-411451428,-411451428
-24610,23742,-584290620,-584290620
-17057,-3811,65004227,65004227
11111,-28369,-315207959,-315207959
15373,-12716,-195495784,-195483068
-1750,-1631,2880346,2854250
-4569,31096,-142077624,-142077624
5788,13311,77044068,77044068
-17838,-6326,112843188,112843188
20055,-26669,-534846795,-534846795
21202,-10118,-214683724,-214521836
12278,17367,213232026,213232026
7622,-14687,-111944314,-111944314
40,4571,109704,182840
18675,-4541,-84798634,-84803175
-12279,-24256,297839424,297839424
-15363,19659,-302001558,-302021217
27758,19892,552162136,552162136
13150,-25861,-340072150,-340072150
24353,12147,295815891,295815891
2549,22986,58591314,58591314
-2631,9661,-25418091,-25418091
28813,-16609,-478571726,-478555117
14625,-12870,-188223750,-188223750
21542,-12946,-278882732,-278882732
-2466,32648,-80509968,-80509968
24931,15012,374249160,374264172
-17220,22699,-390876780,-390876780
244,-31131,-7595964,-7595964
-11035,13450,-148420750,-148420750
25165,-4861,-122331926,-122327065
18960,-19636,-372298560,-372298560
29576,26681,789117256,789117256
-4656,11433,-53049120,-53232048
-10039,-18920,189635160,189937880
17570,-17395,-305630150,-305630150
1788,20511,36673668,36673668
-24371,16552,-403107408,-403388792
9029,30706,277244474,277244474
2232,21932,48952224,48952224
7668,8372,64196496,64196496
20282,22140,449043480,449043480
-24732,3442,-85127544,-85127544
-2028,24047,-48767316,-48767316
5771,-18283,-105511193,-105511193
22036,18807,414431052,414431052
-20832,24026,-500509632,-500509632
29712,-19384,-575937408,-575937408
21162,-2610,-55232820,-55232820
7488,-936,-7008768,-7008768
-20145,16685,-336119325,-336119325
-9448,14928,-141039744,-141039744
12988,-17862,-231991656,-231991656
-1481,19771,-29597187,-29280851
1027,-25225,-25880850,-25906075
-29819,-12762,380550078,380550078
5309,-6475,-34382250,-34375775
21522,7525,161953050,161953050
3408,20730,70647840,70647840
-6183,21171,-130900293,-130900293
23472,22836,536006592,536006592
-29965,19702,-590390132,-590370430
10733,15150,162620100,162604950
19546,-22589,-441524594,-441524594
25456,-3139,-79906384,-79906384
-1327,-17801,23337111,23621927
-18634,15530,-289634500,-289386020
7690,-22522,-173194180,-173194180
-28954,-28099,813578446,813578446
1953,18505,36140265,36140265
5653,13807,78050971,78050971
-17146,14578,-249954388,-249954388
15513,6974,108187662,108187662
3303,-10764,-35553492,-35553492
-21957,776,-17038632,-17038632
-31681,14461,-458138941,-458138941
-12383,27008,-334440064,-334440064
28312,16725,473518200,473518200
-11315,-30696,346803408,347325240
-10601,-30528,323627328,323627328
-23810,24177,-575654370,-575654370
-29842,27568,-822684256,-822684256
-4769,-22853,108985957,108985957
5462,1908,10421496,10421496
6981,-8833,-61663173,-61663173
-15731,13467,-211835910,-211849377
23135,14929,345382415,345382415
-25073,-27824,697631152,697631152
-27464,-16811,461697304,461697304
29839,31953,953445567,953445567
31696,10019,317722528,317562224
-11824,3917,-46251936,-46314608
29622,-5139,-152227458,-152227458
497,9435,4689195,4689195
-21135,18541,-391864035,-391864035
4551,23485,106880235,106880235
5008,15499,77618992,77618992
-13603,2984,-40588368,-40591352
21313,-32449,-691585537,-691585537
-17612,21843,-385048404,-384698916
-10309,-27502,283518118,283518118
11348,4340,49250320,49250320
-12960,-19893,257813280,257813280
11980,-8711,-104497156,-104357780
8034,-11207,-90037038,-90037038
-30021,5531,-166046151,-166046151
30801,-18296,-563535096,-563535096
-12433,-10856,134972648,134972648
18268,-9688,-176980384,-176980384
17859,-1594,-28465652,-28467246
-18525,30391,-563023666,-562993275
-1469,7343,-10794210,-10786867
-19333,-30489,589443837,589443837
-17992,-25861,465291112,465291112
-5910,-12847,75925770,75925770
3634,-27946,-101108628,-101555764
-15806,-17091,270140346,270140346
18472,-9202,-169832112,-169979344
28459,-26553,-755246979,-755671827
28867,5919,170857854,170863773
-10248,22881,-234484488,-234484488
21489,-25365,-545068485,-545068485
-22885,-17365,397398025,397398025
31830,-30130,-959037900,-959037900
19481,15636,304604916,304604916
14508,-17334,-251481672,-251481672
-3901,5691,-22206282,-22200591
-27716,-12542,347614072,347614072
-31702,18071,-573175978,-572886842
22899,6972,159644856,159651828
-20222,-30782,622473604,622473604
5430,-15959,-86402026,-86657370
-7956,22145,-176185620,-176185620
5395,-26471,-142784574,-142811045
16751,-4254,-71258754,-71258754
25296,16489,417369568,417105744
-16655,20091,-334615605,-334615605
-13421,5201,-69807822,-69802621
1057,11964,12645948,12645948
-9705,12503,-121341615,-121341615
-32373,3278,-106118694,-106118694
-8927,28823,-257302921,-257302921
23756,9460,224883120,224731760
-8902,29083,-258896866,-258896866
-31710,29412,-932654520,-932654520
-22439,-29960,672272440,672272440
-22841,-19941,455472381,455472381
-13440,-8209,110328960,110328960
11749,24215,284502035,284502035
-28682,17729,-508503178,-508503178
17265,-18571,-320628315,-320628315
808,23289,18444888,18817512
-10273,-19859,204011507,204011507
-3113,31828,-98571316,-99080564
-27923,4254,-118780188,-118784442
-6497,-14576,94700272,94700272
-6807,20140,-137092980,-137092980
12144,5331,64739664,64739664
-2226,-23147,51525222,51525222
-10466,728,-7619248,-7619248
-19201,3922,-75306322,-75306322
-22641,-5198,117687918,117687918
-13294,19870,-264151780,-264151780
12454,-5054,-62942516,-62942516
-22164,-10001,221662164,221662164
-17525,-8025,140638125,140638125
29709,-4849,-144063790,-144058941
21847,25960,567148120,567148120
8040,-30634,-246297360,-246297360
-13874,-11148,154488984,154667352
21411,26096,558715360,558741456
-23505,19793,-465551153,-465234465
31105,-200,-6221000,-6221000
13247,-22246,-294692762,-294692762
-16015,-27766,444672490,444672490
32546,-32115,-1045214790,-1045214790
5237,7579,39691223,39691223
22288,15335,341786480,341786480
9042,22725,205479450,205479450
17559,-5707,-100209213,-100209213
21982,-16335,-359075970,-359075970
-27036,28005,-757143180,-757143180
-9799,-27273,267248127,267248127
22083,24519,541428558,541453077
-26802,-12916,346174632,346174632
20830,7466,155516780,155516780
16765,9863,165363058,165353195
4962,-15767,-78235854,-78235854
15801,7736,122236536,122236536
-6644,11651,-77409244,-77409244
-17415,-3851,67065165,67065165
-10156,-3064,31117984,31117984
-22704,-26190,594617760,594617760
-18512,31498,-583090976,-583090976
-22132,-11328,250711296,250711296
2969,-10285,-30536165,-30536165
12716,6718,85426088,85426088
8426,-6130,-51651380,-51651380
27266,-21843,-595571238,-595571238
1575,18846,29682450,29682450
16488,-31843,-525027384,-525027384
-30392,21989,-668289688,-668289688
24144,23537,568277328,568277328
12074,10655,128477990,128648470
12304,-20312,-249918848,-249918848
18476,-24547,-453137620,-453530372
-6851,-16205,111004250,111020455
-7393,22029,-162860397,-162860397
26485,-30784,-815314240,-815314240
-15078,-21625,326061750,326061750
24162,-17287,-417688494,-417688494
-32693,-19296,630844128,630844128
16224,-7634,-123854016,-123854016
23904,21802,521155008,521155008
11277,13160,148418480,148405320
26776,9199,246312424,246312424
6311,-22959,-144894249,-144894249
28452,32013,910833876,910833876
-21370,-654,13975980,13975980
-812,32433,-25816668,-26335596
22170,-20292,-449873640,-449873640
24014,1260,30277800,30257640
16687,-425,-7085175,-7091975
-25789,-22311,575400690,575378379
22495,-7639,-171839305,-171839305
-31278,-13629,426069798,426287862
17930,6290,112779700,112779700
-23132,-32106,742675992,742675992
31645,7250,229433500,229426250
18910,-20164,-381301240,-381301240
8088,10520,85085760,85085760
31364,-4813,-150954932,-150954932
8466,15270,129275820,129275820
1888,-27645,-52193760,-52193760
11043,4104,45316368,45320472
31232,-14889,-465013248,-465013248
-21624,9186,-198638064,-198638064
8309,23024,191306416,191306416
-13480,-20947,282365560,282365560
1496,-5599,-8376104,-8376104
30372,-20089,-610143108,-610143108
-2764,-9448,26265440,26114272
23890,-7325,-174994250,-174994250
31474,16551,520926174,520926174
-6372,-15310,97555320,97555320
-7081,-834,5905554,5905554
16888,-28700,-484685600,-484685600
14895,-22694,-337664026,-338027130
22987,16849,387577547,387307963
20293,-25315,-513717295,-513717295
-9791,-28054,274676714,274676714
-22870,-1088,24882560,24882560
12062,700,8443400,8443400
-27775,-25827,717344925,717344925
-31527,-13001,409882527,409882527
8016,7442,59655072,59655072
-14610,-4949,72304890,72304890
5492,-9252,-50811984,-50811984
-23645,8191,-193684386,-193676195
477,-4544,-2172032,-2167488
-32079,-9074,291084846,291084846
11923,13858,165215076,165228934
-27239,26284,-715949876,-715949876
-21194,20942,-444179820,-443844748
-16376,-19134,313338384,313338384
17650,-27219,-480415350,-480415350
-18284,-30973,566310332,566310332
-31451,8593,-270258443,-270258443
-7237,21801,-157773837,-157773837
-18904,-12702,240321840,240118608
28268,23858,674417944,674417944
-6286,15953,-100280558,-100280558
18691,-25950,-485005500,-485031450
-7267,-13478,97931148,97944626
6395,-14033,-89741035,-89741035
13410,-29373,-393891930,-393891930
20292,26464,537007488,537007488
10806,25554,275727660,276136524
5762,-21242,-122396404,-122396404
-12660,-5264,66642240,66642240
23067,-25954,-598680918,-598680918
-4769,32250,-153800250,-153800250
-14744,-5638,83126672,83126672
4634,14060,65154040,65154040
-14379,5179,-74385977,-74468841
-29835,-3163,94368105,94368105
-30622,23184,-709940448,-709940448
24928,20986,523139008,523139008
-1986,-18772,37281192,37281192
25491,-21803,-555758470,-555780273
-16398,-6795,111424410,111424410
6873,6667,45822291,45822291
19928,24534,488913552,488913552
-10567,32303,-341345801,-341345801
-14258,25923,-369610134,-369610134
-24960,29335,-732201600,-732201600
9068,-4411,-39998948,-39998948
17500,21827,381972500,381972500
1182,-17620,-20826840,-20826840
20110,15334,308366740,308366740
-8710,17984,-156640640,-156640640
3153,1731,5457843,5457843
-11101,-13699,152086298,152072599
-29805,21412,-638206072,-638184660
-9964,16965,-169039260,-169039260
-28143,31371,-882874053,-882874053
-26697,28425,-758862225,-758862225
-19984,-26262,524819808,524819808
31112,-14245,-443190440,-443190440
12652,-29804,-377080208,-377080208
-21964,-30102,661641960,661160328
8373,-4842,-40542066,-40542066
6778,-19251,-130483278,-130483278
19089,7106,135646434,135646434
29491,-466,-13734884,-13742806
15834,12558,198843372,198843372
8402,-6467,-54439206,-54335734
16759,2963,49656917,49656917
20145,-22307,-449374515,-449374515
25562,17499,447309438,447309438
-5871,16671,-97875441,-97875441
28843,14766,425895738,425895738
-25583,27613,-706423379,-706423379
-2898,1708,-4949784,-4949784
-10874,-24434,265695316,265695316
15739,-31150,-490269850,-490269850
-17151,8762,-150277062,-150277062
21033,22069,463824173,464177277
17118,-6141,-105121638,-105121638
893,-11611,-10380234,-10368623
4282,-20401,-87357082,-87357082
-9294,5995,-55717530,-55717530
-27368,-2451,67078968,67078968
9598,-30,-287940,-287940
-1627,-2485,4043095,4043095
-4769,9891,-47170179,-47170179
10457,-21212,-221813884,-221813884
462,-6037,-2885686,-2789094
-11425,-10853,123995525,123995525
-5518,26004,-143490072,-143490072
24860,-5304,-131857440,-131857440
-1562,29364,-45866568,-45866568
281,10539,2961459,2961459
13616,-20298,-276052800,-276377568
-25783,-29200,752863600,752863600
27511,31253,859801283,859801283
-8099,-11118,90033564,90044682
9759,-4996,-48755964,-48755964
14757,31044,458116308,458116308
-18732,-7305,136720380,136837260
-11727,-18917,222142331,221839659
9891,-1926,-19048140,-19050066
-26584,-30089,800367400,799885976
16572,-30234,-501037848,-501037848
14489,-20572,-298067708,-298067708
-28430,-19875,565046250,565046250
7595,-23911,-181604045,-181604045
25479,20220,515185380,515185380
29307,-24469,-717112983,-717112983
-14986,-1328,19901408,19901408
9601,-23984,-230270384,-230270384
-32336,4914,-158899104,-158899104
-8223,26551,-218328873,-218328873
9605,-19911,-191245155,-191245155
3430,26737,91707910,91707910
-1090,-18928,20631520,20631520
-9059,-7081,64139698,64146779
4477,-17580,-78723240,-78705660
15314,-10381,-159140730,-158974634
12178,6203,75540134,75540134
-12467,-1263,15744558,15745821
-7107,-3655,25972430,25976085
2223,-13366,-29712618,-29712618
32529,7010,228028290,228028290
5306,-30748,-163148888,-163148888
1537,13366,20543542,20543542
-9112,10011,-91220232,-91220232
18479,-26093,-481755059,-482172547
3487,27186,94797582,94797582
-11617,26895,-312439215,-312439215
4961,-13738,-68154218,-68154218
-4519,31586,-142737134,-142737134
5835,-31292,-183089492,-182588820
-22241,27679,-615608639,-615608639
3012,-27479,-82766748,-82766748
-12478,-26499,330654522,330654522
-26717,-19276,515016168,514996892
-5447,7892,-42987724,-42987724
10169,25946,263844874,263844874
19212,-10725,-206048700,-206048700
-6395,-9164,58603780,58603780
-1747,24079,-42427198,-42066013
-14858,7295,-108389110,-108389110
-15916,5065,-80533500,-80614540
27276,-9168,-250066368,-250066368
12414,4071,50537394,50537394
18100,-25968,-470020800,-470020800
-28004,12059,-337700236,-337700236
-32204,-27684,891978480,891535536
-3566,3903,-13918098,-13918098
2818,-16156,-45527608,-45527608
8089,2232,18054648,18054648
-29606,-7913,234272278,234272278
-24282,15696,-381130272,-381130272
29299,27907,817619286,817647193
-14885,-31922,475158970,475158970
-6112,-23374,142861888,142861888
-26450,30974,-819262300,-819262300
-8901,-32542,289656342,289656342
-6058,31323,-189754734,-189754734
-1997,-16489,33208846,32928533
15502,-23522,-364638044,-364638044
-21865,-8716,190575340,190575340
-7083,-11551,81815733,81815733
7657,4820,36906740,36906740
-5066,-24430,124153260,123762380
15271,23846,364152266,364152266
7483,27121,202946443,202946443
-19767,31355,-619292605,-619794285
1690,19272,32569680,32569680
-4447,-6219,27655893,27655893
-3658,7966,-29139628,-29139628
6761,-9362,-63296482,-63296482
-5230,-31974,167224020,167224020
9310,22243,207082330,207082330
-16826,-11574,194744124,194744124
-18250,4613,-84187250,-84187250
-1390,11148,-15495720,-15495720
15958,-29554,-471622732,-471622732
-5848,26194,-153601616,-153182512
-6508,406,-2642248,-2642248
-27453,8556,-234896424,-234887868
-25879,27307,-706677853,-706677853
-12893,-18396,237198024,237179628
2271,-31016,-70437336,-70437336
6788,18256,123921728,123921728
-26085,-12391,323219235,323219235
-13136,-21594,283658784,283658784
32725,-31953,-1046173173,-1045661925
-5059,32245,-163095210,-163127455
-25439,-25768,655512152,655512152
18186,6925,125938050,125938050
-22830,-11057,252254398,252431310
26787,-24448,-654864128,-654888576
856,-21085,-18048760,-18048760
-25452,-5371,136702692,136702692
-8076,24518,-198007368,-198007368
-4533,-28005,126946665,126946665
11539,-6428,-74166264,-74172692
11556,-1981,-22892436,-22892436
-28892,482,-13925944,-13925944
-8022,13426,-107703372,-107703372
30420,10254,312090744,311926680
22195,9975,221385150,221395125
4593,-26251,-120570843,-120570843
-25492,26264,-669521888,-669521888
18012,20816,374937792,374937792
32484,21012,682553808,682553808
-14888,2307,-34346616,-34346616
-31434,1985,-62428250,-62396490
-2277,16303,-37121931,-37121931
-18,24198,-435564,-435564
2917,12224,35657408,35657408
-1866,-2974,5549484,5549484
-4726,-10884,51437784,51437784
15083,10300,155354900,155354900
17591,-5376,-94569216,-94569216
22315,4657,103846443,103920955
-31529,-3667,115558171,115616843
-27776,-27877,774311552,774311552
-11293,8312,-93875728,-93867416
-204,16772,-3689840,-3421488
7934,29712,235735008,235735008
25833,31688,818596104,818596104
5045,-21659,-109269655,-109269655
21267,23694,503876604,503900298
7478,15974,119197988,119453572
4708,-15780,-74292240,-74292240
26326,27799,732281258,731836474
-20154,18048,-363739392,-363739392
-9015,12374,-111353626,-111551610
-1285,18674,-23996090,-23996090
11599,18261,211809339,211809339
31358,-8055,-252588690,-252588690
-16315,10823,-176577245,-176577245
32433,-4589,-148835037,-148835037
-15258,5926,-90418908,-90418908
4353,2737,11914161,11914161
9999,2329,23287671,23287671
-757,-27896,21117272,21117272
-28437,-16781,477201297,477201297
-11937,-23907,285377859,285377859
29014,-20299,-588955186,-588955186
-10500,5638,-59199000,-59199000
-3630,7190,-25984660,-26099700
6801,-30679,-208647879,-208647879
-923,-117,107991,107991
27184,22594,613833792,614195296
17210,4538,78098980,78098980
20849,-24597,-512822853,-512822853
11609,-11547,-134049123,-134049123
7095,15323,108716685,108716685
-6190,32039,-197808786,-198321410
-11881,-14959,177727879,177727879
24113,3615,87110655,87168495
17424,-25685,-447535440,-447535440
16022,16483,264090626,264090626
-620,-10211,6330820,6330820
-2750,-28480,78320000,78320000
18579,22776,423132528,423155304
-21767,15041,-327397447,-327397447
13450,-17910,-240889500,-240889500
19723,15214,300065722,300065722
-30147,22782,-686786172,-686808954
-30367,19649,-596681183,-596681183
-10452,19780,-207057040,-206740560
-14235,-5179,73723065,73723065
26076,29795,776934420,776934420
14866,21722,322919252,322919252
16917,28428,480916476,480916476
-14565,-31982,465817830,465817830
15256,-28029,-427610424,-427610424
7785,13603,105899355,105899355
-9340,-74,691160,691160
-22312,-7195,160534840,160534840
28127,-29535,-830730945,-830730945
-27516,-13357,367531212,367531212
-903,-9145,8257935,8257935
-12675,-6006,76120044,76126050
22959,18676,428782284,428782284
-189,-2382,452580,450198
2860,-5131,-14592564,-14674660
-27181,29794,-809383804,-809830714
24643,-24170,-595597140,-595621310
-17236,-25768,444137248,444137248
25837,2436,62941368,62938932
24989,26648,665933520,665906872
-7652,31575,-241611900,-241611900
11439,-27050,-309424950,-309424950
26970,5255,141727350,141727350
-29682,-23882,708865524,708865524
16750,-20377,-341314750,-341314750
-20924,-14016,293270784,293270784
30462,-4481,-136500222,-136500222
32665,1441,47070265,47070265
-9752,10470,-102103440,-102103440
-23306,5008,-116716448,-116716448
-3767,31194,-117507798,-117507798
-28123,28011,-787753353,-787753353
3555,-17066,-60652564,-60669630
28350,21103,598270050,598270050
13806,-28463,-392960178,-392960178
10400,-17009,-176893600,-176893600
15082,21223,320085286,320085286
27211,26972,733935092,733935092
-23142,6182,-143063844,-143063844
-23821,-11007,262208754,262197747
-15451,-14937,230791587,230791587
-1116,14771,-16484436,-16484436
-24557,-3642,89440236,89436594
24147,-28243,-681955478,-681983721
2341,-1903,-4454923,-4454923
32042,-25324,-811026424,-811431608
-30798,-2234,68802732,68802732
-16395,-10551,172983645,172983645
26513,-13956,-370015428,-370015428
20732,30887,640349284,640349284
-18885,2628,-49629780,-49629780
8228,-32243,-265295404,-265295404
16427,6379,104685769,104787833
-10055,-21174,212904570,212904570
-27875,3746,-104416004,-104419750
-6228,30154,-187799112,-187799112
-2366,-13896,32877936,32877936
30116,5776,173950016,173950016
30984,-7512,-232751808,-232751808
28598,-28702,-820819796,-820819796
-6534,-18775,122675850,122675850
-31962,-26450,845394900,845394900
-13588,25860,-351385680,-351385680
7159,-20579,-147325061,-147325061
29684,-14885,-441846340,-441846340
25523,4415,112679630,112684045
-6063,29862,-181053306,-181053306
18752,-18846,-353400192,-353400192
-1826,-12270,22405020,22405020
30219,24300,734321700,734321700
12566,-2942,-36969172,-36969172
23160,-31410,-727455600,-727455600
-9509,-16920,160892280,160892280
7900,26098,206174200,206174200
645,-15061,-9714345,-9714345
-20504,-1111,22779944,22779944
30673,26330,808041370,807620090
-18231,906,-16502790,-16517286
-15914,-15785,250949930,251202490
-22797,-1986,45276828,45274842
12174,-20419,-248580906,-248580906
-22838,5679,-129606138,-129697002
-13818,-12743,176082774,176082774
-24538,23443,-575244334,-575244334
24794,30725,761795650,761795650
18157,-32055,-582054690,-582022635
32016,-13627,-436282032,-436282032
-84,1792,-150528,-150528
28126,-24197,-680564822,-680564822
-1665,9388,-15631020,-15631020
15500,-26932,-417446000,-417446000
7715,-10076,-77726264,-77736340
-18449,1992,-36750408,-36750408
7819,-9081,-71004339,-71004339
26536,4345,115298920,115298920
25548,-20419,-521991316,-521664612
-26438,-29597,782485486,782485486
6588,-29146,-192013848,-192013848
23173,6325,146569225,146569225
10781,28896,311556672,311527776
30416,4452,135483264,135412032
17570,5405,94965850,94965850
31469,-28445,-895164150,-895135705
-11336,-2162,24508432,24508432
-20080,30130,-605010400,-605010400
854,21066,17990364,17990364
9845,22655,223038475,223038475
-16194,9391,-152077854,-152077854
-23441,-26866,629765906,629765906
-19078,10304,-196579712,-196579712
-17424,20254,-352905696,-352905696
20348,-10141,-206349068,-206349068
-19031,22535,-428863585,-428863585
-17505,29836,-522279180,-522279180
-25516,21323,-544077668,-544077668
-7291,-2626,19146166,19146166
15944,-26169,-417238536,-417238536
29445,6623,195014235,195014235
10473,18122,189791706,189791706
-9951,22748,-226365348,-226365348
-23154,14785,-342331890,-342331890
15810,-3313,-52378530,-52378530
-16656,2738,-45604128,-45604128
-28382,-7204,204463928,204463928
17861,5953,106326533,106326533
32062,-7419,-237867978,-237867978
-16235,32112,-521338320,-521338320
27925,29360,819878000,819878000
-32667,5340,-174441780,-174441780
-29407,-13440,395230080,395230080
-28850,31908,-920545800,-920545800
-13353,-5156,68765572,68848068
-18528,4541,-84135648,-84135648
-12150,-30021,364755150,364755150
-30826,-4896,150924096,150924096
3206,10246,32848676,32848676
18767,-4906,-92070902,-92070902
-22085,503,-11108755,-11108755
2055,-21175,-43514625,-43514625
-28202,3700,-104288200,-104347400
-27331,-30740,840124200,840154940
29207,3810,111278670,111278670
30677,-25837,-793015041,-792601649
-17982,31324,-563268168,-563268168
-1329,-16245,21329685,21589605
-29050,-27687,804307350,804307350
11946,-26911,-321478806,-321478806
-7261,20256,-147099072,-147078816
-8688,30926,-268685088,-268685088
24123,27927,673683021,673683021
-27681,-32250,892712250,892712250
28828,27489,792452892,792452892
-26079,-28649,747137271,747137271
17363,-32586,-566279508,-565790718
794,16290,12934260,12934260
-16268,-21765,354073020,354073020
-27910,-6252,174493320,174493320
-26406,-22123,584179938,584179938
-9145,-22111,202205095,202205095
13509,-2599,-35109891,-35109891
9889,23734,234705526,234705526
-15956,-14041,224038196,224038196
-32525,-24166,786023316,785999150
10897,9641,105057977,105057977
-19031,-11909,226640179,226640179
8124,-16367,-132965508,-132965508
20742,2449,50797158,50797158
1074,6777,7170066,7278498
-24792,9378,-232649424,-232499376
3124,28597,88879476,89337028
-21790,-16751,365004290,365004290
8626,-18388,-158614888,-158614888
17401,14260,248138260,248138260
-4361,-19301,84171661,84171661
-3878,-23251,90167378,90167378
-7816,-9011,70429976,70429976
876,-5897,-5165772,-5165772
9224,29106,268473744,268473744
-32242,-25630,826362460,826362460
-23711,27085,-642212435,-642212435
15698,6460,101409080,101409080
3400,-32130,-109242000,-109242000
-16730,32593,-545280890,-545280890
-14290,14867,-212687302,-212449430
21347,-22130,-472386980,-472409110
1694,-13286,-22506484,-22506484
1391,12387,17230317,17230317
-19621,13559,-266041139,-266041139
-24052,30400,-731180800,-731180800
29814,12067,359765538,359765538
-18732,-28093,525788588,526238076
-17075,13851,-236491974,-236505825
-29540,25824,-762840960,-762840960
-18777,-31112,584190024,584190024
13112,-31680,-415388160,-415388160
19948,7707,153739236,153739236
29899,20607,616458405,616128693
11186,-18709,-209278874,-209278874
-9550,-6771,64663050,64663050
-17009,-13270,225709430,225709430
-19033,7655,-145697615,-145697615
12395,-25152,-311759040,-311759040
3627,-27939,-100887729,-101334753
29267,8841,258740706,258749547
-20000,-23003,460060000,460060000
11254,6167,69403418,69403418
11732,29157,342536436,342069924
-13362,-39,520494,521118
-13968,-11781,164557008,164557008
30766,3890,119617500,119679740
-27387,24246,-664025202,-664025202
9505,17241,163875705,163875705
23210,30894,717049740,717049740
30822,22942,707118324,707118324
-22156,15108,-334732848,-334732848
-7319,-12812,93771028,93771028
-14174,-32588,461902312,461902312
-29556,-9415,278269740,278269740
-14379,-6851,98400913,98510529
25239,32323,815800197,815800197
28919,-14778,-427364982,-427364982
4782,29720,142121040,142121040
20945,16270,341035470,340775150
1694,14682,24871308,24871308
-19197,11722,-225038956,-225027234
27355,1102,30145210,30145210
-22685,10429,-236592294,-236581865
11529,-10619,-122426451,-122426451
-3487,-28632,99839784,99839784
-2202,27797,-61208994,-61208994
10128,-32532,-329484096,-329484096
14061,16349,229899638,229883289
-29479,-11020,324858580,324858580
6026,-29742,-179225292,-179225292
12423,9783,121534209,121534209
-31941,19904,-635753664,-635753664
-7761,-10625,82460625,82460625
10349,16257,168259950,168243693
10010,-719,-7197190,-7197190
29558,-7900,-233508200,-233508200
20551,31175,640677425,640677425
-29566,27380,-809517080,-809517080
26517,-7355,-195032535,-195032535
25796,-9002,-232215592,-232215592
14902,-26555,-395297730,-395722610
-23219,-4220,97979960,97984180
21503,-18699,-402084597,-402084597
-17569,8073,-141834537,-141834537
-341,6043,-2060663,-2060663
-11898,-22130,263302740,263302740
19378,23032,446314096,446314096
-11669,-30511,356032859,356032859
314,-10460,-3284440,-3284440
28570,31330,895098100,895098100
-21419,-21703,464856557,464856557
3626,-1799,-6494390,-6523174
-26107,-19612,512010484,512010484
-8047,17156,-138054332,-138054332
-10183,-29513,300530879,300530879
-13174,20923,-275639602,-275639602
12618,-28331,-357480558,-357480558
-31408,-7207,226357456,226357456
12309,-8891,-109439319,-109439319
28190,29141,821484790,821484790
8782,19352,169949264,169949264
-17862,14632,-261356784,-261356784
4637,31268,145020984,144989716
21867,14211,310751937,310751937
-12380,-14463,179051940,179051940
-6859,9348,-64267500,-64117932
-8064,18569,-149740416,-149740416
-9566,-31790,304103140,304103140
-26914,-8693,233963402,233963402
25102,-30443,-764180186,-764180186
-1213,9973,-12107222,-12097249
26540,14042,372674680,372674680
-9836,30881,-303745516,-303745516
-27848,17594,-489957712,-489957712
-16516,-3461,57161876,57161876
21152,12502,264442304,264442304
-2099,28625,-59597250,-60083875
-11018,13843,-152522174,-152522174
-29206,-29222,853457732,853457732
1176,21014,24712464,24712464
20433,-22565,-461431685,-461070645
-29996,16747,-502075060,-502343012
-14605,-10628,155232568,155221940
-10014,31709,-317533926,-317533926
17230,-1251,-21554730,-21554730
5524,16502,91157048,91157048
-13823,-20648,285417304,285417304
11921,-30191,-359906911,-359906911
12771,20583,262844910,262865493
-11926,5892,-70267992,-70267992
-1481,-2129,3187113,3153049
26740,25559,683447660,683447660
30993,-31965,-990691245,-990691245
8356,-22916,-191486096,-191486096
-18799,-28755,540565245,540565245
-6810,-8442,57490020,57490020
32637,30572,997808936,997778364
25255,-13747,-347180485,-347180485
23900,21732,519394800,519394800
1283,-7036,-9020152,-9027188
-25180,2037,-51291660,-51291660
-2214,26415,-58482810,-58482810
19734,10415,205529610,205529610
9914,20855,206756470,206756470
14304,6112,87426048,87426048
16097,23372,376219084,376219084
-5984,-5008,29967872,29967872
-21185,860,-18219100,-18219100
-21035,-31131,654342489,654840585
-25659,-31418,806154462,806154462
-28957,-32341,936530678,936498337
-2976,-8955,26650080,26650080
23867,13416,320199672,320199672
26997,-14817,-400014549,-400014549
-24125,-15858,382590108,382574250
24887,-17304,-430367784,-430644648
-22516,996,-22425936,-22425936
2348,-512,-1193984,-1202176
32383,-27835,-901380805,-901380805
20158,-31399,-632941042,-632941042
-4598,-12485,57406030,57406030
-8913,3552,-31715808,-31658976
-30869,-11581,357493889,357493889
8383,4900,41076700,41076700
-28240,31332,-884815680,-884815680
17522,-11765,-206146330,-206146330
6408,25433,162974664,162974664
13611,18686,254036170,254335146
-5001,-6659,33301659,33301659
-24930,12679,-316087470,-316087470
-27003,8379,-226258137,-226258137
-4662,1888,-8771648,-8801856
25734,-4555,-117218370,-117218370
19568,1119,21896592,21896592
24977,-4901,-122412277,-122412277
-22961,10304,-236590144,-236590144
22457,30626,687768082,687768082
-21377,12486,-266913222,-266913222
-11359,-22231,252521929,252521929
-15156,-27615,418091100,418532940
8719,24551,214060169,214060169
7772,-27872,-216621184,-216621184
21122,13748,290385256,290385256
-23420,9746,-228251320,-228251320
11637,-31667,-368508879,-368508879
1048,2793,2927064,2927064
15449,28199,435646351,435646351
-22244,-16770,373031880,373031880
-12564,-13782,173157048,173157048
-16860,31868,-537294480,-537294480
-3847,13992,-53827224,-53827224
12340,16104,198465696,198723360
27932,3891,108683412,108683412
-21610,-15430,333442300,333442300
-12121,28311,-343157631,-343157631
-26285,-31615,831031890,831000275
26169,13228,346163532,346163532
10445,-15985,-167235070,-166963325
15402,-2256,-34710816,-34746912
17982,29596,532195272,532195272
6992,5237,36617104,36617104
-25998,22109,-574789782,-574789782
-28594,-21500,614771000,614771000
-27223,-6647,180951281,180951281
-5391,-26884,144931644,144931644
24795,25407,629966565,629966565
12988,29022,376937736,376937736
-6066,-15799,95836734,95836734
13628,-26873,-366225244,-366225244
-9778,-14797,144448314,144685066
32309,9342,301681206,301830678
-24998,-6232,155787536,155787536
23371,-2457,-57422547,-57422547
25254,24861,627839694,627839694
-11218,-22085,248102890,247749530
5957,12591,75004587,75004587
-17412,-27511,479021532,479021532
25300,4533,114757428,114684900
-26678,-9602,256008524,256162156
-19966,-32382,646539012,646539012
-18915,21469,-406064666,-406086135
12995,-18361,-238582834,-238601195
9269,-25818,-238893954,-239307042
-11884,-18031,214280404,214280404
-21001,3885,-81588885,-81588885
14106,14685,207146610,207146610
-9120,-13628,124287360,124287360
-11776,-18894,222495744,222495744
-454,-21816,9904464,9904464
-12704,28229,-358621216,-358621216
7706,19129,147408074,147408074
6046,23702,143302292,143302292
2628,1428,3752784,3752784
22782,15483,352733706,352733706
19597,-1993,-39058814,-39056821
-302,-30302,8666372,9151204
12754,-9,-114930,-114786
13731,-32276,-443149480,-443181756
-15333,-19039,291924987,291924987
-6121,7206,-44107926,-44107926
-11258,30382,-342040556,-342040556
-15354,6686,-102656844,-102656844
-5743,25032,-143758776,-143758776
13946,-1549,-21602354,-21602354
20948,20341,426428724,426103268
26636,-4550,-121193800,-121193800
6348,-8953,-56976892,-56833644
18021,-1583,-28527243,-28527243
2509,26010,65701260,65259090
32581,-10257,-334183317,-334183317
-19794,1611,-31888134,-31888134
31450,601,18901450,18901450
23883,-26003,-621029649,-621029649
26325,-18628,-490680148,-490382100
5752,-16407,-94373064,-94373064
12544,-3161,-39651584,-39651584
-21768,-12407,270075576,270075576
-31307,28436,-890245852,-890245852
-22900,-6560,150224000,150224000
-13801,-22023,303939423,303939423
21695,-7414,-160846730,-160846730
13139,-8984,-118031792,-118040776
-16258,23803,-386989174,-386989174
-22577,1821,-41083581,-41112717
-18158,-19048,345873584,345873584
-11110,-7412,82347320,82347320
-14695,588,-8640660,-8640660
9974,-5425,-54108950,-54108950
14744,9815,144712360,144712360
-13487,24064,-324551168,-324551168
6323,-18292,-115642024,-115660316
-22387,14315,-320455590,-320469905
13109,5814,76122702,76215726
29665,12436,368913940,368913940
5226,24028,125570328,125570328
-28867,-14201,409926066,409940267
2425,26142,63394350,63394350
11639,15089,175620871,175620871
6849,-12703,-87002847,-87002847
14630,-32021,-468467230,-468467230
6503,-2687,-17473561,-17473561
23171,23682,548711940,548735622
-29416,-4027,118458232,118458232
534,17765,9486510,9486510
-15452,-23863,368731076,368731076
23971,29878,716175660,716205538
-13944,-23658,329887152,329887152
21016,-4865,-102242840,-102242840
27645,20006,553085876,553065870
-28449,25771,-733159179,-733159179
12448,-15869,-197537312,-197537312
-32150,23323,-749834450,-749834450
27223,-9408,-256113984,-256113984
22352,2995,66944240,66944240
9341,12415,115980930,115968515
-1839,29159,-53156857,-53623401
9975,9282,92587950,92587950
4384,18108,79385472,79385472
839,-12614,-10583146,-10583146
4422,3507,15507954,15507954
-465,3788,-1822028,-1761420
8176,-873,-7137648,-7137648
11019,31878,351263682,351263682
10769,4394,47318986,47318986
20839,30400,633505600,633505600
-8295,1823,-15121785,-15121785
-265,6420,-1701300,-1701300
-22475,23144,-520531704,-520161400
32647,16116,526139052,526139052
-19632,18751,-368119632,-368119632
-8717,-32240,281068320,281036080
-6071,-13071,79354041,79354041
-6457,17853,-115276821,-115276821
-1752,-23590,41707120,41329680
9886,-25436,-251460296,-251460296
19879,18057,358955103,358955103
-5163,27489,-141485883,-141925707
4598,-3183,-14635434,-14635434
15530,18006,279633180,279633180
13311,-23318,-310385898,-310385898
-6045,-29083,175835818,175806735
23955,7021,168181034,168188055
32146,24517,788123482,788123482
-692,-13222,9149624,9149624
17167,-27718,-475834906,-475834906
15744,-1951,-30716544,-30716544
18107,-15029,-272130103,-272130103
2085,-25819,-53832615,-53832615
22193,21712,481854416,481854416
4074,28086,114422364,114422364
-788,23416,-18451808,-18451808
-18316,-4111,75297076,75297076
-30970,-18556,574679320,574679320
13065,22605,295334325,295334325
-728,375,-279000,-273000
27267,-21769,-593553554,-593575323
12472,-26645,-332316440,-332316440
2791,-25397,-70883027,-70883027
-22292,-27322,609062024,609062024
-32652,-21481,701397612,701397612
-19252,-11258,216558888,216739016
-2174,5790,-12587460,-12587460
25031,-2085,-52189635,-52189635
22544,-10282,-231797408,-231797408
30570,21838,667587660,667587660
21837,-22047,-481462386,-481440339
-32169,2336,-75146784,-75146784
21759,1834,39906006,39906006
-12276,-4059,49828284,49828284
-31209,12329,-384775761,-384775761
28323,-21551,-610367422,-610388973
-11434,7741,-88510594,-88510594
9991,-28893,-288669963,-288669963
-5559,-28634,159176406,159176406
-30761,-17603,541204235,541485883
13452,-5,-67260,-67260
-10124,2119,-21452756,-21452756
-8050,-22993,185093650,185093650
10590,6375,67511250,67511250
-9522,-31603,300418118,300923766
17533,17411,305284474,305267063
-13359,21413,-285713659,-286056267
-18595,-22530,418922820,418945350
8370,-28498,-238528260,-238528260
-13046,7215,-94126890,-94126890
2469,30525,75366225,75366225
-28529,17605,-502253045,-502253045
27974,1509,42212766,42212766
-12601,30422,-383347622,-383347622
-1787,-3548,6340276,6340276
5503,-11830,-65100490,-65100490
6282,-16486,-103565052,-103565052
-21100,11491,-242460100,-242460100
-1163,-23543,27380509,27380509
-23774,11018,-261941932,-261941932
-30148,-24307,732807436,732807436
-15282,9395,-143574390,-143574390
28813,28164,811517496,811489332
-25386,13551,-343788870,-344005686
7951,-30676,-243904876,-243904876
31223,14468,451734364,451734364
-17456,11864,-206908160,-207097984
25017,-13011,-325496187,-325496187
13374,22860,305729640,305729640
9800,20162,197587600,197587600
14076,-15070,-212125320,-212125320
20837,-10877,-226644049,-226644049
12157,-3647,-44340226,-44336579
12180,16439,200227020,200227020
18082,5592,101114544,101114544
-13300,11355,-151021500,-151021500
27469,11600,318652000,318640400
-3048,-3046,9284208,9284208
18735,-1610,-30137590,-30163350
13297,-19644,-261206268,-261206268
19377,-3444,-66734388,-66734388
-11609,17917,-207998453,-207998453
-25522,21763,-555435286,-555435286
-7610,18265,-138996650,-138996650
11580,7689,89038620,89038620
11441,5536,63337376,63337376
-23381,2357,-55109017,-55109017
16229,-13449,-218263821,-218263821
29322,-28556,-837319032,-837319032
25519,17562,448164678,448164678
-16364,-3074,50302936,50302936
-23445,7781,-182425545,-182425545
31246,11146,348267916,348267916
-11280,-19477,219700560,219700560
20479,-2770,-56726830,-56726830
30259,8393,253821106,253963787
-22967,-13328,306104176,306104176
-8509,16749,-142533990,-142517241
-20885,-4741,99015785,99015785
5554,-20206,-112224124,-112224124
21593,21482,463860826,463860826
-7166,-13024,93329984,93329984
17189,-17877,-307287753,-307287753
-8783,-20178,177223374,177223374
-6416,-24337,156146192,156146192
18172,14425,262131100,262131100
27494,16791,461651754,461651754
12265,45,551925,551925
-17501,-27100,474304200,474277100
25281,25300,639609300,639609300
-31267,24212,-757012392,-757036604
28028,32705,916655740,916655740
12962,5552,71965024,71965024
-25651,11678,-299353852,-299552378
-3314,-3399,11264286,11264286
-2350,2970,-6931980,-6979500
-21307,-2315,49325705,49325705
19731,30186,595569780,595599966
4628,-8310,-38458680,-38458680
10453,-31066,-325229954,-324732898
-30204,9127,-275671908,-275671908
-10136,7611,-77145096,-77145096
17864,118,2109840,2107952
27014,-11726,-316766164,-316766164
10824,30144,326278656,326278656
-23986,631,-15135166,-15135166
-5569,14794,-82387786,-82387786
4610,-13081,-60303410,-60303410
-4450,-13220,58829000,58829000
1310,2385,3124350,3124350
25778,27245,702321610,702321610
-30765,21928,-674286000,-674614920
14024,3434,48213360,48158416
25492,3485,88839620,88839620
4540,28814,130815560,130815560
10161,19542,198566262,198566262
24374,4681,114019798,114094694
7354,-3842,-28254068,-28254068
19971,12072,241077840,241089912
21404,-27545,-589573180,-589573180
-12974,-16070,208492180,208492180
-28364,-27792,788736960,788292288
-32460,-31638,1027475688,1026969480
26196,2925,76623300,76623300
-9673,-2628,25462692,25420644
8680,-10944,-94993920,-94993920
1901,20733,39434166,39413433
-14279,-28817,411477943,411477943
-4157,-28226,117363708,117335482
10763,-27438,-295315194,-295315194
16121,29741,479454661,479454661
-10877,813,-8843814,-8843001
25611,30136,771813096,771813096
4238,-19370,-82090060,-82090060
-30599,-12562,384384638,384384638
-5158,17977,-92725366,-92725366
-25300,32676,-827225616,-826702800
12517,4949,61946633,61946633
18789,16324,306711636,306711636
27993,14590,408417870,408417870
-1664,-28974,48212736,48212736
-4812,-28642,138283576,137825304
-10004,-22647,226560588,226560588
-17694,-18281,323464014,323464014
-10706,-31072,333153984,332656832
-23590,3353,-79097270,-79097270
-25283,-6379,161273878,161280257
13275,-22383,-297134325,-297134325
-26590,17426,-463357340,-463357340
-19365,27123,-525236895,-525236895
-2781,-8762,24375884,24367122
13642,-6002,-81879284,-81879284
-25253,-21944,554151832,554151832
-32337,-32081,1037403297,1037403297
15887,27363,434715981,434715981
8783,22462,197283746,197283746
17570,-26667,-468539190,-468539190
26597,15507,412439679,412439679
-9611,28649,-275345539,-275345539
23041,-11712,-269856192,-269856192
-4200,-5386,22621200,22621200
-13513,29945,-405125905,-404646785
10899,-13908,-151569384,-151583292
16037,15971,256126927,256126927
-720,-31062,22861632,22364640
1647,3578,5892966,5892966
-28781,23650,-680694300,-680670650
11852,31683,375506916,375506916
-13189,18088,-238562632,-238562632
32435,-7419,-240627846,-240635265
25867,1160,30005720,30005720
-30514,25671,-782914158,-783324894
-15904,4150,-66001600,-66001600
-27980,-9917,277477660,277477660
3301,-23381,-77180681,-77180681
-21213,-8955,189971370,189962415
13995,-15905,-222590475,-222590475
-24270,-12814,311200804,310995780
-5216,7181,-37456096,-37456096
-989,-15111,14959890,14944779
-28412,13838,-393165256,-393165256
2798,-24438,-68377524,-68377524
22768,18989,432341552,432341552
-10600,-1109,11755400,11755400
11328,21632,245047296,245047296
12271,13008,159621168,159621168
-17721,4396,-77901516,-77901516
-25406,25005,-635277030,-635277030
28052,-1891,-53046332,-53046332
28211,25800,727405200,727843800
28849,19736,569363864,569363864
-20690,-10507,217557942,217389830
-20698,1201,-24858298,-24858298
10675,5245,55985130,55990375
-9827,-8688,85368288,85376976
27376,15137,414390512,414390512
21892,22017,481996164,481996164
-16425,9655,-158428895,-158583375
21501,-22197,-477279894,-477257697
12608,28053,353692224,353692224
-16521,-11840,195608640,195608640
-29130,29574,-861963804,-861490620
16458,-29951,-492933558,-492933558
25205,20346,512820930,512820930
18479,21227,391914101,392253733
-1845,-7758,14189382,14313510
998,25391,25340218,25340218
24158,-15974,-385899892,-385899892
23009,-17669,-406546021,-406546021
24954,19465,485729610,485729610
-2466,4929,-12154914,-12154914
-30721,-24541,753924061,753924061
18607,-5760,-107176320,-107176320
8447,-26223,-221505681,-221505681
32019,30872,988459696,988490568
15020,-12730,-191204600,-191204600
32259,-16747,-540224726,-540241473
-25293,-23662,598885220,598482966
-2252,30192,-68475456,-67992384
-10109,11697,-118256670,-118244973
22078,6712,148187536,148187536
13502,19596,264585192,264585192
-15319,-5209,79880015,79796671
-16313,-25612,417808556,417808556
12493,-8573,-107248230,-107102489
17950,29950,537602500,537602500
17487,-19226,-336205062,-336205062
21659,-2114,-45787126,-45787126
28314,-5952,-168524928,-168524928
13331,-996,-13276680,-13277676
-10205,-18521,189025326,189006805
-3427,8697,-29795922,-29804619
28384,7008,198915072,198915072
23914,-15783,-377434662,-377434662
-8260,-11878,98112280,98112280
-540,-1331,718740,718740
-28063,21718,-609472234,-609472234
8230,-22056,-181520880,-181520880
-18761,-7697,144403417,144403417
-11306,25726,-290446540,-290858156
14577,29512,430196424,430196424
-8688,-29507,256356816,256356816
-15758,-13828,217901624,217901624
-11675,15400,-179795000,-179795000
-15501,23340,-361816680,-361793340
-1893,20823,-39417939,-39417939
25269,26307,664751583,664751583
23596,25188,593933040,594336048
-29148,-5956,173605488,173605488
-13257,-11723,155599379,155411811
-2895,-25767,74595465,74595465
-11289,-17983,203010087,203010087
-174,-949,165126,165126
-17163,-3056,52450128,52450128
-10138,17968,-182159584,-182159584
-27824,7975,-221896400,-221896400
28783,31104,895266432,895266432
9877,-27236,-269009972,-269009972
28771,19257,554023890,554043147
-166,29201,-4847366,-4847366
18305,15210,278419050,278419050
27635,-27847,-769523998,-769551845
7660,-31504,-241320640,-241320640
30665,-27467,-842715027,-842275555
-8455,9595,-81125725,-81125725
-4659,-11652,54088584,54286668
15227,-10689,-162761403,-162761403
22578,26617,600532754,600958626
-25628,5464,-140031392,-140031392
1780,12198,21712440,21712440
11683,8008,93549456,93557464
1106,-13992,-15475152,-15475152
-10115,-4712,47657168,47661880
7631,-29459,-225272973,-224801629
20565,16138,331877970,331877970
-8757,-26464,231321824,231745248
-1246,-29354,36575084,36575084
-28847,-14418,415916046,415916046
1664,5609,9333376,9333376
16189,-18545,-300243550,-300225005
24997,-11609,-290190173,-290190173
-17607,-15495,272820465,272820465
-20456,-32491,664635896,664635896
-29500,1366,-40297000,-40297000
26370,-24585,-648306450,-648306450
964,23300,22461200,22461200
-20877,25808,-538819424,-538793616
10192,25587,261192096,260782704
29550,-11719,-346296450,-346296450
-15178,29943,-454474854,-454474854
24339,-24171,-588273798,-588297969
27235,-20621,-561592314,-561612935
-8500,19460,-165098640,-165410000
25539,-5476,-139846088,-139851564
8387,4642,38927812,38932454
-18008,-14063,253246504,253246504
4484,-4220,-18922480,-18922480
14942,-23953,-357905726,-357905726
22303,-25508,-568904924,-568904924
29683,-28108,-834301656,-834329764
26029,-26793,-697421790,-697394997
-20768,30347,-630246496,-630246496
24691,7445,183817050,183824495
-2537,-5296,13435952,13435952
15015,9792,147026880,147026880
7448,19705,146762840,146762840
-25600,29367,-751795200,-751795200
-23003,-19807,455620421,455620421
-2802,32704,-91636608,-91636608
-7122,-29,207002,206538
27806,-32057,-891376942,-891376942
-7292,-13618,99302456,99302456
-3831,31627,-121163037,-121163037
27639,29596,818003844,818003844
12225,9806,119878350,119878350
2158,4454,9611732,9611732
-28417,481,-13668577,-13668577
2458,-32106,-78916548,-78916548
17113,17185,294086905,294086905
30924,25920,801964800,801550080
12971,-4924,-63869204,-63869204
9117,4909,44760262,44755353
2840,-18939,-53786760,-53786760
-27541,-22343,615348563,615348563
14477,7696,111422688,111414992
6480,854,5533920,5533920
-6254,25017,-156456318,-156456318
-17759,-16940,300837460,300837460
448,30831,13812288,13812288
18840,12338,232447920,232447920
13763,8924,122812088,122821012
19773,32311,638917714,638885403
-5078,-9931,50588514,50429618
5402,32630,176267260,176267260
21617,-9551,-206463967,-206463967
-21781,-12531,272937711,272937711
23312,8467,197382704,197382704
-9275,-13631,126427525,126427525
-22291,26829,-598018410,-598045239
13033,-28989,-377813637,-377813637
-21496,12207,-262401672,-262401672
-577,-2362,1362874,1362874
-28488,-20586,586453968,586453968
17447,-24921,-434796687,-434796687
16463,-7141,-117562283,-117562283
-9810,-8098,79441380,79441380
27526,-29265,-805548390,-805548390
17341,-9111,-158002962,-157993851
30842,8748,269805816,269805816
-12189,27510,-335346900,-335319390
-26207,-8129,213036703,213036703
-29495,10615,-312919585,-313089425
-19833,-15180,301064940,301064940
17385,29662,515673870,515673870
30891,-29676,-916721316,-916721316
32681,25661,838627141,838627141
20565,-20334,-418168710,-418168710
-28695,-9225,264711375,264711375
27329,28592,781390768,781390768
32408,28998,939767184,939767184
-20367,-15696,319680432,319680432
6523,-32444,-211632212,-211632212
-12288,26154,-321380352,-321380352
-5723,10808,-61854184,-61854184
13647,-9514,-129837558,-129837558
14927,18136,270716072,270716072
2662,22777,60632374,60632374
7186,29367,211031262,211031262
15577,-9372,-145987644,-145987644
22838,2979,67986738,68034402
30229,7833,236783757,236783757
32013,11038,353370532,353359494
9314,-24091,-224383574,-224383574
-11758,-20825,244860350,244860350
30199,-25581,-772520619,-772520619
27084,13092,354793200,354583728
21243,3721,79045203,79045203
1819,4351,7914469,7914469
26305,-19611,-515867355,-515867355
15620,26711,417225820,417225820
8229,636,5233644,5233644
22414,5076,113773464,113773464
-21419,16070,-344203330,-344203330
24524,-21378,-524616120,-524274072
-2843,24347,-69218521,-69218521
8630,-28118,-242658340,-242658340
-23162,8911,-206396582,-206396582
11217,-7723,-86752459,-86628891
11061,525,5798625,5807025
-14758,29325,-432778350,-432778350
-20933,15746,-329611018,-329611018
243,-6866,-1661572,-1668438
9176,-13254,-121618704,-121618704
-22654,-28508,645820232,645820232
12272,27698,339909856,339909856
16961,-26640,-451841040,-451841040
16013,-25186,-403328604,-403303418
8875,-12642,-112197750,-112197750
32412,-27578,-893858136,-893858136
20564,-10251,-210801564,-210801564
-9052,21511,-194717572,-194717572
-26552,2688,-71371776,-71371776
1010,-27419,-27693190,-27693190
-30457,-30903,941212671,941212671
24557,-11609,-285093822,-285082213
27317,10070,275082190,275082190
6917,19322,133650274,133650274
19095,-30774,-587629530,-587629530
8717,-1909,-16642662,-16640753
-2436,63,-153468,-153468
9291,-26342,-244743522,-244743522
-2021,-19289,38983069,38983069
-30158,-23052,695571048,695202216
-25593,31584,-808329312,-808329312
-32258,23761,-766482338,-766482338
-3747,-3651,13676646,13680297
-2778,-18289,50806842,50806842
-16221,29360,-476277920,-476248560
-28445,30400,-864758400,-864728000
-27623,7385,-203995855,-203995855
-15425,5254,-81042950,-81042950
-17167,-13656,234432552,234432552
-19096,-13780,263142880,263142880
17560,6356,111611360,111611360
21429,-27520,-589726080,-589726080
-2899,24787,-71832726,-71857513
19243,12896,247951392,248157728
24487,-15723,-385009101,-385009101
1749,7792,13752880,13628208
-13859,5690,-78852020,-78857710
-19749,-28042,553801458,553801458
17396,-1042,-18126632,-18126632
15507,-28848,-447317088,-447345936
-26792,-13385,358610920,358610920
20605,-13314,-274348284,-274334970
21195,-23973,-508491303,-508107735
22522,-14920,-336028240,-336028240
-16204,24097,-390467788,-390467788
32268,-18299,-590472132,-590472132
-5073,-26206,133362334,132943038
-19962,-23725,473598450,473598450
-23153,-20388,472043364,472043364
-24450,16379,-400466550,-400466550
29269,-16816,-492187504,-492187504
-19886,1848,-36749328,-36749328
-23491,-23736,557558640,557582376
5927,15356,91015012,91015012
17535,-3045,-53394075,-53394075
-19413,-11487,223180923,222997131
8141,5007,40847106,40761987
16251,-29197,-474480447,-474480447
-16073,6176,-99365664,-99266848
6660,-6784,-45181440,-45181440
30076,-7336,-220637536,-220637536
31026,5672,175888720,175979472
18413,2816,51853824,51851008
17739,7798,138328722,138328722
1400,-3633,-5086200,-5086200
9931,-18018,-179225046,-178936758
14827,-21280,-315518560,-315518560
-29031,25007,-725978217,-725978217
12049,7835,94403915,94403915
-22418,20707,-464209526,-464209526
-2887,-8373,24172851,24172851
24134,-30447,-734807898,-734807898
22083,19240,424857680,424876920
23856,-15953,-380319520,-380574768
-8752,32493,-283858848,-284378736
3931,30298,119101438,119101438
-10595,22489,-238248466,-238270955
-23884,-6288,150182592,150182592
20921,27955,584846555,584846555
1257,3476,4369332,4369332
5009,8471,42431239,42431239
-8909,-23885,213197510,212791465
-20855,-29750,620436250,620436250
-25162,10347,-260351214,-260351214
27164,-30148,-818940272,-818940272
27607,-9886,-273080978,-272922802
22456,-18432,-413908992,-413908992
13909,-21402,-297680418,-297680418
15826,29288,463980496,463511888
-21625,25588,-553340500,-553340500
-21664,-11262,243979968,243979968
13718,30717,421375806,421375806
-5305,-17620,93474100,93474100
-509,9586,-4888860,-4879274
2262,-16392,-37340976,-37078704
-2725,26768,-72942800,-72942800
-11296,16664,-188236544,-188236544
-14997,-423,6343731,6343731
-11612,22792,-264660704,-264660704
-9782,25407,-248124762,-248531274
22263,-6609,-147136167,-147136167
23583,-12696,-299409768,-299409768
27112,-32205,-873141960,-873141960
16096,16543,266276128,266276128
-11160,-30159,336574440,336574440
10500,30531,320575500,320575500
10506,6933,72838098,72838098
-30621,-5805,177760710,177754905
-20865,3789,-79057485,-79057485
-30680,-10760,330288960,330116800
29659,132,3914988,3914988
5175,14211,73314549,73541925
17216,20910,359986560,359986560
-9277,-13972,129632216,129618244
-22260,5901,-131356260,-131356260
17680,2865,50653200,50653200
-3309,12908,-42725480,-42712572
32666,13726,448373516,448373516
10510,15700,165007000,165007000
30599,18289,559625111,559625111
7374,-28070,-207437300,-206988180
-10558,-1586,16744988,16744988
21577,20567,443774159,443774159
3463,-14206,-49195378,-49195378
8482,20531,174143942,174143942
17349,-3194,-55412706,-55412706
-29511,13188,-389191068,-389191068
25639,29377,753196903,753196903
25444,20910,532034040,532034040
8483,1148,9737336,9738484
12007,-15164,-182074148,-182074148
-7718,8835,-68188530,-68188530
15802,27879,440543958,440543958
-11722,3427,-40226126,-40171294
-26041,-6579,171323739,171323739
-8446,-17716,149629336,149629336
4771,-29773,-142017210,-142046983
-18829,-4731,89084730,89079999
13040,30316,395320640,395320640
-16159,6885,-111254715,-111254715
17894,-31540,-564376760,-564376760
11537,-31913,-368180281,-368180281
21689,21790,472603310,472603310
-6415,8403,-53905245,-53905245
12505,16610,207708050,207708050
-26871,-20524,551500404,551500404
25524,25487,650530188,650530188
-21358,-21331,455587498,455587498
14350,-26232,-376429200,-376429200
21879,21197,463769163,463769163
-17402,-32386,563581172,563581172
31009,-24362,-755441258,-755441258
-17824,29188,-520246912,-520246912
-15260,19981,-304910060,-304910060
-16088,-29579,476340216,475866952
-23449,-9454,221686846,221686846
6489,-22018,-142874802,-142874802
18400,-32418,-596491200,-596491200
-12676,26349,-333999924,-333999924
-26768,15484,-414475712,-414475712
-20223,8207,-165970161,-165970161
15757,-13453,-211992374,-211978921
18761,-3765,-70635165,-70635165
-21574,-23457,506061318,506061318
-6903,-19406,133959618,133959618
1661,2989,4967718,4964729
-29670,2241,-66490470,-66490470
16589,-2579,-42826874,-42783031
4947,18956,93756376,93775332
886,8387,7430882,7430882
-650,-28664,18631600,18631600
-17880,3284,-58770464,-58717920
-25632,-17114,438666048,438666048
-27751,-4024,111670024,111670024
-1542,26631,-41065002,-41065002
30617,-14153,-433322401,-433322401
-8167,-3854,31475618,31475618
5469,21780,119136600,119114820
-8234,28234,-232027012,-232478756
-10259,3971,-40734518,-40738489
16252,-16194,-263184888,-263184888
-5638,12426,-70057788,-70057788
4007,-31899,-127819293,-127819293
14342,-17752,-254599184,-254599184
6564,4485,29439540,29439540
28967,25788,747000996,747000996
-5453,-30923,168654042,168623119
-439,-21199,9306361,9306361
-12359,-15973,197410307,197410307
3390,-12425,-42120750,-42120750
-12156,23289,-283101084,-283101084
-31113,-14667,456334371,456334371
-16588,-20931,347538324,347203428
7106,20521,145822226,145822226
9184,-8874,-81498816,-81498816
13276,-6345,-84236220,-84236220
18960,-17153,-325220880,-325220880
-1475,-14173,20891002,20905175
16681,-5067,-84441555,-84522627
25059,-4139,-103715062,-103719201
-12204,-14050,171466200,171466200
3976,5830,23180080,23180080
-30701,27778,-852840156,-852812378
29449,-17309,-509732741,-509732741
-19718,-19285,380261630,380261630
-18584,7432,-138116288,-138116288
23234,15815,367445710,367445710
-14800,13282,-196786112,-196573600
20030,24477,490274310,490274310
20634,-17446,-359980764,-359980764
6215,15283,94983845,94983845
-16814,12758,-214513012,-214513012
1865,-22338,-41660370,-41660370
16171,-12305,-198787275,-198984155
8820,18290,161317800,161317800
-18282,-28037,512572434,512572434
14649,28798,421861902,421861902
-8380,15206,-127426280,-127426280
-10977,17134,-188079918,-188079918
5822,16353,95207166,95207166
17808,-26214,-466818912,-466818912
-28599,-8755,250384245,250384245
-27465,4079,-112029735,-112029735
14335,4576,65596960,65596960
-28677,-75,2150775,2150775
-18852,-27383,516224316,516224316
-16831,-30436,512268316,512268316
31281,-5906,-184651090,-184745586
29055,-31298,-909363390,-909363390
-20415,18207,-371695905,-371695905
-19785,-28461,563100885,563100885
17254,-22057,-380571478,-380571478
20228,2118,42842904,42842904
-8800,-13094,115227200,115227200
-11333,2544,-28831152,-28831152
-5162,11863,-61046998,-61236806
-30398,28073,-853363054,-853363054
-25687,2897,-74415239,-74415239
32697,-12186,-398445642,-398445642
-10184,23689,-241248776,-241248776
31750,-29150,-925512500,-925512500
19480,-8113,-158041240,-158041240
4958,-14397,-71380326,-71380326
26228,4425,116058900,116058900
-29468,20920,-616470560,-616470560
21140,11673,246767220,246767220
-2955,-13430,39685650,39685650
-1357,11618,-15777244,-15765626
5948,-28659,-170463732,-170463732
2678,-12008,-32157424,-32157424
-32735,-16521,540814935,540814935
-3881,-28248,109178520,109630488
32172,12299,395683428,395683428
-11030,-21543,237619290,237619290
5754,-31848,-183253392,-183253392
-22456,7152,-160605312,-160605312
7379,3960,29280240,29220840
5493,-25601,-140626293,-140626293
6531,-2988,-19511640,-19514628
-31701,-21785,690954845,690606285
22913,3167,72565471,72565471
9425,-31874,-300922434,-300412450
-6261,-3007,18826827,18826827
-7178,8904,-63912912,-63912912
-29119,2148,-62547612,-62547612
26681,17356,463075436,463075436
-8475,26090,-221112750,-221112750
9311,24817,231071087,231071087
8261,-6672,-55117392,-55117392
16645,-18336,-305202720,-305202720
24834,9579,237884886,237884886
-22350,18015,-402635250,-402635250
28078,32578,914725084,914725084
2737,-14816,-40551392,-40551392
-12561,5105,-64123905,-64123905
-12157,-19711,239646338,239626627
-11463,-18084,207296892,207296892
10046,19364,194530744,194530744
-30930,3863,-119544398,-119482590
-1089,-30736,33471504,33471504
-18613,28883,-537599279,-537599279
-2059,9308,-19165172,-19165172
-5392,-1496,8066432,8066432
-30426,-23929,728063754,728063754
29274,-30594,-895608756,-895608756
-9589,14489,-138935021,-138935021
23218,-18629,-432528122,-432528122
-9964,-7592,75646688,75646688
27322,-8699,-237674078,-237674078
12453,24694,307514382,307514382
13369,8245,110227405,110227405
19644,11270,221387880,221387880
-59,21585,-1273515,-1273515
22968,-32357,-743175576,-743175576
-9750,6566,-64018500,-64018500
17334,23801,412566534,412566534
-29591,-13864,410249624,410249624
-18611,31205,-580725050,-580756255
-22139,-32376,716772264,716772264
7672,21494,164901968,164901968
30481,7377,224858337,224858337
-23130,9968,-230559840,-230559840
580,14302,8295160,8295160
14368,-3945,-56681760,-56681760
6899,12092,83410616,83422708
-31041,27769,-861977529,-861977529
18513,7476,138403188,138403188
-2000,5536,-11160576,-11072000
-9546,-7976,76138896,76138896
-16973,10666,-181044684,-181034018
-9308,4863,-45264804,-45264804
-17764,-24518,435537752,435537752
5250,4334,22753500,22753500
-23429,15166,-355324214,-355324214
5696,-2088,-11893248,-11893248
-7748,29187,-226140876,-226140876
11112,-24576,-273088512,-273088512
-25066,-31609,792311194,792311194
24006,-22113,-530844678,-530844678
-13404,27661,-370768044,-370768044
31277,28507,891185834,891613439
3335,-6309,-21040515,-21040515
3707,2936,10883752,10883752
-11181,28335,-316841970,-316813635
25975,23683,615165925,615165925
20030,16081,322102430,322102430
-29798,-597,17789406,17789406
25671,22080,566815680,566815680
19800,18562,367527600,367527600
-15788,28403,-448426564,-448426564
13074,23905,312533970,312533970
-10895,1194,-13008630,-13008630
-29644,5402,-160223320,-160136888
-14028,21820,-306440080,-306090960
26275,2629,69074346,69076975
-30076,23525,-707537900,-707537900
-30445,-24625,749732750,749708125
-15844,-12284,194627696,194627696
-31656,-6139,194336184,194336184
-7505,14155,-106233275,-106233275
-24246,-14116,342256536,342256536
4604,-14649,-67443996,-67443996
-5026,-10326,51898476,51898476
15786,31698,500384628,500384628
13184,29182,384735488,384735488
4162,4425,18416850,18416850
70,-19744,-1382080,-1382080
-1493,1311,-1978299,-1957323
-24541,31011,-761071962,-761040951
9715,-27744,-269505216,-269532960
8091,23820,192727620,192727620
31419,-18559,-583105221,-583105221
18730,-16645,-311494530,-311760850
-21708,11544,-250781856,-250597152
-22051,-18860,415863000,415881860
7909,28869,228324921,228324921
-29369,9574,-281178806,-281178806
813,-16900,-13486200,-13739700
-33,-24458,807114,807114
17611,4078,71882906,71817658
-13716,-30271,415197036,415197036
-29112,9280,-270159360,-270159360
32384,-1652,-53498368,-53498368
20251,30671,621118421,621118421
26042,-13030,-339327260,-339327260
-20774,17151,-356294874,-356294874
-30522,-24918,760547196,760547196
-25762,-31620,814594440,814594440
-18228,-12741,232039092,232242948
-16353,-2322,37971666,37971666
32602,29786,971083172,971083172
-30033,6564,-197136612,-197136612
10336,29081,300581216,300581216
9636,9111,87793596,87793596
-16543,23296,-385385728,-385385728
31947,5580,178353540,178264260
4706,-28381,-133560986,-133560986
15619,-22646,-353685228,-353707874
-21830,12054,-263138820,-263138820
-11387,22110,-251766570,-251766570
-10408,4086,-42527088,-42527088
26636,24926,663928936,663928936
-23658,-11958,282902364,282902364
-5479,-16216,88847464,88847464
-9938,-12317,122603418,122406346
1861,13209,24581949,24581949
1397,8832,12338304,12338304
10209,12715,129807435,129807435
29536,-21785,-643441760,-643441760
30926,-1160,-35892720,-35874160
12673,1456,18451888,18451888
-6686,-30503,203943058,203943058
2178,-30604,-66655512,-66655512
7588,-25961,-196992068,-196992068
-30650,21922,-671909300,-671909300
-31032,-22102,685515632,685869264
-1230,17059,-21255514,-20982570
21313,-3722,-79326986,-79326986
27346,-3438,-94070556,-94015548
28081,28175,791182175,791182175
-22948,-16577,380408996,380408996
32164,-8991,-289186524,-289186524
14637,-15957,-233323254,-233562609
-3485,-17456,60851616,60834160
28391,-10564,-299922524,-299922524
-1102,16438,-18114676,-18114676
21042,-24985,-525334610,-525734370
32609,28348,924399932,924399932
-20283,28924,-586665492,-586665492
11255,-884,-9949420,-9949420
5839,27601,161603855,161162239
27226,27077,737198402,737198402
-12458,26119,-325390502,-325390502
28107,-4419,-124275537,-124204833
-7012,1439,-10090268,-10090268
7425,-29963,-222475275,-222475275
10040,-24941,-250407640,-250407640
8916,-1975,-17640700,-17609100
8152,20276,165289952,165289952
-4039,-19899,80372061,80372061
7024,-3464,-24331136,-24331136
-21268,-1760,37431680,37431680
8899,9855,87689790,87699645
18351,-15533,-285046083,-285046083
2553,18684,47700252,47700252
26719,-12731,-340159589,-340159589
21080,28346,597533680,597533680
-32310,-25603,826823282,827232930
20905,31490,658298450,658298450
-18286,24412,-446397832,-446397832
3693,1798,6641812,6640014
-515,6099,-3134886,-3140985
22398,28443,637066314,637066314
-1276,-31990,40819240,40819240
-19162,-13073,250504826,250504826
7548,7281,54956988,54956988
30029,-138,-4144140,-4144002
-29006,7741,-224535446,-224535446
-23081,-24376,562232440,562622456
15949,-30539,-487097050,-487066511
4039,4009,16192351,16192351
-10280,4697,-48285160,-48285160
16700,26090,435703000,435703000
-15171,15062,-228490540,-228505602
-31255,32359,-1011380545,-1011380545
12825,15416,197710200,197710200
-6380,-1836,11713680,11713680
3379,5468,18383416,18476372
13763,11531,158689622,158701153
251,32276,8101276,8101276
-1764,15143,-26712252,-26712252
30815,-2826,-87083190,-87083190
-32602,-1273,41502346,41502346
-24368,-18866,459424832,459726688
-10388,2956,-30706928,-30706928
26579,-17104,-454863776,-454607216
-14674,-14538,213330612,213330612
30197,-15083,-455461351,-455461351
-8659,19306,-167460244,-167170654
14578,18957,276355146,276355146
27052,29447,796600244,796600244
-9097,-29972,272655284,272655284
28859,-9587,-276671233,-276671233
19525,-32645,-637393625,-637393625
-14990,-8817,132166830,132166830
13848,-6125,-84819000,-84819000
-4581,-26465,121236165,121236165
1323,16300,21304100,21564900
15742,-6538,-102921196,-102921196
-6997,-17206,120390382,120390382
-18219,25738,-468508814,-468920622
-16399,24907,-408449893,-408449893
11782,28362,334161084,334161084
17632,-6017,-106091744,-106091744
10806,8632,93139280,93277392
-9153,-13162,120471786,120471786
-1441,22438,-32333158,-32333158
-18592,19404,-360759168,-360759168
-21789,-21201,461969790,461948589
-16912,24145,-408340240,-408340240
1230,31946,39804716,39293580
-25518,-15514,395886252,395886252
-27433,-6511,178512087,178616263
-16316,-2142,34948872,34948872
-22610,-15611,352964710,352964710
22338,13792,308085696,308085696
18625,-20739,-386263875,-386263875
18799,30660,576377340,576377340
17918,1668,29887224,29887224
17245,31315,540058490,540027175
10426,-6196,-64599496,-64599496
-20334,-17251,350781834,350781834
16201,11010,178373010,178373010
-16358,31202,-510402316,-510402316
-27549,28463,-784155650,-784127187
24073,-21958,-528594934,-528594934
-3340,3545,-11840300,-11840300
12857,3624,46593768,46593768
-6047,9393,-56799471,-56799471
-21469,7971,-171137370,-171129399
-15639,-28691,448698549,448698549
-1751,6776,-11973192,-11864776
-29901,-5739,171699402,171601839
46,-1135,-34050,-52210
3486,-28804,-100410744,-100410744
28872,32263,932013544,931497336
-10381,-25325,262924150,262898825
-18447,8071,-148885737,-148885737
13190,-4142,-54632980,-54632980
-1143,6387,-7300341,-7300341
11629,8313,96680190,96671877
12156,27079,329172324,329172324
-27689,-29489,816049097,816520921
-1292,-14294,18467848,18467848
-4578,21289,-97461042,-97461042
-13478,-18003,242644434,242644434
-29002,19040,-552198080,-552198080
-13683,28721,-392960722,-392989443
32135,4731,152030685,152030685
-5851,-3615,21151365,21151365
-31546,1988,-62713448,-62713448
-12525,-3895,48788770,48784875
13428,17269,231888132,231888132
-5509,-4112,22653008,22653008
-10739,-23869,256305322,256329191
26148,10106,264251688,264251688
30602,-15758,-482226316,-482226316
11852,-27452,-325361104,-325361104
-7614,-839,6388146,6388146
-4030,-2827,11392810,11392810
-23091,28829,-665200346,-665690439
5780,-15878,-91774840,-91774840
2170,-2168,-4704560,-4704560
-13004,14690,-191263800,-191028760
7284,11599,84487116,84487116
102,21530,2196060,2196060
-21458,28257,-606790818,-606338706
23753,-11394,-270823986,-270641682
16423,-9903,-162636969,-162636969
20069,12717,255217473,255217473
10667,18043,192464681,192464681
509,-22871,-11664210,-11641339
29082,22008,640036656,640036656
24471,12594,308187774,308187774
-7718,23963,-184946434,-184946434
5754,-28724,-165277896,-165277896
2949,32295,95237955,95237955
-28014,15354,-430126956,-430126956
13676,-28025,-383269900,-383269900
-390,28443,-11092770,-11092770
28165,14124,397802460,397802460
18711,11227,210068397,210068397
-31899,-14507,462758793,462758793
7439,9923,73817197,73817197
-176,24446,-4302496,-4302496
-7170,-7734,55452780,55452780
11526,-9320,-107422320,-107422320
-13634,-27538,375453092,375453092
6613,-10912,-72335648,-72161056
-16497,16204,-267317388,-267317388
-28390,-21392,607318880,607318880
27787,-25690,-713848030,-713848030
8118,31579,256358322,256358322
15919,8917,141807051,141949723
4255,7800,33189000,33189000
25430,5923,150621890,150621890
29087,12449,362104063,362104063
-16007,28411,-454774877,-454774877
2771,3992,11121712,11061832
2974,-5905,-17561470,-17561470
27913,-10933,-305172829,-305172829
-22611,139,-3142790,-3142929
-8036,24241,-194800676,-194800676
-14937,-3222,48127014,48127014
29645,18037,535013494,534706865
20866,-17532,-365822712,-365822712
-3754,-4820,18094280,18094280
-3075,5430,-16691820,-16697250
-6876,26691,-183527316,-183527316
6750,31980,215865000,215865000
-25859,-26004,672411432,672437436
-2989,11771,-35195290,-35183519
8703,7096,61756488,61756488
27365,9607,262895555,262895555
17335,18201,315514335,315514335
10442,7182,75109356,74994444
-30523,14974,-457051402,-457051402
-25618,-27794,712026692,712026692
17090,-11694,-199850460,-199850460
-4206,-15622,65706132,65706132
31851,-22402,-713526102,-713526102
4563,-22394,-102519732,-102183822
-327,7355,-2405085,-2405085
-22289,-283,6307787,6307787
23280,18274,425418720,425418720
10280,17880,183520320,183806400
-10426,1900,-19809400,-19809400
-18536,-19240,356632640,356632640
-31942,-2574,82218708,82218708
17355,18886,328068706,327766530
10282,28352,291061632,291515264
30591,-16411,-502028901,-502028901
22094,-28329,-625900926,-625900926
-16039,-27866,446942774,446942774
22437,14083,315980271,315980271
19184,305,5851120,5851120
13806,-1481,-20446686,-20446686
511,1330,679630,679630
-16825,15618,-262772850,-262772850
-28649,23253,-666175197,-666175197
32399,5555,179976445,179976445
25775,32359,834053225,834053225
-15850,25212,-399610200,-399610200
-22303,-21589,481499467,481499467
-27460,-16825,462014500,462014500
19378,-9161,-177521858,-177521858
-16101,-31123,501111423,501111423
-2753,-11277,31045581,31045581
-10808,-10611,114513912,114683688
5275,1440,7596000,7596000
6989,-29888,-208917120,-208887232
-10806,-20262,218626980,218951172
-24593,15829,-389282597,-389282597
8346,-11611,-96905406,-96905406
12252,19676,241070352,241070352
-22842,9438,-215582796,-215582796
21969,-11607,-255179895,-254994183
-11986,9893,-118735786,-118577498
24541,-20844,-511553448,-511532604
-13436,4379,-58836244,-58836244
21834,31017,677225178,677225178
-31940,-7280,232523200,232523200
2129,-28936,-61604744,-61604744
-24026,21869,-525424594,-525424594
428,3406,1457768,1457768
-26501,-7168,189959168,189959168
-29290,-12928,378661120,378661120
-28735,-12423,356974905,356974905
-18080,28421,-513851680,-513851680
29008,3631,105328048,105328048
20012,19485,389622060,389933820
-4894,24723,-120994362,-120994362
-9507,-32721,311045826,311078547
27895,16335,455664825,455664825
-22299,-5976,133258824,133258824
7790,-6008,-46802320,-46802320
-14592,8833,-128891136,-128891136
-5601,22207,-124381407,-124381407
-403,-31182,12535164,12566346
-32025,18752,-600532800,-600532800
-8498,13122,-111300804,-111510756
19928,13987,278732936,278732936
-20426,49,-1001658,-1000874
30735,24393,749718855,749718855
-32631,-28436,927895116,927895116
-3355,-17059,57232945,57232945
7362,15761,116032482,116032482
25322,2877,72851394,72851394
3632,7848,28378368,28503936
14708,-14240,-209441920,-209441920
-23216,5536,-128523776,-128523776
-24541,11785,-289227470,-289215685
-5805,-16977,98568462,98551485
-31443,15595,-490587510,-490353585
-22810,28385,-647461850,-647461850
-28468,-21998,625887096,626239064
27736,18567,514974312,514974312
12710,-2275,-28915250,-28915250
-31558,9657,-304755606,-304755606
-27772,23870,-662917640,-662917640
-1269,-24025,30487725,30487725
-23754,-9745,231638650,231482730
-25598,7419,-189911562,-189911562
2550,10206,26025300,26025300
-2911,-21265,61902415,61902415
13863,-16377,-227034351,-227034351
20760,12383,257071080,257071080
21186,-6547,-138704742,-138704742
-18159,17804,-323302836,-323302836
19534,-28302,-552851268,-552851268
-501,18118,-9077118,-9077118
-12358,31807,-393070906,-393070906
-22068,19893,-438680436,-438998724
18165,10299,187081335,187081335
1673,14453,24179869,24179869
-8566,-13052,111803432,111803432
9693,-23349,-226345206,-226321857
-31946,26081,-833600922,-833183626
-13017,-4839,62989263,62989263
-7755,-20178,156480390,156480390
-29856,10839,-323609184,-323609184
25259,11181,282420879,282420879
-22003,15806,-347763612,-347779418
13823,3388,46832324,46832324
14941,-16791,-250891122,-250874331
17537,22507,394705259,394705259
1285,3226,4145410,4145410
15404,-15906,-244761528,-245016024
-26873,17370,-466784010,-466784010
-29974,-14335,429677290,429677290
15072,15548,234339456,234339456
22818,-21764,-496610952,-496610952
-686,-27036,18546696,18546696
-27918,25444,-710345592,-710345592
-21947,-21602,474099094,474099094
-6546,-21089,138048594,138048594
-12302,-26454,325437108,325437108
-16719,882,-14746158,-14746158
-18469,14480,-267431120,-267431120
18216,-23371,-425352200,-425726136
27828,10256,285403968,285403968
28127,-30172,-848647844,-848647844
-16941,-15350,259814100,260044350
-9420,29372,-277154192,-276684240
13369,10365,138569685,138569685
-316,-9812,3100592,3100592
7893,12507,98917863,98717751
741,-1980,-1467180,-1467180
-30959,31225,-966694775,-966694775
-11378,-12571,143032838,143032838
14921,23349,348390429,348390429
7424,5979,44388096,44388096
-15304,-2515,38489560,38489560
18949,19631,371987819,371987819
29187,9630,281061180,281070810
-29918,-21552,644792736,644792736
20204,-31807,-642628628,-642628628
-14952,11812,-176613024,-176613024
9549,28097,268326350,268298253
-21890,-27042,591949380,591949380
-32273,-99,3195027,3195027
-23591,23471,-553704361,-553704361
-20139,5401,-108770739,-108770739
-8956,-18258,163518648,163518648
-16356,18948,-309913488,-309913488
17223,-21245,-365902635,-365902635
31477,-1149,-36167073,-36167073
-32029,-4029,129048870,129044841
27238,17816,485272208,485272208
1671,1524,2546604,2546604
-8739,427,-3731126,-3731553
-918,8765,-8046270,-8046270
-8400,-13259,111587744,111375600
20469,17449,357163581,357163581
15139,1374,20799612,20800986
-22451,10242,-229932900,-229943142
32522,-14927,-485455894,-485455894
30615,19384,593441160,593441160
-2777,-5709,15853893,15853893
-6583,-6458,42513014,42513014
-21813,3197,-69685009,-69736161
-6801,-1892,12867492,12867492
26854,-29916,-803364264,-803364264
6181,15856,98005936,98005936
-16627,-32223,535739598,535771821
-3534,11529,-40927950,-40743486
-1891,-12944,24464160,24477104
-24812,2145,-53221740,-53221740
8454,1949,16476846,16476846
1621,-14167,-22964707,-22964707
987,-29321,-28939827,-28939827
-10372,11421,-118458612,-118458612
11462,31657,362852534,362852534
32132,-21334,-685504088,-685504088
-5913,-21280,125828640,125828640
8469,-30768,-260574192,-260574192
17103,-16689,-285698991,-285431967
-19339,-18752,362644928,362644928
2446,2987,7306202,7306202
-7826,-2123,16614598,16614598
-15086,-20111,303394546,303394546
4377,-14608,-63939216,-63939216
-15029,-30304,455438816,455438816
28879,24414,705442530,705051906
4937,12706,62729522,62729522
-4304,-16813,72632160,72363152
31446,1439,45273818,45250794
13695,-24867,-340553565,-340553565
-30028,8426,-253015928,-253015928
-20161,31907,-643277027,-643277027
-29428,24781,-729255268,-729255268
-29343,-27194,797953542,797953542
-29392,25055,-736817440,-736416560
-18981,-7494,142243614,142243614
22842,31653,723017826,723017826
-10243,8857,-90713394,-90722251
31668,-12373,-391828164,-391828164
23909,-12320,-294558880,-294558880
16074,13540,217858600,217641960
29408,9995,293932960,293932960
-19920,19301,-384784736,-384475920
1560,8717,13598520,13598520
-23988,27740,-665427120,-665427120
-15776,-32473,512294048,512294048
-26944,-18604,501266176,501266176
5245,-16649,-87340654,-87324005
-8221,1440,-11839680,-11838240
9918,5468,54231624,54231624
-31153,-3573,111309669,111309669
-7106,32268,-229296408,-229296408
22286,-9579,-213477594,-213477594
-599,-17056,10216544,10216544
-8053,-8853,71293209,71293209
-9895,18763,-185659885,-185659885
27603,-11810,-326168580,-325991430
-23517,24054,-565701972,-565677918
1350,21887,29547450,29547450
20404,-1801,-36747604,-36747604
31053,-15058,-467611132,-467596074
-32061,-10856,348065072,348054216
21805,15678,341623620,341858790
-22259,28210,-627898180,-627926390
-7278,-26248,191032944,191032944
-4011,1022,-4099242,-4099242
12261,29479,361442019,361442019
17746,-29582,-524962172,-524962172
1796,10999,19754204,19754204
21218,-14207,-301444126,-301444126
-2684,-9789,26273676,26273676
-31409,12759,-400747431,-400747431
18168,23848,433270464,433270464
2319,1383,3207177,3207177
1904,19969,38020976,38020976
-14397,15461,-222607478,-222592017
447,3214,1436658,1436658
29155,-27129,-790918866,-790945995
-15724,-19593,308080332,308080332
27861,-29160,-812893320,-812426760
-27113,7273,-197192849,-197192849
-5400,25039,-135210600,-135210600
-30462,-7039,214422018,214422018
-10268,2525,-25926700,-25926700
26610,27200,723792000,723792000
-10066,16944,-170558304,-170558304
-17689,-14785,261531865,261531865
25017,-29850,-746757450,-746757450
-12127,-9900,120057300,120057300
-25681,7007,-179946767,-179946767
-18709,14451,-270363759,-270363759
28960,-3097,-89689120,-89689120
14434,17899,258354166,258354166
-28781,-13824,397882368,397868544
-8214,6470,-53144580,-53144580
25044,8615,215891900,215754060
-1721,-28542,49120782,49120782
5327,12715,67936245,67732805
-28144,18141,-510560304,-510560304
-26665,-2440,65023560,65062600
30082,-25893,-778913226,-778913226
-29012,11348,-329228176,-329228176
12626,-23328,-294539328,-294539328
28449,21265,604967985,604967985
3347,17644,59036824,59054468
23978,-23917,-573481826,-573481826
6475,5080,32893000,32893000
18873,5956,112407588,112407588
7887,28077,221892531,221443299
-9154,27848,-254920592,-254920592
-21384,28265,-604418760,-604418760
-31201,8465,-264116465,-264116465
3279,-2614,-8613130,-8571306
29180,28452,830229360,830229360
19150,-26505,-507994830,-507570750
-31193,21157,-659950301,-659950301
13368,-17875,-238953000,-238953000
30485,-30575,-932078875,-932078875
21947,29219,641269393,641269393
-21974,-29401,646527990,646057574
-1947,-24462,47627514,47627514
20028,-26507,-530882196,-530882196
11134,-9050,-100762700,-100762700
20630,-21896,-451714480,-451714480
-18571,-31435,583779385,583779385
23272,-32418,-754431696,-754431696
11233,-19176,-215404008,-215404008
-9244,-27707,256123508,256123508
-12233,18493,-226520757,-226224869
-1032,7815,-8065080,-8065080
-19370,-9466,183356420,183356420
-22806,8447,-192642282,-192642282
-23184,-13680,317157120,317157120
-29513,21054,-621366702,-621366702
11122,12538,139447636,139447636
6030,13618,82116540,82116540
-27511,-5024,138215264,138215264
28731,-214,-6148434,-6148434
-5177,-26927,139401079,139401079
-30247,-20036,606028892,606028892
-100,-29479,2947900,2947900
2347,631,1470861,1480957
22047,-5631,-124146657,-124146657
24426,29286,715339836,715339836
17115,-29742,-509034330,-509034330
-18971,15575,-295473325,-295473325
-12520,3510,-43945200,-43945200
-2229,23640,-52693560,-52693560
-15011,-13478,202304780,202318258
-11527,-29075,335147525,335147525
-20451,-8497,173763650,173772147
-19938,19952,-397802976,-397802976
-8374,10024,-83940976,-83940976
-15341,-10349,158774358,158764009
24004,16831,404011324,404011324
-3911,9597,-37533867,-37533867
-2717,-31253,84945654,84914401
-5828,-2432,14173696,14173696
13703,4172,57168916,57168916
4880,-15151,-73936880,-73936880
26609,-16777,-446419193,-446419193
-24965,-12849,320775285,320775285
-26915,12076,-325013464,-325025540
31118,3003,93447354,93447354
-27893,-17706,493873458,493873458
18906,14825,280281450,280281450
-6724,32135,-216075740,-216075740
32454,-10404,-337651416,-337651416
-9656,21300,-205672800,-205672800
18379,7495,137870525,137750605
32362,-9644,-312099128,-312099128
-29818,2658,-79256244,-79256244
-25150,27826,-699823900,-699823900
-2076,22942,-47627592,-47627592
-15679,10135,-158906665,-158906665
-2230,-31718,70731140,70731140
14982,-7662,-114792084,-114792084
-18421,-13341,245754561,245754561
4294,16773,72023262,72023262
10511,9834,103365174,103365174
4703,-26041,-122470823,-122470823
-4109,21809,-89634990,-89613181
-13661,2940,-40166280,-40163340
31879,-12634,-402759286,-402759286
-30978,28389,-879434442,-879434442
-1794,-11115,19940310,19940310
19972,25318,505651096,505651096
21417,24394,522446298,522446298
-2935,17517,-51412395,-51412395
13448,11184,150402432,150402432
-302,11258,-3219788,-3399916
3240,-18802,-60918480,-60918480
-17023,-2432,41399936,41399936
1152,14910,17176320,17176320
15179,16982,257769778,257769778
2115,-19489,-41199746,-41219235
16915,27627,467283078,467310705
-14735,-8575,126352625,126352625
24963,-30336,-757247232,-757277568
-22405,14389,-322385545,-322385545
-8003,31382,-251118764,-251150146
-9500,-1402,13319000,13319000
-12232,-8888,108718016,108718016
19361,9546,184820106,184820106
-1441,2902,-4181782,-4181782
-23774,28233,-671211342,-671211342
-4845,8195,-39712970,-39704775
20943,22449,470508591,470149407
-3681,-1128,4152168,4152168
32601,6339,206657739,206657739
4669,13483,62965610,62952127
6326,-20019,-126640194,-126640194
8635,10484,90529340,90529340
-13028,-9271,120782588,120782588
-23198,-2337,54213726,54213726
1493,4522,6823698,6751346
-4944,30360,-150099840,-150099840
-5049,-27945,141094305,141094305
514,18114,9310596,9310596
29447,22961,676132567,676132567
-19772,-15717,310756524,310756524
16454,8377,137835158,137835158
-29897,1721,-51480273,-51452737
-14978,26175,-392049150,-392049150
-10890,-4313,46968570,46968570
10673,26126,278842798,278842798
-25403,5898,-149826894,-149826894
22796,7199,164108404,164108404
-20029,-9841,197115230,197105389
595,17586,10446084,10463670
-25698,21852,-561552696,-561552696
-28194,23519,-663094686,-663094686
-22058,25398,-559822716,-560229084
12687,-26623,-337766001,-337766001
-6728,-24554,165199312,165199312
-13684,-1018,13930312,13930312
6672,27237,181725264,181725264
4383,17412,76316796,76316796
-10423,-8805,91774515,91774515
26763,-6099,-163227537,-163227537
26483,-11532,-305390424,-305401956
567,10099,5564549,5726133
-10397,-5776,60058848,60053072
-14079,-1290,18161910,18161910
-3729,30944,-115390176,-115390176
26894,7838,210795172,210795172
16879,-23758,-401011282,-401011282
19962,4834,96496308,96496308
4876,16049,78254924,78254924
-23880,4404,-105167520,-105167520
29957,-5253,-157364121,-157364121
22007,4614,101540298,101540298
12659,979,12392182,12393161
3951,-10520,-41564520,-41564520
-10836,-23903,259012908,259012908
15844,-10072,-159580768,-159580768
-21539,-22851,492164838,492187689
3383,21757,73255819,73603931
-15888,-21679,344435952,344435952
27498,18094,497548812,497548812
-8486,2306,-19568716,-19568716
-293,27303,-7999779,-7999779
-27550,-7917,218113350,218113350
14754,15357,226577178,226577178
12033,2884,34703172,34703172
17750,-2474,-43913500,-43913500
-18706,9380,-175462280,-175462280
3112,-26710,-82694160,-83121520
-1805,-29954,54096924,54066970
15763,-9254,-145861548,-145870802
-31974,22584,-722100816,-722100816
17039,14867,253318813,253318813
-24880,27190,-676052160,-676487200
18064,-2705,-48863120,-48863120
22941,23963,549759146,549735183
14898,1497,22278354,22302306
32505,-30454,-989907270,-989907270
-14366,9630,-138344580,-138344580
-25761,3626,-93409386,-93409386
22120,-10832,-239603840,-239603840
-1472,-14560,21432320,21432320
5784,19463,112573992,112573992
-22063,20152,-444291144,-444613576
-2792,-29410,82112720,82112720
29042,758,22013836,22013836
-25987,19720,-512443920,-512463640
-8026,-183,1468758,1468758
30635,2572,78793220,78793220
16963,7951,134864862,134872813
-19524,581,-11343444,-11343444
-23822,-334,7956548,7956548
14942,12608,188388736,188388736
-12394,-1788,22160472,22160472
-17182,20492,-352093544,-352093544
20901,11291,235993191,235993191
-23561,-8780,206865580,206865580
29994,29296,878235488,878704224
6467,5534,35782844,35788378
18785,26713,501803705,501803705
3543,-3895,-13862305,-13799985
-26458,27586,-729870388,-729870388
10681,11863,126708703,126708703
-4677,-27343,127883211,127883211
-9619,19814,-190571052,-190590866
-27645,-15635,432245210,432229575
19916,-31822,-634276104,-633766952
-25135,-28556,717298164,717755060
27145,-12825,-348134625,-348134625
-12971,23026,-298670246,-298670246
-7373,-5581,41243590,41148713
-18870,15105,-285031350,-285031350
7696,22264,171343744,171343744
-24071,3924,-94454604,-94454604
19379,19244,372910232,372929476
-25940,29601,-767849940,-767849940
21645,-14517,-314234982,-314220465
28448,-15773,-448710304,-448710304
-5782,-31900,184445800,184445800
-21989,7112,-156385768,-156385768
28196,-977,-27547492,-27547492
-26186,22383,-586121238,-586121238
5994,28834,172830996,172830996
17777,4149,73756773,73756773
-13719,-9464,129836616,129836616
32178,-22061,-709878858,-709878858
14530,-2548,-37022440,-37022440
-13636,14189,-193481204,-193481204
-13681,16294,-222918214,-222918214
31935,-25624,-818302440,-818302440
-20514,-3210,65849940,65849940
-25578,27679,-707973462,-707973462
-13190,2936,-38725840,-38725840
-2490,2768,-6892320,-6892320
-10678,17798,-190047044,-190047044
6625,-28323,-187639875,-187639875
12855,7594,97499366,97620870
19673,-9687,-190572351,-190572351
4310,-12617,-54581142,-54379270
-24988,-32062,801165256,801165256
24010,22038,529484988,529132380
-8959,-5736,51388824,51388824
-16872,29001,-489304872,-489304872
-28477,9324,-265528872,-265519548
-22684,-26339,597473876,597473876
1894,5692,10780648,10780648
16721,2558,42772318,42772318
19803,22237,440359311,440359311
30710,-16287,-500173770,-500173770
11865,17401,206462865,206462865
-2642,31176,-82366992,-82366992
13696,-2377,-32555392,-32555392
9762,-20908,-204103896,-204103896
-20797,20138,-418830124,-418809986
15338,-25009,-383588042,-383588042
-22382,-7071,158263122,158263122
7567,17594,133133798,133133798
-5522,6447,-35600334,-35600334
29780,23379,696226620,696226620
1661,897,1490814,1489917
-19301,25079,-484049779,-484049779
17326,-32164,-557273464,-557273464
818,-28422,-22794444,-23249196
-20590,12379,-254883610,-254883610
20082,-6838,-137320716,-137320716
5232,27591,144356112,144356112
17280,6898,119197440,119197440
962,19732,18982184,18982184
19837,-20510,-406877380,-406856870
-15711,-19847,311816217,311816217
-27114,-9093,246547602,246547602
24892,14030,349234760,349234760
3124,-24360,-75710880,-76100640
-21508,14716,-316511728,-316511728
23853,-18613,-443696694,-443975889
10848,-12123,-131510304,-131510304
-4010,-26108,104693080,104693080
12083,-8631,-104141646,-104288373
-3011,-30887,92969870,93000757
-16091,-1389,22350399,22350399
22134,31155,689584770,689584770
-21381,-31975,683657475,683657475
-16317,12160,-198426880,-198414720
-32309,-28116,907949988,908399844
-24075,8512,-204926400,-204926400
-30856,1810,-55849360,-55849360
8293,-29432,-244079576,-244079576
-13574,31037,-421296238,-421296238
11598,28298,328200204,328200204
6790,18521,125757590,125757590
29426,-32756,-963878056,-963878056
316,-29108,-9198128,-9198128
23758,16972,403492328,403220776
-13468,11260,-151649680,-151649680
5832,-4924,-28795552,-28716768
-32293,-19210,620348530,620348530
-28766,32593,-937570238,-937570238
-2750,-29754,81823500,81823500
28435,-20056,-570272304,-570292360
-21228,-14290,303348120,303348120
9554,145,1385330,1385330
-2009,18924,-38018316,-38018316
-9353,-21896,204793288,204793288
-6723,-21923,147366406,147388329
32138,-21983,-706489654,-706489654
15297,18587,284325339,284325339
-18294,-17370,317766780,317766780
-31176,15714,-489899664,-489899664
-1962,23311,-45736182,-45736182
5518,25960,143247280,143247280
27327,-14951,-408565977,-408565977
-3378,24172,-81266264,-81653016
-2386,-3563,8501318,8501318
-5532,-32096,177555072,177555072
20387,-23210,-473159060,-473182270
-29839,-4160,124130240,124130240
-9872,21300,-210273600,-210273600
7523,31861,239658442,239690303
-14971,14856,-222409176,-222409176
-21297,-13230,281547630,281759310
-341,22570,-7696370,-7696370
2104,14351,30194504,30194504
12149,26595,323102655,323102655
-17711,-9400,166333000,166483400
-15016,-6714,100817424,100817424
4303,-28553,-123320407,-122863559
-4696,2800,-13148800,-13148800
5238,-1705,-8930790,-8930790
-28309,-10205,288893345,288893345
-28071,27502,-772008642,-772008642
23615,1586,37453390,37453390
6412,1025,6572300,6572300
-17338,5052,-87591576,-87591576
-3655,-24557,89755835,89755835
-8607,14762,-127056534,-127056534
9935,-8519,-84772569,-84636265
-20595,30053,-618911482,-618941535
-30384,6519,-198073296,-198073296
-10807,-31932,344578212,345089124
-24353,27098,-659917594,-659917594
-15786,-8926,140905836,140905836
-17372,-21237,368929164,368929164
-24927,-15719,391827513,391827513
-7011,-32369,226906690,226939059
22720,11738,266687360,266687360
-5519,17136,-94573584,-94573584
-25656,-9833,252118120,252275448
21608,2185,47213480,47213480
-11293,17909,-202264246,-202246337
29584,-19421,-574550864,-574550864
11124,-22517,-250479108,-250479108
20918,-8026,-167887868,-167887868
-29147,206,-6004282,-6004282
-18110,-6000,108660000,108660000
-21450,3075,-66007950,-65958750
13967,-6293,-87894331,-87894331
-4117,18186,-74871762,-74871762
5725,-18179,-104092954,-104074775
-32674,-5862,191534988,191534988
26217,-1435,-37621395,-37621395
20654,-3119,-64419826,-64419826
-3884,2269,-8776492,-8812796
2491,7324,18244084,18244084
16992,-154,-2616768,-2616768
5740,-6939,-39829860,-39829860
-22747,-17924,407717228,407717228
-23105,-31091,718357555,718357555
10454,-11609,-121546230,-121360486
-24706,-105,2594130,2594130
-26844,-23026,618109944,618109944
-19964,2449,-48891836,-48891836
31338,21702,680097276,680097276
19144,7840,150214400,150088960
8739,-19424,-169726912,-169746336
-27859,-32332,901222168,900737188
-26538,25762,-683671956,-683671956
30796,9942,306173832,306173832
-22400,-15897,356092800,356092800
-22998,-12787,294280018,294075426
-8154,-6881,56107674,56107674
-30176,-2873,86695648,86695648
-30066,-21269,639473754,639473754
20443,-10932,-223482876,-223482876
-19754,-19263,380213094,380521302
-8258,27434,-226549972,-226549972
9953,22429,223235837,223235837
-5872,29464,-173012608,-173012608
29006,-19666,-570431996,-570431996
-10312,26683,-275155096,-275155096
-8198,-24514,200965772,200965772
-10510,-31139,327270890,327270890
31289,-16760,-524403640,-524403640
-11828,-13328,157430336,157643584
4431,27060,119902860,119902860
30657,-3470,-106379790,-106379790
11588,-17740,-205571120,-205571120
12117,30480,369326160,369326160
7608,-28617,-217718136,-217718136
10745,-27365,-294036925,-294036925
-4681,-31119,145668039,145668039
20000,18730,374600000,374600000
26429,-2080,-54974400,-54972320
20435,19832,405564400,405266920
5744,93,534192,534192
-27747,8557,-237422522,-237431079
18489,32024,592091736,592091736
18732,-58,-1085528,-1086456
2879,2511,7229169,7229169
23157,-8099,-187548543,-187548543
10222,229,2340838,2340838
30148,-31739,-956867372,-956867372
11167,-32358,-361341786,-361341786
633,26221,16597893,16597893
24682,25886,638918252,638918252
13283,-15481,-205618642,-205634123
-10541,18603,-195815178,-196094223
-3848,-27278,104965744,104965744
21971,-31116,-684116376,-683649636
-6820,-26291,179304620,179304620
27489,16006,439988934,439988934
32626,18685,609616810,609616810
25876,18536,479637536,479637536
-5394,-6827,36824838,36824838
19948,17320,345499360,345499360
4776,26003,124190328,124190328
-4121,-30447,125472087,125472087
-24052,-30530,734307560,734307560
-9873,14274,-140927202,-140927202
2066,-14143,-29219438,-29219438
21568,10452,225428736,225428736
27897,25297,705710409,705710409
28377,-1059,-30051243,-30051243
-15949,21011,-335125450,-335104439
-2793,2029,-5666997,-5666997
-21167,21222,-449206074,-449206074
28678,27734,795355652,795355652
-25528,-7443,190004904,190004904
12435,1504,18700736,18702240
-17177,15146,-260162842,-260162842
15902,27836,442648072,442648072
-1060,23362,-24763720,-24763720
26521,201,5330721,5330721
270,-1462,-394740,-394740
14153,-8815,-124758695,-124758695
15551,-26327,-409411177,-409411177
-1871,-9079,16986809,16986809
-10186,29175,-297643350,-297176550
-17965,-25109,450706550,451083185
-16171,32600,-526653000,-527174600
17492,30678,536619576,536619576
-23566,32333,-761959478,-761959478
9887,-29971,-296323277,-296323277
-5815,-5517,32081355,32081355
-21863,-20181,441217203,441217203
-16548,541,-8952468,-8952468
-8440,-30933,261074520,261074520
4770,-16562,-79000740,-79000740
-29125,27029,-787219625,-787219625
-28715,-9202,264088198,264235430
16918,29672,501990896,501990896
-24266,-9221,223904322,223756786
19210,-32414,-622672940,-622672940
29226,-3925,-114649250,-114712050
-19679,11827,-232743533,-232743533
-3591,7107,-25521237,-25521237
17327,-10572,-183181044,-183181044
-14313,6469,-92590797,-92590797
-29246,-26136,764373456,764373456
26040,25602,666676080,666676080
-10529,19946,-210011434,-210011434
-4055,14780,-60169380,-59932900
12599,-28528,-358967824,-359424272
23202,-27176,-630537552,-630537552
26078,-15884,-414222952,-414222952
19971,12583,251282510,251295093
282,-2020,-569640,-569640
13380,-30015,-401600700,-401600700
20081,5246,105344926,105344926
15613,-8360,-130533040,-130524680
23419,-20599,-482407981,-482407981
20949,10256,215017040,214852944
-3549,9730,-34541500,-34531770
7981,9541,76003606,76146721
-24483,-27302,668407564,668434866
4335,19777,85733295,85733295
-19722,-9801,193295322,193295322
21700,-8112,-176030400,-176030400
12945,-29702,-384492390,-384492390
-11619,-9932,115389976,115399908
-4760,2398,-11414480,-11414480
15828,-3477,-55089588,-55033956
28655,28669,821510195,821510195
-1840,-21951,40038624,40389840
995,-26383,-26224702,-26251085
13939,15651,218143638,218159289
-19213,8250,-158515500,-158507250
-7628,-23248,177707712,177335744
21380,26165,559407700,559407700
-23234,-24703,573949502,573949502
26552,-31796,-844247392,-844247392
-5024,-22767,114381408,114381408
15433,21540,332426820,332426820
-6598,-2344,15465712,15465712
-7598,30196,-229429208,-229429208
31849,-28685,-913588565,-913588565
9371,16451,154162321,154162321
23067,9832,226794744,226794744
-30073,-10798,324728254,324728254
-4647,15479,-71930913,-71930913
25655,3530,90505670,90562150
25059,3557,89131306,89134863
-16655,-32245,537040475,537040475
-23557,-28082,661527674,661527674
24701,-26953,-665793006,-665766053
23271,-30496,-709672416,-709672416
-8847,24643,-218016621,-218016621
-1131,28554,-32294574,-32294574
30745,-16196,-497946020,-497946020
-22223,32523,-723278997,-722758629
17678,20092,355186376,355186376
21753,-19751,-429643503,-429643503
2572,26636,68507792,68507792
-22460,-13981,314013260,314013260
22831,10842,247360230,247533702
4723,15511,73242942,73258453
30746,28688,882041248,882041248
-17345,18996,-329485620,-329485620
30263,-11206,-338947882,-339127178
-27867,-4404,122726268,122726268
8339,-18450,-153836100,-153854550
17248,-7163,-123547424,-123547424
383,11833,4532039,4532039
13873,-22019,-305117283,-305469587
25984,7423,192879232,192879232
-25628,30041,-769890748,-769890748
22194,6414,142352316,142352316
23635,18150,428957100,428975250
-23764,-32488,772564640,772044832
9809,-8872,-87025448,-87025448
-10617,28875,-306565875,-306565875
26575,-20721,-550992111,-550660575
15377,-15169,-233253713,-233253713
17936,-1189,-21325904,-21325904
-7973,6011,-47925703,-47925703
-19769,-17338,342754922,342754922
-28640,-14539,416396960,416396960
22648,-20663,-467975624,-467975624
-10704,-4703,50416160,50340912
-23570,20722,-488417540,-488417540
367,26728,9809176,9809176
-17365,-9496,165049976,164898040
5763,-11623,-66971726,-66983349
-27240,19792,-539134080,-539134080
-5565,-30529,169924414,169893885
-11042,24575,-271357150,-271357150
907,-22828,-20704996,-20704996
-5327,-28798,153867714,153406946
-20869,1742,-36353798,-36353798
375,6492,2434500,2434500
-1456,18938,-27573728,-27573728
782,-1908,-1492056,-1492056
-20391,-14624,298197984,298197984
-24938,-5442,135712596,135712596
23595,-25882,-610271678,-610685790
16029,26666,427455980,427429314
19121,-23960,-458139160,-458139160
4465,-19558,-87326470,-87326470
-30434,32134,-977966156,-977966156
-767,-15995,12268165,12268165
-8079,-32431,262010049,262010049
-19171,21188,-406173960,-406195148
-7795,-13155,102530070,102543225
-24583,-7988,196369004,196369004
-11379,15147,-172342566,-172357713
-5586,-22285,124840570,124484010
-15522,27486,-426637692,-426637692
-31428,-22614,710712792,710712792
32585,-18885,-615367725,-615367725
5306,-27604,-146466824,-146466824
-28560,14571,-416147760,-416147760
2602,-3428,-8864808,-8919656
18406,-12693,-233627358,-233627358
-27971,-2044,57170680,57172724
-21897,6071,-132936687,-132936687
-26660,-22740,606248400,606248400
-30292,26646,-807160632,-807160632
-15653,-19252,301351556,301351556
28217,-7483,-211147811,-211147811
-31845,-24317,774374865,774374865
-22700,24252,-550520400,-550520400
1413,-22636,-31984668,-31984668
15397,31938,491749386,491749386
13743,-15390,-211504770,-211504770
-44,-26742,748776,1176648
-17798,-20203,359572994,359572994
30291,-14581,-441658490,-441673071
2198,-5510,-12110980,-12110980
-3191,-5167,16487897,16487897
17578,-20105,-353405690,-353405690
31707,-24955,-791248185,-791248185
24212,-1501,-36342212,-36342212
-7995,16718,-133660410,-133660410
122,-30987,-3780414,-3780414
-21616,-6558,141757728,141757728
-26201,-11406,298848606,298848606
10679,29278,312659762,312659762
20583,5994,123374502,123374502
26143,32445,848209635,848209635
5595,20398,114126810,114126810
12213,26121,319015773,319015773
-28153,15028,-423083284,-423083284
3461,17688,61218168,61218168
13819,21804,301309476,301309476
19947,-2059,-41070873,-41070873
10095,-10247,-103443465,-103443465
-529,6335,-3351215,-3351215
22183,-16254,-360562482,-360562482
-6300,1585,-9985500,-9985500
28406,-13355,-379362130,-379362130
-26130,-8957,234046410,234046410
-8766,29342,-257211972,-257211972
23667,30440,720393040,720423480
-13485,-2727,36776322,36773595
15900,29018,461386200,461386200
9291,19906,184946646,184946646
3457,9708,33560556,33560556
-26586,14328,-380924208,-380924208
20492,-19617,-401991564,-401991564
-28532,11602,-331028264,-331028264
22839,-3544,-80884712,-80941416
14553,28235,410903955,410903955
11951,-32080,-383388080,-383388080
32430,-2923,-94792890,-94792890
-25080,-16657,417757560,417757560
3553,32185,114353305,114353305
13830,-15697,-217089510,-217089510
20907,-32188,-672954516,-672954516
16670,27431,457274770,457274770
29795,17148,510907512,510924660
-14268,21023,-299956164,-299956164
25765,-18170,-468150050,-468150050
-25438,-11169,284117022,284117022
-12744,-24180,308149920,308149920
17991,4257,76587687,76587687
7315,30405,222382170,222412575
5484,-8267,-45336228,-45336228
31820,30180,960327600,960327600
4464,-9192,-41033088,-41033088
-10663,-26396,281460548,281460548
1544,26287,40587128,40587128
-8857,-24410,216199370,216199370
-32031,-26138,837226278,837226278
-2760,1368,-3775680,-3775680
-11483,20450,-234827350,-234827350
20297,678,13761366,13761366
537,9224,4953288,4953288
-10845,-26977,292592542,292565565
-8866,30085,-266733610,-266733610
13363,31698,423041508,423580374
-4884,24090,-117655560,-117655560
-10127,11925,-120764475,-120764475
32358,-17442,-564388236,-564388236
-4409,-4878,21507102,21507102
-24354,9776,-238084704,-238084704
24688,-20947,-517139536,-517139536
7573,-110,-833030,-833030
-9653,12889,-124417517,-124417517
-32285,24478,-790296708,-790272230
-14249,-3066,43687434,43687434
6094,9175,56059250,55912450
22861,12643,289044266,289031623
-5005,-6261,31342566,31336305
30491,-7194,-219352254,-219352254
-13618,1147,-15601494,-15619846
-13658,-14623,199720934,199720934
16649,-25220,-419887780,-419887780
-15198,22283,-338657034,-338657034
-25641,-30757,788148125,788640237
-28451,-11681,332324450,332336131
-7425,25002,-185639850,-185639850
6356,13158,83842776,83632248
-6730,-31056,209006880,209006880
2536,13897,35242792,35242792
11974,5445,65198430,65198430
-12530,22451,-281311030,-281311030
2615,-6214,-16150186,-16249610
-27823,-12041,335016743,335016743
-31358,-26475,830203050,830203050
18425,-24467,-450804475,-450804475
27368,-31404,-859464672,-859464672
-27974,-32627,912707698,912707698
17927,-13581,-243466587,-243466587
-7241,-3674,26603434,26603434
26438,17120,452618560,452618560
25277,10696,270373488,270362792
-10960,-30035,329664160,329183600
124,10686,1325064,1325064
23627,-488,-11529976,-11529976
26161,-22109,-578039805,-578393549
-29282,-17724,518994168,518994168
892,9980,8902160,8902160
-20650,-26053,537994450,537994450
-50,-8228,279752,411400
-12592,14986,-188463936,-188703712
17984,-13312,-239403008,-239403008
-17802,-2787,49614174,49614174
-30676,-21410,657115720,656773160
-605,-5855,3548130,3542275
11867,-1760,-20885920,-20885920
-8169,-4585,37454865,37454865
25643,-3706,-94973662,-95032958
29732,-23333,-693736756,-693736756
6522,-29540,-192659880,-192659880
-31732,26323,-835281436,-835281436
-2638,-29876,78812888,78812888
-26413,20601,-543825198,-544134213
26582,27060,719741880,719308920
504,16383,8257032,8257032
-26411,24390,-643774050,-644164290
-14018,-13241,185612338,185612338
30478,26784,816322752,816322752
-18147,21978,-398812788,-398834766
-20651,18326,-378450226,-378450226
25587,-2270,-58080220,-58082490
-21680,29545,-640535600,-640535600
3460,-30048,-103966080,-103966080
-27003,9896,-267221688,-267221688
-14360,-20659,296663240,296663240
24820,25502,632959640,632959640
23176,-16672,-386390272,-386390272
-19058,-8223,156713934,156713934
22315,-10438,-232756962,-232923970
-1428,6376,-9104928,-9104928
1219,-11355,-13830390,-13841745
25103,19745,495658735,495658735
28930,19490,563845700,563845700
-10603,30344,-321737432,-321737432
26968,-23419,-631563592,-631563592
1315,21294,27980316,28001610
30568,-3448,-105398464,-105398464
22383,23466,525239478,525239478
-5987,6039,-36149454,-36155493
-1344,-12555,16873920,16873920
-13854,-22380,310052520,310052520
-9940,-22887,227862972,227496780
-7642,1848,-14122416,-14122416
-23680,-24136,571540480,571540480
-14914,19543,-291464302,-291464302
-16478,14557,-239870246,-239870246
-18380,22465,-413266140,-412906700
23742,-22000,-522324000,-522324000
-13392,-16409,219749328,219749328
26659,-3541,-94395978,-94399519
-14214,-6891,97948674,97948674
-29923,-12841,384228402,384241243
15559,-7842,-122013678,-122013678
13228,-19390,-256490920,-256490920
29260,-28148,-823610480,-823610480
-29335,-6931,203320885,203320885
30925,-27976,-865633392,-865157800
-31879,23965,-763980235,-763980235
6696,16329,109077720,109338984
-15909,-11041,175651269,175651269
-8192,-19561,160243712,160243712
-19464,-13553,263795592,263795592
6818,-13598,-92711164,-92711164
-30789,31599,-972901611,-972901611
-11218,8411,-94489174,-94354598
10267,-8141,-83583647,-83583647
-10576,5235,-55365360,-55365360
16739,-18436,-308581768,-308600204
-19665,-16857,331762617,331492905
16656,31947,532109232,532109232
-20653,-245,5060230,5059985
20134,28103,565825802,565825802
-9537,27964,-266692668,-266692668
23115,-32527,-751861605,-751861605
163,26493,4291866,4318359
3978,30490,121289220,121289220
-20548,2361,-48513828,-48513828
-10238,-13774,141018212,141018212
11834,12175,144078950,144078950
-7306,-18095,132202070,132202070
-29505,29628,-874174140,-874174140
6651,15746,104726646,104726646
-26883,13445,-361428490,-361441935
10412,5054,52622248,52622248
-10729,-29217,313469193,313469193
31933,-18924,-604319016,-604300092
-26035,23445,-610367130,-610390575
16434,25459,417985862,418393206
-4828,14103,-68089284,-68089284
25388,5394,136856568,136942872
-26487,32308,-855741996,-855741996
-29679,-29720,882059880,882059880
11540,20467,236189180,236189180
11377,15411,175330947,175330947
-3327,-32188,107089476,107089476
28154,26753,753203962,753203962
-2310,-19267,44506770,44506770
14420,2866,41327720,41327720
1853,17445,32343030,32325585
15944,-8971,-143033624,-143033624
-21171,19447,-411692990,-411712437
-5649,24102,-136152198,-136152198
14250,-22877,-325997250,-325997250
25445,-14184,-360911880,-360911880
-21311,-3910,83326010,83326010
-25926,6839,-177307914,-177307914
-7776,-31036,241335936,241335936
15242,3197,48728674,48728674
22658,-31499,-713704342,-713704342
-20471,7222,-147841562,-147841562
25814,-14984,-387036720,-386796976
9958,-31102,-309713716,-309713716
4560,-6259,-28641184,-28541040
-30506,18071,-550984790,-551273926
9764,17705,172871620,172871620
-31716,6452,-204631632,-204631632
13048,-1956,-25521888,-25521888
-31242,30274,-945820308,-945820308
-32332,-7896,255293472,255293472
-18646,-24427,455856674,455465842
8115,-26097,-211751058,-211777155
687,-28978,-19907886,-19907886
-10615,32510,-345093650,-345093650
6826,456,3112656,3112656
14042,-21531,-302338302,-302338302
26026,28313,736874138,736874138
-30354,-1639,49750206,49750206
4469,6033,26961477,26961477
-9846,2383,-23463018,-23463018
2626,-2757,-7239882,-7239882
-2755,13404,-36914616,-36928020
-1367,-15420,21079140,21079140
26520,-26768,-709887360,-709887360
20541,224,4601408,4601184
31884,3086,98394024,98394024
14343,-6269,-89916267,-89916267
16750,13430,224952500,224952500
-25126,29822,-749307572,-749307572
32442,26539,860978238,860978238
10426,25197,262703922,262703922
-15033,-16157,242888181,242888181
18504,12014,222307056,222307056
23638,7437,175795806,175795806
10872,5281,57415032,57415032
21449,6818,146348370,146239282
-17802,4319,-76886838,-76886838
29931,5506,164800086,164800086
-24314,-8282,201368548,201368548
19458,9229,179577882,179577882
20038,-1616,-32381408,-32381408
10286,10295,105729650,105894370
-5606,-25040,140374240,140374240
4286,-17207,-73749202,-73749202
25636,-14042,-359980712,-359980712
-10619,16009,-169999571,-169999571
26527,13514,358485878,358485878
330,-15227,-5024910,-5024910
24307,24579,597417174,597441753
-8459,12337,-104358683,-104358683
30296,-31395,-951142920,-951142920
32133,7577,243471741,243471741
-26011,-25217,655919387,655919387
-23445,-6826,160035570,160035570
30945,27027,836350515,836350515
-7323,-23673,173357379,173357379
31660,25499,807298340,807298340
-32150,13436,-431967400,-431967400
-13033,-15325,199730725,199730725
-27702,14168,-392255248,-392481936
23692,-29093,-689271356,-689271356
-8944,1105,-9883120,-9883120
-10797,30965,-333864630,-334329105
-4418,-17446,77076428,77076428
-23856,476,-11347840,-11355456
4744,13660,64803040,64803040
-3819,25129,-95967651,-95967651
21775,4034,87840350,87840350
-21988,-25779,566828652,566828652
-31791,-23666,751987150,752365806
32387,26110,845598460,845624570
10056,4521,45463176,45463176
-10720,15041,-161239520,-161239520
-28951,12720,-368256720,-368256720
-8629,23965,-206793985,-206793985
-15347,-24084,369593064,369617148
-31445,-15380,483870180,483624100
-27557,-17229,474779553,474779553
29290,10939,320403310,320403310
-29225,-24471,714773439,715164975
5918,4534,26832212,26832212
-2523,10459,-26388057,-26388057
-26038,-20449,532451062,532451062
-8688,-4062,35290656,35290656
-5441,1715,-9331315,-9331315
4615,21204,97856460,97856460
-19254,-12528,241013664,241214112
7561,28342,214293862,214293862
25453,-31621,-804880934,-804849313
19246,7325,140859750,140976950
8860,25493,225867980,225867980
-22948,-1082,24829736,24829736
-8911,26592,-237386784,-236961312
-707,25686,-18134316,-18160002
17166,20384,349911744,349911744
-9953,30258,-301157874,-301157874
-17613,-28155,496372650,495894015
-30535,3317,-101284595,-101284595
29991,28948,868179468,868179468
6536,-15563,-101719768,-101719768
23179,-7084,-164200036,-164200036
21202,-3379,-71695622,-71641558
6957,-22358,-155209236,-155544606
-15776,-17048,268949248,268949248
8054,15706,126496124,126496124
-19309,-2044,39469640,39467596
-27512,-9286,255476432,255476432
14051,17824,250427200,250445024
26343,31861,839314323,839314323
4968,-804,-3994272,-3994272
16388,-7964,-130514032,-130514032
-10375,15787,-163790125,-163790125
-29059,-32139,933895062,933927201
-13046,-7705,100519430,100519430
32374,-24685,-799152190,-799152190
976,-31503,-31250976,-30746928
-813,12555,-10018890,-10207215
16589,-32235,-535294410,-534746415
-20036,-2971,59526956,59526956
5723,-1293,-7399839,-7399839
2611,25893,67166442,67606623
-12216,-15201,185695416,185695416
13858,-16268,-225441944,-225441944
31016,32682,1013142000,1013664912
8108,34,275672,275672
-9375,-31525,295546875,295546875
28198,-6789,-191436222,-191436222
-31713,-3133,99356829,99356829
-27518,-6677,183737686,183737686
-15946,-23064,367778544,367778544
-18281,16095,-294232695,-294232695
-25959,14019,-363919221,-363919221
-13309,-4119,54823890,54819771
-7827,575,-4499950,-4500525
31005,-20589,-638382534,-638361945
7265,10498,76267970,76267970
10680,-291,-3107880,-3107880
-25255,-32480,820282400,820282400
2329,5857,13640953,13640953
27143,-22132,-600728876,-600728876
2041,-2156,-4400396,-4400396
21129,-541,-11430789,-11430789
-13081,22035,-288239835,-288239835
-7517,-26144,196550592,196524448
-14111,-19325,272695075,272695075
25907,22821,590835690,591223647
9604,19700,189198800,189198800
-6933,-9842,68234586,68234586
-12896,6713,-86570848,-86570848
12540,29656,371886240,371886240
28305,-9411,-266378355,-266378355
-11345,18359,-208282855,-208282855
29742,1722,51188172,51215724
5797,11314,65587258,65587258
2737,-8486,-23226182,-23226182
2997,-15767,-47253699,-47253699
8030,23475,188504250,188504250
31512,25725,810646200,810646200
23123,14608,337766176,337780784
-4366,12259,-53522794,-53522794
11600,-2158,-25032800,-25032800
-18482,-572,10562552,10571704
-16689,-13179,219733467,219944331
-8408,27570,-232249680,-231808560
-954,-18562,17708148,17708148
11934,-11677,-139353318,-139353318
-27155,29733,-807369882,-807399615
14814,21933,324915462,324915462
-3624,-32723,118588152,118588152
17128,-14218,-243525904,-243525904
15816,5358,84827856,84742128
23998,-13096,-314277808,-314277808
26242,12700,333273400,333273400
20509,-17368,-356217680,-356200312
6924,-29551,-204611124,-204611124
-21171,-19422,411163740,411183162
-15972,-22620,361286640,361286640
-17491,-28189,493025610,493053799
-30304,-17666,535350464,535350464
-30969,-5375,166458375,166458375
23978,-14990,-359430220,-359430220
-8624,8796,-75856704,-75856704
-5213,-32571,169825194,169792623
19676,20983,412861508,412861508
-25328,27103,-686464784,-686464784
7858,21638,170031404,170031404
-24365,-17307,421425450,421685055
24328,-14613,-355505064,-355505064
-8409,29863,-251117967,-251117967
-9856,1373,-13532288,-13532288
2127,20076,42701652,42701652
6735,11115,74859525,74859525
-31316,-14723,461065468,461065468
28365,5529,156924078,156830085
-32072,6273,-201187656,-201187656
-7782,23754,-184853628,-184853628
-4458,16391,-73071078,-73071078
16100,25400,408940000,408940000
28855,-1203,-34712565,-34712565
4847,15905,77091535,77091535
30792,-15440,-475428480,-475428480
-22418,-12044,270002392,270002392
13279,-11459,-152164061,-152164061
4046,-20437,-83015094,-82688102
-30683,10849,-332879867,-332879867
4096,15755,64532480,64532480
10221,-32212,-329271064,-329238852
14059,-28410,-399416190,-399416190
31103,22811,709490533,709490533
-12027,-30478,366558906,366558906
-21391,-5652,120901932,120901932
-5303,-16430,87128290,87128290
-20751,12136,-251834136,-251834136
19463,-27805,-541168715,-541168715
9930,-6745,-67085770,-66977850
-30538,7213,-220270594,-220270594
-31221,-30025,937410525,937410525
-7075,15434,-109180116,-109195550
-2927,23086,-67572722,-67572722
29094,-29799,-866972106,-866972106
24939,20114,501623046,501623046
-2250,25882,-58648612,-58234500
29779,9497,282801666,282811163
1131,-6478,-7326618,-7326618
-24790,22961,-569570566,-569203190
-7167,-4619,33104373,33104373
2236,9936,22216896,22216896
-23595,4180,-98560220,-98627100
-24652,-29704,732263008,732263008
3132,-19905,-62342460,-62342460
3604,16757,60392228,60392228
-21208,-5482,116349968,116262256
-15622,-15033,234845526,234845526
-12135,-26357,319842195,319842195
-6617,20648,-136627816,-136627816
-31876,21933,-699136308,-699136308
26625,-7369,-196199625,-196199625
-28783,32107,-924135781,-924135781
-3453,14382,-49675428,-49661046
-32142,11429,-367350918,-367350918
-3365,-13396,45077540,45077540
-22199,16545,-367282455,-367282455
-27871,-10375,289161625,289161625
3158,20998,66311684,66311684
-16650,22608,-376423200,-376423200
31966,-15831,-506053746,-506053746
9570,2576,24652320,24652320
-31853,-22448,715058592,715036144
12240,27879,341685024,341238960
27923,-6738,-188138436,-188145174
2421,-18734,-45355014,-45355014
17300,3673,63542900,63542900
-24567,-6009,147623103,147623103
-10664,-31532,336257248,336257248
-24550,-17885,439076750,439076750
-20741,25487,-528625867,-528625867
30426,-21584,-656714784,-656714784
6712,-32022,-214931664,-214931664
19651,-2836,-55727400,-55730236
10045,-31722,-318679212,-318647490
4066,-27325,-111103450,-111103450
-25566,-15754,402766764,402766764
27165,18057,490536462,490518405
2463,22212,54708156,54708156
-13474,-31657,426546418,426546418
-18538,7848,-145486224,-145486224
23785,-28788,-684722580,-684722580
-19059,-18171,346302918,346321089
2234,23792,53151328,53151328
-12884,31911,-411141324,-411141324
-32440,-20637,669464280,669464280
-29607,-30570,905085990,905085990
11139,-614,-6838732,-6839346
15878,-18753,-297760134,-297760134
13915,-31517,-438559055,-438559055
-4524,-22745,102898380,102898380
-28484,17372,-494824048,-494824048
27412,-19599,-537247788,-537247788
-8125,-3670,29822420,29818750
15689,-2602,-40822778,-40822778
-26992,3984,-107536128,-107536128
-19518,19042,-371661756,-371661756
-8568,-11155,95576040,95576040
-10662,21139,-225384018,-225384018
-23964,17177,-411629628,-411629628
29828,25899,772515372,772515372
-28964,4117,-119244788,-119244788
6966,-24742,-171956900,-172352772
3917,-17281,-67706958,-67689677
5055,-9723,-49149765,-49149765
20537,-31791,-652891767,-652891767
26810,-18089,-484966090,-484966090
16608,24413,405451104,405451104
-5226,-28067,146678142,146678142
-31124,3573,-111206052,-111206052
8937,-31775,-283973175,-283973175
-27545,1986,-54704370,-54704370
24338,26429,643229002,643229002
-28176,-29244,823978944,823978944
-22969,-9381,215472189,215472189
27248,-26655,-726295440,-726295440
-13136,15775,-207220400,-207220400
-13258,-7658,101652292,101529764
22164,-23567,-522338988,-522338988
9415,-4438,-41783770,-41783770
-27574,-4452,122759448,122759448
-25529,-3357,85700853,85700853
-27928,-17861,498822008,498822008
8388,-5311,-44548668,-44548668
6757,25463,172053491,172053491
24518,-26718,-655071924,-655071924
-18131,440,-7984240,-7977640
-15875,29015,-460584110,-460613125
-18217,29588,-538531188,-539004596
29268,-19815,-579945420,-579945420
10491,21806,228766746,228766746
25438,23645,601481510,601481510
-11561,572,-6603740,-6612892
15187,9980,151556280,151566260
17872,-26389,-472046432,-471624208
26775,-28768,-770263200,-770263200
-14236,-3497,49783292,49783292
5638,-11781,-66421278,-66421278
27312,-21280,-581199360,-581199360
12786,-5831,-74555166,-74555166
-1772,8692,-15402224,-15402224
25626,-27997,-717451122,-717451122
-740,28326,-20961240,-20961240
7301,18925,138171425,138171425
-15301,28600,-437608600,-437608600
-31612,19115,-604263380,-604263380
23408,-16554,-387496032,-387496032
-30011,-28195,846160145,846160145
-30087,-17869,537624603,537624603
-10043,-10221,102649503,102649503
-7526,32589,-245264814,-245264814
-8838,-25059,221471442,221471442
-21341,-6393,136439406,136433013
-16241,8117,-131828197,-131828197
-2759,-28725,79252275,79252275
28943,21809,631217887,631217887
-30705,-11778,361643490,361643490
-25658,-862,22117196,22117196
-3563,-13203,47042289,47042289
-22199,-28065,623014935,623014935
-32704,23540,-769852160,-769852160
-14109,20594,-290581340,-290560746
15869,6291,99838170,99831879
-7337,13798,-101235926,-101235926
-3090,25513,-78835170,-78835170
-22088,-926,20453488,20453488
12031,21656,260543336,260543336
-32697,8214,-268573158,-268573158
16244,-13712,-222737728,-222737728
-25964,-8347,216721508,216721508
12036,24824,298781664,298781664
-7721,13131,-101174355,-101384451
-14182,28857,-409249974,-409249974
449,-10496,-4712704,-4712704
-26162,6985,-182629810,-182741570
26026,19131,497903406,497903406
-5185,13961,-72387785,-72387785
15215,-14051,-213785965,-213785965
-13235,25373,-335786282,-335811655
27867,18999,529445133,529445133
2149,-1087,-2335963,-2335963
-22544,-29018,654181792,654181792
11616,6850,79569600,79569600
21996,4280,94142880,94142880
-31971,-25008,799505760,799530768
-23459,3349,-78560842,-78564191
6635,9181,60915935,60915935
-31969,32737,-1046569153,-1046569153
-18736,67,-1254240,-1255312
-26725,8919,-238360275,-238360275
-5034,23021,-115887714,-115887714
20772,29260,607788720,607788720
1898,946,1795508,1795508
-8771,-20845,182810650,182831495
3942,-25433,-100256886,-100256886
9265,-12602,-116555898,-116757530
-11801,-32111,378941911,378941911
-10810,-27820,300734200,300734200
-9608,-12230,117505840,117505840
23407,29287,685520809,685520809
30652,25182,771878664,771878664
-8245,-21110,173714190,174051950
-20195,-10906,220235764,220246670
21202,15750,334183500,333931500
22437,-32338,-725567706,-725567706
24443,-8969,-219229267,-219229267
-3564,-30845,109931580,109931580
28489,3472,98913808,98913808
-11318,-16480,186256960,186520640
-20741,1397,-28975177,-28975177
420,-14759,-6198780,-6198780
3410,-14910,-50843100,-50843100
18770,-1238,-23237260,-23237260
12847,1177,15102087,15120919
14683,30695,450694685,450694685
-28689,17087,-490208943,-490208943
6983,5703,39824049,39824049
19033,-17858,-339891314,-339891314
-1244,30713,-38206972,-38206972
21493,26883,577796319,577796319
-22811,-3834,87457374,87457374
21536,2539,54679904,54679904
-22074,-23122,510395028,510395028
-17471,5185,-90587135,-90587135
19779,27261,539168058,539195319
-19987,-13031,260437566,260450597
-24388,-7980,194616240,194616240
9550,10642,101631100,101631100
28767,25491,733299597,733299597
-16203,-6564,106356492,106356492
17778,3368,59876304,59876304
-3423,-31595,108149685,108149685
28043,-17487,-490387941,-490387941
-6889,15206,-104754134,-104754134
-2592,2418,-6267456,-6267456
-32092,1373,-44062316,-44062316
-23245,20816,-484221792,-483867920
31456,-23564,-741229184,-741229184
3715,-19830,-73648620,-73668450
13905,-28850,-401159250,-401159250
30732,1644,50523408,50523408
-7439,912,-6784368,-6784368
-3142,-5583,17541786,17541786
27725,-300,-8317800,-8317500
18333,-17715,-324786810,-324769095
-32388,14905,-482743140,-482743140
640,-27693,-17723520,-17723520
-31019,13812,-428213436,-428434428
28718,20026,574786252,575106668
-20818,10733,-223439594,-223439594
-25463,-30425,774711775,774711775
-7661,5068,-38831016,-38825948
21515,-24441,-525848115,-525848115
-11859,-20725,245757050,245777775
9145,-20823,-190426335,-190426335
-7470,30433,-226847582,-227334510
21560,-27771,-598742760,-598742760
18428,-21601,-398063228,-398063228
-2813,-7168,20170752,20163584
-6769,16990,-115005310,-115005310
-12683,719,-9119077,-9119077
28479,-634,-18055686,-18055686
28833,2105,60693465,60693465
19439,21539,418696621,418696621
9389,-11400,-107046000,-107034600
-22176,-30859,684329184,684329184
-2127,-1053,2239731,2239731
29838,-28732,-857305416,-857305416
-19007,-7776,147798432,147798432
22283,10465,233191595,233191595
-5840,-25321,148279776,147874640
-16587,-12198,202523394,202328226
-8272,4060,-33584320,-33584320
-10086,-16185,163241910,163241910
-23468,-12468,292599024,292599024
-28819,-1730,49855140,49856870
1828,14985,27392580,27392580
-29358,12624,-370615392,-370615392
-29626,28447,-842770822,-842770822
16239,-6244,-101396316,-101396316
-31137,18170,-565759290,-565759290
-11515,22107,-254562105,-254562105
320,24045,7694400,7694400
13690,31983,437847270,437847270
-15488,4230,-65514240,-65514240
3100,4833,14982300,14982300
24327,31573,768076371,768076371
-12922,-26543,342988646,342988646
6710,31610,211597340,212103100
-25613,18752,-480313728,-480294976
1730,-22380,-38717400,-38717400
26454,7356,194595624,194595624
-4924,25571,-125911604,-125911604
-9314,-11682,108806148,108806148
23099,-14907,-344336793,-344336793
25833,-6635,-171401955,-171401955
-26000,-21948,570648000,570648000
12047,-27214,-327847058,-327847058
-18312,-20734,379681008,379681008
9555,-9938,-94947652,-94957590
-31923,12317,-393183274,-393195591
-2923,28203,-82437369,-82437369
-31821,18784,-597744448,-597725664
2535,-11625,-29469375,-29469375
1892,-10656,-20161152,-20161152
-29503,16376,-483141128,-483141128
6328,29649,187618872,187618872
28627,-20395,-584153590,-583847665
-31420,31678,-995322760,-995322760
22696,-6357,-144278472,-144278472
-9822,3041,-29868702,-29868702
-18418,22650,-417167700,-417167700
24552,-299,-7341048,-7341048
-18296,17733,-324442968,-324442968
9199,-4011,-36897189,-36897189
17836,-22882,-408123352,-408123352
-3582,16449,-58920318,-58920318
2759,14746,40684214,40684214
22531,1962,44203860,44205822
29841,31284,933545844,933545844
-23892,8842,-211253064,-211253064
-20645,-23401,483113645,483113645
-9731,11381,-110737130,-110748511
-22908,-18496,423706368,423706368
-12948,-31759,411215532,411215532
1931,27119,52366789,52366789
1526,16803,25641378,25641378
15522,14575,226233150,226233150
-11870,16419,-194893530,-194893530
29199,25496,744457704,744457704
15768,8852,139578336,139578336
-27341,-7280,199166240,199042480
4948,16839,83319372,83319372
20888,30141,629585208,629585208
-8417,-19170,161353890,161353890
4567,-27800,-127407400,-126962600
-4777,24040,-114839080,-114839080
942,32125,30261750,30261750
19372,-10391,-201294452,-201294452
3617,10987,39739979,39739979
-15653,31564,-494071292,-494071292
-6150,23701,-145761150,-145761150
-7415,26546,-196838590,-196838590
-3963,-29999,118886037,118886037
-2986,30108,-89902488,-89902488
24031,-3097,-74424007,-74424007
1211,17892,21667212,21667212
6058,-28529,-172828682,-172828682
-7730,12409,-95723026,-95921570
-14713,7904,-116291552,-116291552
4740,21279,100862460,100862460
-9181,7597,-69755654,-69748057
-6009,-30619,183989571,183989571
-31424,-15423,484652352,484652352
27707,28941,801868287,801868287
-22405,4605,-103175025,-103175025
27145,25495,692061775,692061775
-3009,-16700,50250300,50250300
28934,32044,927161096,927161096
-10837,19124,-207246788,-207246788
-14192,-26458,375491936,375491936
30665,-4060,-124564860,-124499900
32760,22498,737034480,737034480
-14352,-21412,307305024,307305024
24788,4380,108641520,108571440
28076,15107,424144132,424144132
-2038,-7801,15898438,15898438
-9224,5554,-51230096,-51230096
-27339,-23069,631052495,630683391
14124,31538,444938104,445442712
15733,-1733,-27265289,-27265289
28793,25941,746919213,746919213
-15802,15249,-240964698,-240964698
13119,-28199,-369942681,-369942681
-21391,-32344,691870504,691870504
-5596,31845,-178204620,-178204620
19127,-21346,-408284942,-408284942
-15563,24827,-386779833,-386382601
-22199,22947,-509400453,-509400453
-22537,14835,-334336395,-334336395
-28510,-7828,223176280,223176280
17846,-14881,-265566326,-265566326
-28705,24235,-695665675,-695665675
2030,32607,66192210,66192210
-4556,-20421,93364812,93038076
6185,-24488,-151066472,-151458280
-16767,29506,-494727102,-494727102
26652,11144,297009888,297009888
-13895,244,-3390380,-3390380
-24459,-11030,269782770,269782770
-26078,30517,-795822326,-795822326
11797,7399,87286003,87286003
32520,-20261,-658887720,-658887720
15653,16336,255707408,255707408
-32258,19380,-625160040,-625160040
-18741,13959,-261382275,-261605619
28235,-25059,-707540865,-707540865
19436,-16153,-313949708,-313949708
-11637,-12972,150955164,150955164
25274,22486,568311164,568311164
-1492,-21184,31945472,31606528
10883,14451,157255782,157270233
-3623,-8723,31603429,31603429
-28549,24422,-697223678,-697223678
-32413,-18322,593889308,593870986
16371,-31037,-508075690,-508106727
14671,23643,346866453,346866453
-23618,11385,-268890930,-268890930
25496,-23382,-596147472,-596147472
-6605,-29506,195388732,194887130
2751,11290,31058790,31058790
-2414,-23680,57163520,57163520
-70,20187,-1413090,-1413090
-32723,11076,-362606088,-362439948
-14102,10950,-154416900,-154416900
-4316,-24209,104486044,104486044
-18527,-26437,489798299,489798299
28192,16249,458091808,458091808
-11436,14204,-162436944,-162436944
-5688,1012,-5740064,-5756256
-5862,25000,-146550000,-146550000
3685,-21525,-79319625,-79319625
-31360,12824,-402160640,-402160640
18290,-20851,-381364790,-381364790
-2985,-30382,90690270,90690270
-16241,19608,-318453528,-318453528
17806,-431,-7674386,-7674386
26247,-32638,-856649586,-856649586
16309,-4534,-73945006,-73945006
-6416,1494,-9585504,-9585504
28213,30908,871512876,872007404
-22001,22970,-505362970,-505362970
8426,29807,251153782,251153782
-8067,-18918,152592588,152611506
25117,-32343,-812391474,-812359131
29514,6257,184669098,184669098
-114,-1726,196764,196764
3342,15518,51861156,51861156
-32104,-1565,50242760,50242760
7075,-24623,-174183102,-174207725
14600,23569,344107400,344107400
-13822,31466,-434923052,-434923052
12227,-16050,-196227300,-196243350
2303,-12952,-29828456,-29828456
11734,32261,379066750,378550574
32069,20792,666778648,666778648
-15366,-18584,285561744,285561744
-27018,-32385,874977930,874977930
15418,16405,252932290,252932290
-32081,-25154,806965474,806965474
-23367,-17501,408945867,408945867
11106,-25517,-283391802,-283391802
-14776,-32556,481047456,481047456
15305,16595,254251995,253986475
12499,-20565,-257350410,-257041935
8404,40,336800,336160
11594,8219,95291086,95291086
1518,7160,10868880,10868880
-14833,29568,-438582144,-438582144
-9883,-30141,297883503,297883503
-13168,-352,4635136,4635136
17619,3003,52954902,52909857
-14304,-6795,97195680,97195680
-19094,6848,-130755712,-130755712
2460,-672,-1653120,-1653120
21860,-3452,-75460720,-75460720
-26874,-7148,192095352,192095352
4999,-27830,-139122170,-139122170
16295,-1811,-29510245,-29510245
-26359,-19913,524886767,524886767
-28989,21975,-637055250,-637033275
21925,-12112,-265555600,-265555600
-12141,-11104,134824768,134813664
29004,10428,302453712,302453712
4218,5321,22443978,22443978
-10179,-18594,189249732,189268326
7473,28585,213158345,213615705
15321,14184,217313064,217313064
32485,519,16859715,16859715
21,8884,186564,186564
-32017,-22023,705110391,705110391
22240,-17597,-391357280,-391357280
13880,-226,-3136880,-3136880
10827,-2245,-24306615,-24306615
26338,24853,654578314,654578314
10202,-27602,-281595604,-281595604
-25773,-5306,136756844,136751538
-18229,5052,-92012076,-92092908
8751,30917,270059995,270554667
2734,-22294,-60951796,-60951796
2661,-22904,-60947544,-60947544
2341,21308,49882028,49882028
7131,-12383,-88303173,-88303173
24878,-12287,-305479394,-305675986
-6944,4281,-29727264,-29727264
32186,-25140,-809156040,-809156040
-20497,17793,-364703121,-364703121
-30464,-3700,112716800,112716800
-30501,2136,-65150136,-65150136
29524,-13244,-391015856,-391015856
15369,-17971,-276196299,-276196299
-6177,-5673,35042121,35042121
22981,29007,666609867,666609867
19734,-15654,-308916036,-308916036
10054,3496,35148784,35148784
-11205,-26898,301392090,301392090
-19831,10130,-200888030,-200888030
26832,24727,663870496,663474864
-13430,7686,-103222980,-103222980
-18879,-8960,169155840,169155840
-1792,3485,-6245120,-6245120
10675,-31312,-334224288,-334255600
-30164,-11883,358628940,358438812
-4805,-26204,125910220,125910220
-29996,724,-21705520,-21717104
-5277,4285,-22616230,-22611945
-15355,140,-2149700,-2149700
-10925,-22009,240470334,240448325
-14412,-6208,89469696,89469696
4458,-7475,-33323550,-33323550
-9516,-28576,271472000,271929216
-12362,-2580,31893960,31893960
3318,-26574,-88172532,-88172532
-1270,-9119,11581130,11581130
10769,24396,262720524,262720524
15642,22421,350709282,350709282
-16757,-1218,20410026,20410026
1394,-8382,-11684508,-11684508
5393,19908,107363844,107363844
32413,-20851,-675864314,-675843463
15200,-4838,-73537600,-73537600
-27567,-14540,400824180,400824180
-876,14787,-12953412,-12953412
-3319,-8372,27786668,27786668
-7405,19682,-145764892,-145745210
1223,30098,36809854,36809854
15792,1529,24145968,24145968
-1928,-14915,28756120,28756120
5910,-1489,-8799990,-8799990
-17736,-13370,237130320,237130320
14365,-28963,-416082458,-416053495
-3496,16554,-57872784,-57872784
13600,-10081,-137101600,-137101600
4738,-22888,-108443344,-108443344
20959,-18023,-377744057,-377744057
16843,14333,241640047,241410719
-25325,-14547,368417322,368402775
27918,-5522,-154163196,-154163196
-7602,24792,-188468784,-188468784
16492,-32278,-532328776,-532328776
-20435,-23694,484542300,484186890
10818,29790,322268220,322268220
20615,27003,556666845,556666845
21874,759,16602366,16602366
-12376,19653,-243225528,-243225528
-21547,9766,-210271746,-210428002
-1742,-20705,36399390,36068110
-9423,-25375,239514625,239108625
22711,-22724,-516084764,-516084764
20100,-7932,-159433200,-159433200
15791,5270,83218570,83218570
13058,11363,148378054,148378054
-20517,-28540,585555180,585555180
30113,32619,982255947,982255947
31395,30765,965836410,965867175
-16513,-27169,448641697,448641697
12195,-5977,-72883538,-72889515
32521,-6243,-203028603,-203028603
5598,-16926,-94751748,-94751748
-8404,-19740,166210800,165894960
14534,-29015,-421704010,-421704010
-13450,-2786,37471700,37471700
27050,-16531,-447163550,-447163550
-3722,26258,-97732276,-97732276
12188,25862,315206056,315206056
-17613,-30450,536833500,536315850
-9867,24629,-243014343,-243014343
21528,-27928,-601233984,-601233984
28411,18960,538672560,538672560
-21205,-31391,666148411,665646155
-15397,-32487,500202339,500202339
27871,5858,163268318,163268318
23153,7729,178949537,178949537
612,-14605,-8938260,-8938260
-31213,-475,14826650,14826175
-26167,-11896,311092296,311282632
21472,-16375,-351604000,-351604000
7112,12414,88486992,88288368
-30535,-16869,515094915,515094915
14221,-23600,-335639200,-335615600
-19336,4713,-91130568,-91130568
22112,-24457,-540793184,-540793184
9208,-25624,-235945792,-235945792
-22406,27498,-616120188,-616120188
-7919,-3013,23859947,23859947
5605,-1601,-8973605,-8973605
-18155,31212,-566653860,-566653860
19901,2654,52819908,52817254
14826,17463,258906438,258906438
-18513,6460,-119593980,-119593980
-21667,13106,-283954596,-283967702
-31999,24990,-799655010,-799655010
7103,-7544,-53585032,-53585032
-25587,-8622,220602492,220611114
22124,-20875,-461838500,-461838500
-21387,19556,-418244172,-418244172
-6072,-20407,123911304,123911304
9207,10807,99500049,99500049
8155,-14568,-118802040,-118802040
11053,-20351,-224634338,-224939603
530,-28955,-15346150,-15346150
-20706,-8662,179355372,179355372
24649,25070,617950430,617950430
23525,28026,659311650,659311650
-14408,23383,-336902264,-336902264
-26015,-10098,262699470,262699470
32712,22510,736707280,736347120
-25562,24218,-619060516,-619060516
-27516,-2748,75613968,75613968
19619,-1316,-25817288,-25818604
-10330,-28993,299497690,299497690
21446,27088,580929248,580929248
-12699,16383,-208047717,-208047717
8697,8830,76794510,76794510
-13416,-7384,99063744,99063744
-9010,27004,-242873976,-243306040
-11447,5992,-68590424,-68590424
30526,12930,394701180,394701180
-18360,14687,-269653320,-269653320
-26181,16147,-422744607,-422744607
990,24232,23989680,23989680
-20471,2613,-53490723,-53490723
315,27449,8646435,8646435
-6111,-12634,77206374,77206374
-16473,-2351,38728023,38728023
11518,-31081,-357990958,-357990958
1570,24117,37863690,37863690
11183,-3252,-36367116,-36367116
25723,-17057,-438757211,-438757211
19584,-29515,-578021760,-578021760
9600,-4238,-40684800,-40684800
-16493,-29085,479727990,479698905
21852,-28524,-623306448,-623306448
28614,-1828,-52306392,-52306392
-16713,-137,2289681,2289681
1593,-31810,-50673330,-50673330
-3913,21946,-85874698,-85874698
-2995,-21836,65376984,65398820
13683,28646,391934572,391963218
25459,-21336,-543171888,-543193224
-26631,-5826,155152206,155152206
15786,-31691,-500274126,-500274126
-7051,7435,-52424185,-52424185
12535,-4150,-52020250,-52020250
-22382,10932,-244680024,-244680024
-22081,25980,-573664380,-573664380
12733,-5305,-67553870,-67548565
-11960,10230,-122350800,-122350800
-31161,-1357,42285477,42285477
-26802,11656,-312404112,-312404112
30232,-18842,-569631344,-569631344
-23309,13770,-320978700,-320964930
-28940,14995,-433955300,-433955300
26858,-17463,-469021254,-469021254
6149,25286,155483614,155483614
3125,-1479,-4598211,-4621875
8611,-13810,-118904100,-118917910
31818,-3936,-125235648,-125235648
29705,-13204,-392224820,-392224820
26366,23028,607156248,607156248
-24823,-30527,757771721,757771721
13312,-20820,-277155840,-277155840
-5039,-10254,51669906,51669906
5459,11691,63809478,63821169
26976,21892,590558592,590558592
-4218,-12021,50704578,50704578
-8255,24403,-201446765,-201446765
29715,22842,678727188,678750030
-9310,4530,-42174300,-42174300
3511,15464,54294104,54294104
-21919,18077,-396229763,-396229763
-6632,-17490,115993680,115993680
23077,-25537,-589317349,-589317349
-4708,-12550,59085400,59085400
-19165,27774,-532316484,-532288710
-12871,12843,-165302253,-165302253
17558,-10560,-185412480,-185412480
-3675,26453,-97214775,-97214775
22293,-19787,-441111591,-441111591
-31055,-23117,717898435,717898435
-1710,-25022,42787620,42787620
31031,-6620,-205319300,-205425220
-2589,-2465,6384350,6381885
29278,-5170,-151367260,-151367260
-10206,-10738,109592028,109592028
-8030,11454,-91975620,-91975620
-4150,6697,-27685398,-27792550
-3994,-6126,24467244,24467244
17496,24134,422248464,422248464
-28813,6816,-196396224,-196389408
-23841,-934,22267494,22267494
25529,32392,826935368,826935368
-26552,5221,-138627992,-138627992
-8920,-28736,256784896,256325120
29627,32456,961573912,961573912
10743,-29964,-321903252,-321903252
14882,-9827,-146245414,-146245414
12352,27593,340828736,340828736
-17019,32418,-551721942,-551721942
-24274,-4358,105855820,105786092
-31184,-29418,917841600,917370912
-6223,-29138,181325774,181325774
-7329,-8671,63549759,63549759
11263,-30424,-342665512,-342665512
-9107,4111,-37434766,-37438877
24252,-9951,-241331652,-241331652
17199,31767,545852361,546360633
10790,14558,157080820,157080820
-24698,17370,-429004260,-429004260
-1253,10605,-13288065,-13288065
16332,15199,248473252,248230068
-1197,-7922,9490556,9482634
11566,957,11053350,11068662
6553,24874,162999322,162999322
13447,-2517,-33846099,-33846099
-394,25067,-9876398,-9876398
-6691,12977,-86816130,-86829107
6915,24406,168743084,168767490
-31211,-27855,869382405,869382405
-26786,-26772,717114792,717114792
10221,-19713,-201506286,-201486573
24442,1098,26837316,26837316
-27936,-4929,137696544,137696544
8381,25780,216087960,216062180
21518,25027,538530986,538530986
17961,12564,225460980,225662004
-18261,-6236,113875596,113875596
-888,-22440,19926720,19926720
-13015,7237,-94305347,-94189555
12628,-14932,-188561296,-188561296
23968,24067,576837856,576837856
-29503,17287,-510018361,-510018361
-3690,-14018,51726420,51726420
32462,-24567,-797887026,-797493954
-10053,13826,-138992778,-138992778
12435,5649,70239666,70245315
8631,17908,154563948,154563948
-28981,-24547,711003855,711396607
-28266,19542,-552374172,-552374172
18390,-178,-3276268,-3273420
-17417,28474,-495931658,-495931658
-15596,-21849,340757004,340757004
-6767,-32073,217037991,217037991
12022,-8221,-98832862,-98832862
7713,9804,75618252,75618252
30871,-25874,-798756254,-798756254
12897,-18903,-243791991,-243791991
19764,-27028,-533748944,-534181392
-20965,20372,-427098980,-427098980
4959,20820,103246380,103246380
-8714,-13521,117821994,117821994
-1209,1283,-1551147,-1551147
-14331,-15037,215495247,215495247
-4383,-20781,91083123,91083123
16844,-25127,-423641220,-423239188
-25504,2980,-76001920,-76001920
-12368,27602,-341381536,-341381536
28341,-27828,-788673348,-788673348
-15984,4020,-64255680,-64255680
-27759,-30859,856614981,856614981
8570,8293,71071010,71071010
-3676,-8507,31271732,31271732
-17616,-107,1886624,1884912
15240,22767,346969080,346969080
7305,-15102,-110320110,-110320110
-10467,29052,-304058232,-304087284
-28605,20303,-580787618,-580767315
-2885,25317,-73039545,-73039545
8808,14007,123373656,123373656
-32502,10976,-356741952,-356741952
-24363,-8901,216712647,216855063
9187,-31641,-290654226,-290685867
-27137,22935,-622387095,-622387095
18944,-4762,-90211328,-90211328
19345,-29781,-576113445,-576113445
9445,-25203,-238042335,-238042335
-11792,2711,-31968112,-31968112
-25646,-27326,700365380,700802596
-3250,13880,-45110000,-45110000
22546,-29410,-663077860,-663077860
14418,11086,159837948,159837948
-13689,1021,-13976469,-13976469
-3079,-15631,48127849,48127849
8137,13074,106592322,106383138
11720,-26217,-307682712,-307263240
16810,6382,107281420,107281420
-20770,3433,-71303410,-71303410
-10114,28162,-284830468,-284830468
2564,14091,36129324,36129324
23038,-19316,-445002008,-445002008
-31146,-2136,66527856,66527856
-6375,9572,-61021500,-61021500
13210,-7069,-93381490,-93381490
29586,-18262,-540299532,-540299532
-10029,24313,-243470382,-243835077
-22596,11965,-270361140,-270361140
1856,-32584,-60475904,-60475904
-4046,908,-3688296,-3673768
1860,9881,18378660,18378660
31458,29087,915018846,915018846
-7066,-5473,38672218,38672218
12348,30175,372600900,372600900
28394,11333,321789202,321789202
-16152,-13675,220878600,220878600
12084,1321,15941828,15962964
-27182,-4210,114368860,114436220
29306,21163,620202878,620202878
-9750,6889,-67167750,-67167750
17890,-20796,-372040440,-372040440
31340,19835,621628900,621628900
28845,30648,884072208,884041560
9225,17226,158909850,158909850
-31370,-14345,450002650,450002650
17613,29716,523893080,523387908
-13781,31430,-433639710,-433136830
1039,8533,8865787,8865787
20442,11268,230340456,230340456
20821,17102,356080742,356080742
-8491,15533,-131642175,-131890703
-10640,-27142,288790880,288790880
1375,-15516,-21334500,-21334500
181,-27019,-4890439,-4890439
3692,-24656,-91029952,-91029952
-1364,-32574,44430936,44430936
1423,26665,37944295,37944295
-19713,21100,-415944300,-415944300
-18267,32589,-595303263,-595303263
-11499,-14853,170794647,170794647
-20114,-967,19450238,19450238
-14051,21691,-304758550,-304780241
15500,-16914,-262167000,-262167000
-16655,16314,-271709670,-271709670
26902,24435,657350370,657350370
-24415,32525,-794097875,-794097875
-174,15476,-2692824,-2692824
7421,-11838,-87861636,-87849798
-30038,29095,-873955610,-873955610
-25094,-20862,523511028,523511028
22648,-9817,-222335416,-222335416
20044,22609,453174796,453174796
30396,4731,143803476,143803476
6917,-14741,-101963497,-101963497
-20645,30601,-631757645,-631757645
-19565,-17986,351914076,351896090
-28675,8998,-258008652,-258017650
31745,-22564,-716294180,-716294180
24604,-3969,-97653276,-97653276
-22334,-12536,279979024,279979024
12385,-32751,-405621135,-405621135
8933,11302,100960766,100960766
-12819,11365,-145676570,-145687935
-27890,31544,-879762160,-879762160
-16490,3669,-60501810,-60501810
26891,14381,386719471,386719471
21695,1403,30438085,30438085
-11951,-24661,294723611,294723611
-26402,-21220,560250440,560250440
-19123,-21344,408139968,408161312
22085,24370,538211450,538211450
-16178,6967,-112600654,-112712126
7243,14556,105429108,105429108
24688,26381,651294128,651294128
13416,5343,71681688,71681688
-15790,-13262,209406980,209406980
-21667,-28037,607449642,607477679
-11269,18909,-213085521,-213085521
19723,3142,61969666,61969666
14779,-26788,-395899852,-395899852
-23304,-25527,594881208,594881208
26475,12583,333134925,333134925
314,8206,2576684,2576684
-31785,22432,-712642208,-713001120
26818,13540,363115720,363115720
32192,104,3347968,3347968
-20556,13833,-284351148,-284351148
-343,-4924,1688932,1688932
23005,15858,364829148,364813290
30583,-26343,-805647969,-805647969
-18729,10603,-198413939,-198583587
3596,15589,56058044,56058044
-11005,-27451,302125706,302098255
-19750,-11221,221614750,221614750
32230,-9006,-290263380,-290263380
4276,8423,36016748,36016748
14848,6870,102005760,102005760
-27982,-26025,728231550,728231550
23484,11321,265862364,265862364
26004,32185,836938740,836938740
-5491,-20956,115048440,115069396
30045,-14503,-435757138,-435742635
-19248,-826,15885632,15898848
28064,12410,348274240,348274240
18060,13176,237958560,237958560
-17860,14342,-256148120,-256148120
-5467,11386,-62247262,-62247262
-30225,7043,-212874675,-212874675
-21086,-31106,655901116,655901116
-15476,-11452,177231152,177231152
23186,-25668,-595138248,-595138248
5694,7244,41247336,41247336
32307,-30266,-977289140,-977803662
-4459,29663,-132267317,-132267317
26605,10447,277952882,277942435
30676,5172,158739024,158656272
7611,6310,48025410,48025410
-25539,-1214,31003132,31004346
28056,-19175,-537973800,-537973800
2757,-7641,-21066237,-21066237
-7029,6388,-44901252,-44901252
12286,18703,229785058,229785058
-12566,8281,-104059046,-104059046
13205,26920,355478600,355478600
14052,26793,376495236,376495236
823,16272,13131504,13391856
-5125,19378,-99312250,-99312250
19769,-30797,-608825893,-608825893
30065,-6307,-189619955,-189619955
31452,-17130,-538772760,-538772760
9040,5273,47667920,47667920
-17539,6664,-116873232,-116879896
-223,29610,-6603030,-6603030
-2671,-25045,66895195,66895195
-11037,23978,-264669164,-264645186
-9276,1873,-17373948,-17373948
12390,-4507,-55841730,-55841730
-11757,-13655,160555490,160541835
24722,1359,33597198,33597198
3120,10664,33101056,33271680
29130,15300,445933800,445689000
29205,7604,222074820,222074820
11237,-5546,-62320402,-62320402
-19683,24830,-488704060,-488728890
7152,13398,95822496,95822496
14187,29838,423311706,423311706
-29377,-4006,117684262,117684262
11532,-27930,-322088760,-322088760
-28948,-16919,489771212,489771212
32671,-19376,-633033296,-633033296
-5534,-3048,16867632,16867632
-10015,-26316,263554740,263554740
12029,-19390,-233261700,-233242310
-22550,-17792,401209600,401209600
-23453,-9831,230576274,230566443
5768,22413,129278184,129278184
23211,-573,-13299903,-13299903
5500,26760,147180000,147180000
6379,31300,199662700,199662700
18936,-21049,-398583864,-398583864
28223,29668,837319964,837319964
8762,-25586,-224184532,-224184532
-22294,-17205,383568270,383568270
-12650,31028,-392504200,-392504200
-12128,-2156,26147968,26147968
14282,14377,205562346,205332314
-19811,31996,-633840760,-633872756
1781,-25401,-45239181,-45239181
-8818,27515,-242627270,-242627270
-21241,7545,-160263345,-160263345
-26373,-25234,665496282,665496282
20735,-2532,-52501020,-52501020
-3270,-20972,68578440,68578440
-6696,10016,-67067136,-67067136
-18303,-1263,23116689,23116689
4210,26463,111409230,111409230
30021,-24143,-724797003,-724797003
16733,13975,233857650,233843675
30044,30879,927728676,927728676
-24120,-12782,308097328,308301840
-15589,8276,-129014564,-129014564
7815,11875,92803125,92803125
10994,-2587,-28441478,-28441478
25973,3766,97814318,97814318
15273,4469,68255037,68255037
-7926,-4688,37157088,37157088
15568,20731,323071904,322740208
-17010,1360,-23133600,-23133600
15485,20892,323533512,323512620
-6996,21191,-148252236,-148252236
2291,27465,62894850,62922315
1995,-27953,-56213483,-55766235
10816,-16416,-177555456,-177555456
-29443,15970,-470188740,-470204710
-4234,9342,-39554028,-39554028
-23576,-26792,631648192,631648192
25232,15178,382971296,382971296
14185,-27674,-392555690,-392555690
21401,23900,511483900,511483900
-3477,-3736,12990072,12990072
18234,-23024,-419819616,-419819616
17832,11899,212182968,212182968
-29138,-2970,86587380,86539860
22470,-31269,-702614430,-702614430
14039,-7498,-105384390,-105264422
5269,-4354,-22941226,-22941226
1893,-13713,-25958709,-25958709
11736,11481,134741016,134741016
-28472,-13043,371151608,371360296
2398,-18210,-43667580,-43667580
7155,-16116,-115293864,-115309980
-10798,-12907,139163274,139369786
-19316,17679,-341487564,-341487564
32535,27088,881308080,881308080
10659,-19231,-204963998,-204983229
-19845,17656,-350383320,-350383320
1155,11683,13482182,13493865
-10063,-8604,86582052,86582052
-27843,-30259,842471078,842501337
8400,29483,248128928,247657200
-8704,25401,-221090304,-221090304
30023,-640,-19214720,-19214720
-18479,6912,-127616256,-127726848
-31991,14838,-474682458,-474682458
-23350,-14262,332789508,333017700
-19240,-24395,469359800,469359800
-2205,19682,-43418492,-43398810
14845,29712,441104352,441074640
-18443,16307,-300750001,-300750001
-2223,-21129,46969767,46969767
-20233,-790,15984070,15984070
-24352,1854,-45148608,-45148608
29215,-23811,-695638365,-695638365
-25591,-207,5297337,5297337
18425,3398,62608150,62608150
7022,-11935,-83807570,-83807570
14600,-11150,-162790000,-162790000
1935,30783,59565105,59565105
5900,23150,136585000,136585000
2151,-19880,-42761880,-42761880
27277,-18654,-508843812,-508825158
-28194,-1081,30477714,30477714
-32719,-14189,464476915,464249891
-13708,-30007,411335956,411335956
26375,10433,275170375,275170375
-24337,25193,-613122041,-613122041
-6060,13545,-82082700,-82082700
-16531,15303,-252958590,-252973893
-28927,2405,-69569435,-69569435
-28240,-28195,796226800,796226800
-22471,-32544,731296224,731296224
17913,-24230,-434031990,-434031990
16984,14116,239746144,239746144
-14512,26471,-384147152,-384147152
9410,-29912,-281471920,-281471920
-16497,-25112,414272664,414272664
-8016,-27240,218355840,218355840
-24838,-15572,386777336,386777336
-17250,13479,-232512750,-232512750
-29474,4727,-139323598,-139323598
-13994,824,-11531056,-11531056
31202,-31122,-971068644,-971068644
-12461,23878,-297567636,-297543758
3214,-8745,-28106430,-28106430
23668,24217,573167956,573167956
-18501,-28513,527519013,527519013
-16983,-7009,119033847,119033847
-24479,-8535,208928265,208928265
-1103,-30322,33445166,33445166
-18553,-15528,288090984,288090984
-6795,-21873,148627035,148627035
-22856,-1976,45163456,45163456
1067,25128,26409528,26811576
-9520,-715,6795360,6806800
-22333,-28255,631047170,631018915
32375,2185,70739375,70739375
-9265,-12910,119404590,119611150
-32462,7043,-228742554,-228629866
26211,30047,787531870,787561917
-29883,-3988,119173404,119173404
-9702,-23343,226473786,226473786
2649,737,1952313,1952313
-32303,14466,-467063742,-467295198
10800,-28774,-310298816,-310759200
25644,-13468,-345157904,-345373392
-10680,-28497,304347960,304347960
21635,-17664,-382142976,-382160640
-17229,-15664,269890720,269875056
-9654,8644,-83449176,-83449176
17943,-23191,-416116113,-416116113
17555,-8709,-152877786,-152886495
-24555,28456,-698737080,-698737080
-25929,-30785,798224265,798224265
-18177,8671,-157612767,-157612767
-20789,32141,-667664993,-668179249
14638,29244,427605768,428073672
2029,-9541,-19368230,-19358689
-28721,-7352,211039160,211156792
-3572,31359,-112014348,-112014348
-7032,-21201,149085432,149085432
32313,-557,-17998341,-17998341
9919,-13252,-131446588,-131446588
29726,-17456,-518897056,-518897056
743,-365,-271195,-271195
24758,-12330,-305266140,-305266140
-7260,-17269,125372940,125372940
-28712,5670,-162797040,-162797040
-3035,18227,-55318945,-55318945
3499,12585,44034915,44034915
8321,-27151,-225923471,-225923471
-23380,29985,-701049300,-701049300
6267,26548,166376316,166376316
-7103,383,-2720449,-2720449
17020,13746,233956920,233956920
6034,-20860,-125869240,-125869240
-12767,15652,-199829084,-199829084
18337,8064,147869568,147869568
-22224,31500,-700560000,-700056000
17234,-21687,-373753758,-373753758
31057,-22438,-696856966,-696856966
-27283,27715,-756120630,-756148345
-20896,18065,-377486240,-377486240
-30158,17038,-514104612,-513832004
30380,-29632,-900220160,-900220160
12191,-13648,-166382768,-166382768
-17911,31326,-561079986,-561079986
19708,23650,466094200,466094200
10233,-14086,-144142038,-144142038
29632,5819,172428608,172428608
9943,-2767,-27556553,-27512281
-5265,-11657,61374105,61374105
-5811,15341,-89131210,-89146551
-15996,12423,-198718308,-198718308
22776,-27041,-615885816,-615885816
-15869,-30031,476591970,476561939
7819,-15194,-118801886,-118801886
31429,-1179,-37054791,-37054791
-21171,16045,-339672650,-339688695
14108,24467,345180436,345180436
10567,17568,185641056,185641056
-288,21165,-6095520,-6095520
-32003,-12794,409433588,409446382
-23155,13455,-311537070,-311550525
25866,-25621,-662712786,-662712786
-20627,6791,-140071166,-140077957
15725,9747,153281322,153271575
27785,-6603,-183464355,-183464355
13813,-21834,-301593042,-301593042
-5540,12927,-71615580,-71615580
14474,9137,132248938,132248938
-3347,23106,-77312676,-77335782
-2110,20401,-43046110,-43046110
4462,30734,137135108,137135108
-9851,-22202,218711902,218711902
-28185,27536,-776102160,-776102160
2859,27481,78128483,78568179
-32493,-13070,424696580,424683510
31712,-27137,-860568544,-860568544
-21755,-1055,22951525,22951525
-11351,-8676,98481276,98481276
-25437,4464,-113555232,-113550768
-32540,-14372,467664880,467664880
-24161,-5227,126289547,126289547
-20583,-30367,625043961,625043961
-15368,9331,-143398808,-143398808
18803,8371,157391542,157399913
-11869,6450,-76561500,-76555050
-834,19308,-16102872,-16102872
21613,-6262,-135346868,-135340606
13371,-32258,-431321718,-431321718
-25155,26326,-662204204,-662230530
7462,556,4148872,4148872
-19660,14023,-275916548,-275692180
-23991,-13930,334194630,334194630
25316,-19576,-495586016,-495586016
28778,-28452,-818791656,-818791656
15124,-2433,-36796692,-36796692
-2565,-10423,26734995,26734995
-31418,-8604,270320472,270320472
22868,-10615,-242743820,-242743820
19843,1769,35100498,35102267
-30633,-29358,899323614,899323614
24721,-13909,-343844389,-343844389
13279,-19071,-253243809,-253243809
19234,17820,342749880,342749880
-16199,-13395,216985605,216985605
22943,21424,491530832,491530832
24989,2448,61175520,61173072
-27240,-28435,774569400,774569400
-1305,27731,-36188955,-36188955
-13439,23468,-315386452,-315386452
16504,-19154,-316117616,-316117616
-31029,-13005,403324065,403532145
-26232,22606,-593000592,-593000592
6123,-15767,-96541341,-96541341
13270,-26748,-355373928,-354945960
-30852,-9762,301177224,301177224
-1805,27565,-49782390,-49754825
-24326,26833,-652739558,-652739558
-26597,-28847,767243659,767243659
-3772,-28034,105744248,105744248
31841,-32157,-1023911037,-1023911037
-15768,11871,-187181928,-187181928
-11635,-32588,379128792,379161380
9708,-9314,-90420312,-90420312
-31356,-31755,995709780,995709780
-8178,-3219,26324982,26324982
16278,18386,299287308,299287308
-31702,-27775,880967450,880523050
27770,18455,512495350,512495350
23508,-26783,-630043292,-629614764
15720,-15269,-240028680,-240028680
29116,-25914,-754512024,-754512024
-26087,-18910,493305170,493305170
-28933,-1854,53641782,53641782
12033,-9227,-111028491,-111028491
17632,-12060,-212641920,-212641920
26797,-21656,-580337488,-580315832
-8503,-1250,10608750,10628750
30090,26495,797234550,797234550
26420,5257,138805828,138889940
15616,1648,25735168,25735168
-22384,31458,-704155872,-704155872
27679,19259,533069861,533069861
13293,18905,251323070,251304165
29653,-21751,-645330419,-644982403
20255,23299,471921245,471921245
30701,26066,800278332,800252266
2419,19599,47390382,47409981
27576,30017,827748792,827748792
12167,30864,375522288,375522288
-2374,-27585,65486790,65486790
19038,-7,-133266,-133266
-30929,17726,-548531070,-548247454
-21685,-18914,410150090,410150090
18372,-17262,-317137464,-317137464
22989,16089,370143534,369870021
9554,-523,-4996742,-4996742
8680,-3300,-28644000,-28644000
-13562,-17000,230554000,230554000
-28378,-4317,122507826,122507826
-22855,31424,-718195520,-718195520
-3135,3836,-12025860,-12025860
-7460,29542,-220383320,-220383320
21291,-4195,-89248625,-89315745
27346,-24107,-659615734,-659230022
32362,-6073,-196534426,-196534426
-5117,-16199,82906482,82890283
124,7519,932356,932356
-11374,19868,-225978632,-225978632
9297,25481,236896857,236896857
18941,-31421,-595176582,-595145161
-1684,22829,-38444036,-38444036
15755,24809,390865795,390865795
18894,23074,436329340,435960156
22999,-24881,-572636215,-572238119
-25281,-31556,797767236,797767236
2652,-17391,-46120932,-46120932
17801,-19726,-351142526,-351142526
32072,-3256,-104426432,-104426432
19652,-32306,-634877512,-634877512
-25724,15584,-400882816,-400882816
31815,18668,593922420,593922420
4660,23459,108943596,109318940
26193,11057,289616001,289616001
20376,-14477,-294983352,-294983352
20500,-126,-2583000,-2583000
31381,-17502,-549230262,-549230262
19230,25503,490422690,490422690
-31277,14315,-447515530,-447730255
7889,-19724,-155918220,-155602636
6325,-3461,-21890825,-21890825
23548,2684,63202832,63202832
-25077,27912,-699949224,-699949224
18460,18051,333221460,333221460
18392,-8091,-148809672,-148809672
-2697,118,-318246,-318246
-1278,19358,-24739524,-24739524
11418,-26502,-302599836,-302599836
26941,26360,710191120,710164760
31564,9731,307149284,307149284
-1254,-20757,26029278,26029278
11430,-30175,-344900250,-344900250
-8321,25206,-209739126,-209739126
19782,24000,474768000,474768000
-662,31697,-20983414,-20983414
-22951,-1141,26187091,26187091
1627,-18956,-30841412,-30841412
-13961,-32590,454988990,454988990
25389,-29462,-747568788,-748010718
-777,-13498,10487946,10487946
16592,15969,265213152,264957648
20437,29282,598904746,598436234
-29288,-14464,423621632,423621632
-29257,-9754,285372778,285372778
-4187,-8088,33864456,33864456
16692,5343,89099868,89185356
-10740,2405,-25829700,-25829700
-18448,1914,-35309472,-35309472
28746,31039,892247094,892247094
-605,18073,-10952238,-10934165
-22871,12713,-290759023,-290759023
-8538,13015,-111122070,-111122070
9243,-6074,-56141982,-56141982
-7134,-6619,47219946,47219946
22337,7730,172665010,172665010
24432,16071,392646672,392646672
27143,3989,108273427,108273427
22981,-10792,-248010952,-248010952
19627,-19407,-380901189,-380901189
-25911,2331,-60361245,-60398541
-23414,-13474,315480236,315480236
-18906,-3256,61557936,61557936
-7049,-11911,83960639,83960639
-3148,29589,-93146172,-93146172
12825,52,666900,666900
24391,8362,203957542,203957542
32511,21691,705196101,705196101
-15153,23230,-351632510,-352004190
29667,-30153,-894518898,-894549051
-19766,15379,-303735250,-303981314
32220,7830,252282600,252282600
29366,-23923,-702522818,-702522818
-14610,19735,-288328350,-288328350
4234,9875,41810750,41810750
15543,4499,69927957,69927957
23508,10493,246837332,246669444
-29276,9978,-292115928,-292115928
-9573,-16071,153847683,153847683
8318,2808,23356944,23356944
-8308,-12682,105362056,105362056
9643,-2491,-24020713,-24020713
28834,-5139,-148177926,-148177926
-30986,-6012,186287832,186287832
23748,29218,693869064,693869064
-4045,-25019,101627178,101201855
12431,-32204,-400327924,-400327924
-12115,-28414,344207196,344235610
14285,-2538,-36298476,-36255330
20624,-847,-17468528,-17468528
31419,27082,850889358,850889358
23888,-8255,-197195440,-197195440
-13388,14696,-196750048,-196750048
-23742,-4075,96748650,96748650
-20128,32549,-655146272,-655146272
-29606,-19734,584244804,584244804
31466,6677,210098482,210098482
18261,23833,435214413,435214413
12662,-23085,-292302270,-292302270
-16852,-4420,74556560,74485840
-23220,31449,-730245780,-730245780
-25047,8356,-209426428,-209292732
23789,-18249,-434143710,-434125461
21881,29083,636365123,636365123
-22125,14553,-321999678,-321985125
2957,6887,20371746,20364859
-27575,-26071,718907825,718907825
-21215,6925,-146913875,-146913875
-5603,14640,-82013280,-82027920
-6069,11587,-70321503,-70321503
14236,11768,167529248,167529248
10334,-13424,-138723616,-138723616
-15081,21606,-325840086,-325840086
-25852,13584,-351173568,-351173568
-23840,20292,-483761280,-483761280
10074,25423,256111302,256111302
-26104,29621,-773226584,-773226584
32630,5442,177572460,177572460
15286,-8639,-132055754,-132055754
2080,-15428,-32090240,-32090240
-13121,27713,-363622273,-363622273
-3041,-21772,66208652,66208652
23677,-16939,-401081642,-401064703
12272,-14334,-175906848,-175906848
-18022,10273,-185140006,-185140006
24127,-10549,-254515723,-254515723
27341,-13549,-370673542,-370443209
-2827,21602,-61068854,-61068854
-16076,-32431,521879652,521360756
7229,31552,228120960,228089408
-15018,-5982,89837676,89837676
-16303,18534,-302159802,-302159802
17263,23165,399897395,399897395
-29594,30661,-907381634,-907381634
-14058,-2572,36157176,36157176
-4970,-31750,157797500,157797500
-24099,-28233,680358834,680387067
3606,-22324,-80500344,-80500344
-10248,-12694,130088112,130088112
-8551,-6814,58266514,58266514
14735,2304,33949440,33949440
1333,-3408,-4488336,-4542864
20684,22610,468027000,467665240
-3425,19472,-66691600,-66691600
27709,-25416,-704277360,-704251944
-12772,13178,-168309416,-168309416
-27484,29125,-800471500,-800471500
-30216,-25506,770689296,770689296
-25903,13297,-344219439,-344432191
-13347,18825,-251238450,-251257275
1423,-1691,-2406293,-2406293
747,-19422,-14508234,-14508234
9044,-23401,-211638644,-211638644
23260,6426,149468760,149468760
178,-12033,-2141874,-2141874
-16625,28711,-477320375,-477320375
26679,-9849,-262603887,-262761471
-8741,31914,-278960274,-278960274
-6203,-10744,66645032,66645032
8184,-18813,-153965592,-153965592
-14591,-22410,326984310,326984310
-20135,22597,-454990595,-454990595
6127,-5122,-31382494,-31382494
-32688,25549,-835145712,-835145712
-24491,-1592,38989672,38989672
14677,-29274,-429654498,-429654498
-3077,-4446,13680342,13680342
18245,21816,398032920,398032920
22368,-22472,-502653696,-502653696
-10894,-2239,24391666,24391666
-9732,-15841,154164612,154164612
-12705,28548,-362702340,-362702340
18087,-27029,-488873523,-488873523
-7303,30764,-224669492,-224669492
10817,17664,191071488,191071488
31666,-28965,-917205690,-917205690
-11733,-23459,275619791,275244447
-15809,-3872,61212448,61212448
18866,21526,406109516,406109516
-22415,-26749,599578835,599578835
22779,-20300,-462413700,-462413700
-10527,16103,-169516281,-169516281
-28274,-11211,316979814,316979814
-17439,25976,-452995464,-452995464
14873,-25113,-373505649,-373505649
32369,17758,574808702,574808702
25215,-23088,-582163920,-582163920
3756,-9500,-35682000,-35682000
-10550,18263,-192382442,-192674650
6639,-7586,-50363454,-50363454
8477,-23940,-202963320,-202939380
1686,-9871,-16642506,-16642506
-29123,-28617,833384274,833412891
1715,-2237,-3834218,-3836455
11204,-20913,-234309252,-234309252
139,14981,2082359,2082359
-16229,22619,-367083751,-367083751
-22738,25554,-581455716,-581046852
-8751,-21734,189846490,190194234
24342,-6568,-159878256,-159878256
-12949,-32533,421269817,421269817
22538,1091,24588958,24588958
-25541,30606,-781707846,-781707846
32565,-17944,-584059256,-584346360
5987,-6415,-38400190,-38406605
32691,-17374,-567956060,-567973434
-14448,-4040,58369920,58369920
-15481,-28203,436610643,436610643
-1647,28100,-46280700,-46280700
30772,28189,866980884,867431908
-17583,-1951,34304433,34304433
-29722,20498,-609241556,-609241556
-10268,-3747,38474196,38474196
-23171,-2906,67332020,67334926
-9560,28874,-276035440,-276035440
13138,-10621,-139538698,-139538698
4380,21633,94752540,94752540
25095,13180,330752100,330752100
-31095,14415,-448234425,-448234425
8267,1132,9358244,9358244
1038,30419,31574922,31574922
5589,2066,11579930,11546874
6954,11879,82416502,82606566
-20608,-18224,375560192,375560192
5207,14529,75652503,75652503
7126,21717,155102814,154755342
-803,13180,-10570360,-10583540
17123,-10847,-185722334,-185733181
-24993,31060,-776282580,-776282580
-11349,-1706,19361394,19361394
-30643,10034,-307461828,-307471862
14620,14813,216566060,216566060
1226,6624,8227008,8121024
-25143,-11444,287553388,287736492
7706,-5504,-42413824,-42413824
-3748,-15743,59004764,59004764
-23232,-2158,50134656,50134656
-8709,-15746,137131914,137131914
8656,23987,208015264,207631472
-12910,21089,-272258990,-272258990
-8038,-2851,22916338,22916338
-5050,-21620,109181000,109181000
-4539,23627,-107242953,-107242953
11001,-13600,-149613600,-149613600
5738,-3890,-22320820,-22320820
12330,27537,339090618,339531210
-6316,-13125,82897500,82897500
27920,2436,68013120,68013120
-22038,-13259,292201842,292201842
2121,-8017,-17004057,-17004057
26870,-29691,-797797170,-797797170
-3860,-4493,17342980,17342980
-3005,26297,-79048782,-79022485
-11674,-4239,49486086,49486086
-10303,31552,-325080256,-325080256
6375,23491,149755125,149755125
23099,-24124,-557240276,-557240276
-4151,29464,-121833640,-122305064
-28994,30446,-882751324,-882751324
17081,12213,208610253,208610253
16190,22867,370216730,370216730
-16890,19644,-331787160,-331787160
-3418,25154,-85976372,-85976372
-11801,19404,-228986604,-228986604
-1077,28838,-30597118,-31058526
-24040,24920,-599076800,-599076800
25215,7740,195164100,195164100
8343,-30013,-250398459,-250398459
-3268,-14644,47856592,47856592
-1557,-30548,47563236,47563236
15765,-30552,-481652280,-481652280
-27454,-10908,299468232,299468232
-30987,15639,-484605693,-484605693
8254,-22263,-183758802,-183758802
-7980,-32515,258949460,259469700
-29748,1087,-32318684,-32336076
5355,-20124,-107764020,-107764020
32481,-24075,-781980075,-781980075
-20090,-5857,117667130,117667130
25709,-1471,-37819410,-37817939
-110,1105,-121550,-121550
27999,20403,571263597,571263597
2924,-24583,-71880692,-71880692
-32495,-26580,863717100,863717100
-23770,5960,-141669200,-141669200
20475,-27224,-557411400,-557411400
20537,-31234,-641452658,-641452658
16510,-17170,-283476700,-283476700
25176,-14224,-358103424,-358103424
-31464,20903,-657691992,-657691992
-7572,31627,-239479644,-239479644
752,18644,14020288,14020288
-25513,-1928,49189064,49189064
27895,25105,700303975,700303975
8080,24353,196772240,196772240
10634,7079,75278086,75278086
-19908,-30643,610040844,610040844
26591,-21277,-565776707,-565776707
26063,4489,117068631,116996807
4646,5537,25724902,25724902
980,22177,22088292,21733460
-11107,3991,-44324046,-44328037
5876,29646,174199896,174199896
7563,5952,45014976,45014976
-4658,17761,-82446562,-82730738
5989,26608,159355312,159355312
-27964,25887,-723904068,-723904068
-20993,-510,10706430,10706430
-10941,12544,-137256448,-137243904
-29924,-26723,799659052,799659052
15029,-15217,-228696293,-228696293
7227,-20996,-151738092,-151738092
5279,-602,-3177958,-3177958
-28429,31939,-908025770,-907993831
28432,29361,834791952,834791952
-11589,587,-6802743,-6802743
4595,-31167,-143181198,-143212365
-30097,-1694,50984318,50984318
-29338,20761,-609086218,-609086218
11125,-8589,-95552625,-95552625
10394,-20108,-209002552,-209002552
-9781,-4196,40973940,41041076
-2962,16315,-48325030,-48325030
-31255,8849,-276575495,-276575495
-17850,22626,-403874100,-403874100
-10054,14559,-146376186,-146376186
2369,6695,15860455,15860455
17302,-21389,-370072478,-370072478
10602,24931,264318462,264318462
-4726,-17433,82388358,82388358
10224,-15185,-155251440,-155251440
-15669,24462,-382903686,-383295078
-12026,-22898,275371348,275371348
29353,21930,643711290,643711290
-20092,8028,-161298576,-161298576
26589,6617,175946030,175939413
5589,3115,17459575,17409735
-13690,-6885,94255650,94255650
1881,2263,4256703,4256703
-29515,-18561,547827915,547827915
21200,28928,613736448,613273600
22484,19924,448290000,447971216
-30763,24865,-764524155,-764921995
-26935,8057,-216886383,-217015295
-4831,-19326,93363906,93363906
30254,27547,832966186,833406938
-28537,1590,-45373830,-45373830
-7317,11524,-84321108,-84321108
16745,-18717,-313416165,-313416165
-30438,7882,-239912316,-239912316
-30818,-9079,279796622,279796622
-11651,-15880,185002000,185017880
-20368,22784,-464064512,-464064512
-4756,19349,-92023844,-92023844
-14647,-15515,226999965,227248205
-14972,-17407,260617604,260617604
-25815,30769,-794794039,-794301735
1286,-12750,-16396500,-16396500
-19602,-26836,526039272,526039272
6940,-334,-2317960,-2317960
24098,-2055,-49521390,-49521390
12545,-30238,-379335710,-379335710
-21945,14709,-322789005,-322789005
13000,26750,348178000,347750000
24656,-18540,-457122240,-457122240
-12758,23249,-296982726,-296610742
3162,-29941,-94673442,-94673442
28457,-10094,-287083454,-287244958
-1227,-27803,34559129,34114281
16873,8935,150760255,150760255
14683,28110,412739130,412739130
11407,12679,144629353,144629353
-28560,28741,-820842960,-820842960
-6781,-15514,105215948,105200434
-28323,-17298,489913956,489931254
-12309,20731,-255177879,-255177879
-32092,10934,-350893928,-350893928
7099,6518,46271282,46271282
29687,23055,684433785,684433785
-19419,5641,-109542579,-109542579
12230,-22547,-275749810,-275749810
17623,1419,25029741,25007037
16567,10693,177150931,177150931
15306,25247,386834534,386430582
-2362,-16701,39447762,39447762
-15612,27051,-422320212,-422320212
23298,2034,47388132,47388132
-14555,6070,-88348850,-88348850
14493,22660,328434040,328411380
-3306,9366,-30963996,-30963996
8014,-11385,-91239390,-91239390
-19794,4200,-83134800,-83134800
22195,20383,452380302,452400685
13741,6093,83730006,83723913
-4679,27939,-130726581,-130726581
26078,13285,346446230,346446230
-20818,-31182,649146876,649146876
-5447,8312,-45275464,-45275464
9740,-18926,-184339240,-184339240
14434,23119,333699646,333699646
-23651,-9603,227110950,227120553
30041,8495,255198295,255198295
11021,-28886,-318381492,-318352606
-28754,27246,-783431484,-783431484
-28544,12590,-359368960,-359368960
12322,-2401,-29585122,-29585122
23362,-10356,-241936872,-241936872
-14094,16965,-239104710,-239104710
-10187,25489,-260064267,-259656443
-32319,-30959,1000563921,1000563921
5894,28484,167884696,167884696
17768,-16754,-297685072,-297685072
-8507,22431,-190820517,-190820517
-15362,-21806,334983772,334983772
-17402,13764,-239521128,-239521128
25867,-15092,-390384764,-390384764
-1013,-6163,6243119,6243119
22301,18299,408104298,408085999
-21473,2119,-45501287,-45501287
-30804,12741,-392473764,-392473764
-26688,-2181,58206528,58206528
-24669,14870,-366842900,-366828030
18837,-13298,-250494426,-250494426
3165,-7400,-23428400,-23421000
3305,26467,87473435,87473435
-1415,25637,-36276355,-36276355
-4435,24704,-109537536,-109562240
21838,-17226,-376181388,-376181388
-17249,5224,-90108776,-90108776
-13969,-22646,316341974,316341974
174,-23768,-4135632,-4135632
-15880,-25228,400620640,400620640
2105,-7580,-15955900,-15955900
26654,-8370,-223093980,-223093980
-8650,29587,-256400942,-255927550
-20555,25608,-526372440,-526372440
20189,-20581,-415530390,-415509809
15659,-4791,-74945613,-75022269
-6407,-19692,126166644,126166644
-32593,-3428,111728804,111728804
-3997,23522,-94040956,-94017434
-23060,-19803,456657180,456657180
30936,16988,525540768,525540768
-27338,10567,-289049718,-288880646
19878,-14920,-296579760,-296579760
-406,4426,-1796956,-1796956
-2463,255,-628065,-628065
19827,-6303,-124963278,-124969581
-15317,-12499,191647167,191447183
-21056,-7136,150255616,150255616
-16218,-13106,212553108,212553108
1914,2496,4777344,4777344
-18641,22197,-414129429,-413774277
3302,4157,13726414,13726414
12921,-30437,-393276477,-393276477
9660,30151,291258660,291258660
-32238,16341,-526801158,-526801158
32717,29413,962805142,962305121
-19704,5588,-110105952,-110105952
1499,1892,2836108,2836108
-29665,26036,-772357940,-772357940
25830,-5518,-142529940,-142529940
-25129,20100,-504771300,-505092900
2526,-24604,-62149704,-62149704
12217,-21622,-264155974,-264155974
7938,23585,187217730,187217730
20507,5937,121750059,121750059
-28220,8105,-228723100,-228723100
-13082,-4374,57220668,57220668
2967,-23887,-70872729,-70872729
12663,20252,256451076,256451076
-1677,25795,-43284010,-43258215
-14533,5113,-74307229,-74307229
-30363,-24081,731171403,731171403
-25580,-10402,266083160,266083160
-22767,21095,-480269865,-480269865
31525,-2696,-84991400,-84991400
-1165,14109,-16451094,-16436985
-4067,-29332,119263912,119293244
-2637,-14524,38314312,38299788
19092,30387,580148604,580148604
-16265,16950,-275691750,-275691750
-28005,20845,-583764225,-583764225
18546,-23877,-442822842,-442822842
-27383,30546,-836441118,-836441118
14490,-23016,-333501840,-333501840
-8273,1157,-9571861,-9571861
-38,-14601,554838,554838
-17668,-10491,185354988,185354988
-15468,16776,-259491168,-259491168
13358,-30489,-406784238,-407272062
30661,4579,140396719,140396719
6828,29976,204676128,204676128
-15561,-3812,59379524,59318532
-2405,-17441,41945605,41945605
4997,24834,124095498,124095498
5704,13276,75726304,75726304
-28082,-26623,747627086,747627086
-31358,31660,-992794280,-992794280
12412,-26588,-330010256,-330010256
3448,-4100,-14136800,-14136800
-26656,6561,-174890016,-174890016
15667,-21700,-339605000,-339973900
13072,-26882,-351401504,-351401504
24139,-29786,-719004254,-719004254
11988,20011,240212044,239891868
32479,11219,364381901,364381901
30714,15778,484605492,484605492
27520,-6753,-185842560,-185842560
-17933,7673,-137607582,-137599909
-21232,-10109,214634288,214634288
24573,27095,665832530,665805435
-28619,-8658,247921830,247783302
-27572,25049,-690651028,-690651028
9605,-27251,-261745855,-261745855
18932,-694,-13138808,-13138808
13546,22512,304947552,304947552
9719,-1487,-14452153,-14452153
18542,16802,311542684,311542684
-26805,-10068,269872740,269872740
-19980,11906,-237881880,-237881880
-14026,-12533,175988386,175787858
30983,-17153,-531451399,-531451399
-22834,-9817,224004306,224161378
26949,17681,476485269,476485269
-8195,-18700,153227800,153246500
5009,-6544,-32778896,-32778896
-9251,-7246,67025500,67032746
-17003,31436,-534506308,-534506308
-14387,-26932,387012840,387470684
30384,-25046,-760997664,-760997664
-28672,-11316,324452352,324452352
2799,-20689,-57908511,-57908511
-7168,20070,-143861760,-143861760
1570,-14708,-23091560,-23091560
10968,-30449,-333964632,-333964632
-19297,-15817,305220649,305220649
-28060,-17389,487935340,487935340
8414,15553,130862942,130862942
1652,-6612,-10923024,-10923024
6261,-27541,-172434201,-172434201
13380,-15609,-208848420,-208848420
9870,-7365,-72692550,-72692550
-31231,-13379,417839549,417839549
-26247,1742,-45722274,-45722274
11207,16034,179693038,179693038
30824,-26605,-820072520,-820072520
2274,6016,13680384,13680384
-27664,-2383,65923312,65923312
-11337,4245,-48125565,-48125565
30058,15690,471610020,471610020
-4577,-22422,102625494,102625494
26824,18267,490286280,489994008
-29282,7144,-209190608,-209190608
31735,-20763,-658913805,-658913805
-26568,25507,-677669976,-677669976
30822,-10848,-334357056,-334357056
-17841,15589,-278123349,-278123349
-4914,-12050,59020900,59213700
25434,9304,236637936,236637936
8908,-31928,-284925472,-284414624
-17209,21980,-378253820,-378253820
10602,-31917,-338384034,-338384034
-19470,-13196,256926120,256926120
-13525,11877,-160826457,-160636425
-3729,17611,-65671419,-65671419
-28231,-23645,667521995,667521995
-7267,14906,-108306996,-108321902
-13627,-17795,242492465,242492465
-18499,-5148,95227704,95232852
-31432,4272,-134277504,-134277504
22654,20663,468099602,468099602
-30911,1436,-44388196,-44388196
28735,9973,286574155,286574155
25455,-20979,-534020445,-534020445
28914,-4837,-139857018,-139857018
24144,-4286,-103481184,-103481184
32499,-8785,-285494930,-285503715
-29749,23913,-711005229,-711387837
-29794,-3856,114885664,114885664
-20296,22323,-453067608,-453067608
15891,-6450,-102490500,-102496950
24281,-1578,-38315418,-38315418
2536,15156,38435616,38435616
-8507,7713,-65614491,-65614491
4916,10267,50308300,50472572
15587,25312,394512832,394538144
18628,-21430,-399198040,-399198040
17932,9284,166480688,166480688
22729,-31910,-725792950,-725282390
-30745,32145,-988298025,-988298025
-21012,9942,-208901304,-208901304
19101,19392,370425984,370406592
28679,-11763,-337351077,-337351077
-25354,10063,-255137302,-255137302
-27791,-31374,871914834,871914834
18823,28411,534780253,534780253
-17113,-1509,25823517,25823517
-8978,16025,-143872450,-143872450
23982,-21180,-507938760,-507938760
-23860,29382,-700584408,-701054520
-25589,-9896,253228744,253228744
-22895,-23128,529515560,529515560
27036,31607,854526852,854526852
-18782,13426,-252167132,-252167132
28477,19949,568107622,568087673
23558,15087,355419546,355419546
6529,-12397,-80940013,-80940013
-6619,-26694,176687586,176687586
-27816,14747,-410202552,-410202552
23986,-7819,-187546534,-187546534
-13814,-30033,414875862,414875862
-28320,30357,-859710240,-859710240
27334,32232,881029488,881029488
2161,29979,64784619,64784619
-7753,-29298,227147394,227147394
5304,-19230,-101995920,-101995920
22499,-2273,-51137954,-51140227
-16078,-10569,170097486,169928382
-18253,-18543,338483922,338465379
-10314,13820,-142539480,-142539480
-19069,-30657,584628990,584598333
-7182,-6128,44011296,44011296
-19196,-6511,124985156,124985156
12595,-12252,-154105656,-154313940
-6187,4538,-28003998,-28076606
-12774,-29755,380090370,380090370
13089,-105,-1374345,-1374345
-31005,28625,-887546750,-887518125
19362,28962,560762244,560762244
-6603,-25851,171107769,170694153
-27425,-8594,235690450,235690450
14400,-5917,-85204800,-85204800
16885,-30804,-520125540,-520125540
-30450,-1744,53104800,53104800
15053,25632,386274240,385838496
-23340,9645,-224959980,-225114300
10777,13210,142364170,142364170
5674,-30887,-174758646,-175252838
-32288,28745,-928118560,-928118560
11751,-538,-6322038,-6322038
26625,22145,589610625,589610625
-3676,9631,-35403556,-35403556
-12922,-6833,88296026,88296026
12166,22391,272408906,272408906
22792,-11666,-265891472,-265891472
30054,-20365,-612049710,-612049710
30750,-24710,-759832500,-759832500
3312,3375,11178000,11178000
23315,-31247,-728492558,-728523805
968,2993,2945112,2897224
-5177,-32535,168433695,168433695
9313,1353,12600489,12600489
-12265,20223,-248035095,-248035095
-635,5539,-3517265,-3517265
32661,26732,873093852,873093852
-10180,6626,-67452680,-67452680
7163,3775,27040325,27040325
-16100,-21027,338534700,338534700
-27359,14647,-400727273,-400727273
-30822,12104,-373069488,-373069488
-26918,-23509,632815262,632815262
-20090,-18946,380625140,380625140
-29055,-11906,345928830,345928830
-29138,8227,-239849958,-239718326
-22618,-2662,60209116,60209116
11351,3152,35778352,35778352
-13675,3558,-48655650,-48655650
21910,-10869,-238139790,-238139790
-22228,-9943,221172092,221013004
-27855,-28094,783007874,782558370
-21569,-11294,243600286,243600286
12804,9459,121113036,121113036
-649,13820,-8969180,-8969180
17062,9935,169510970,169510970
-29452,-283,8334916,8334916
-29625,-2566,76017750,76017750
1427,-6035,-8605910,-8611945
-24976,-21836,545375936,545375936
-11474,28797,-330877530,-330416778
-15559,9238,-143734042,-143734042
8622,-11509,-99230598,-99230598
1291,-361,-466051,-466051
-9406,2888,-27164528,-27164528
12937,-28119,-363775503,-363775503
-20578,-11129,229012562,229012562
-10572,257,-2717004,-2717004
1552,-21814,-33855328,-33855328
16103,8683,139822349,139822349
4035,-13192,-53216528,-53229720
30143,-28610,-862391230,-862391230
-19179,12839,-246239181,-246239181
17803,-21186,-377174358,-377174358
-23993,-25854,620315022,620315022
15445,-28643,-442391135,-442391135
18277,-32331,-590913687,-590913687
-22747,6485,-147514295,-147514295
-13626,8543,-116406918,-116406918
-28785,-7794,224350290,224350290
6900,30587,211050300,211050300
-15835,17357,-274848095,-274848095
-7090,16196,-114829640,-114829640
-12817,24099,-308876883,-308876883
-28079,-2945,82692655,82692655
-1432,3476,-4977632,-4977632
21443,-11479,-246132718,-246144197
22333,-5269,-117677846,-117672577
3254,-10493,-34144222,-34144222
-21440,21947,-470543680,-470543680
29345,-16529,-485043505,-485043505
-30270,26166,-792044820,-792044820
-5510,923,-5085730,-5085730
14561,-985,-14342585,-14342585
-23522,-8087,190222414,190222414
-14110,-19536,275652960,275652960
-29723,21793,-647753339,-647753339
558,-7652,-4147384,-4269816
19123,6465,123623730,123630195
29462,-21406,-630663572,-630663572
20069,-21104,-423536176,-423536176
26080,-5970,-155697600,-155697600
-14858,19391,-288111478,-288111478
-6325,13584,-85918800,-85918800
-27106,-4679,126828974,126828974
-15853,-4846,76828484,76823638
28899,20722,598824356,598845078
-30824,11640,-358791360,-358791360
-16420,-3111,51082620,51082620
32050,-12087,-387194958,-387388350
-20864,3766,-78573824,-78573824
-19620,29939,-587403180,-587403180
11627,-24301,-282547727,-282547727
-3777,29617,-111863409,-111863409
-7973,25624,-204300152,-204300152
-14662,-5390,79028180,79028180
14919,-10811,-161289309,-161289309
-32639,-18954,618639606,618639606
26223,12450,326476350,326476350
10607,28508,302384356,302384356
20141,28861,581318262,581289401
-29809,30171,-899367339,-899367339
-24598,21633,-532128534,-532128534
13587,-7471,-101501006,-101508477
-15086,21845,-329553670,-329553670
28854,-27278,-787079412,-787079412
-6067,-20601,124965666,124986267
19120,9924,189746880,189746880
-526,24166,-12711316,-12711316
-28468,-3550,101004600,101061400
-22162,7961,-176431682,-176431682
-12864,6525,-83937600,-83937600
22536,28191,635312376,635312376
19797,28699,568154103,568154103
14557,-30991,-451166978,-451135987
6788,-26118,-177288984,-177288984
14044,26304,369413376,369413376
528,-4698,-2480544,-2480544
-727,-14648,10883464,10649096
-27708,-30296,839441568,839441568
-1607,9260,-14880820,-14880820
5602,18511,103698622,103698622
21885,-17191,-376242226,-376225035
-27163,-14329,389218627,389218627
-771,-30109,23183930,23214039
-7903,25592,-202253576,-202253576
-24662,19279,-475458698,-475458698
-31897,13863,-442188111,-442188111
-23085,30423,-701858610,-702314955
-14530,7625,-110791250,-110791250
14981,20100,301118100,301118100
-17727,-19959,353813193,353813193
20027,-13657,-273508739,-273508739
11217,21753,244351449,244003401
-30038,-22483,675344354,675344354
-24681,8155,-201273555,-201273555
23943,26545,635566935,635566935
26373,-4730,-124744290,-124744290
-4189,15712,-65833280,-65817568
-28836,23321,-672484356,-672484356
11562,9868,113935928,114093816
-8351,-15687,131002137,131002137
-15000,-6789,101835000,101835000
-5817,17802,-103554234,-103554234
8681,-3747,-32527707,-32527707
-3340,-18015,60170100,60170100
27715,-31255,-866201070,-866232325
3505,-17372,-60888860,-60888860
-26766,-24175,647068050,647068050
480,-21161,-10157280,-10157280
19216,-819,-15737904,-15737904
23759,-23101,-549226275,-548856659
-4020,5746,-23098920,-23098920
27203,-32459,-882949718,-882982177
-17945,10886,-195349270,-195349270
14030,-9265,-130136190,-129987950
-29653,13468,-399582092,-399366604
-28792,4833,-139151736,-139151736
6934,-4074,-28249116,-28249116
-691,16570,-11433300,-11449870
-13147,-10151,133455197,133455197
-12534,17469,-218956446,-218956446
-12147,11369,-138087874,-138099243
3641,-18854,-68647414,-68647414
3649,-6956,-25382444,-25382444
-30684,-2763,84779892,84779892
14744,-16769,-247242136,-247242136
-13818,6701,-92594418,-92594418
-18964,13874,-263106536,-263106536
8092,1394,11280248,11280248
-19702,-30609,603058518,603058518
-28340,19831,-562010540,-562010540
7886,-20346,-160774092,-160448556
-4502,21475,-96680450,-96680450
-24132,27473,-662978436,-662978436
-15423,12097,-186572031,-186572031
-22407,13228,-296399796,-296399796
23018,-16337,-376045066,-376045066
25456,16899,430180944,430180944
-16746,-24523,410662158,410662158
-18048,-25601,462046848,462046848
-16034,11269,-180687146,-180687146
22036,-3377,-74415572,-74415572
-6610,-32671,216478046,215955310
-22425,-13842,310406850,310406850
-32541,30795,-1002130890,-1002100095
-8858,23031,-204008598,-204008598
-25795,-20779,535973526,535994305
-8458,-24973,211221634,211221634
-589,-32213,19005670,18973457
22265,21783,484998495,484998495
14657,3362,49276834,49276834
-18448,-1426,26306848,26306848
-27180,11265,-306002460,-306182700
9361,-13459,-125989699,-125989699
8284,31413,260225292,260225292
-28384,-16680,473445120,473445120
-22746,21551,-490199046,-490199046
-23313,-27389,638519757,638519757
-19309,-10722,207041820,207031098
-12334,-13862,170752116,170973908
-27193,-8761,238237873,238237873
14572,-26959,-392846548,-392846548
21092,39,822588,822588
-12384,-1337,16557408,16557408
-16923,-23779,402412017,402412017
16131,-20216,-326084080,-326104296
23747,-9512,-225871952,-225881464
-3157,13552,-42783664,-42783664
-32540,-30667,997904180,997904180
5934,-16359,-96812562,-97074306
12921,17492,226014132,226014132
-26583,21342,-567675858,-567334386
16362,27921,456843402,456843402
9004,-22504,-202265952,-202626016
13015,7578,98748918,98627670
8796,15204,133734384,133734384
22990,12770,293786620,293582300
-15579,18152,-282790008,-282790008
-16936,17184,-291028224,-291028224
-4384,-14308,62726272,62726272
11357,-19691,-223650378,-223630687
21675,31358,679684650,679684650
13208,-26282,-347132656,-347132656
24165,-9030,-218209950,-218209950
7434,-10939,-81320526,-81320526
14364,9772,140365008,140365008
-3280,-253,833888,829840
-12101,22982,-278105182,-278105182
-30988,29956,-928276528,-928276528
-12184,10948,-133390432,-133390432
24309,21381,519750729,519750729
-22966,6958,-159797428,-159797428
-13738,29331,-402949278,-402949278
32051,26016,833396544,833838816
-10742,29934,-321551028,-321551028
16354,1348,22045192,22045192
19791,-19608,-388061928,-388061928
-25769,-18805,484586045,484586045
-18076,17927,-324048452,-324048452
-1296,-2931,3798576,3798576
26128,4002,104564256,104564256
-29241,-377,11023857,11023857
25632,-22486,-576361152,-576361152
14350,-13184,-189190400,-189190400
31841,27993,891325113,891325113
-20268,8052,-163069104,-163197936
15679,30981,485751099,485751099
23548,27927,657624996,657624996
-4461,-22584,100769808,100747224
26573,-2924,-77749160,-77699452
-24893,-27081,674154414,674127333
-16149,-19639,317150211,317150211
7110,-23968,-170412480,-170412480
4358,25080,109298640,109298640
-5081,-6962,35373922,35373922
-14794,32352,-479133120,-478615488
25496,15288,389782848,389782848
3637,17602,63736842,64018474
-31173,17067,-532029591,-532029591
-11661,-19919,232295378,232275459
9515,21590,205083410,205428850
-16580,-32691,542016780,542016780
-13727,-28742,394541434,394541434
16358,11314,185074412,185074412
-15468,-13466,208292088,208292088
-32441,-3528,114451848,114451848
6436,-22250,-143201000,-143201000
29013,-12433,-360718629,-360718629
-25690,-31933,820358770,820358770
-18864,32070,-604968480,-604968480
-11721,29190,-342603030,-342135990
-15047,30565,-459911555,-459911555
3867,22503,87019101,87019101
-16124,-726,11706024,11706024
22479,-13602,-305976990,-305759358
-25775,1977,-50957175,-50957175
32032,11581,370962592,370962592
-764,21294,-16268616,-16268616
1884,-27718,-52220712,-52220712
21656,24267,525526152,525526152
17471,-8371,-146249741,-146249741
-12920,25527,-329808840,-329808840
17317,-21727,-376246459,-376246459
20887,23343,487565241,487565241
-13397,21067,-282234599,-282234599
-29084,1710,-49733640,-49733640
26692,-3966,-105860472,-105860472
-3821,-8188,31294536,31286348
27116,25226,684028216,684028216
-23704,8904,-211060416,-211060416
-10111,17556,-177508716,-177508716
-27863,-13266,369842814,369630558
-32023,-3516,112592868,112592868
27174,-26709,-725790366,-725790366
-2676,-30316,81125616,81125616
-26440,-409,10813960,10813960
31056,-7344,-228075264,-228075264
17938,16628,298273064,298273064
6679,-25243,-168597997,-168597997
24891,22588,562237908,562237908
-22168,4269,-94635192,-94635192
-27383,547,-14978501,-14978501
-21164,24461,-517692604,-517692604
19703,-17955,-353767365,-353767365
30004,24562,736565256,736958248
-19410,-17572,341353672,341072520
2894,-20713,-59943422,-59943422
-17518,222,-3888996,-3888996
14852,-21860,-324664720,-324664720
2357,18706,43790746,44090042
-27997,28240,-790663520,-790635280
3331,4035,13436550,13440585
23903,-10432,-249356096,-249356096
-3586,-29044,104151784,104151784
-23133,32358,-748569972,-748537614
-24346,-15232,370838272,370838272
14664,-16235,-238070040,-238070040
-13666,27982,-382402012,-382402012
-23867,-17175,409915725,409915725
-10193,969,-9892521,-9877017
12788,19050,243611400,243611400
-1603,-16036,25689672,25705708
-4983,2342,-11670186,-11670186
4926,-23217,-114366942,-114366942
-23861,21101,-503153345,-503490961
-9890,27752,-274467280,-274467280
-8532,17771,-151622172,-151622172
-20400,-28461,580604400,580604400
-4393,-17695,77451015,77734135
-13314,20433,-272044962,-272044962
-8503,20514,-174102318,-174430542
4180,-24034,-100462120,-100462120
30865,24871,767643415,767643415
12314,18319,225580166,225580166
18511,2770,51275470,51275470
-27619,-17448,481878864,481896312
-25849,9779,-252777371,-252777371
27152,14841,402962832,402962832
32224,21244,684566656,684566656
-25100,-17599,441734900,441734900
-18324,-5417,99261108,99261108
-10654,-405,4314870,4314870
-9206,2782,-25611092,-25611092
-31346,-32572,1021001912,1021001912
12800,-28687,-367193600,-367193600
-11174,31951,-357020474,-357020474
-13982,4622,-64624804,-64624804
-19878,-4240,84282720,84282720
26461,-3970,-105054140,-105050170
-14579,-28159,410501902,410530061
-25600,18938,-484812800,-484812800
-32709,-7341,240116769,240116769
-18658,-3192,59556336,59556336
3262,7961,25968782,25968782
-16808,-29623,497903384,497903384
21653,16041,347335773,347335773
-32529,29681,-965493249,-965493249
1182,912,1077984,1077984
-29833,-16105,480460465,480460465
-29759,-7175,213520825,213520825
9975,21030,209774250,209774250
3828,7241,27718548,27718548
24735,-15082,-373053270,-373053270
-32028,-21238,680210664,680210664
1695,29103,49329585,49329585
-28770,19829,-570480330,-570480330
-24002,30605,-734581210,-734581210
-25060,31930,-800165800,-800165800
-32062,-20838,668107956,668107956
-8462,30044,-254232328,-254232328
-20404,-18890,385431560,385431560
15640,13750,215050000,215050000
-1739,-5429,9527895,9441031
25348,29701,752860948,752860948
-6138,26365,-161828370,-161828370
-16887,-19953,336946311,336946311
-13390,1839,-24624210,-24624210
31557,11195,353280615,353280615
-21752,26528,-577037056,-577037056
-32011,-9804,313835844,313835844
22053,-7994,-176291682,-176291682
-31604,30836,-974540944,-974540944
22985,-27346,-628985346,-628547810
-5271,-31291,164934861,164934861
-938,23443,-21989534,-21989534
-7820,15386,-120318520,-120318520
20851,-11932,-248782200,-248794132
21646,-26418,-571844028,-571844028
8435,21358,180133372,180154730
-3809,22447,-85500623,-85500623
-2782,-529,1471678,1471678
9116,-2597,-23674252,-23674252
7677,-21839,-167679842,-167658003
5214,-21672,-112997808,-112997808
-23425,-1656,38791800,38791800
-19798,29810,-590178380,-590178380
21649,16582,358983718,358983718
-21714,4928,-107085440,-107006592
-16458,-23818,391996644,391996644
26597,-155,-4122535,-4122535
10259,-2411,-24732038,-24734449
4767,29538,140807646,140807646
-23849,-9237,220145421,220293213
-25313,28304,-716459152,-716459152
-2373,-21798,51726654,51726654
-20204,-21972,443922288,443922288
-19827,-31805,630565930,630597735
-18489,-23191,428778399,428778399
8576,15946,136752896,136752896
-8471,-26612,225430252,225430252
19515,30756,600203340,600203340
4919,-32131,-157538293,-158052389
1374,-28245,-38808630,-38808630
372,8147,3030684,3030684
-11402,-24709,281732018,281732018
4969,-6205,-30832645,-30832645
1034,-31813,-32894642,-32894642
30313,7162,217101706,217101706
-23329,-10914,254612706,254612706
5132,-19502,-100084264,-100084264
32756,-3322,-108815432,-108815432
-24676,27856,-687374656,-687374656
8291,-1846,-15303340,-15305186
31730,-14850,-471190500,-471190500
-10825,-15471,167473575,167473575
-9947,-2182,21704354,21704354
-22834,-5569,127073442,127162546
-23319,-182,4244058,4244058
25826,-12183,-314638158,-314638158
-30748,-26147,803967956,803967956
-26419,-29243,772073686,772570817
-4119,16446,-67741074,-67741074
-29146,-235,6849310,6849310
2143,12644,27096092,27096092
21831,-16700,-364577700,-364577700
-16469,27043,-445371167,-445371167
-18723,10978,-205530116,-205541094
-17397,-24406,424591182,424591182
15637,24521,383434877,383434877
28570,22038,629625660,629625660
14328,13842,198328176,198328176
750,-14338,-10753500,-10753500
-20448,19488,-398490624,-398490624
25891,-4991,-129216990,-129221981
29255,237,6933435,6933435
15773,-32056,-505651344,-505619288
4060,27481,111572860,111572860
-658,2415,-1589070,-1589070
-13784,27311,-376891800,-376454824
-13402,-17962,240726724,240726724
-18653,-26465,493678110,493651645
-26769,-29367,786125223,786125223
-25457,21079,-536608103,-536608103
2637,17023,44906674,44889651
2926,-19456,-56928256,-56928256
-27563,22373,-616666999,-616666999
19313,-25772,-497734636,-497734636
24499,1194,29250612,29251806
26994,-24701,-666778794,-666778794
21602,18437,398276074,398276074
13201,8218,108485818,108485818
9304,-8266,-76906864,-76906864
13081,14384,188157104,188157104
14363,17192,246928696,246928696
-18518,-14710,272399780,272399780
-17156,-20928,359040768,359040768
-14111,25320,-357290520,-357290520
-24610,8258,-203229380,-203229380
13561,27203,368899883,368899883
-30492,22220,-677532240,-677532240
-30574,-1243,38003482,38003482
-5679,-14119,79955897,80181801
3880,-4394,-16978416,-17048720
-6017,-19125,115075125,115075125
-11428,-7778,88886984,88886984
29753,6129,182356137,182356137
-23651,12748,-301490200,-301502948
14947,-22145,-330979170,-331001315
2386,-2369,-5652434,-5652434
-23511,-5521,129892567,129804231
21022,4767,100211874,100211874
-8523,5193,-44259939,-44259939
-30652,7439,-228020228,-228020228
-10599,9798,-103849002,-103849002
31970,29312,937104640,937104640
14060,-9785,-137577100,-137577100
-18950,12648,-239679600,-239679600
28118,-22380,-629638920,-629280840
-32261,12300,-396810300,-396810300
-23567,-11677,275191859,275191859
-4656,4892,-22698880,-22777152
-15018,21144,-317540592,-317540592
-15844,12504,-198113376,-198113376
-32603,-6986,227764558,227764558
-28753,-23056,662929168,662929168
16876,902,15222152,15222152
-25396,19681,-499503780,-499818676
12991,-5040,-65474640,-65474640
-1430,-14339,20504770,20504770
15961,-25790,-411634190,-411634190
29675,27613,819415775,819415775
5656,-12963,-73318728,-73318728
-27782,22383,-621844506,-621844506
8257,-1036,-8554252,-8554252
-23394,25700,-601225800,-601225800
-29628,25391,-752284548,-752284548
-19435,13347,-259398945,-259398945
18300,131,2397300,2397300
-28260,8456,-238966560,-238966560
-2403,-28764,69091128,69119892
-15443,17190,-265447980,-265465170
3532,-29211,-103640628,-103173252
-26408,31034,-819545872,-819545872
-19296,13165,-254031840,-254031840
7623,24596,187495308,187495308
-10004,-32420,324329680,324329680
6795,21025,142864875,142864875
9395,12083,113507702,113519785
8508,27738,235994904,235994904
1287,-17522,-22550814,-22550814
31136,-30394,-946347584,-946347584
-22711,24994,-567638734,-567638734
11981,18000,215964000,215658000
-2168,7285,-15793880,-15793880
4480,289,1294720,1294720
-25501,-21941,559539382,559517441
-22237,-12229,271948502,271936273
2637,-31684,-83582392,-83550708
17722,-27252,-482959944,-482959944
26483,-5264,-139401248,-139406512
-5079,-5843,29770085,29676597
-24259,-11020,267323160,267334180
29201,10766,314377966,314377966
25504,168,4284672,4284672
24003,29119,698914238,698943357
6712,-4819,-32345128,-32345128
-1178,-25586,30140308,30140308
-3479,-12186,42395094,42395094
23025,18616,428633400,428633400
-10387,-22168,230236848,230259016
16387,-12065,-197697090,-197709155
29862,13411,400479282,400479282
15937,20356,324413572,324413572
13832,-4492,-62133344,-62133344
-24892,-24144,600992448,600992448
18927,4319,81745713,81745713
28338,25239,715222782,715222782
-26294,-25952,682381888,682381888
30886,-3749,-115791614,-115791614
-12197,17616,-214862352,-214862352
19434,26542,515817228,515817228
24570,-29226,-718082820,-718082820
11823,-24557,-289944499,-290337411
27812,-20767,-577571804,-577571804
12496,15336,191884032,191638656
-6600,-22896,151113600,151113600
7737,-28938,-223893306,-223893306
31405,12638,396909028,396896390
-31859,-16950,539993100,540010050
-27729,-14419,399824451,399824451
-21984,-25223,554502432,554502432
23136,-22277,-515400672,-515400672
-24094,-13027,313872538,313872538
-16340,-12498,204417288,204217320
12617,-22345,-281926865,-281926865
28406,-2439,-69282234,-69282234
-5917,19628,-116158504,-116138876
-11638,-25146,292649148,292649148
4623,-27486,-127067778,-127067778
5781,-724,-4185444,-4185444
-17900,7652,-136970800,-136970800
9741,4950,48222900,48217950
-20977,16146,-338694642,-338694642
-20393,-26010,530421930,530421930
31206,6737,210234822,210234822
7694,4161,32014734,32014734
26576,-30544,-812226048,-811737344
-24915,-20549,511957786,511978335
-31861,9983,-318068363,-318068363
6163,29605,182426010,182455615
-26158,20939,-547387338,-547722362
15901,6696,106479792,106473096
13368,9146,122263728,122263728
30271,7793,235901903,235901903
-23307,30978,-722004246,-722004246
-3988,-17381,69315428,69315428
-2626,-4566,11990316,11990316
-27096,-3748,101615776,101555808
-4537,-8234,37357658,37357658
5660,29788,168600080,168600080
7809,26835,209554515,209554515
-9723,-13890,135052470,135052470
-12243,25880,-317237040,-316848840
4177,10189,42559453,42559453
4827,29174,140822898,140822898
-23993,-30398,729339214,729339214
-20752,-5833,121046416,121046416
15635,-21477,-335771418,-335792895
13262,-6066,-80544348,-80447292
19336,3715,71833240,71833240
-5978,19568,-116977504,-116977504
-1037,-5317,5519046,5513729
-8411,-20049,168632139,168632139
14557,15486,225445188,225429702
-9091,28383,-258001470,-258029853
-21238,-15911,337917818,337917818
29423,-22652,-666489796,-666489796
-14704,-3858,56728032,56728032
-4759,12394,-58983046,-58983046
-19870,3227,-64120490,-64120490
21590,-21708,-468675720,-468675720
23337,3453,80527413,80582661
30252,28818,871341048,871802136
27571,-20409,-562676130,-562696539
-7715,-25001,192857714,192882715
20713,29153,603846089,603846089
-9024,4131,-37278144,-37278144
13450,-30002,-403526900,-403526900
30460,25311,770973060,770973060
2458,-1330,-3269140,-3269140
32038,-4415,-141447770,-141447770
29897,31536,943336368,942831792
30997,-10993,-340750021,-340750021
-6976,-29743,207487168,207487168
-18034,-5032,90747088,90747088
-31346,25154,-788477284,-788477284
18393,-10912,-200704416,-200704416
16944,516,8734848,8743104
-4124,-6035,24888340,24888340
-14223,8794,-125077062,-125077062
16122,17468,281619096,281619096
-31486,16807,-529185202,-529185202
-32584,-15032,489802688,489802688
-24277,-26160,635504880,635086320
-16055,1439,-23103145,-23103145
2272,9878,22442816,22442816
-12916,24327,-314207532,-314207532
27544,-22936,-631749184,-631749184
12083,-3434,-41434644,-41493022
12735,-27745,-353332575,-353332575
12925,-26483,-342319258,-342292775
-31207,11163,-348363741,-348363741
-6502,-4452,28946904,28946904
23534,26301,618967734,618967734
5969,20559,122716671,122716671
22103,1465,32380895,32380895
18958,-9508,-180252664,-180252664
-6007,-32214,193509498,193509498
-11299,26885,-303746730,-303773615
14952,6644,99341088,99341088
-17553,-26803,470473059,470473059
14414,-15784,-227510576,-227510576
-13357,-16842,224705964,224958594
-28593,16709,-477760437,-477760437
-27169,436,-11845684,-11845684
-21295,3274,-69667446,-69719830
24561,13482,331131402,331131402
-17951,24629,-442115179,-442115179
14627,-1919,-28067294,-28069213
-24055,15815,-380429825,-380429825
-4990,-22343,111491570,111491570
5897,22913,135117961,135117961
2141,24974,53494308,53469334
31819,13046,415110674,415110674
-10413,-904,9414256,9413352
1129,1957,2209453,2209453
25126,5822,146283572,146283572
-26473,-12081,319820313,319820313
31480,4041,127210680,127210680
-6565,19775,-129822875,-129822875
-22521,-899,20246379,20246379
22862,-2823,-64539426,-64539426
15226,-16311,-248351286,-248351286
7259,2135,15497965,15497965
15195,-3552,-53972640,-53972640
6979,-32391,-226024398,-226056789
29791,-3806,-113384546,-113384546
1218,6793,8273874,8273874
30593,-10720,-327956960,-327956960
16688,21200,353446400,353785600
-30183,-32585,983513055,983513055
-273,25608,-6990984,-6990984
-17026,-30659,522000134,522000134
11144,19694,219469936,219469936
-9523,20020,-190310120,-190650460
28101,-14457,-406256157,-406256157
28403,-5253,-149195706,-149200959
13481,20236,272801516,272801516
-15230,15612,-237770760,-237770760
-20844,7937,-165438828,-165438828
-5506,-9214,50732284,50732284
-14989,13919,-208645810,-208631891
-21336,10747,-229297992,-229297992
8789,20317,178566113,178566113
-27795,15578,-432974932,-432990510
13365,-6733,-89878817,-89986545
-4860,-2863,13914180,13914180
10580,13559,143454220,143454220
-14624,-5231,76498144,76498144
-5628,15327,-86260356,-86260356
-5633,32483,-182976739,-182976739
9004,-20216,-181701408,-182024864
-7103,-13903,98753009,98753009
17005,5917,100624502,100618585
76,-22451,-1706276,-1706276
28977,-22550,-653070550,-653431350
19744,-18905,-373260320,-373260320
-25206,23362,-588862572,-588862572
-27660,20650,-571179000,-571179000
28974,-4030,-116700740,-116765220
24683,-28037,-692037271,-692037271
23152,-6955,-161022160,-161022160
195,22986,4459284,4482270
-31608,29446,-930729168,-930729168
32525,15862,515927412,515911550
-9721,-26876,261261596,261261596
-22511,-25029,563427819,563427819
3015,3170,9557550,9557550
2536,-26981,-68423816,-68423816
32315,20604,665818260,665818260
-4624,1470,-6797280,-6797280
25200,-25214,-635392800,-635392800
24366,-32759,-797681650,-798205794
-23153,-4320,100020960,100020960
11186,27025,302301650,302301650
-4273,1335,-5704455,-5704455
-8418,-10182,85712076,85712076
-20720,22178,-459528160,-459528160
-14887,-21343,317733241,317733241
3862,9088,35097856,35097856
-6114,32289,-197414946,-197414946
-1369,26104,-35736376,-35736376
6495,-20585,-133699575,-133699575
8549,-10257,-87687093,-87687093
-8650,21546,-186717636,-186372900
-5170,-1616,8328864,8354720
-30623,20681,-633314263,-633314263
-31707,752,-23843664,-23843664
8173,15000,122610000,122595000
-9052,-2769,25064988,25064988
29228,28679,837770948,838229812
-25261,-30735,776427570,776396835
2689,4037,10855493,10855493
13146,14015,184241190,184241190
13991,-4532,-63407212,-63407212
-14050,16490,-231684500,-231684500
899,-20417,-18334466,-18354883
18958,-24436,-463257688,-463257688
14620,-20661,-302063820,-302063820
26221,5056,132578432,132573376
26067,715,18648630,18637905
-30984,4219,-130721496,-130721496
-11672,-29984,349973248,349973248
-9794,-9709,95089946,95089946
-28166,-7106,200147596,200147596
17663,26844,474145572,474145572
26752,26716,714706432,714706432
31855,31709,1010090195,1010090195
-5658,13635,-77146830,-77146830
-6482,-30713,199081666,199081666
23392,9145,213919840,213919840
-19878,-12163,241776114,241776114
-13819,-11275,155809225,155809225
-12926,20173,-260756198,-260756198
1877,-24925,-46784225,-46784225
-8738,-16992,148476096,148476096
-26180,-24225,634210500,634210500
21411,-25643,-549016630,-549042273
-12633,-18580,234721140,234721140
23104,8580,198232320,198232320
-19639,32476,-637796164,-637796164
-8206,20432,-167664992,-167664992
4262,20952,89297424,89297424
-30100,-9184,276438400,276438400
30457,19284,587332788,587332788
-13696,18575,-254403200,-254403200
11795,18381,216785514,216803895
-13286,-12498,166048428,166048428
17860,-7072,-126305920,-126305920
32094,27388,878990472,878990472
-30996,32739,-1014778044,-1014778044
-31919,-9969,318200511,318200511
32585,12098,394213330,394213330
20945,-27665,-579886065,-579443425
31640,-11312,-357911680,-357911680
3145,-10096,-31751920,-31751920
-31961,1993,-63698273,-63698273
-22555,-23576,531756680,531756680
26990,10427,281424730,281424730
-13905,-20584,286220520,286220520
-19524,20239,-395146236,-395146236
-8096,31652,-256254592,-256254592
-20315,23400,-475371000,-475371000
6472,16041,103817352,103817352
28218,-6635,-187226430,-187226430
23831,-2157,-51403467,-51403467
-18530,20039,-371322670,-371322670
23283,25414,591688748,591714162
5160,-21433,-110251352,-110594280
32156,-976,-31384256,-31384256
-10869,-8346,90712674,90712674
-4596,-191,877836,877836
1081,-32296,-34911976,-34911976
-25001,26939,-673501939,-673501939
28287,-4547,-128620989,-128620989
14130,-3365,-47493610,-47547450
-24439,17409,-425458551,-425458551
9716,7114,69119624,69119624
-6955,24413,-169401807,-169792415
-28059,7632,-214146288,-214146288
17975,-9952,-178727968,-178887200
27961,-2747,-76808867,-76808867
-27138,3075,-83449350,-83449350
24972,24376,608717472,608717472
22624,6841,154770784,154770784
-9928,-10950,108711600,108711600
-8020,-9345,74946900,74946900
345,-27051,-9332595,-9332595
13947,-5294,-73835418,-73835418
-14367,-25577,367464759,367464759
9817,-22899,-224799483,-224799483
-11127,-23498,261462246,261462246
15891,10803,171659670,171670473
-26375,10942,-288595250,-288595250
-14281,21117,-301909749,-301571877
15754,27198,428477292,428477292
-11805,-17656,208446736,208429080
-21144,24828,-524963232,-524963232
9593,-17342,-166361806,-166361806
-27013,-13939,376534207,376534207
20047,31067,622800149,622800149
25837,7909,204352742,204344833
-25349,-14490,367307010,367307010
17811,-25276,-450165560,-450190836
6466,17910,115806060,115806060
7732,16643,128417388,128683676
-29100,20181,-587267100,-587267100
-23073,-13906,320853138,320853138
-29850,35,-1044750,-1044750
15687,-21133,-331513371,-331513371
23098,14220,328453560,328453560
5736,10825,62092200,62092200
2752,-29496,-81172992,-81172992
7264,16348,118751872,118751872
25680,23849,612442320,612442320
-584,-23897,13955848,13955848
-2899,-14489,41989122,42003611
8478,-10688,-90612864,-90612864
1619,-23972,-38786696,-38810668
-18504,5181,-95869224,-95869224
-22213,-28929,642599877,642599877
-22506,22204,-499723224,-499723224
-23392,-6349,148515808,148515808
-23562,23297,-548923914,-548923914
-30238,-14648,442926224,442926224
4298,-25577,-110339178,-109929946
-25053,2888,-72355952,-72353064
8265,22778,188260170,188260170
-2650,20181,-53479650,-53479650
-16395,-29891,490062945,490062945
21410,-4652,-99599320,-99599320
-27694,-4448,123111744,123182912
18568,1168,21687424,21687424
3141,-106,-332946,-332946
8804,28572,251547888,251547888
22621,-1497,-33865134,-33863637
-5526,-14052,77651352,77651352
24937,-9670,-241140790,-241140790
27715,28351,785719614,785747965
-12245,24484,-300198324,-299806580
14149,32145,454819605,454819605
6025,-498,-3000450,-3000450
-27888,-12697,354093936,354093936
23054,-2026,-46707404,-46707404
-29499,285,-8407215,-8407215
-28908,18611,-538006788,-538006788
-3232,27734,-89636288,-89636288
23535,-22199,-522453465,-522453465
20294,13059,265019346,265019346
10996,-26523,-291646908,-291646908
-4422,10839,-47930058,-47930058
11184,20643,230871312,230871312
-9172,-3464,31827232,31771808
18725,-12117,-226890825,-226890825
-6881,-6262,43088822,43088822
11889,-12091,-143749899,-143749899
-27233,8805,-239786565,-239786565
19363,-12300,-238152600,-238164900
14326,-31848,-456254448,-456254448
-14800,1559,-23098144,-23073200
-10329,-23803,245861187,245861187
-28735,29705,-853573175,-853573175
16983,-8772,-148974876,-148974876
20943,-11221,-235180939,-235001403
1191,20832,24810912,24810912
30678,-24217,-743316598,-742929126
26804,-10313,-276429652,-276429652
11637,6151,71579187,71579187
32054,3250,104123500,104175500
24922,13686,341082492,341082492
3562,20124,71681688,71681688
-17070,-19639,335237730,335237730
-24228,-18013,436418964,436418964
-20658,4510,-93167580,-93167580
-30301,10112,-306413824,-306403712
24768,-31182,-772315776,-772315776
-11988,13672,-164118688,-163899936
-16617,4415,-73364055,-73364055
16426,15370,252221700,252467620
30665,28296,868149576,867696840
27329,24260,663001540,663001540
-3155,6795,-21431430,-21438225
-27250,29407,-801340750,-801340750
24330,20323,494458590,494458590
-12396,5861,-72652956,-72652956
-22224,2616,-58179840,-58137984
-7628,-22540,172295760,171935120
32241,1997,64385277,64385277
24382,15906,387820092,387820092
17112,-16361,-279969432,-279969432
-29506,-17731,523170886,523170886
11111,29777,330852247,330852247
31117,-19298,-600515164,-600495866
8012,7826,62701912,62701912
-3755,-29638,111290690,111290690
-13107,31577,-413342930,-413879739
32259,23234,749482372,749505606
-24749,764,-18909000,-18908236
28761,-281,-8081841,-8081841
-15516,-2434,37765944,37765944
-12116,4512,-54667392,-54667392
8423,20168,169875064,169875064
27238,-4470,-121753860,-121753860
27147,-14168,-384618696,-384618696
-13215,-19151,253080465,253080465
1702,-7770,-13224540,-13224540
16835,16358,275370572,275386930
9575,-11496,-110074200,-110074200
-11685,9841,-114992085,-114992085
-20053,-25996,521297788,521297788
20780,-13246,-275039944,-275251880
21089,-2736,-57699504,-57699504
17715,18787,332492326,332811705
31674,23831,754823094,754823094
-1026,31459,-32276934,-32276934
21775,3544,77170600,77170600
-32454,-1299,42157746,42157746
-13353,1333,-17778221,-17799549
-23619,9807,-231621726,-231631533
-30222,-538,16259436,16259436
-6090,6806,-41557436,-41448540
-1224,29637,-36275688,-36275688
-23800,-19577,465932600,465932600
20376,-23581,-480486456,-480486456
-9091,-30680,278881200,278911880
28825,-30322,-874031650,-874031650
24539,-754,-18502406,-18502406
2213,-8490,-18788370,-18788370
-17552,10028,-176011456,-176011456
-30228,9336,-282208608,-282208608
14143,-6181,-87417883,-87417883
5683,-27480,-155701680,-156168840
-7343,-11187,82146141,82146141
-23951,10693,-256108043,-256108043
-30637,20010,-613066380,-613046370
-10607,-24756,262586892,262586892
-18807,28817,-541961319,-541961319
8483,29482,250066324,250095806
-18757,5671,-106370947,-106370947
-21908,-7995,175154460,175154460
-27594,-9601,265083610,264929994
24977,-6973,-174164621,-174164621
7780,7296,56762880,56762880
-4016,14861,-59681776,-59681776
-8656,-2793,24220896,24176208
-15092,24556,-370599152,-370599152
8885,17107,151995695,151995695
2186,-29986,-65549396,-65549396
-2975,-24904,74089400,74089400
-21955,-17161,376752594,376769755
8472,26619,225516168,225516168
21867,-19879,-434694093,-434694093
13691,-18471,-252886461,-252886461
29974,-6719,-201395306,-201395306
31458,27204,855783432,855783432
13804,-28535,-393897140,-393897140
-227,7595,-1716470,-1724065
-32472,-19665,638876520,638561880
-29019,11638,-337723122,-337723122
1713,1229,2105277,2105277
-19132,-19817,379138844,379138844
12371,1918,23725660,23727578
-16684,-28989,483188652,483652476
11115,-3806,-42303690,-42303690
-19156,22688,-434974336,-434611328
-7206,-15488,111606528,111606528
27089,28314,767450970,766997946
668,13378,8936504,8936504
24969,-4708,-117554052,-117554052
-1577,-15186,23705346,23948322
-4774,-21420,102259080,102259080
-4166,-20813,86706958,86706958
6179,20312,125487536,125507848
-12021,-4574,54984054,54984054
-20656,11715,-241985040,-241985040
19888,16553,329206064,329206064
15056,24983,376543776,376144048
-13035,7790,-101542650,-101542650
2531,-14178,-35870340,-35884518
32707,-14127,-462037662,-462051789
10191,1005,10258035,10241955
19202,13904,266984608,266984608
24353,26584,647400152,647400152
-7465,10739,-79994811,-80166635
16260,4993,81186180,81186180
-21437,5710,-122410980,-122405270
4570,-7995,-36537150,-36537150
-9970,16254,-162052380,-162052380
-7791,28845,-224731395,-224731395
21500,-25304,-544036000,-544036000
32241,7218,232715538,232715538
-15414,-5398,83118404,83204772
28501,-390,-11115390,-11115390
-26438,-22221,587478798,587478798
1030,-2738,-2820140,-2820140
23,3589,82547,82547
18880,-25599,-483309120,-483309120
-7035,7309,-51418815,-51418815
1661,20091,33391242,33371151
-3736,-30188,112782368,112782368
-13161,10664,-140348904,-140348904
-28334,-10699,303145466,303145466
-6674,1533,-10231242,-10231242
-3399,15838,-53833362,-53833362
23304,-32186,-750062544,-750062544
985,-18428,-18151580,-18151580
-788,-887,698956,698956
26649,1681,44796969,44796969
21927,-29669,-650552163,-650552163
-26938,-24193,651711034,651711034
-20171,4533,-91507671,-91435143
-19835,-14452,286655420,286655420
6603,9652,63886588,63732156
-21431,29077,-623149187,-623149187
24118,9796,236103192,236259928
11824,23808,281124864,281505792
2118,11432,24212976,24212976
-23023,2352,-54150096,-54150096
26364,6233,164326812,164326812
16165,-21122,-341437130,-341437130
-31360,-31688,993735680,993735680
-7274,17582,-127891468,-127891468
11645,-12925,-150524550,-150511625
16458,-28584,-470435472,-470435472
-5384,3021,-16265064,-16265064
-15662,2618,-40961228,-41003116
2882,7340,21153880,21153880
-27456,-4882,134040192,134040192
-26091,-24745,645621795,645621795
-23215,14079,-326843985,-326843985
25971,-4629,-120215130,-120219759
-25172,-24370,613441640,613441640
-2455,9103,-22347865,-22347865
-5209,-22205,115665845,115665845
-26046,7216,-187947936,-187947936
-18348,-30015,550715220,550715220
23882,30223,721785686,721785686
-3266,17243,-56315638,-56315638
2999,-29997,-89961003,-89961003
18085,-29520,-533869200,-533869200
11980,31066,372667736,372170680
7824,-7292,-57052608,-57052608
6103,6406,39198314,39095818
-23016,-31638,728180208,728180208
-13286,2228,-29601208,-29601208
-12877,27289,-351427742,-351400453
7220,-23264,-167593856,-167966080
15087,21323,321700101,321700101
-27339,2531,-69235505,-69195009
24401,-18006,-439364406,-439364406
32471,4559,148108233,148035289
25565,-10044,-256784904,-256774860
-6641,22737,-150996417,-150996417
13303,-20876,-277713428,-277713428
-25978,15142,-393358876,-393358876
31754,-2109,-66969186,-66969186
9474,-10490,-99382260,-99382260
-21556,11446,-246546840,-246729976
-11658,1420,-16554360,-16554360
-5264,-29960,157709440,157709440
-20818,25355,-527840390,-527840390
9377,3690,34601130,34601130
-31406,19594,-615369164,-615369164
2979,30716,91472248,91502964
-7884,-8282,65427800,65295288
614,15066,9250524,9250524
4518,-2691,-12157938,-12157938
15603,-26279,-410004958,-410031237
8399,11003,92590245,92414197
-23556,-29540,695844240,695844240
-9299,-9696,90153408,90163104
-7185,-11918,85630830,85630830
-13358,9612,-128243304,-128397096
26214,-7072,-185385408,-185385408
15480,-7935,-122833800,-122833800
23878,583,13920874,13920874
15872,-21227,-336914944,-336914944
-20894,9391,-196215554,-196215554
-25990,-6709,174366910,174366910
2060,2079,4282740,4282740
-8375,-23220,194467500,194467500
-10668,10880,-116067840,-116067840
21879,-13961,-305452719,-305452719
18015,-14580,-262658700,-262658700
3044,-4991,-15192604,-15192604
17569,-10067,-176867123,-176867123
-13879,27229,-377475627,-377911291
30819,7510,231443180,231450690
8138,25118,204812172,204410284
21082,3146,66323972,66323972
22799,-21474,-489585726,-489585726
-81,-5953,482193,482193
-32365,-6397,207045302,207038905
26198,-22048,-577613504,-577613504
25142,28024,704131024,704579408
14086,3241,45652726,45652726
-29522,23493,-693560346,-693560346
-9054,-29312,265390848,265390848
18663,-29196,-544884948,-544884948
-32639,26400,-861669600,-861669600
-23812,-24879,592418748,592418748
5203,-26695,-138867390,-138894085
26701,-5264,-140559328,-140554064
16399,-10559,-173157041,-173157041
9681,-28568,-277023896,-276566808
29113,-22666,-659875258,-659875258
9541,27029,257883689,257883689
-12200,16254,-198298800,-198298800
29252,4222,123501944,123501944
20214,-24917,-503672238,-503672238
-9243,-6876,63554868,63554868
-27645,32327,-893712242,-893679915
-5387,120,-646440,-646440
4333,24053,104245702,104221649
-5013,16672,-83576736,-83576736
-4781,30097,-143923854,-143893757
-4829,16592,-80139360,-80122768
5269,-15604,-82217476,-82217476
-18044,23525,-424485100,-424485100
13872,701,9713056,9724272
-9436,-20852,196759472,196759472
-17234,-20965,361310810,361310810
-24581,5137,-126272597,-126272597
-11641,1630,-18974830,-18974830
4680,10919,51100920,51100920
26578,1015,26992910,26976670
958,19797,18965526,18965526
8974,24928,223703872,223703872
-2549,-26812,68343788,68343788
29932,-24778,-741655096,-741655096
15954,-6877,-109715658,-109715658
-31130,-2797,87070610,87070610
-6473,-11559,74821407,74821407
17412,24104,419698848,419698848
-18797,-17599,330826002,330808403
23711,-25590,-606764490,-606764490
16732,-17114,-286351448,-286351448
14714,10666,156939524,156939524
-13333,-20429,272379857,272379857
1305,15852,20686860,20686860
25899,13334,345123922,345337266
-20590,-10015,206208850,206208850
-10030,-23157,231894198,232264710
-7476,-19439,145014940,145325964
-19407,7296,-141710208,-141593472
2156,20430,44047080,44047080
17088,30747,525404736,525404736
20708,-7409,-153425572,-153425572
-28813,21187,-610482218,-610461031
-23467,27846,-653462082,-653462082
26485,2560,67801600,67801600
-19511,-22237,433510315,433866107
21607,-18104,-391173128,-391173128
-7048,4299,-30299352,-30299352
-22617,15509,-350767053,-350767053
26755,-6800,-181927200,-181934000
26579,11998,319074812,318894842
10231,7360,75300160,75300160
24839,-5057,-125610823,-125610823
-12170,30254,-368191180,-368191180
8706,-27909,-242975754,-242975754
-12971,28545,-370257195,-370257195
-2124,-996,2115504,2115504
19341,16811,325158362,325141551
-6043,-14885,89950055,89950055
13907,-5926,-82406956,-82412882
-14594,19349,-282379306,-282379306
14520,8760,127195200,127195200
6795,-22915,-155707425,-155707425
-16357,27488,-449621216,-449621216
12696,-17975,-228210600,-228210600
-1327,-1302,1706922,1727754
5755,6278,36129890,36129890
-11817,-11485,135534485,135718245
-26338,9440,-248630720,-248630720
-4128,-21690,89536320,89536320
15985,-1541,-24632885,-24632885
-15964,332,-5300048,-5300048
22787,28981,660361066,660390047
29882,4546,135843572,135843572
-3080,9956,-30664480,-30664480
-2078,-10610,22047580,22047580
-11046,31340,-346181640,-346181640
-4343,3380,-14679340,-14679340
-28569,-31543,901151967,901151967
-12564,12927,-162414828,-162414828
27649,9305,257273945,257273945
-16982,-31982,543118324,543118324
30905,-3568,-110269040,-110269040
-22236,-2096,46606656,46606656
32431,19926,646220106,646220106
15734,19613,308590942,308590942
3272,20289,66710232,66385608
-6289,356,-2238884,-2238884
27739,-10900,-302355100,-302355100
-12194,20198,-246294412,-246294412
-21524,30749,-661841476,-661841476
-6145,12868,-79073860,-79073860
-27253,-25623,698303619,698303619
-10508,27063,-284378004,-284378004
-19214,21157,-406510598,-406510598
2957,27770,82143660,82115890
22778,-32569,-741856682,-741856682
-20917,31062,-649723854,-649723854
-29831,-16907,504352717,504352717
-20250,-30010,607702500,607702500
5672,25729,145523224,145934888
-17862,24882,-444442284,-444442284
-30038,-27391,822770858,822770858
15077,29492,444650884,444650884
12610,10432,131547520,131547520
23041,-156,-3594396,-3594396
5466,-17606,-96234396,-96234396
1726,151,260626,260626
1134,-21912,-24848208,-24848208
-4792,13083,-62693736,-62693736
-29829,4358,-129994782,-129994782
30393,5337,162207441,162207441
-2954,-12915,38150910,38150910
-11896,-8226,97856496,97856496
19200,30245,580704000,580704000
-5827,-28613,166699338,166727951
24274,27961,679172690,678725314
27080,-7239,-196147944,-196032120
-18925,-13331,252302506,252289175
-16820,21346,-359039720,-359039720
-23787,27429,-652453623,-652453623
5315,7231,38425534,38432765
11953,-4760,-56896280,-56896280
22347,15449,345238803,345238803
9655,-21698,-209494190,-209494190
13165,28273,372242318,372214045
4519,-16554,-74807526,-74807526
4930,11357,55990010,55990010
15934,1821,29015814,29015814
9679,-18550,-179842250,-179545450
-17174,8202,-140861148,-140861148
20834,1181,24604954,24604954
21708,25935,563411940,562996980
18515,-10591,-196081774,-196092365
-27309,-3799,103750690,103746891
29185,-23094,-673998390,-673998390
-14581,-24951,363810531,363810531
-160,-21198,3391680,3391680
-2116,3915,-8284140,-8284140
-9749,-5483,53453767,53453767
-3471,-25931,90006501,90006501
-22176,6275,-139154400,-139154400
17783,23927,425493841,425493841
-8686,-18690,162341340,162341340
15348,13280,203821440,203821440
-22747,-527,11987669,11987669
-8659,-17788,154293112,154026292
-5213,-5485,28598790,28593305
-753,19721,-14849913,-14849913
22182,14350,318311700,318311700
8983,1622,14570426,14570426
22140,25984,575285760,575285760
-26065,-15660,408428460,408177900
6183,-21840,-135036720,-135036720
29082,8450,245742900,245742900
-30215,1676,-50640340,-50640340
29312,31251,916029312,916029312
20411,13779,281243169,281243169
11072,-5178,-57330816,-57330816
-9173,-20500,188374500,188046500
-6383,20025,-127819575,-127819575
22823,-19102,-435964946,-435964946
-20716,17388,-360209808,-360209808
-19606,16123,-316107538,-316107538
21865,9641,210800465,210800465
-27612,3039,-83912868,-83912868
24161,2955,71395755,71395755
27722,-26927,-746470294,-746470294
7530,-10270,-77333100,-77333100
25857,7142,184670694,184670694
-25916,8737,-226428092,-226428092
27113,-27718,-751518134,-751518134
-23905,19346,-462466130,-462466130
10155,-16743,-170025165,-170025165
-15951,26900,-429081900,-429081900
2215,6544,14494960,14494960
16616,23170,384992720,384992720
15115,-9499,-143577385,-143577385
12614,-17388,-219332232,-219332232
-21705,1260,-27368460,-27348300
23171,-5275,-122221750,-122227025
712,20391,14844648,14518392
19595,342,6701490,6701490
-20462,14144,-289414528,-289414528
20855,-9334,-194660570,-194660570
-8335,-1866,15553110,15553110
29452,5556,163635312,163635312
31048,-28206,-875739888,-875739888
-32669,2151,-70273170,-70271019
11513,-17720,-204010360,-204010360
1489,-10579,-15921395,-15752131
25785,-3702,-95456070,-95456070
19617,22284,437145228,437145228
19869,29242,581038540,581009298
25534,9796,250131064,250131064
-11614,14772,-171562008,-171562008
5083,-23698,-120456934,-120456934
-24282,182,-4419324,-4419324
-5303,-6466,34289198,34289198
9361,18315,171446715,171446715
13549,-12391,-167898050,-167885659
-30577,18364,-561516028,-561516028
-615,-2495,1534425,1534425
-18245,-836,15252820,15252820
4150,-18242,-75412428,-75704300
25091,9224,231430160,231439384
-1281,13396,-17160276,-17160276
-3668,15028,-55122704,-55122704
2368,16930,40090240,40090240
-28349,31191,-884264850,-884233659
17616,-32451,-572176032,-571656816
10843,-8999,-97576157,-97576157
31691,19436,616257252,615946276
28777,9232,265669264,265669264
13988,-17086,-238998968,-238998968
-14178,-13913,197258514,197258514
-14790,-19498,288375420,288375420
25356,1612,40873872,40873872
14060,-13884,-195209040,-195209040
10748,-9571,-102869108,-102869108
20829,22971,478485930,478462959
-13888,-69,958272,958272
-24335,-32189,783319315,783319315
-21280,-3300,70224000,70224000
29596,7685,227445260,227445260
1018,-3860,-3929480,-3929480
-11221,-13511,151823107,151606931
-19414,-3557,69112510,69055598
-28287,-7170,202817790,202817790
28244,-18829,-531806276,-531806276
13568,-32039,-434705152,-434705152
-25304,-18242,461887440,461595568
2979,-30722,-91490116,-91520838
27954,13425,375067650,375282450
8415,-29772,-250531380,-250531380
-13343,10189,-135951827,-135951827
16372,-5767,-94417324,-94417324
24511,19195,470488645,470488645
-2634,-16082,42359988,42359988
-26160,6668,-174328192,-174434880
-29079,-5392,156793968,156793968
-23209,-10399,241350391,241350391
5841,1511,8849927,8825751
27888,30575,852675600,852675600
22789,27581,628543409,628543409
-25277,-17836,450858408,450840572
-7400,14835,-109779000,-109779000
-23757,6966,-165609684,-165491262
-186,19400,-3608400,-3608400
-22814,-11026,251547164,251547164
-18271,15611,-285228581,-285228581
-26026,-6944,180724544,180724544
-8466,26893,-227676138,-227676138
9769,1177,11479281,11498113
-1100,-4544,4998400,4998400
-18930,-19452,368226360,368226360
23087,-22764,-525188244,-525552468
30343,11733,356014419,356014419
2337,11889,27784593,27784593
21668,27908,604710544,604710544
-11977,-7623,91422639,91300671
-1497,11744,-17580768,-17580768
16893,-8331,-140743914,-140735583
-10273,-5460,56090580,56090580
-23784,-287,6826008,6826008
5012,-7361,-36893332,-36893332
700,-8703,-6092100,-6092100
-26018,4257,-110758626,-110758626
11798,-10110,-119277780,-119277780
7611,12574,95700714,95700714
-20053,3354,-67257762,-67257762
837,-17220,-14413140,-14413140
-10927,21147,-231073269,-231073269
30800,-2657,-81835600,-81835600
-22321,18809,-419534745,-419835689
27735,-11967,-331904745,-331904745
-1586,19321,-30333970,-30643106
-30579,3838,-117358364,-117362202
19739,29887,589939493,589939493
14946,11763,175809798,175809798
-2841,-23825,67686825,67686825
-21413,25494,-545903022,-545903022
-752,28832,-21681664,-21681664
-13802,-21487,296563574,296563574
11280,14557,164202960,164202960
17358,-13621,-236651254,-236433318
5809,7130,41418170,41418170
32567,14117,459522467,459748339
7,-4185,-29295,-29295
-21745,10960,-238325200,-238325200
-1305,21270,-27757350,-27757350
-19407,-22845,443718435,443352915
-12453,-23938,298099914,298099914
18584,25418,472368112,472368112
2613,-1112,-2887864,-2905656
-12790,-8935,114278650,114278650
-1959,14224,-27864816,-27864816
30687,20705,635374335,635374335
-23339,-4049,94434827,94499611
10930,-17813,-194696090,-194696090
-9127,-30695,280153265,280153265
-26544,-10340,274464960,274464960
10805,5904,63698256,63792720
11198,8040,90031920,90031920
-9115,31315,-285436225,-285436225
3768,-11731,-44202408,-44202408
-562,19674,-10742004,-11056788
11635,-5535,-64394190,-64399725
22341,-5313,-118697733,-118697733
14083,9243,130159926,130169169
31077,28799,894986523,894986523
-28100,-671,18855100,18855100
-21268,-17830,379208440,379208440
28769,-20798,-598337662,-598337662
-355,25466,-9014964,-9040430
-17281,14113,-243886753,-243886753
15684,-14037,-220156308,-220156308
8137,20799,169574247,169241463
-3587,1481,-5310866,-5312347
1740,30949,54346444,53851260
26194,-2385,-62472690,-62472690
-24358,-5832,142055856,142055856
-21182,14285,-302584870,-302584870
-10636,-24278,258220808,258220808
-28725,8876,-254821084,-254963100
21793,22652,493655036,493655036
-27363,-10741,293895242,293905983
-31112,-28856,897767872,897767872
4086,11995,49011570,49011570
-25669,32660,-838349540,-838349540
2129,-15161,-32277769,-32277769
31968,9695,309929760,309929760
19452,-1538,-29917176,-29917176
-10921,15136,-165300256,-165300256
26152,-7289,-190505304,-190621928
5227,16435,85905745,85905745
-23662,25287,-598340994,-598340994
25241,28710,724669110,724669110
3669,4210,15446490,15446490
-20828,-15259,317814452,317814452
29701,19117,567794017,567794017
-23842,-1227,29254134,29254134
25129,11658,292767354,292953882
-21421,-29054,622394788,622365734
8867,-28006,-248301196,-248329202
-2210,-17301,38235210,38235210
-16080,6097,-98137312,-98039760
27730,-32635,-904968550,-904968550
2693,6518,17552974,17552974
-17230,-27040,465899200,465899200
-29907,-20411,610737942,610431777
20670,31525,651621750,651621750
-28738,-16741,481102858,481102858
21682,26601,576762882,576762882
8566,-9536,-81685376,-81685376
-18803,22926,-431054652,-431077578
3556,25123,89337388,89337388
8379,3778,31655862,31655862
-7765,29364,-228011460,-228011460
380,509,193420,193420
-6150,-6381,39243150,39243150
-32685,27922,-912658492,-912630570
11219,22991,258280894,257936029
-29591,20272,-599868752,-599868752
31675,10607,335976725,335976725
-11735,25047,-294327297,-293926545
25051,28279,708417229,708417229
-16897,8897,-150332609,-150332609
10823,2599,28128977,28128977
30587,-13274,-406011838,-406011838
-8087,-27608,223265896,223265896
-4147,24158,-99772540,-100183226
21550,27364,589256376,589694200
-12330,-28328,348830992,349284240
3357,-22089,-74174862,-74152773
-31303,-7716,241533948,241533948
22744,10685,243019640,243019640
15164,-30194,-457861816,-457861816
17452,-29843,-520342548,-520820036
-8751,-30160,263447600,263930160
-25775,10429,-268807475,-268807475
6308,-25576,-161333408,-161333408
-6313,7430,-46905590,-46905590
22655,15177,343834935,343834935
29816,17755,529383080,529383080
-13599,-23234,315959166,315959166
21066,16276,342870216,342870216
22301,-11582,-258301764,-258290182
19076,25538,487162888,487162888
-20512,-31514,646415168,646415168
-5548,-12485,69266780,69266780
14567,13179,191978493,191978493
32243,23558,759557036,759580594
9296,6808,63287168,63287168
3459,-21297,-73645026,-73666323
24142,14354,346534268,346534268
27092,6444,174683952,174580848
-28767,18284,-525975828,-525975828
6946,-17578,-122096788,-122096788
9385,-15307,-143656195,-143656195
29041,28706,833650946,833650946
19561,-5560,-108759160,-108759160
30095,-9883,-297428885,-297428885
-4018,-18207,73155726,73155726
-3236,19076,-61729936,-61729936
-17114,-6384,109255776,109255776
31096,-7074,-219973104,-219973104
7422,-3216,-23869152,-23869152
20953,-32429,-679484837,-679484837
16227,6309,102369834,102376143
-31111,-16492,513082612,513082612
3772,21910,82644520,82644520
-5978,-1664,9947392,9947392
13624,25556,348174944,348174944
273,18754,5119842,5119842
8960,-17354,-155491840,-155491840
7213,-29603,-213082394,-213526439
-208,-23789,5328736,4948112
17411,24947,434327270,434352217
-18360,3353,-61561080,-61561080
18952,9193,174225736,174225736
-1398,-18124,25337352,25337352
-19187,-5960,114348560,114354520
12811,9606,123062466,123062466
-11537,-27389,315986893,315986893
-29732,-30495,906677340,906677340
-20219,-16177,327082763,327082763
-4335,-7752,33604920,33604920
6148,-13962,-85838376,-85838376
3095,-4855,-15026225,-15026225
-26797,-14563,390259274,390244711
19997,10035,200679930,200669895
30589,-26137,-799530830,-799504693
-7701,-14296,110093496,110093496
-14644,-9457,138336996,138488308
-20214,-11775,238019850,238019850
20653,-5717,-118078918,-118073201
27015,-920,-24853800,-24853800
-23570,-8617,203102690,203102690
30261,-15165,-458665425,-458908065
1907,-26516,-50539496,-50566012
1213,26286,31911204,31884918
-30598,-19698,602719404,602719404
-425,-8279,3518575,3518575
-2302,-30785,70867070,70867070
4999,-6018,-30083982,-30083982
-9616,13746,-132181536,-132181536
-21837,-434,9477692,9477258
-32245,-27502,886801990,886801990
-3352,24772,-83035744,-83035744
-1945,17666,-34360370,-34360370
-9811,1639,-16078590,-16080229
2125,-24456,-51993456,-51969000
1585,-20616,-32346504,-32676360
16717,-14910,-249265380,-249250470
-5191,-10910,56633810,56633810
-5252,-29477,154813204,154813204
-20833,-19416,404493528,404493528
4992,-27562,-137589504,-137589504
16051,19157,307469850,307489007
-30838,13834,-426612892,-426612892
18790,21340,400978600,400978600
-11964,-28093,336104652,336104652
14220,18910,268900200,268900200
15961,-32728,-522371608,-522371608
13836,26337,364398732,364398732
-9561,-24690,236061090,236061090
12385,-21678,-268482030,-268482030
28863,18937,546578631,546578631
-10446,-11541,120741942,120557286
-29514,-25608,755794512,755794512
-28945,22232,-643505240,-643505240
31989,29079,930208131,930208131
-30284,29730,-900343320,-900343320
19479,26148,509336892,509336892
-20639,10462,-215925218,-215925218
-14751,-10502,154915002,154915002
-20949,11396,-238917140,-238734804
30472,-8052,-245360544,-245360544
-3191,373,-1190243,-1190243
-22336,23657,-528402752,-528402752
-22316,-8404,187409200,187543664
27323,-6038,-164976274,-164976274
-17810,-16384,291799040,291799040
-31054,-7986,247997244,247997244
-10801,25854,-278835390,-279249054
-30199,24689,-745583111,-745583111
25155,18385,462456290,462474675
-15962,17885,-285480370,-285480370
-27708,-24023,665629284,665629284
14231,10604,150905524,150905524
20662,30111,622153482,622153482
-19166,26154,-501267564,-501267564
17638,30863,544361594,544361594
-13494,7872,-106224768,-106224768
-8282,10714,-88733348,-88733348
-14990,10513,-157589870,-157589870
19029,-15090,-287147610,-287147610
-21211,8905,-188883955,-188883955
29237,17895,522909795,523196115
20398,26766,545972868,545972868
994,27046,26883724,26883724
14723,5914,87065908,87071822
26685,-22478,-599847908,-599825430
-19156,2276,-43635472,-43599056
-13263,17022,-226035138,-225762786
-12621,-9573,120830406,120820833
8221,13096,107675312,107662216
21570,-6610,-142577700,-142577700
3390,13263,44961570,44961570
-11791,19849,-234039559,-234039559
-780,-15602,12169560,12169560
-28551,-6702,191348802,191348802
7484,6822,51055848,51055848
-24636,19795,-487669620,-487669620
23342,15030,350589780,350830260
-14828,-7734,114679752,114679752
25054,-9584,-240117536,-240117536
-26698,-17316,462302568,462302568
-25222,30999,-781856778,-781856778
22780,-16935,-385779300,-385779300
14836,20511,304301196,304301196
6514,32151,209431614,209431614
8219,24518,201513442,201513442
-23285,22163,-516065455,-516065455
881,24141,21268221,21268221
-30917,27146,-839272882,-839272882
18590,-13750,-255612500,-255612500
2998,-28588,-85706824,-85706824
8143,-7476,-60996684,-60877068
16332,26152,427532896,427114464
29672,-25004,-741918688,-741918688
-4327,18442,-79798534,-79798534
-4401,-17117,75058045,75331917
-23667,21268,-503328488,-503349756
177,-17706,-3133962,-3133962
-21916,25058,-549171128,-549171128
-11362,-12099,137468838,137468838
4917,4029,19746129,19810593
20556,-1029,-21152124,-21152124
-23647,-18467,436689149,436689149
10328,-1589,-16411192,-16411192
-4673,31199,-145792927,-145792927
-14875,17918,-266530250,-266530250
14051,11323,159088150,159099473
20971,6414,134507994,134507994
-28215,28899,-814922901,-815385285
-17907,29918,-535711708,-535741626
-15153,-24116,365043892,365429748
-20905,4219,-88198195,-88198195
24650,-10086,-248619900,-248619900
-27473,27385,-752348105,-752348105
-20854,-3043,63458722,63458722
-25256,-16699,421749944,421749944
-17739,-28703,509162517,509162517
-20124,2177,-43809948,-43809948
21248,1927,40944896,40944896
32609,1475,48098275,48098275
108,29978,3237624,3237624
28708,11730,336744840,336744840
5010,-18144,-90901440,-90901440
-19196,-15947,306118612,306118612
-27744,27283,-756939552,-756939552
12892,-18261,-235420812,-235420812
19485,-6006,-117032916,-117026910
-25421,-11410,290065020,290053610
-12408,20157,-250108056,-250108056
22620,-30138,-681721560,-681721560
25196,31136,784502656,784502656
-26908,7515,-202213620,-202213620
5123,80,409760,409840
17200,-31670,-544217280,-544724000
-19715,17925,-353373450,-353391375
1172,32613,38222436,38222436
-14712,25159,-370139208,-370139208
19662,-31066,-611316748,-610819692
-25300,13461,-340778676,-340563300
17960,-10304,-184894976,-185059840
17038,21954,374052252,374052252
-9043,28234,-255291828,-255320062
-31549,8372,-264136600,-264128228
-17739,1674,-29695086,-29695086
-5318,-19004,101063272,101063272
19637,7353,144390861,144390861
-15137,-4743,71794791,71794791
-15973,-5031,80360163,80360163
7814,25295,197655130,197655130
658,29312,19287296,19287296
-16319,30404,-496162876,-496162876
-17777,27035,-480601195,-480601195
15795,16488,260411472,260427960
23404,20117,470818268,470818268
-9997,-24540,245350920,245326380
2557,24294,62144052,62119758
-23257,11889,-276502473,-276502473
-18959,-28030,531420770,531420770
27479,18864,518363856,518363856
2504,-22509,-56722680,-56362536
-18005,2669,-48055345,-48055345
29392,7558,222265664,222144736
-10094,20655,-208491570,-208491570
7277,10834,78849852,78839018
-10495,-19301,202563995,202563995
-3191,-12664,40410824,40410824
-32686,-27098,885725228,885725228
-23925,-15097,361195725,361195725
25058,3831,95997198,95997198
-26720,-30484,814532480,814532480
-15358,-689,10581662,10581662
-1345,21910,-29468950,-29468950
-18599,-2024,37644376,37644376
-17361,9807,-170416239,-170259327
843,25056,21122208,21122208
-30737,-17400,534823800,534823800
14204,20976,297943104,297943104
-14372,-28902,415379544,415379544
-25592,-23490,601156080,601156080
-22556,-9581,216109036,216109036
16779,-2454,-41175666,-41175666
4904,-25094,-122659472,-123060976
-3701,-22647,83816547,83816547
-18347,-29182,535402154,535402154
14180,-12823,-181830140,-181830140
805,12342,9935310,9935310
24904,18832,468992128,468992128
7236,-17671,-127867356,-127867356
30311,-19543,-592367873,-592367873
-2935,11498,-33746630,-33746630
19174,26779,513460546,513460546
13766,15901,218893166,218893166
25514,-30724,-783892136,-783892136
19230,28442,546939660,546939660
4001,-6371,-25490371,-25490371
24610,-1761,-43338210,-43338210
23445,10344,242515080,242515080
25498,-10071,-256790358,-256790358
4383,-22720,-99581760,-99581760
-426,-13667,5822142,5822142
-17183,31656,-543945048,-543945048
-24627,18482,-454842020,-455156214
-21615,-32167,695289705,695289705
29177,-27923,-814709371,-814709371
-5905,23949,-141418845,-141418845
23862,-24128,-575356288,-575742336
16710,24625,411483750,411483750
5248,13249,69530752,69530752
16773,-21321,-357617133,-357617133
-10,-16287,162870,162870
13203,6714,88638228,88644942
19167,-30542,-585398514,-585398514
9192,19001,174657192,174657192
-7131,-31073,221581563,221581563
-8422,-26985,227267670,227267670
30092,29859,898517028,898517028
-3753,6423,-24105519,-24105519
27522,-11302,-311053644,-311053644
-22658,-20717,469405786,469405786
-3357,-10230,34352340,34342110
2790,-2140,-5970600,-5970600
-2170,-31112,67513040,67513040
-6043,18922,-114345646,-114345646
9192,-27624,-253919808,-253919808
-12613,-15680,197771840,197771840
-7207,-32507,234277949,234277949
2025,15994,32387850,32387850
25965,-31042,-806036572,-806005530
-25435,23803,-605429305,-605429305
-27355,-24032,657395360,657395360
24160,30674,741083840,741083840
7055,-28269,-199437795,-199437795
-10724,-22639,242780636,242780636
26694,-13475,-359701650,-359701650
21384,-13535,-289432440,-289432440
-23137,-28256,653759072,653759072
-9321,32583,-303706143,-303706143
-16415,-9487,155729105,155729105
16658,8198,136562284,136562284
24674,26112,644287488,644287488
2891,-14545,-42049595,-42049595
-1963,-19887,39038181,39038181
-30580,21180,-647684400,-647684400
-20300,-2193,44517900,44517900
-14524,24388,-354211312,-354211312
29709,12198,362402580,362390382
-29011,17965,-521164650,-521182615
-3442,6824,-23488208,-23488208
27871,9448,263325208,263325208
-27596,13347,-368537364,-368323812
-21502,-10275,220933050,220933050
-31134,-18507,576196938,576196938
23976,-1721,-41262696,-41262696
-18487,-24256,448032576,448420672
18164,-6211,-112816604,-112816604
-12568,-22001,276508568,276508568
-1645,-17006,27991876,27974870
15633,21194,331325802,331325802
-17097,22486,-384802918,-384443142
11063,-10840,-119749480,-119922920
-24938,20767,-517887446,-517887446
-31383,11746,-368624718,-368624718
27796,1500,41694000,41694000
-1713,5844,-10010772,-10010772
-20056,-27799,557536744,557536744
-3715,3278,-12174492,-12177770
-18156,-11624,211045344,211045344
-26374,20234,-533651516,-533651516
-28906,25582,-739473292,-739473292
-8236,-10828,89006160,89179408
-373,-24770,9239210,9239210
27917,23697,661572846,661549149
-27068,-23568,637938624,637938624
-20022,25133,-502810798,-503212926
-24191,19093,-461878763,-461878763
-10994,8966,-98572204,-98572204
10436,12817,133758212,133758212
-15137,-26176,396226112,396226112
-639,-19446,12425994,12425994
12083,-32577,-393074082,-393627891
-22829,-3628,82769192,82823612
31852,22326,711127752,711127752
29890,-16739,-500328710,-500328710
-9012,21781,-195941876,-196290372
28980,-17156,-496906384,-497180880
14259,30932,441028456,441059388
26415,18355,484553645,484847325
15613,-32371,-505440794,-505408423
-7576,30921,-234257496,-234257496
21591,-6803,-146883573,-146883573
13016,12224,159107584,159107584
-20502,-7205,147716910,147716910
25422,1305,33175710,33175710
13610,30305,411966170,412451050
15800,21724,343239200,343239200
-27599,23243,-641855445,-641483557
19738,16231,320367478,320367478
14691,3691,54220790,54224481
-8477,-25811,218825658,218799847
20181,-13305,-268721085,-268508205
176,1962,345312,345312
-16337,-28835,471538755,471077395
32015,-8390,-268605850,-268605850
15228,4800,73094400,73094400
-7836,16146,-126520056,-126520056
10407,-11079,-115299153,-115299153
30336,532,16138752,16138752
-18156,4403,-79940868,-79940868
19725,-14678,-289538228,-289523550
-10721,-15583,167065343,167065343
10836,-6802,-73706472,-73706472
10967,-22767,-250049961,-249685689
-24183,32211,-778958613,-778958613
9436,14005,132151180,132151180
-1238,26499,-33229746,-32805762
-3671,-19770,72575670,72575670
17295,16553,286284135,286284135
31015,4680,145150200,145150200
17716,26347,466341900,466763452
27107,6047,163909982,163916029
-28944,-3012,87179328,87179328
11966,14195,169857370,169857370
27545,-14776,-407004920,-407004920
-3217,-20271,65211807,65211807
-7118,30897,-220419198,-219924846
-22871,-32367,740265657,740265657
-13495,26067,-351774165,-351774165
-3507,24932,-87411592,-87436524
-22648,-21692,491280416,491280416
17258,-11882,-205059556,-205059556
-14558,8912,-129740896,-129740896
-15496,2290,-35485840,-35485840
13612,27170,369403320,369838040
24980,2241,55980180,55980180
-17028,-8489,144550692,144550692
-14809,-30377,449852993,449852993
-4831,-26068,125934508,125934508
25277,1592,40242576,40240984
3863,31496,121669048,121669048
24434,-16591,-405384494,-405384494
11846,6804,80600184,80600184
-22835,-21123,481984614,482343705
7011,-10984,-76997840,-77008824
-6063,-29364,178033932,178033932
23765,-14244,-338736564,-338508660
-28746,-9787,281337102,281337102
16426,-12738,-209030580,-209234388
-15356,-12061,185208716,185208716
-11202,-31306,350689812,350689812
31110,27695,861591450,861591450
-7008,17926,-125625408,-125625408
21715,27343,594163390,593753245
-1952,12611,-24616672,-24616672
-14633,18653,-272650901,-272949349
25032,7932,198680736,198553824
-1745,16263,-28639143,-28378935
10280,-21201,-217607064,-217946280
-10330,18662,-192778460,-192778460
6213,13632,84695616,84695616
3900,9738,37978200,37978200
-15481,-10697,165600257,165600257
2691,21299,57294310,57315609
28030,27375,767321250,767321250
-2387,1960,-4676560,-4678520
9935,-29058,-289156158,-288691230
-16347,16946,-277016262,-277016262
-17873,-24969,446670441,446270937
5385,-16733,-90107205,-90107205
-18575,-18858,350287350,350287350
23389,-1938,-45329820,-45327882
25683,-19774,-507835868,-507855642
-15792,11709,-184908528,-184908528
-12270,11480,-140859600,-140859600
14186,22023,312418278,312418278
-14229,-31416,447018264,447018264
26109,12953,338202830,338189877
-10739,-11674,125355412,125367086
-18773,15112,-283697576,-283697576
18478,-2050,-37847100,-37879900
23142,-20728,-479687376,-479687376
10310,-30453,-313970430,-313970430
14769,-31074,-458931906,-458931906
17041,-6366,-108483006,-108483006
645,-32471,-20943795,-20943795
9582,11445,109665990,109665990
7860,6447,50673420,50673420
6452,14062,90503032,90728024
-17387,-30089,523157443,523157443
11157,-24741,-276035337,-276035337
-13980,-11437,159889260,159889260
10537,-15069,-158540949,-158782053
-5607,-21078,118184346,118184346
-25299,-16137,408492018,408249963
-27872,-27227,758870944,758870944
-11483,29307,-336532281,-336532281
-4674,-14973,69983802,69983802
-9889,29541,-292130949,-292130949
-7294,15747,-114858618,-114858618
31494,8184,257746896,257746896
8602,-19345,-166405690,-166405690
16841,-28121,-474035697,-473585761
4954,-21858,-108284532,-108284532
31425,-22001,-691381425,-691381425
-6312,23312,-147145344,-147145344
13721,509,6983989,6983989
-30215,-16013,483832795,483832795
13994,-2627,-36762238,-36762238
-24142,-26714,644929388,644929388
4614,-24982,-115266948,-115266948
-24340,23715,-577223100,-577223100
3876,-8334,-32302584,-32302584
-20776,19536,-405879936,-405879936
14894,19726,293483428,293799044
-17911,24872,-445482392,-445482392
24997,18400,459944800,459944800
28468,22073,628020996,628374164
3662,-5910,-21642420,-21642420
14821,-21650,-320874650,-320874650
-28888,3755,-108534520,-108474440
17034,-26211,-446478174,-446478174
-5025,21371,-107389275,-107389275
30885,7499,231606615,231606615
-2061,5371,-11075002,-11069631
-30339,-3410,103452580,103455990
13840,28091,388779440,388779440
-8910,-26927,240350402,239919570
-1340,15331,-20543540,-20543540
-24205,17246,-417456676,-417439430
19489,5887,114731743,114731743
-15666,-3063,47935950,47984958
-1698,24250,-41176500,-41176500
-4907,27141,-132746631,-133180887
-29409,12215,-359230935,-359230935
-29436,7564,-222653904,-222653904
21102,25409,536180718,536180718
-12876,18663,-240304788,-240304788
22399,-27637,-619041163,-619041163
-26117,-5132,134032444,134032444
26334,9655,254254770,254254770
-24885,-17252,429039988,429316020
3351,10846,36344946,36344946
18732,15928,298108448,298363296
-27016,-31030,838306480,838306480
-15644,-22186,347077784,347077784
3579,-11864,-42461256,-42461256
-1423,-1313,1868399,1868399
16888,26462,446890256,446890256
-25959,-4854,126004986,126004986
-18249,26042,-475240458,-475240458
4476,-995,-4453620,-4453620
-15246,-23483,358021818,358021818
-31113,26228,-816031764,-816031764
29163,-14504,-422980152,-422980152
-5720,9922,-56753840,-56753840
-31200,9671,-301735200,-301735200
-6782,-1790,12139780,12139780
-27836,-10180,283370480,283370480
-7125,22040,-157387640,-157035000
-8054,-16105,129709670,129709670
5656,-32362,-183039472,-183039472
32730,31475,1030176750,1030176750
25258,28311,715079238,715079238
13844,24476,338845744,338845744
31539,-8141,-256620602,-256758999
-26647,-30052,800795644,800795644
-15315,20348,-311934840,-311629620
-5910,-10203,60299730,60299730
28684,-2434,-69816856,-69816856
14826,-6007,-89059782,-89059782
27249,-10946,-298267554,-298267554
21828,5622,122717016,122717016
23073,-23768,-548399064,-548399064
-14571,30650,-446601150,-446601150
-20070,-7957,159696990,159696990
-8934,-4683,41837922,41837922
-26221,-14793,387902046,387887253
-24269,5184,-125898624,-125810496
-951,21593,-20534943,-20534943
-8407,17980,-151445540,-151157860
-30227,16935,-511877310,-511894245
9694,-24452,-237037688,-237037688
-22516,3902,-87857432,-87857432
-17055,-695,11853225,11853225
-29883,-2567,76709661,76709661
-19681,-1479,29108199,29108199
6705,-3796,-25391444,-25452180
-11090,-3065,33990850,33990850
448,-16879,-7561792,-7561792
-21152,1457,-30818464,-30818464
-20740,-10144,210386560,210386560
-30685,2437,-74781782,-74779345
19316,32263,623192108,623192108
28881,-25495,-736729015,-736321095
-15049,-22143,333584295,333230007
14215,7934,112781810,112781810
-14675,5443,-79870582,-79876025
