8944
1080
4240476
-6842
-4924
4405441
-9826
-8360
8224939
-14391
-14941
2264474
-3735
6642
677318
-6284
-11170
6821588
3394
-7066
96801
-6306
-317
6625491
21451
-1018
61211
3059
6252
26429
5409
6217
293124
-9450
-4701
4437169
24316
26362
4231742
-427
-891
1052656
-9502
7670
4567741
8341
16966
4757320
6657
10692
5251376
-3987
6845
542662
-9633
3686
5548467
2503
-5063
3295529
15718
9248
1028197
-5218
25
876795
6140
2007
2114078
-10298
-6693
2345113
-12159
1764
577928
11408
3160
586856
486
6830
1507341
6014
6149
2707479
-3497
3185
1207761
-7485
7448
4209625
-10402
18928
2480275
-1643
9734
3672040
2598
-511
1534005
901
-12542
533272
-7363
-1277
4209622
525
3814
1058578
15425
-1302
43360
-10648
3048
3851414
17736
-8963
179202
-411
-8918
1836020
7831
-854
4855097
4274
6295
89613
3149
17195
28450
5045
11976
28444
4061
-6708
281402
874
23544
603671
7432
-1328
4338722
-1254
-12572
340723
-1937
-1951
2622951
-8715
-5757
5285804
5899
-7878
2119443
-3704
-1795
1721546
-1039
-9245
9724
1195
-1842
16143
-14472
10179
2789526
-583
-11510
1190382
9688
-13263
5679178
-6352
5500
6298836
-13532
8991
326324
2647
-14020
1207601
-11468
8403
65172
-4470
-4539
612091
-16026
-3733
1020037
-10766
14040
1173133
8322
409
4821577
-11280
472
58524
297
15927
138502
2157
-8171
2639654
-822
-5445
81643
19811
-11168
848677
17499
-5590
305923
-5431
14349
163322
12353
-249
51520
-6039
-245
2770406
1597
3357
3148566
-5311
2744
31216
-5111
-7303
157154
-17552
2272
570612
-9299
-2739
4239294
6875
817
4471611
14170
-3470
2480723
7545
1576
4862246
5921
-1309
2382100
-5007
267
550372
-1481
5782
1191413
14104
-107
2543698
9181
6509
4500314
-18742
-6837
2219739
10185
13904
6458714
-11926
12576
644743
440
-1817
1181710
-3327
-1682
29136
828
-7622
14870
-2008
154
2231526
-6230
-11068
6360799
606
-2949
1386515
6553
-1143
8257834
-5788
5444
2904804
1151
-3874
532743
-10535
-9933
2546074
5938
-6422
2186773
-3756
3042
24256
1544
12235
3277842
12946
-6101
652889
-155
-3528
791540
4228
-5179
545288
15394
-5080
371301
13549
5304
63310
6068
-2713
2117148
10888
4971
717946
-3004
-1863
27328
10009
8069
6721874
-11647
-4620
586136
4199
-5532
934149
-6087
6279
2247142
1732
4109
2103832
-273
17613
5631
-8732
-4025
5546668
-5561
-2357
1206769
-5166
-4903
93945
3252
-3799
32300
8990
-8971
4567123
-5321
2800
163317
1547
1608
3147539
12229
-6426
52088
-962
2496
76007
-19
-2383
2046
-1124
7288
795386
8574
2168
4821063
3424
-1287
815140
2070
-10305
2311201
-3168
-1209
288988
-1176
14848
668918
8899
-5543
4242265
6052
-2564
2378268
-5046
-1292
93923
1268
-8422
13836
-20736
-2528
53488
-472
-3009
1182966
13448
-6360
717898
5929
-14838
2252054
-14019
3677
2153382
-3934
-15769
350925
10645
-13844
3721064
3282
11608
97833
1272
2319
143374
-10123
9270
6850468
7751
-3652
5376305
-5039
229
28128
-14010
-4683
2349217
-1152
5292
532728
-7543
5631
4863450
661
-1677
538392
-8025
-6133
4594125
5273
-8199
946442
-15057
310
48519
-13753
7563
1239473
-6011
-11112
2642920
10390
12341
2872425
-3149
-2587
28637
-10513
7084
2151839
8111
2501
4197695
-6926
-3651
4273869
-63
-7398
2552
123
7915
525063
5122
-7012
90625
81
5053
3328
-3294
-872
359125
-16482
766
884987
-3007
-9693
27072
8331
970
4757323
14894
-14630
1158263
-16102
6434
365187
-8119
6549
4328898
2355
-2155
2121509
-888
-5144
668906
4290
-18659
88585
-2385
-281
2121183
6796
2689
4732474
18126
3180
2202651
-21765
7425
62463
10985
13029
193918
-546
-16328
1386731
6821
5278
4471612
-5118
8531
90849
2657
16962
1859892
-284
2662
267004
-2810
-5345
225473
-8858
5095
5222565
12990
-2636
129119
6118
5531
2572317
-829
-7060
15337
-731
-14801
277476
-3308
-2797
30416
-9023
-13285
4241832
20731
10453
54031
-5275
-15411
816116
-13448
1438
716982
650
14084
603675
1027
6682
8961
4865
1875
28944
-546
-5209
1386731
16639
5574
37135
-706
-10879
80103
-4452
-2653
807674
-5326
-2218
98037
2337
3835
2382116
-13621
-4714
65467
-11194
-10307
256129
-8444
-2837
4231856
14724
-5607
3703400
-16442
8104
231673
16962
-3484
1157649
2385
-5035
2120992
1368
2978
407554
2219
5215
2121519
1186
10196
342541
7261
-7381
4467490
3016
-8725
158778
1754
-6083
2431515
3924
-4028
24112
1380
-3121
799236
19808
-1828
847908
3754
4929
89663
-12408
-8962
705722
-10554
6659
2349209
2350
4854
2186279
13271
6295
191833
-8595
7408
5801910
-339
1163
8190
13972
-6671
2676312
12619
3332
57155
9795
17591
7375697
-2384
13077
2120924
13116
8047
64086
11499
22748
63343
-5359
-3066
30192
9463
18402
4371789
135
1575
659721
-6795
-8476
4732868
-15332
-4457
303746
13385
361
191810
-8980
7350
4241070
-12228
2338
51846
7949
917
4200242
-6310
-11250
6626003
7512
-2157
4601890
9768
-1298
7507030
11846
3019
1296497
-10081
8243
7115179
-4618
-6449
1271021
6222
1772
6360099
7290
7222
4792871
-20899
-10867
1362930
4531
579
1068813
-4997
-4856
549863
13475
5300
326477
8137
-859
4328762
17243
2973
310035
2092
8535
2117158
-9760
-6911
7635116
7110
-5724
4401209
-6448
15977
6298840
13535
621
325963
-15489
2233
569751
8093
14302
4981562
-2623
-4264
1075656
13301
12220
59228
4788
11327
32284
156
1494
791050
-2402
8402
2969819
4630
6416
1270801
7198
7782
4530211
-9940
5790
6332070
9739
1589
7374675
-2626
9430
1140943
-3396
9233
31454
7052
-1958
4728378
17218
6584
113169
-2375
5199
2251230
-4112
-2576
17660
1532
6963
1057294
-4196
-601
803578
-7314
2509
4797655
-5623
-6933
1205746
-8736
875
5546156
6167
13525
6423841
8234
-14350
4296263
-4989
-15000
553961
-12592
-8260
56504
1447
12150
1452301
4434
-3485
89601
3056
20718
25660
7017
9254
4863286
-1321
-2597
146937
5107
-1554
26397
-2487
3173
3296722
-6226
-5970
6360287
2814
-3391
94271
5437
3928
31494
1863
-7592
2234641
2068
6457
2115104
-1305
-17018
406013
-10050
-7961
6396079
6486
9627
6495265
9085
-8920
4764502
-7741
-7983
5245897
-2741
6648
32707
2626
-1482
1141297
3923
5686
24369
-541
15883
1319917
-7471
-9941
4210136
-7729
5127
5246411
-11389
-8155
582553
4788
4528
32284
-3302
1152
357075
14517
-167
2137964
6979
-10902
4209457
-926
21059
860901
4516
5826
1329676
1568
24907
3409940
-22150
18929
2740967
4657
-5726
1076500
8103
976
4589885
-3518
12534
1141457
308
-4119
7684
-7258
5022
4663517
7556
-5763
5775912
-5077
13335
28647
2217
320
2252078
-5863
1641
2511330
4742
3813
749593
9941
-8438
6332248
13454
16721
652363
6259
-4983
6817573
2369
-3108
2119968
-7651
-6934
5514194
-715
-1440
16356
-1777
4348
2102755
-4853
-7793
30691
8218
756
4555331
-6260
8959
6817498
-7439
1695
4208092
5996
-4737
2643478
6992
-10969
4209712
-5250
-5063
618743
14070
-10197
2348125
5703
1976
3295505
9418
-11967
4308555
13963
-9732
2676571
6136
588
2244638
-4311
14566
155126
2981
7356
289596
-4332
13289
22256
-5479
-4643
946682
-17074
-4744
113891
4721
6590
1598740
-4081
-5962
17859
1198
15295
80911
13537
1076
323916
2216
2843
2251822
-11153
1949
583047
-1107
-4362
12286
6809
-11758
5124410
20426
-2644
118331
3328
2140
28704
-4635
-13782
1336300
2489
8727
3295534
14602
-1689
2201187
6970
-1298
4274743
11090
4743
130673
-2848
-545
291020
-5039
12383
28128
8271
555
4230467
6676
11594
5252656
816
6372
15380
7068
-3428
4989498
2081
7181
2378020
-2031
9340
2098656
-6278
11379
6886103
3245
-2969
32558
9194
2016
4302431
7149
4661
4204350
-4567
5989
1199606
-17780
-6629
571130
-692
-5131
16098
13107
-8743
65365
-20594
-12028
640251
-11193
1023
190849
9825
3703
8159572
917
6379
534296
-15664
16
48280
7381
19237
4210472
-923
-5434
795620
-10092
-9582
6854312
8481
8086
4495684
-3474
-6376
1664215
-7649
-2271
5513683
3047
-8033
418109
16654
3402
103427
814
7782
80919
-1960
5484
2492642
-3311
4430
30160
11394
-2979
651881
-15988
-7099
1607306
5427
-6922
32517
10125
-7225
6850394
-12662
15371
644795
-15406
-15729
110233
1834
-997
2170391
723
-1583
16153
514
10078
1122833
6611
-1507
7343913
16972
5032
1093138
-2868
1144
32458
8996
7791
4504148
1289
-13186
144642
-8939
-13761
4241312
12582
11972
514117
7762
-4743
5312049
2012
5468
2361882
-5154
-3556
354555
-4892
2700
291564
-1732
-8061
2104038
-6801
-3946
4732359
152
875
921610
15576
-10134
440426
-17952
-11101
3440876
9806
-8511
7441491
-1569
3272
3410411
-279
10069
136702
-6635
-2846
7342032
-4319
-5543
285172
5156
-2543
289284
-1714
-8548
2170083
-5265
-5175
554487
9473
-12175
4239680
7135
6171
4467003
2927
5450
554295
934
-17848
469021
9898
-530
6397535
5364
13244
30220
-2962
-461
615623
7275
1020
4728615
1965
4299
2101022
-4324
3975
283378
10371
-11095
2675561
9227
7077
4237123
-13738
-12122
1305777
-6986
6352
4406477
-1161
13488
669173
-7079
-4511
4598210
-8353
9737
4495795
10751
-2373
3195247
-3102
4944
352989
-1710
3141
2170593
-18412
-2583
2131680
9574
8267
5222469
-3819
15177
22464
4825
-12530
424218
-150
-4998
595703
-4932
-4559
31470
4326
5000
479245
-2665
-639
1729993
-4173
11554
20477
7744
1706
5244976
-2061
-10492
2115549
6285
-7212
6821674
-4208
9411
541944
-2483
-13427
3166162
-698
-3351
211169
-2342
4234
2448091
4781
-13472
32542
-4208
-10506
541944
3747
3852
285501
-11585
4568
63903
6106
7741
2443803
-3765
1911
24515
8328
-1803
4887626
-5928
4564
2513130
9854
-14294
7962711
14009
-8341
2283870
-9894
5521
6658723
14478
12837
2724971
-14206
-11114
2740905
-14537
-820
2268565
5572
13317
1075720
-9783
13847
7507370
-20273
-3126
56779
-14182
7405
3003051
1508
5283
1319436
3387
-8923
31527
-14323
-669
2148258
-7495
-482
4340190
-2957
5805
550853
10598
-3602
3133541
3301
-3006
291628
-3
-2162
1022
4911
-2652
32023
-1215
-18934
14832
-4696
-5185
1207534
1711
595
2104607
1779
3030
2103069
-2322
1363
2184415
6154
5025
6358563
-6892
-1870
4208320
-1634
6165
3997931
-13945
-5674
3850665
-1101
3502
12285
2649
-12021
1468722
7785
2825
5899574
4902
-5241
489493
11349
-16049
61280
-5181
9606
27641
6130
-2269
2180637
13511
8444
194889
-1655
2826
3802602
-2470
-19428
3492563
10969
-967
457082
-13209
-9115
975269
-4163
-1448
19454
5433
1962
162054
2179
15947
2642729
-2493
2335
3165137
-8182
-716
4261571
-7173
-9893
4203487
-1068
6705
12024
-530
-2354
1123567
-1577
11345
3280361
-6348
-3254
6299348
-8245
9385
4231099
-12879
-4782
1109420
-1363
5394
16382
-13026
11482
389283
-3204
-9738
553686
1611
12625
3149587
9212
-8277
4235870
6715
-15713
5253943
-2871
-10503
163274
4607
777
1065231
-9131
-14093
4239264
-3706
5647
1786057
-4077
18585
18369
13043
-5425
63325
5860
3538
2380316
-1309
-3620
275453
-4820
3337
32486
13407
-2385
321859
-9810
-6709
7441583
8933
8345
4502364
10671
598
3198319
-10282
10801
2346137
2512
3486
3165224
-3575
4346
1205714
-2104
1406
2247898
-1788
-7233
2101984
3804
-2888
285242
5606
-6904
1531917
-7380
-1029
4210390
6781
8437
5776182
2943
10450
553271
12301
-4989
51010
2034
-7043
2164253
-517
17378
1057775
6878
-9495
4536379
6006
320
2839573
-2815
6356
29120
-5627
4758
1074160
2193
-2578
2643240
-4332
-6937
22256
-9055
5172
4503980
-2000
-6348
2100452
-6629
6171
7603155
4163
-822
19201
1181
8319
799498
13087
10160
323923
16047
7484
40319
3767
-13595
154941
-8507
-2966
4234168
-16903
516
1221102
-8155
434
4459460
3513
79
1206574
-12477
-12994
56241
6168
-1988
6684706
3275
-3151
32555
6295
6511
6952233
-6446
3569
6364889
-3746
1417
350403
-18586
5910
3133653
-2549
1999
3164115
-220
4821
269044
-1076
4899
12026
774
-379
208913
3646
-4495
1132599
-2115
-499
2116574
7604
-6057
5254700
-8349
642
5018549
-12173
245
575365
-7831
-7582
4855238
4286
-2648
88079
6209
520
6293792
1515
4838
1058575
-10608
4560
2675864
1997
-12179
2101018
2455
-5455
3818793
-8008
-5443
4331726
92
8509
264706
-5806
12447
2186977
-7362
10177
4274391
-9363
8706
4765622
-3939
1901
807882
371
-6118
530181
2118
10161
2312225
210
5224
73225
1778
15878
2168349
-4
-4730
766
13450
-4918
652875
9909
17174
6332252
-9204
6184
4236962
-3785
11477
155077
-11043
-4007
326538
-6937
-8696
4600269
3865
-4019
414002
-7202
-12366
4532443
6265
86
6947110
2825
9394
161074
-10308
-6474
2149022
8746
9269
5353047
9862
7094
7049305
-5099
-1219
26592
-21313
3782
63983
199
-4129
137481
-9516
-9411
4243128
-24433
1609
4756939
-7210
-8526
4402393
16719
-8497
40195
8108
-9415
4197950
-5970
-5079
2186479
-4242
9718
611575
-3352
-2813
160990
-4414
-7478
88825
-4131
3864
281594
-3004
7411
27328
-6168
2101
6423774
-9343
-10704
4759992
-6333
5364
6298577
-2150
11913
2966235
-7428
3226
4207326
904
-494
664602
3625
5292
1199414
7496
11047
4340770
5728
923
3948564
-1977
9331
2230753
-1761
-15221
2363875
4272
-9208
23564
1073
12208
11524
5414
6217
489477
22367
11742
2414867
40
-4687
134150
6808
-3793
5124154
-3721
10998
677317
-4087
-6728
148930
5446
-7802
227329
-17759
10765
309756
9541
-9265
4242240
6644
-12554
7341612
17511
11039
958725
-9984
11514
6328480
-1029
110
9215
10007
3369
6460753
-6999
9858
4341198
-10905
7714
979333
-10405
-999
2415507
12798
4390
1163343
5553
-3161
1076492
8275
-4979
4230977
696
-249
145438
-6301
-1670
7082965
4144
8070
19460
672
-3551
276508
5817
3836
2251038
-6591
-13319
7342544
4709
5703
1860372
-10222
-12032
6391457
-330
-1181
204029
-471
3298
1183222
-13121
1560
63919
-4148
519
20218
-883
-7509
538602
11309
-10236
61286
2959
592
550203
11906
4372
643705
-13409
7409
844219
-14224
16003
2671780
-5161
-15313
159225
3066
-227
90687
-3651
10100
1067982
9784
-8972
7506006
12805
-8190
1106768
936
-11531
142366
-4430
1387
89853
130
-2499
594441
-3258
-5750
227537
-2792
-3165
422082
-8018
-11070
4267215
-1896
4510
3018986
8004
-1755
4201008
-7920
12287
4199616
-4390
-10544
350971
1875
-4031
2105105
13962
4289
2741851
-2914
-4218
880843
2702
5861
619579
-16611
-12878
300018
-9043
5733
4243374
-2016
-5171
2361572
2236
-1694
2120238
5443
1909
31489
2290
-1939
2184749
3803
-20269
285499
-2722
-3734
358595
7468
-7700
4210214
6341
-2400
6298408
-17042
11254
636135
105
170
656646
3096
7510
417826
-10929
-9530
64899
3755
2384
24383
-8857
-3675
5157285
6189
7642
6295334
-6390
3443
6362835
8303
6370
4752711
-7886
-13036
4267717
3004
-3924
27198
2963
8735
550713
4625
3250
1074448
11554
-10977
391781
10095
-1102
6853975
-2658
1202
1925323
1284
-6133
12800
-13099
2678
65448
146
8278
595465
10229
12629
6326108
17853
13420
1092366
12409
-3900
704838
-14866
11627
1156239
7973
3659
4463412
-4690
-7935
1141999
-5174
4008
93947
3110
6084
485413
-571
-703
1059816
3197
8368
549670
-8067
7335
4719558
-2566
-8810
1139407
138
-462
595467
-9949
-11502
6593445
9135
-16487
4238687
2857
9550
163126
16849
-16162
1084680
3979
-3736
542523
3688
-6933
1721398
7780
4728
6029876
13598
-1716
389187
8214
11480
4424769
-12879
-16478
1109420
14501
-11673
2399084
-3753
10394
155073
23639
-14555
4369697
6303
7264
7082283
-2898
17179
97487
14860
-5623
1091186
-1171
16174
538614
-5564
-12436
1075952
16713
-2512
171266
3889
7448
23860
3096
-6393
417826
-1084
1490
11000
-15769
-2955
2007445
-11073
-3881
63887
-3846
-3718
86735
-12348
4381
51896
5006
6110
615451
-6258
-8960
6882523
-3568
5830
1074384
-14943
5892
1354124
-4940
381
32492
6061
-18980
2117406
-345
-5651
399869
10335
0
2410851
291
240
269061
8536
3080
4626498
-3695
949
1590728
1037
-2355
9986
6337
-6501
6297896
8736
-2321
5548116
560
-4248
1059860
14938
-5635
1419891
5935
8712
2120983
2311
498
2248993
1055
-5611
270595
-5735
4956
4080106
3550
3827
1402923
-4631
-9013
1205742
-6214
194
6359775
2358
-1132
2317349
15701
-2132
48992
2839
2590
161073
4729
14985
1728790
-16364
-13517
34432
-9126
-3763
4565667
3568
-6064
1074220
-8421
-1805
4494259
300
-5055
7686
9789
-3024
7375702
6661
-409
5251888
3922
990
89649
-2092
3432
2117336
4444
-16707
285186
-6465
-1767
6298079
8423
10120
4624717
12808
-9092
1238098
2523
-2381
3427115
1183
11935
798987
-17331
16795
45026
11074
417
129649
-5585
4344
1076727
9484
8699
4240962
-1339
-1382
15352
8571
-7507
4756295
-7131
3949
4467652
7223
4628
4336933
-8007
-12781
4331982
1825
-5137
2365716
-5570
12722
1140983
6653
-837
7340846
-2298
-3562
2314449
2028
-5604
2098718
-17261
-8951
571369
-7632
-1122
5254356
-6180
14289
6556378
5540
-7748
1337868
10191
8876
6327643
-6299
12676
7082964
4685
-14142
1077010
-5883
-9125
2118624
6734
24642
5319731
283
4361
267011
9411
-2801
4242249
-8862
9706
5092005
-9949
-759
6593445
7614
1115
5318703
2951
3000
680249
3313
14974
29996
-4126
-844
344829
2121
-5190
2247970
-4211
-11208
542714
-122
1154
721145
-2108
-7667
2116312
3155
3474
28449
1922
-6953
2687513
245
740
5900
1166
5728
603147
6633
13663
7472430
-2643
2132
1077198
3917
5556
24370
-3289
-5801
424405
9727
109
5284175
4139
-6341
20231
6580
-8543
7343660
1332
6636
15876
-13884
2296
3197608
-11859
-9406
1101710
-3320
-5248
160978
6356
5061
6299176
11501
-1493
63342
280
-8789
397314
-15357
13124
41857
5386
-1020
95747
-2196
6169
2643670
12826
-12522
1434195
6327
-2074
6429997
5091
2567
287517
5978
-7039
2447891
11998
4907
383099
2628
-9529
1075760
362
-8591
595463
11194
3881
125567
-266
11070
201981
-5604
-817
1336050
-217
3498
399861
-1368
2410
146686
10710
-7642
3394665
3842
-14061
86577
-9294
-4157
4304573
3929
11698
416050
8029
15805
4463410
-7184
-3744
4203740
9734
13209
7569489
-7986
8701
4267211
12943
4064
587099
7886
5237
4267067
-243
7710
6130
-4820
-3918
32486
2203
-18859
2904875
4108
-4659
17922
7965
-698
4461362
-10921
3099
195969
5796
-2116
2382364
6675
8415
5252913
4534
15147
1264653
-5688
-1477
3296490
-2760
-3748
161990
11930
-2861
905851
3155
14919
28449
-4329
3553
153073
2540
10562
3163694
228
-9745
266764
6811
12394
4993851
-1900
-6265
2627304
4678
-6591
1271825
85
-2658
3840
-2487
-931
3296722
6100
1724
2117144
-3131
-3654
27608
-3344
-7449
29916
8531
-479
4235073
-11371
-2921
583576
2894
386
97331
1067
-12250
12039
-11228
-5431
322180
-16027
-13041
824196
1090
-3518
76289
8356
8676
4495948
1301
6656
14080
6155
15156
6293283
-11970
9405
120967
1504
-6075
1318924
849
19920
15632
-9357
2239
4765621
6077
4264
2116382
-11232
-13395
321668
-6282
-11348
7017685
2533
-7977
3425068
-5957
-593
2120687
-948
-9001
12002
2820
-5727
29232
-7651
11315
5514194
9950
-13501
6658139
6382
-3183
6362159
-5935
-723
2121192
12169
-7685
705914
-2969
-1159
942533
6398
2614
6361135
5691
5465
3164951
-891
6603
537576
-5788
4157
2904804
-12363
732
53180
1653
-7880
3671828
469
-4267
1052424
2186
-8040
2709035
-6739
-2771
5255118
-5455
-14886
32252
2509
6899
3165994
-6314
569
6495441
5091
-3632
287517
-13647
10474
64956
14910
6373
1157239
1430
-14231
1778697
-4663
3072
1207786
4584
-544
1197070
-6315
-1277
6299600
-7777
803
6029771
-6138
-5202
2310369
-2578
-8217
1139919
-355
132
791546
5543
5640
1468685
5926
-4458
2578453
-28
3967
262908
571
842
1059607
14437
-1548
2917220
8990
6653
4567123
-3527
-6399
1206742
-14747
-7434
3965844
-10576
-9029
2153628
-16412
-1044
295676
6448
-3535
6298660
11815
2114
1493365
4850
-11283
95773
15694
-7969
113763
-12194
-1112
379011
-2506
-8795
3362005
1014
12237
205853
-1617
6597
3149295
8137
10054
4328762
12133
-4153
840564
-4060
-837
281284
-8883
-5169
4243362
2950
-2422
745529
1018
-13851
74271
-3947
5798
546760
202
8788
73227
-2035
14070
2099170
-7710
-7726
5571277
3071
9516
24895
3151
-8148
27939
2580
9454
1074736
7444
398
4208160
-176
9356
7408
11366
-2171
1040485
-10645
-2517
3721111
5103
-5761
25887
-3652
-6888
1067726
-1831
5273
2497002
-794
7009
471277
-1094
-4282
76543
-1798
13064
2167535
-20171
-8431
57284
7246
8956
4271139
4341
5180
22284
-7427
209
4207582
-4801
7889
31207
-1193
5488
146929
-1474
-10077
1124599
-173
7321
8177
6809
-10489
5124410
7235
1944
4205345
-4672
9845
1075432
-15383
9126
173470
5699
-11063
3164945
1996
4147
2100762
4238
16970
611339
-24414
-1333
4561613
-1856
-14836
2103528
-6799
-13970
4732356
-4932
8777
31470
13676
9779
587334
15491
6218
570217
-2057
5450
2246109
7256
-8341
4597794
4736
-4368
552984
9217
5828
4235584
15188
-10076
48752
1225
1661
146698
-7352
-5825
4340946
2012
5095
2361882
5699
2375
3164945
3236
-2887
293420
6240
6040
7077924
12974
3002
130143
9032
-1777
4373586
-5602
4112
1401075
4553
-3455
1199370
-101
5485
787451
11042
-1114
391797
5827
-11107
2120473
4854
-1461
226333
-2620
4582
1075912
8061
-4419
4723510
4206
20177
607239
12640
-846
839748
743
-12005
405789
-1808
-6676
2102508
-9218
-4038
4300991
-3345
4219
30175
9579
-13930
4765511
13037
8570
63326
9871
-11723
6853979
-695
7296
146914
108
8473
525830
2127
5921
2116899
-1030
-5151
74495
-7466
15008
4406489
-2923
-11716
554952
-8533
13910
4235199
7862
12154
4398141
12148
-3598
579188
1966
-1421
2165791
-2212
-13487
2382546
10024
-10277
6462550
2451
4948
3688233
-2566
3098
1139407
-225
-4686
266739
1939
-1838
2623257
-1830
367
2431723
5424
7963
31748
10776
-7571
1499250
-1636
-14304
3932906
4767
4740
815387
6635
-12688
7341871
4106
-7650
83459
11709
-9405
1108846
-5965
7556
2121709
-7016
2642
5124298
-13567
-9215
61872
2788
-11384
291388
3039
-1812
289083
1772
8748
2102814
-439
-4328
1183218
15293
8271
43902
11249
-6410
58748
12417
-4833
577864
4288
-15794
22536
3307
-11482
30511
5088
6876
286748
-5561
-3647
1206769
-1421
723
1583093
-9244
4230
4498108
-1589
8714
3149803
4796
-4770
31262
589
11230
1060626
4094
-4124
81983
-11166
-3839
909957
-2551
3357
3294674
-43
-2254
4088
-2986
-5416
224449
4151
1715
150789
448
2820
1050632
-871
-10516
930282
-1569
4167
3410411
7686
8164
5439537
11024
1720
62576
-573
13989
1059817
5381
1893
29440
18460
-6622
2408994
-4385
-6096
285179
193
844
6408
-16614
-641
365299
1209
-13733
145678
-14843
-9698
3179408
-7709
1658
5505997
-9996
-6781
6330028
-1935
7566
2622948
1530
-1302
1122831
792
-3704
405522
2412
4939
2643494
-2327
1381
2250206
-6411
16405
6297564
-6845
1538
4209601
2619
6270
1076023
-4346
-2908
217329
1418
1193
1648139
-11189
4820
61315
-8952
-18116
4371618
-2053
-782
2114527
15886
4216
1148019
433
-7411
1051916
-13316
21211
58046
-3093
1768
26591
2241
-870
2119976
-7187
4312
4204510
1929
-11159
2753818
20439
-6223
183609
-943
12167
11744
7570
11543
5842473
-6121
-1117
2246113
1455
1480
1060111
1000
-5416
140318
2778
-7287
358971
3650
6502
1133105
1494
-1677
1256457
-2069
13653
2115551
2895
-10710
32051
-5674
-9255
3362025
-2487
3567
3296722
-7263
-3538
4467164
-2692
-8104
553670
-8464
10822
4232380
15617
-9679
45408
5888
-6772
2117648
-9272
-757
4369594
16584
-1042
171018
2369
-2799
2119968
12713
19456
1232206
776
807
144402
-17857
7992
1092087
-373
-10808
530427
-23
-2511
132606
2800
9076
29756
12172
-10149
575098
4074
8236
83519
-636
8156
1581800
-11137
-1162
582023
-1009
1524
9699
-4979
-12666
554986
1246
-921
342027
-1071
-3007
11768
-6031
12500
2639332
-2493
2483
3165137
7589
6924
5516076
-4580
-11279
1327858
-7101
6857
4205505
-3169
-8668
811483
-1692
1126
2888420
16497
-4312
558340
4654
-11890
1141783
8586
-3827
5867083
3440
5414
554020
12344
-6477
182342
7267
5577
4989733
-4041
-10116
150981
-17885
-13567
1354741
2973
1986
811834
-11962
1252
252033
17178
-7119
373267
-7288
-1106
4859098
-638
-2403
1647337
7658
-20512
5318191
15006
8089
897147
3232
-9569
292908
3710
7037
1654839
6535
-6616
7995689
-5824
8159
2119904
-12822
75
1173167
16782
860
1672203
9484
-4604
4240962
976
-4600
11288
3852
-2496
22066
-3622
2255
1395403
6709
-6719
5254964
1448
-18624
1190926
-2864
-17098
31944
-12492
12434
57012
-13652
1722
65214
-13394
10578
126143
4891
7763
291603
4051
9260
20281
-6426
6192
6754525
1940
-11823
2623000
-327
-11644
137726
-5793
6745
2382307
-570
10003
1255657
13107
-14949
65365
-3185
22555
550363
-3683
-582
1852362
-7117
-12552
4206533
2151
-11739
3031333
-3774
12984
88769
-3594
5507
1262797
5222
8038
1007621
-2241
-7053
2120151
-12387
808
836538
-3370
4203
228569
6589
-4186
7342894
-3619
-6118
1330122
5543
16337
1468685
7135
2393
4467003
7082
-598
4271679
580
3303
1059344
752
-1489
13340
-13233
7433
60835
-6866
938
4275399
4242
-349
611849
6437
15097
6560548
-2280
-3592
2511058
1499
451
1321739
12009
14623
185726
-1465
8080
1190385
-10167
11382
6458786
-1732
7387
2104038
7288
-1118
4857894
13049
3893
192862
4923
-4299
31511
5427
-8064
32517
3549
-914
1338154
-940
-4934
12000
8952
1558
4370526
4059
-7744
281403
-6478
-6550
6364893
-5304
3140
163058
-303
6183
7672
-19477
11885
59359
-8682
-9970
5473457
-3952
6452
545992
-13852
-10099
3457708
8478
-12376
4558915
1511
-6598
1450253
-9837
2316
7899049
2496
7302
3164200
5870
3480
2184223
-9370
-6811
5222581
-826
3769
211177
8648
-181
5409866
-11766
-3088
1173139
-5035
-7496
28640
2098
21598
2182693
-7302
2014
4797143
9371
259
5026635
3614
1167
1392691
-2880
-2132
30920
-7703
-6109
5375438
16405
-5383
34560
10322
9498
2215521
6578
-7031
7409197
-1295
-3296
13820
6830
6079
4275263
12203
12347
53119
-12723
274
1101746
-7919
1848
4199872
-9583
-7767
4765112
-5606
2745
1401587
-3778
2274
88263
12986
-7098
129631
-12115
9506
57230
-15334
1116
369283
-8977
8972
4240815
-4720
1884
1598696
-14343
-8801
2261406
4783
15498
32031
320
4808
6144
-8676
8929
5538482
-1399
-6148
669178
-10393
7490
3068309
-12881
-6830
1109423
-4810
-7284
228581
757
-22728
14108
-5117
13682
25569
-6337
-48
6298071
310
-3054
203781
5191
3489
157953
-9229
4364
4237245
-10868
2630
1631882
8708
15939
5284432
3273
-2340
163114
7745
5988
5245232
-31465
-3981
8533377
3440
3539
554020
7299
8422
4731689
-7486
-3059
4274905
-1960
-7651
2492642
-13234
10919
126115
-190
-15814
72433
335
4224
7427
-3407
-6234
32220
-15432
4069
174238
-2115
-7952
2116574
4306
-9571
89609
6574
-654
7408687
-653
-9019
538597
2016
-10066
2359324
4336
8535
21516
464
4821
1051656
2572
-9036
1074738
-3148
-2829
28380
3495
-2320
1468717
-6129
6379
2115043
-7908
-6308
4461250
-3616
-1815
1327308
-5557
5324
1077235
-3248
2029
31952
1021
8119
8990
438
12752
1248269
8754
3683
5353045
-1501
-10804
1321973
-19383
-13266
191938
11556
4626
326244
1943
-9372
2753817
5931
-2303
2121495
2727
13120
424253
13137
-2778
64848
-6551
-11531
7996886
8856
2940
5156954
-3245
-18868
32721
-11142
1381
647815
10887
3675
717177
12591
-12674
56647
-15788
681
1093264
-2263
-4543
2252246
-13824
1686
1106096
631
5117
1713429
6339
-8417
6298409
-1533
7987
1057777
9850
-2698
7963223
4820
-5369
32280
887
3462
668949
2457
9575
4079914
14087
6575
2281809
-8315
-14304
4752312
-714
7282
212197
-15
-5846
1532
19006
-1886
1173559
3324
9963
29230
-842
-1719
212205
6883
-2877
4469565
-6366
-4116
6626005
-16306
7145
101507
11161
-418
975226
3608
-7442
1458226
295
8462
399621
11697
4100
1109356
-11477
12582
65431
1051
5911
271107
7823
-14740
4724027
1133
8503
534278
7788
14923
5768758
8367
27
4234575
-16795
-1644
1868788
8075
6444
4720443
-6883
-9280
4469698
8682
-7646
5342799
17005
-3289
1615638
6503
-2968
7213349
-18942
5110
3261137
-8532
3459
4234942
5776
-2172
2642968
3213
27
554794
-9331
8326
4761530
2564
12
1073712
4878
-6668
95251
11892
-2499
1623668
11024
-6308
62576
42
15535
69127
-2141
-3366
2378717
8071
-11625
4849977
1521
1313
1058060
3308
4618
30254
-14989
2830
571269
4046
-14578
85051
4603
-2119
1065743
14243
-4647
2411357
2434
1484
3752489
-7039
10623
4731336
-386
4744
1638647
-11245
-4979
59265
6169
6163
6684962
2853
-3810
293684
1666
10492
2691609
2934
1189
750645
-7733
-4206
5246923
5678
14216
3230743
-6763
10493
5777352
-6886
1857
4534979
-8357
1419
4496307
-11206
251
125575
207
-1967
7435
321
-3020
6400
-168
-1999
399602
-11397
-4127
586647
-3264
-7568
30928
12345
-2962
182598
-4122
11019
475389
806
2859
473109
-11597
17117
65437
-5207
-4723
159230
-8469
-7771
4233151
-2336
4112
2379996
6308
840
6560300
1516
9474
1058318
8179
5166
4196157
-299
5076
8184
-345
1895
399869
-2004
-22154
2100966
-2360
3859
2251994
-14732
7573
3704468
5452
2882
32258
9571
-12918
5026629
12331
5033
53063
-7640
1427
5385430
1927
-19
2752793
-437
-9372
1052659
8564
-10691
4757060
-8271
841
4230588
937
-6088
142622
11144
3388
713850
152
1627
921610
805
4974
277268
-5699
6547
3165166
-1017
-11666
139745
5634
-1943
3228177
13611
1641
65351
2040
-11761
2228254
746
-517
79391
7682
4012
5308977
-5447
4112
162302
401
-7219
1574152
934
-11655
469021
-3146
-9898
224477
23505
-6143
4238648
5420
-5763
32262
-8939
2290
4241312
7143
6132
4596029
8737
3148
5548372
-10551
-14694
2284954
-6073
-2418
2247137
3898
-7527
88631
1303
-3135
144641
6725
3352
5253936
7423
-6574
4206895
9910
1327
6528093
5443
524
31489
-11898
10210
1818761
4098
-2041
82433
-2649
-3181
1468877
5888
10334
2117648
-9762
829
7702699
4139
3539
20231
-14968
-349
1746058
-2551
1117
3294674
12431
20035
578891
8447
-15123
4231503
-10687
9632
3197328
-6651
-5026
7341008
-6778
254
5972169
7550
9631
4796455
-2179
6219
2642902
6973
-1675
4209462
-2966
8036
616135
4266
1539
89615
-16959
-13340
1092072
-6735
-873
5254604
-2474
8703
3362001
2572
8716
1074738
-17599
7135
47600
899
-2655
533273
-5006
-1296
616165
4428
12967
24066
11117
-6683
587638
-10112
-4985
6852776
-2887
10083
162254
2317
4165
2119458
-3229
-8888
816085
7281
-8207
4728100
-1277
-14020
13297
4257
-16268
284940
15029
14556
49020
3958
-11654
742453
10282
12495
2215527
6853
-2071
4209464
-3728
1041
545988
1088
-5919
10240
5526
-5110
1795081
10575
-4334
2153827
4044
9198
20026
2636
-1450
1076786
-8315
12001
4752312
21885
-1870
586502
2765
-4250
32570
-5256
2184
684278
8522
-9133
4300355
-6156
-3080
6293212
41
-2929
134406
9386
-2827
4308559
-9690
-11793
5744821
1373
5828
277250
-1040
-16868
9468
-4312
-3662
154870
2069
16694
2115360
-9298
6071
4304063
-3073
-11684
25055
-7656
-8203
5644498
5951
-1133
2119959
40
-17202
134150
-10450
7779
2219159
3137
1558
26912
-9549
4182
4243389
4759
-10743
685337
-17628
3712
310004
-6952
-6708
4602058
57
-6128
133382
-4640
11489
1335532
-1396
3553
538362
-4132
1154
281338
-1078
-7861
77563
1511
4442
1450253
6149
1451
6292256
5031
-2075
420125
13060
-13914
62032
801
2169
276756
-16086
-1945
106119
13910
5211
3394641
2585
-3698
1466674
1889
312
2887956
-107
-13310
526328
13605
-11634
326468
-241
-398
5619
3168
11639
811044
3716
5707
545336
773
-5602
13072
-13646
6585
130749
5033
5746
159006
4929
2385
30992
85
3168
3840
-6987
-13591
4210636
7659
-8533
5252911
7536
-3710
4731940
2646
6630
1272881
-1419
-14630
1583092
-6254
3111
6883033
-5107
-6129
26594
-2026
6816
2295009
-6045
-268
2900965
13730
9517
1436237
1798
-11444
2297873
6111
-19479
2378011
-12852
-9893
1109674
-2993
-1566
28099
-4120
4014
148734
11768
1823
1237102
10839
-3391
1240433
8984
-28542
4632658
-7727
-3690
5246408
-6831
3729
4210112
-2068
5455
2115294
-4944
10346
31980
4570
-5970
1395211
-8706
-3111
5349551
-118
-10678
591611
-11163
-1227
844676
-15275
9410
44928
3085
5937
26402
-9431
-92
4373942
3517
-1589
1076014
-16778
5611
1803509
-11843
-8369
1100686
-1688
-13992
2757862
7219
10513
4206373
-6929
-7547
4208079
-5466
-10478
489725
17527
3218
697605
-21447
-8173
190950
-12180
909
575110
9294
-2617
4303939
2687
-4738
1597751
1981
-294
2099998
7180
-2698
4204066
-5598
-12799
1403637
363
-4697
530183
-15079
-3008
438658
6159
-12913
6292771
3050
7476
91711
-846
19161
81645
7408
2440
4207660
10373
5011
2675560
-12016
20524
54400
12217
-10456
182654
-8120
2906
4328642
-5700
-3476
3164910
-2691
-7279
553926
-19107
-2829
326594
-7433
-83
4339165
-7054
-7752
4794053
2284
6461
2119214
-15149
7399
49033
655
-1820
537883
-7773
1718
5508045
-12262
-703
377475
590
-1882
1125395
-9445
1205
4502451
-1362
-11598
81151
12622
-6967
121923
6085
-3615
2116376
24700
-7845
13107782
9880
-5668
7245914
-6070
3709
2182883
-11391
-3411
582040
-4779
-5326
32736
-8610
-1034
5605555
-8792
-308
5418158
-8793
2748
5679533
-671
-11742
799204
-12406
-5112
640699
4274
3267
89613
5198
4397
93187
-4112
-4183
17660
484
7099
1311244
-3039
3778
289220
16184
-11004
170102
9688
8736
5679178
1584
2825
3148820
5534
-2726
1925131
-6181
12661
6556635
3737
5928
938298
8146
-9007
4263481
-4802
7361
96487
503
1054
1180941
-894
15351
602857
15158
-1138
244853
4732
2453
1597974
2400
-11635
2904100
5297
810
32012
10156
-1688
6327902
438
-11294
1248269
2742
-15518
228413
9759
7893
7635283
3118
11196
93223
-11730
7455
1174679
653
-3560
538394
-6608
-3286
7343316
11613
2900
326498
-5104
-1934
25824
20669
-1784
56078
1262
12951
78863
-4856
-8699
160994
6
7888
196609
-491
7663
1050608
-3041
9677
287171
-24559
-3853
4228544
10941
-2796
64382
-462
6015
1117941
3559
-2045
1466669
-9514
-8864
4439225
-2512
-1677
3165396
3761
15474
23868
5013
1017
550680
6309
-8634
6560556
-5695
-2288
3164648
-6386
12227
6362323
5509
-15350
1598216
-4940
-54
32492
2625
-208
1075504
17611
-4026
48907
-18599
1592
2546130
-2416
1855
2643160
12918
-4768
1827925
6131
2231
2115357
-8067
8611
4719558
2579
-8294
1074993
-4679
-7445
1206766
-5923
-901
2382826
5405
-4490
291586
10014
-279
6656083
1797
570
2102032
7446
1684
4404257
-8934
-1942
4567715
-464
-6943
1051892
-18658
5058
2478291
1173
-12316
538376
-10119
-699
6980006
-4582
10550
1393395
-2334
-461
2446045
1120
-5063
794628
2104
1809
2246694
2728
-984
162878
-10257
-7147
2147743
1334
6126
211973
735
-542
276763
1919
6280
2625815
-431
3048
1052144
611
-4794
1843989
2280
5150
2249774
8888
5978
4372574
-3679
2365
1329612
6209
13229
6293792
4220
8642
541190
-712
-4370
145638
-1663
2015
3670504
3331
10040
29473
-10842
8855
1566861
-16466
7697
101631
-980
2434
12006
-1110
-420
77567
14469
10977
2659176
-13707
-2424
1632180
-7246
4987
4271837
-7037
1290
4731849
-1334
-497
81659
-187
-3318
7152
15294
12413
108671
7567
-8439
5776683
4869
-948
29456
10122
-1924
6915675
2913
3315
815412
-8268
2608
4230844
-7808
12731
5767368
-10608
-6760
2675864
686
-17052
80927
3860
-9562
22064
-5240
-5216
681210
1833
2449
2235670
-648
-5288
667878
-13028
9322
324258
5686
-2969
3361813
-18131
742
2138086
-6666
3591
5448909
3454
-3910
618535
4440
-17520
415746
-9172
8586
4239014
-1843
6052
2105322
5814
7936
2317341
1316
6213
276996
-1526
-797
1124083
-721
-10894
15847
5802
4628
2186783
2732
-6953
32318
-4669
-7047
1076201
-984
-11572
142566
-12579
9400
318394
8928
5531
4501596
-7268
5094
4989658
83
-1744
3841
-13635
17002
64446
3537
-6057
1076520
7494
3900
4405281
661
-11758
538392
-13187
17441
582566
-6198
13376
6360795
-9835
-107
7899048
-5794
5773
2447587
-2896
7129
31948
-11311
5915
60824
8479
1114
4493635
-15773
-2176
1876885
7875
5968
4201273
569
-2917
1190166
2163
-9197
2639653
-10219
4703
6326176
8065
-6485
4718904
-13262
15814
126629
-15626
6391
242845
3447
18360
685349
2318
-290
2184227
-13102
9700
130729
-523
-3651
1058796
-8363
-8499
4235184
-6011
-9223
2642920
-20265
8925
187849
4656
1177
1076244
-11371
-4257
583576
7033
-1201
4862262
14126
1808
2219095
-901
-3649
533479
387
-9683
1573641
-8858
7048
5222565
5866
-10935
2184735
3084
4960
26146
-5943
-13681
2252266
1773
-2240
2103070
6842
-9512
4274751
-7157
-9037
4204483
-14721
-10859
3703191
205
4443
7946
-3522
-1752
1140951
3844
-8516
21040
-2569
-1270
1205709
-8673
3555
5538227
-9668
5040
5286582
-15109
7802
45967
458
4119
1117707
-8259
-1879
4230078
3500
-1680
1076782
-6563
-4749
7605202
2885
-9727
31536
13817
6517
1237326
6819
5747
4471613
-4211
-3154
542714
7474
13859
4275749
7426
-4059
4272673
7036
-4359
4731446
2276
-7350
2380332
-3461
-10666
1598423
-2429
-6984
2642905
7872
-12084
4200504
-2368
11021
2119896
-723
-8363
16358
-5299
6552
32754
11732
-9069
1109608
3396
-680
31264
10306
-4273
2214497
3821
-5191
22334
-2528
9110
3426516
850
2338
81425
-5772
16321
2643684
7247
6092
4205859
-3741
753
807877
12925
-16856
1631062
15723
-7962
571239
13109
-4599
65364
7230
-5095
4270119
-705
9611
14823
4641
-6440
1337620
3868
-7567
283186
-9198
11923
4302497
14435
-1755
2917221
-7434
-5097
4404445
15490
4552
635497
5278
2590
880651
-3209
-649
685525
-13574
2673
127679
-4135
-338
412154
-2907
-4861
293836
1677
3139
2627354
-24695
-1232
13239738
-9095
-15097
4891046
-6379
7235
6297552
10969
13739
457082
-17061
1192
310243
-751
-12764
13792
8548
-12490
5018180
-9248
22059
4497596
-3432
-3015
946394
3175
1410
942373
-653
4385
538597
-7514
-4061
4667613
-19012
3904
1108686
12697
20503
2015562
-1212
1594
15088
11480
-4583
456810
-8808
-5286
6201514
-8137
-6554
4328901
9712
6517
5284940
5912
14891
2510866
5739
19256
3688215
-16153
3734
430477
900
-2413
533016
2365
4366
2120486
-588
12761
1060588
12300
708
50754
-3889
2950
24011
13647
11694
64835
10041
13787
6461782
-6367
-4821
6560212
8779
-6202
5287763
3291
-13804
293675
1699
8392
2366237
3923
-5533
24369
-5657
145
3555821
-4243
-3164
546806
4229
3971
545544
7076
-706
4467260
94
15629
329731
14387
-825
2133861
-4206
-592
607993
5131
-8926
26371
9021
3881
4242262
1724
5438
2103838
21279
-1367
323859
-11729
7937
1109399
9154
1749
4303449
1871
-8039
2104595
2408
5500
2774054
-86
-3130
69375
-11470
2470
130709
8511
-3262
4233543
-8484
3687
4496058
8057
25
4854070
5740
13325
3687958
3064
2604
155710
5491
10327
554757
-18140
-1738
2398948
4385
9602
284932
8124
9716
4196926
3164
-480
289314
-1242
4118
473333
22688
-11784
6592556
359
-4881
921861
8485
2655
4496196
8045
18764
4724534
-4389
-31
285691
6976
-7742
4208688
-7743
-428
5245384
-5740
-14103
3688168
14701
11530
2660198
1200
14826
15372
-2389
-6903
2121695
6767
215
5776695
-882
5890
603371
-2684
-646
1598152
-1232
-2665
15604
-14035
-9151
2154406
-6873
6061
4602309
-8854
-10247
4830887
8978
-2693
4306513
7005
-102
4471602
-5487
9485
554488
-19328
6554
585928
-5661
-2136
3425261
-3662
-7693
1134285
17356
5625
44570
14908
-10496
1092214
-2984
-1182
420034
8121
-347
4327742
-4647
2960
1468906
6123
1151
2115359
-292
-2278
269050
15222
5847
767093
-1355
3062
16380
-8472
-10863
4363454
-5595
5349
1338356
-8659
9131
5279670
410
-8223
1901067
15553
-2793
47464
4963
-18336
815893
12030
-2271
118911
-2525
2172
3427285
2653
-15722
1338162
2236
-7898
2120238
-227
7073
267250
-5993
-13899
2774505
-17614
-3408
114421
6772
8824
5776948
-3808
2463
284868
4795
3390
31519
-8976
-16929
4240556
3545
3327
1468714
4122
-1777
344579
-2002
11006
2165991
11176
1043
191614
6401
-5046
6295840
15347
6938
42877
-4710
-8777
1925867
1890
-780
2953749
2984
-4140
158782
-9599
-8503
4764088
-10767
-5043
1107340
4290
9570
88585
2897
-12384
32048
13682
8451
652869
-4161
-3812
18943
6702
4862
5319735
803
-236
277269
-7477
11675
4210651
743
-2752
405789
-953
-4344
141793
-2553
-2926
3293649
9222
-6114
4431937
-7007
12100
4471244
-14085
-8657
2151343
4754
-11670
620057
-11524
-5853
62110
1434
1706
1909259
5641
6992
3294482
4613
6027
1073936
-970
-451
208101
2909
-300
293682
5754
-11978
3752471
-1873
9037
2104815
14180
2490
2937428
-11144
8140
712838
159
-852
790795
-171
247
8176
4644
2984
1337876
-9865
-275
6985125
6363
2619
6560555
-7316
15868
4732630
5602
-3834
1401357
-1828
2588
2366186
-5259
6787
554996
-7715
-898
5508042
-2637
-3336
1077197
-24855
6076
12719550
2556
13775
3162670
-10577
-15184
2153887
9359
-11137
4765003
-7512
-254
4340958
-5354
10678
226545
-2178
-3140
2707671
1667
-7057
2626329
2906
5082
358963
-9737
-14350
7505325
-5933
-9222
2121705
326
3744
202753
-3062
11717
91843
-7926
-12988
4265667
2920
-6358
685110
6375
-1384
6689069
5409
4815
293124
7415
8999
4338989
-8069
6320
4719559
-1953
-8278
2361827
-7731
3883
5246922
-11118
10533
652937
10709
-7734
3198824
12492
13699
56906
-1097
3487
142845
-19945
-3473
1238481
97
5248
786692
-514
8291
1122543
5827
-3965
2120473
-6749
9843
5516237
-3872
30
282828
-965
4579
11239
-319
-9779
6648
13561
-5586
192846
-3159
852
159198
896
11299
532504
13577
5588
193858
-3638
6201
1134283
-4860
-4885
29408
-4156
3504
19192
4093
-4573
17214
5573
13538
1075976
-3143
-3396
158174
-3778
-1124
88263
-1392
9579
537848
-8229
3682
4492219
-3976
-15116
671942
-10965
-1537
65415
1011
-15100
10013
16895
5101
1081615
6291
1851
6821673
-8714
15043
5481645
8833
-2738
4763992
2014
-5720
2426907
11112
-8100
717942
4071
6237
409917
-4884
-568
30446
-2127
-2265
2117084
-180
-4356
7922
-2826
6553
226509
-6645
-7267
7342035
-1016
-13316
140514
5313
-5313
30984
2741
5834
32572
-8575
7927
4755896
-1427
-2739
1583094
-2735
-3523
32192
4779
1962
32543
363
10109
530183
-4649
-4506
1207785
-15476
83
566938
-8119
-11507
4328898
-1636
5820
3932906
175
-17936
7439
-16400
-9659
34044
12525
-541
55118
-16211
3456
40846
3141
-7637
27424
1471
6116
1059087
-341
-1072
8191
11443
5106
65389
-10436
-3184
2153110
-5783
6920
2774502
-7061
6857
4728775
-3758
9270
89793
847
13200
15635
2294
-6548
2315309
3511
-4107
1207597
-4143
-2996
19960
-6370
5221
6623443
-6676
-3043
5252814
-7813
-429
4723655
-697
12028
145889
-6214
-9186
6359775
4224
-598
544776
-964
3810
10982
-15177
-4237
179597
-3096
7378
156894
9387
8281
4243279
1522
4230
1123853
-1878
-180
2170607
-6240
-15050
6555868
-832
4797
14568
8228
7185
4491844
-4785
-9055
32227
9
7457
132354
-4897
24
293355
917
1877
534296
1605
-5856
3148560
-13037
3942
63393
11968
5048
55416
-14419
-3137
2133918
7386
-19840
4536875
15372
8301
42594
25063
-2240
14025037
-1394
1445
603387
9728
4164
7372880
8929
-7323
4501852
18569
757
2807082
-2410
11406
2839769
6516
7921
6821412
-12069
15811
318347
-137
1648
660981
-5350
-9123
357107
-2139
6924
2378716
4142
-5697
84999
20515
-7945
314117
-1689
7982
3019237
1162
-3030
603659
-4298
-3111
220405
-1705
1987
2235873
1202
2193
81421
-1097
10798
142845
-485
-11593
1311731
18726
-2663
2611237
-4285
-762
23537
6760
-14566
5907510
8606
2060
6127691
12098
2302
121457
9453
-597
4241230
-2082
-8144
2443483
8427
440
4233039
-1130
9122
730361
7007
13045
4471091
6893
-3329
4208446
-1212
7438
15088
-3145
-992
159197
-7197
-571
4465629
7154
-7314
4269629
-1403
5927
537592
-4552
2980
1198326
4857
8610
160030
5208
-886
419842
-4813
17621
32741
3867
23
283443
-5607
-3420
1466866
-5271
-1104
685558
10196
2546
6327896
4622
-10214
1139731
3003
9533
27455
1011
-7683
10013
-5175
-7363
159226
-5142
6080
91903
-6073
-5254
2247137
4
5064
512
1483
2279
1060619
9835
11999
7898967
3267
-2971
31529
-1644
14858
3671784
-141
-1749
530421
-8936
-9526
4632738
918
-14280
730137
-4898
-4091
358635
-13985
-278
2415011
-11957
-5760
57219
7255
-9484
4336929
2929
13266
554292
677
-1697
277276
-3592
-13091
1196238
1306
4767
340483
-16576
-7066
39152
4237
-1981
546570
6767
5946
5776695
82
14944
69121
7790
-3747
5833783
13012
16442
65112
10083
-1588
7115605
-10356
-3387
2672282
6484
-7802
6299168
-10278
2219
2476699
2555
3434
3162927
-6620
-2072
7604948
2539
-13665
3163951
6620
-11666
7604778
7187
1417
4204321
-10878
9621
1696393
-2883
-167
31694
14262
9313
2346077
-1281
19938
12799
2499
15907
3164969
-10617
3260
2806169
951
5375
142621
4901
5038
293652
3053
1783
26430
-99
3761
787450
-10244
-13152
2146974
-907
-6463
534500
5122
-9905
90625
5683
9877
3165973
1148
-1401
532998
11462
3632
260201
19336
10865
713786
5837
173
2121498
-331
7370
8188
-4290
3489
88311
-15287
-9725
175490
-9917
10971
6331297
499
-3007
1050381
2795
1014
30527
4377
-3877
413954
-12383
2742
313788
11777
1058
1098096
-6286
9606
6887125
5815
431
2252061
655
558
537883
-4090
-3699
213185
16523
2029
562955
8158
-7601
4524091
-5418
-7413
228601
-62
5377
68345
-5650
14921
3228911
-1738
-2931
2301157
2868
-9094
32308
1593
-4522
3279126
-4584
7403
1458418
-5446
-378
97023
-19730
5132
128223
-5795
-8330
2382818
1823
4598
2363667
4025
19537
149822
-3158
14127
93919
4052
3323
20024
7347
1389
4210477
5752
-13991
3817494
-694
7864
81635
7505
3555
4209952
12076
-12833
56950
-7891
-1516
4202438
-12171
-7171
575364
12942
-2622
652379
5470
1202
358403
6060
2660
2117150
-12552
-1404
184510
-8101
-1122
4459459
11349
-2819
61280
-5483
1018
555000
2524
1868
3426858
116
-1912
525828
-3992
-4255
672966
-18
180
66815
10685
11203
3197806
-190
4168
72433
5194
4656
93699
-9552
9905
4242620
-3886
-2710
89801
12339
-1436
53061
-4500
-938
1591030
-1052
-7109
271100
-5885
-2766
2118625
-4444
2648
285436
-2474
-3401
3362001
-4032
-16759
18624
-16541
5190
824309
16115
-19046
38781
1608
-7779
3279890
7577
3700
6168874
8917
-6095
4243288
-847
-2616
15852
5323
1925
32523
-21207
2930
196070
6030
-15299
2704411
787
3239
14097
-10330
2235
2607261
1366
11374
211969
2255
56
2121003
3820
-5538
22078
-7126
-3702
4271815
-5520
5060
1598708
-2004
-8023
2100966
-2610
2738
1141963
-3308
1236
30416
-2863
-1781
32200
-2151
-11816
3031514
8073
3034
4851002
2324
-1569
2119200
3276
-1203
32298
8621
-5076
5279566
10725
-9723
3457900
-4703
5733
1337836
-10192
19064
6327460
-1238
-9476
81655
-8423
-6507
4624818
2852
4405
293428
-1279
-3230
12784
13987
190
2415453
8137
3994
4328762
10308
-7703
2148960
-1252
-12873
275186
14942
-5076
1419379
-4124
-6950
279292
-2723
-829
293826
-960
-8581
10464
-1847
675
2235882
-11804
-2128
1360524
7464
3406
4340774
7950
2727
4265011
6339
-15508
6298409
-10325
7851
2150303
-2831
-282
30156
8186
9054
4260415
-454
5722
1116919
-1166
982
603893
115
8382
526085
7386
-194
4536875
-25989
1917
14164919
5881
1946
2248990
-14475
-305
2660244
-20849
-1446
579067
6756
-8842
6038068
9448
17900
4371534
3763
-4855
24381
1443
1981
1321741
1410
3129
1647113
6474
-1816
6364707
1789
-7322
2102046
3557
2754
1336108
9584
1951
4764740
-3367
-13247
424410
8152
-9704
4589626
-19623
-9855
457170
736
866
274460
-4569
-5416
1460725
-12048
4237
54412
-10083
-1270
7115690
8187
-5447
4195135
-7939
10550
4199374
865
-2910
798996
9317
13105
5022532
-6430
-12158
6623965
13135
13635
64851
6316
-3407
6299182
462
1339
1117195
1343
10220
14599
-11455
9479
63888
-8232
3758
4622522
-8172
5311
4196032
7599
-632
5254447
6131
-1423
2115357
1099
-16001
12035
-2974
4440
877253
-10527
-2197
2412956
-1380
-476
799482
8887
-3305
4373853
3307
7599
30511
-7847
3672
4594114
-3254
9143
98003
8281
7043
4622658
-8767
10112
5286312
12500
11526
56904
8990
-6513
4567123
6635
9090
7341871
-3847
161
152014
-4923
9214
31720
6730
-1122
5320243
-4275
6994
24562
7695
-567
5244211
2216
-212
2251822
6462
-4307
6363175
4957
-11141
293650
-1252
12287
275186
11174
-14854
518269
4644
2299
1337876
-4350
-2370
86769
-4592
2298
1066224
-12677
-10676
1622967
-16579
-7028
39926
7169
-2986
4202784
1557
4716
3147536
-9791
-1870
7375272
-8779
9392
5287852
-1786
-2743
2298081
10928
-15061
64636
1781
8778
2103068
-2337
-8485
2382299
4243
-1041
546569
7776
8687
6029364
-4325
3846
283635
-3615
-3533
1327564
-8903
-4664
4372902
2365
11527
2120486
11791
5236
1099123
9895
3111
6723933
-978
4086
77031
1940
1759
2623000
-2551
-4822
3294674
7586
1080
5581357
11103
7590
326003
10563
-6141
2153313
4842
292
95775
6849
3353
4208952
1925
13
2622232
504
2479
1179662
13473
10199
325964
-11817
-5207
1232265
-3431
1650
946650
-464
4933
1051892
15623
8077
176481
-2233
804
2251217
-5966
-2777
2186989
10143
6335
7111003
2834
392
95793
1855
1234
2103575
-2627
-1699
1076174
-9737
-10274
7505325
-9736
-5577
7504046
8544
-6036
5017668
7989
-659
4202292
14229
-2382
2672472
6072
-4433
2246686
14034
-1935
2219609
20965
-886
1360652
-5575
9239
1206774
-4487
2673
1720822
-7832
-634
4854982
-3731
345
546758
2705
1076
554296
-2907
-4280
293836
-7684
15206
5243598
19192
11154
192574
1457
-430
1060108
-2121
-18537
2248157
6955
-3968
4210487
-4159
7479
18936
4467
-9921
546565
-6127
9333
2115040
8384
6474
4233288
1959
10532
2492701
1576
-10012
3279894
10356
-149
2672228
-4670
-6861
1141481
3116
-6346
28198
5057
-11090
26904
8567
7723
4887877
-1694
-5322
2953957
3898
5936
88631
959
-2281
10527
-7896
-4687
4332742
5208
1587
419842
-3489
-2354
1337811
-4329
9637
153073
8562
3583
4822597
127
-6965
524551
-3486
7292
1925845
-654
-6716
603877
-12593
-6814
56763
12382
-9532
378947
2068
-65
2115104
-7024
-8119
4732104
9580
-9539
4765254
-9191
-1006
4628898
898
-4774
598553
5792
8892
2381852
16224
-1656
823412
-4942
-1221
98029
8388
-15014
4233800
3505
4578
1076524
-9304
5027
4369598
11803
11266
1360755
-3117
-2314
28633
9083
2874
4764503
459
-17780
1052427
1220
12909
14856
6400
2145
6295584
-11020
2383
63116
-11209
-920
191877
-4303
-3654
24052
-7951
403
4199884
1223
3862
145673
-3398
-2504
96991
4949
2472
32528
5709
1105
3165970
-3078
13771
90847
1009
6252
9500
15513
-6859
962922
6644
-2344
7341612
3390
-5358
96295
5529
-5039
1990922
-4977
11002
554475
-4023
-1744
150978
-1060
11124
273146
-15415
4832
175514
-4986
-4630
749801
-4922
1484
227561
1559
9622
3278097
7343
-3815
4209967
-1640
-14967
4063466
6460
-6041
6298150
-3147
11631
28636
10077
11527
6593362
-10956
10483
65156
-1086
5268
76537
-229
-5214
267251
-1765
-4069
2364387
-12409
-5771
704953
13081
6273
454994
5451
-7665
32515
-10788
-5414
1370762
5879
15341
2250013
11457
7147
63848
1475
5208
1059593
-3320
2334
160978
102
-2305
983045
-8995
-985
4504490
124
8135
524806
2658
3197
1925685
-7700
-4663
5244622
-8193
-4988
4227519
-1500
-2295
1321716
-5525
-10902
1599479
-2829
-6384
30669
4698
-6330
1403411
-1733
-9299
2104295
9340
-7922
4760134
12746
4729
1166923
7713
-399
5507380
-3664
14961
1068236
7846
1138
4659261
-4243
-11226
546806
6720
-94
5253168
-10082
-3350
7180459
-6707
-3625
5255114
13586
-5877
128577
-160
647
790772
2502
-16304
3360809
315
6331
6919
-5322
6446
228597
-4615
2245
1204718
7241
6550
4336930
-1700
8146
2366178
-2098
9808
2182363
5415
-18702
424197
-3713
-3885
545223
18905
-5072
3590442
4575
-4373
1329419
-1104
5442
11516
-1185
10932
276979
-1126
3568
860923
6136
-7795
2244638
1542
5833
3342353
-2182
-8330
2708183
3449
-675
684326
-6795
4278
4732868
-13852
-13463
3457708
-3468
7702
1599188
-3869
10301
283597
1064
2296
142342
5391
2720
29955
-8429
-6552
4233137
1108
10136
11776
-13175
335
718250
2428
7285
2642470
-5637
-4732
3163119
6635
-522
7341871
7893
-2124
4202296
7875
-1214
4201273
6144
4052
6291488
-14954
-4371
1811593
-2668
-18265
1599176
4377
-3908
413954
-7720
9056
5638346
3930
15830
350771
9466
-8090
4305487
4885
2335
30480
-5463
-6772
163326
-8571
-8768
4756408
-1463
7411
1191410
-12195
7657
314242
-4654
11097
1142505
3437
1480
554790
-1833
-13817
2235881
-9852
-11673
7897768
19022
2506
1174579
-4736
-730
1597672
-1938
3959
2688231
-1187
8380
277490
-6255
307
6817240
4303
4346
23819
-4041
-9645
150981
7694
-785
5309491
16462
3201
101379
4303
-6936
23819
-13814
1594
1173171
-3795
508
24518
11777
7817
1098096
8943
-3089
4240735
4962
3666
881173
-8030
10003
4528845
19191
-5571
193853
-5353
200
161265
-1408
-6051
536824
3597
-1904
1066802
570
6273
1124887
-350
8259
334589
-11245
7979
59265
2220
15171
2121262
3570
-2413
1140269
-32768
4166
8388736
289
16708
268548
2994
5999
93757
301
12129
7942
3653
458
1067824
6811
8959
4993851
13312
15265
57408
5302
-4727
228365
3013
-14080
27448
-7987
6310
4202442
-13709
564
1632181
-6369
-727
6558163
-33
4703
264699
-4341
624
22515
7008
11691
4993076
-4460
-977
546552
8743
-8835
5679445
-639
-23
1581544
-10453
-515
2154391
-4897
-8127
293355
-5069
-9239
28645
7527
378
5124389
-5519
-3738
1598964
-361
-11967
660985
15182
-12144
113779
5328
16049
31752
4713
200
1729814
-4702
6044
1403629
-2124
-8144
2117340
-7522
5458
5058779
-4967
-5793
946666
-7396
1730
4469458
10386
862
2741865
-1147
-8549
533496
1372
-1601
276994
-150
-15433
595703
1000
-31283
140318
-817
-21938
15851
523
1118
1058579
-3690
8600
1787081
-14400
9921
2132120
-1627
6262
3410924
-1163
8071
538612
-8777
6802
5418413
9543
2753
4372801
-831
4699
14824
210
-2053
73225
13810
6071
1173069
-4528
7033
1068272
3895
7802
154933
9358
7221
4830283
-14279
10317
2279846
-6841
943
4340161
-5991
19641
3035626
1212
-1521
14862
-14385
21041
2133403
-1044
6664
9982
-1746
1843
2170087
-9493
-3896
4241343
3658
2833
1134131
10039
-13441
6462805
11503
11630
62831
20423
-2608
182585
12322
4655
379461
6488
3585
6690850
13137
4782
64848
5616
-7482
1074188
-111
3491
525816
6536
-4787
7996458
-3531
-10478
1077204
850
3851
81425
2851
10229
293685
2427
-6518
2642727
4502
-106
1786889
8098
-3440
4524605
12007
-3753
446845
9531
-599
4242247
4555
1116
1068811
-7453
-1283
4469725
-5042
9585
93411
15648
-4875
309348
3523
-541
1076009
-892
767
537320
5786
-4082
2970139
-4666
5314
1272041
-8286
6913
4557501
5462
531
228353
13368
-7493
190534
-1895
2523
3019242
-399
-2248
1574388
6626
-927
7668269
-5505
13653
1597943
-5177
3055
158201
-1420
-1667
1582836
-4093
-32
17345
5217
3940
811268
-13106
5905
130219
1201
771
15628
7132
-1610
4467258
13449
6853
718154
5016
-17845
942106
-3247
-4517
32208
9345
-2896
4763976
12521
-11466
185678
-4852
2456
30434
-11931
2540
840580
-16826
-6839
1280241
9572
-14065
5026372
1748
16875
2104856
-4473
-16006
676345
7689
-2064
5375282
632
-3199
1712150
-4866
-44
94447
-15398
-1833
371355
-7361
-1982
4209111
4791
6147
163101
5180
10750
27142
-10768
5550
1107084
133
-20394
529160
2312
-6979
2249762
2309
5505
2118432
-9131
1045
4239264
4042
-1863
85563
-330
-449
204029
-14736
-5796
3703956
-3658
2873
1264845
-5869
14339
2119649
-6695
5613
5646794
-13157
-9519
848811
-1309
-6219
275453
4896
10381
292884
589
8074
1060626
9181
407
4500314
-8487
-5905
4626874
671
-21152
799003
-4562
-11485
1133815
6201
3975
6424870
3717
-2286
545592
-5606
-11591
1401587
13332
7020
58944
3533
7156
1077034
16471
-4227
167169
-1763
-2768
2364386
3009
-19966
26936
-6469
-9455
6298591
5749
-5531
3688212
-2787
-1309
291778
6275
20026
6820649
11587
4522
64353
-7730
450
5311691
3059
2011
26429
734
-8201
342043
-7236
-5581
4205278
-12033
19186
53647
1708
13104
2104862
-3971
-11257
541638
4175
-10387
19715
-9511
-6077
4635066
-7286
-6275
4794075
-14976
696
1613960
1483
-599
1060619
-21589
-2636
61439
13175
-1171
718165
-1597
4788
3148777
-1016
6212
140514
6231
-9252
6425889
9402
2292
4307535
-2613
-749
1077195
-7272
-503
5120218
8820
-7646
5809748
2702
-1165
619579
-9138
1349
4304035
12053
4028
55152
9418
-4697
4308555
-2691
-8454
553926
2327
2563
2250017
2704
-12038
554040
1893
-10022
2888468
11022
-7095
128115
-13151
-3281
326060
-568
-9569
1191146
-772
12094
13038
9086
-5193
4829271
-2634
-8043
1273037
-5432
-7432
163066
-335
4262
7676
14236
3939
2933338
-2064
3070
2114780
-2790
4609
357059
8118
14161
4394045
-144
5246
529652
-12770
4926
1425587
-1456
10794
1060080
3834
280
86591
32
1437
264196
-4223
-8704
541176
-21032
4061
1501418
4716
214
1598998
-650
-2072
734437
1734
-3692
2299929
3275
-10412
32555
11087
8096
64883
-8776
7540
5417134
-2887
16788
162254
3981
-9007
542522
-624
-21526
1582312
5575
-15100
1206537
9395
-3687
4243277
-271
9732
5628
8226
-4668
4557381
5317
4108
31496
724
-3911
15896
-1757
600
2366437
3540
8094
1076776
-886
7999
603883
5979
812
2382611
-15175
148
178574
-1427
148
1583094
3680
9553
1851444
-2362
-11307
2316505
7826
-6909
4789817
1535
2955
1057039
2272
3772
2379820
-10535
-3296
2546074
-22713
9312
6461905
449
-6510
1050888
-10313
-2176
2280861
17084
1358
47646
22626
-12484
7176741
-9663
-26124
5286320
60
13942
2566
5541
-4852
1338124
-4778
15
228577
1525
-5928
1058572
-8984
-119
4371630
7812
14122
4723256
8130
-11090
4262457
1968
18843
2100252
-6022
-14465
2704103
-7137
12300
4465091
7252
-1000
4206112
5131
2955
26371
200
3795
138250
11301
-15574
322404
-4065
2621
278979
-12336
16587
52408
6855
-6853
4340025
-481
11026
1311219
-1204
-4942
16114
-6898
-4173
4273347
2826
468
95795
4847
11850
29983
-10709
2060
3198871
-4643
-3541
1338346
-4802
-11394
96487
-4597
-2846
1066995
7088
-5289
4205628
12663
5066
709957
-10703
1261
3198356
3352
-4665
421922
3025
1458
27960
-137
18005
660981
4340
-2792
22028
15210
-5988
636535
4953
6600
424210
3326
-9054
94255
4040
-16354
150586
3182
3330
615463
12106
8502
122483
11362
-5996
909925
-1829
11371
2366443
-10295
-5159
2280858
3203
-5507
553769
322
-8172
72193
-9122
-14383
4565155
-2296
7673
2249938
8752
-9384
5286996
3839
-1598
20799
8480
3873
4495428
-13946
7643
3915945
-3637
3173
1069003
9024
-1487
4241488
-6112
12271
2377956
4078
2331
83007
-2285
-3527
2119633
23045
-6478
5284656
8019
-5522
4202289
-10822
6635
1174159
-9042
13709
4308143
-1056
-5885
270588
-806
-435
342763
10689
3950
3197288
-941
3660
12257
15798
8635
1289325
-917
9222
534503
3297
548
291116
-9417
9128
4373941
5371
9752
29455
-4241
-3454
546295
-2051
14236
2114526
-14209
6294
2671015
2660
3288
1860148
3019
-8214
28475
-19648
9682
63696
871
-1770
930069
3339
17832
30499
-5982
87
2448109
5449
-5481
163074
-5905
8932
2119151
-1497
917
1452533
-5289
2825
163313
3581
-10128
1073966
-10977
-1662
323971
-2438
-5472
3752663
-10026
-3198
6528169
13159
-7446
979285
846
-6354
80915
-9465
-5027
4370865
-13443
-3477
586678
-3132
8042
27352
-341
-7119
8191
-1861
4186
2104303
10106
1183
6918743
-940
-1203
12000
-3602
2310
1131727
1722
6186
2169375
-1906
3638
2692331
-6504
-12338
7213274
-10370
-6817
2740375
5534
-318
1925131
-3680
7649
1329356
-1856
4895
2103528
-729
-9436
408037
-624
-4994
1582312
2036
-1810
2098716
8055
1232
4855093
-792
-7955
144622
-6488
2895
6429918
19411
6501
61241
1200
-4815
15372
2994
355
93757
2464
-8312
3426348
1263
3683
13583
-10372
4396
2675350
3593
6712
1197362
247
-10198
136461
2444
-2093
3687978
10280
5724
2280550
-3622
-6496
1395403
3388
-3482
31270
6739
-1056
5254961
5467
2140
293635
1920
1644
2621464
7981
-5782
4202294
-8679
996
5669298
-972
-1597
12004
6285
-12382
6821674
10060
-8926
6331986
6905
8181
4337982
-6058
63
2313441
1751
-1209
2235673
-16226
-2635
888971
-1760
1018
2365668
-623
11271
1582568
-9164
-11522
4239012
-6594
-10323
7407831
10694
2692
3393641
-2517
8072
3166167
-6754
4358
6103243
-5461
-6183
32767
15960
15815
1476722
15333
4618
303996
913
-18931
533784
-3012
5915
27334
1620
-17345
3149328
11011
3370
62321
1102
8555
76803
13122
-9481
129617
7000
7536
4601906
-4547
-8233
1068022
-5181
146
27641
1925
-11831
2622232
-6234
-10581
6752477
8698
-3274
5341775
10842
6636
1436275
-8691
-2128
5277618
1538
12349
3211793
152
266
921610
-1172
6313
538358
14213
-6972
2671448
4969
-6012
685334
-9606
12375
5874359
-8163
-1254
4457410
-6632
1288
7733458
-1990
9608
2165479
3817
71
152894
4477
3953
545542
-5534
-7992
1925877
-416
11646
1835252
-6949
-7973
4471755
481
10534
1310988
-3012
4932
27334
6590
-11262
7407663
-3862
-5832
87759
10945
-12226
63864
-2734
3542
97985
8471
-11191
4363585
2159
512
2639143
-3012
1854
27334
-4035
7932
19398
-13381
4766
60351
1494
-11543
1256457
-3030
-17779
93895
201
-305
138506
10645
-11553
3721064
11589
-3916
64352
4080
10481
17468
8667
761
5540683
-5295
9414
32240
8589
-3163
5801802
3042
-3332
352829
-2928
-13328
554184
-1843
-14416
2105322
-913
1104
533991
-1717
-2889
2105315
-2874
-517
227529
10979
5696
324477
-6047
8972
2900452
18159
-1140
2135327
-2892
1594
32460
-3824
-3105
21696
-9318
10360
5087931
11827
-10836
1101685
-18392
12446
2264294
226
13932
332301
-6632
-7489
7733458
-4590
9936
1132273
6254
3840
6882343
12846
-998
1174615
4216
-5641
671750
-1034
641
206077
3465
-2979
1729834
-7682
-2992
5308623
-1902
6057
2692841
-12189
-6690
836485
-94
11901
330493
-3574
-4950
1140435
3069
811
25406
-16806
-4054
1411827
11430
-10441
522349
-651
-513
538596
13447
-11031
717129
-13571
7399
62398
-12137
-6502
710025
6152
8991
6423586
-14084
3287
2151086
5006
3317
615451
-718
707
81637
-5113
2195
156129
-3594
-18000
1262797
-2519
182
3296726
11627
-11402
587623
9870
-6433
6919259
9266
961
4304453
7117
-289
4206394
-6264
-4899
6948058
8740
-9165
5548628
-13539
8410
324530
6857
3959
4341050
9348
223
4764232
3554
932
1401389
-1155
3594
537590
11755
10750
1107823
10476
-13736
2152046
4497
-2685
1590536
-5605
812
1336307
7421
-7731
4207406
6118
-2944
2572317
-10294
-17148
2215579
9452
2311
4240974
-18350
-3100
2199265
-8262
-471
4295359
-8913
-2043
4242855
-9764
-2103
7637674
10048
4611
6330448
-9904
7282
6331552
1224
-3292
146442
-866
-12272
864491
-5679
6453
3165672
-4100
-1806
17150
4534
-6915
1264653
10200
10340
6719578
-15651
-16345
310170
13325
-8554
59202
424
-11601
1182734
-3367
1413
424410
-6991
-2645
4210124
-4509
296
1852405
2410
1647
2709031
8475
19233
4494147
-1532
-3303
1057520
-6474
5272
6495453
6450
12383
6364709
-9512
-11394
4634810
18472
11038
2280486
-1685
83
2627559
-3428
6717
815834
235
-6434
5903
-5037
-7840
28641
-9378
990
4569267
8145
-2450
4197688
14978
1677
635513
9532
1451
4241990
-2071
7980
2246110
18148
-2829
2396700
3054
8563
91199
-5706
2604
3362029
-824
-2478
146666
4249
-5666
938250
-8190
-11755
4260545
8682
4112
5342799
-815
4407
15848
10949
1238
64376
-7082
-4412
4402369
11597
-3738
65378
7142
-5266
4661309
3860
-3310
22064
-6220
-1176
6295260
1757
3874
2366234
-7160
15647
4334786
-689
2082
15843
7946
8070
4265523
3858
-528
87601
-241
-5944
5619
-7219
6712
4206554
-883
955
538602
-4223
-9809
541176
-11547
-9663
324508
-2750
13439
96961
9293
6721
4239170
4379
772
283395
-6973
-6708
4209609
520
2112
1188882
5480
-2066
685062
5718
7265
3361809
2332
2683
2380322
606
-6915
1386515
611
9716
1843989
-3594
-1606
1262797
4880
6744
29712
22732
-13735
6331946
8361
-6297
4365646
-9312
-5534
4499644
6630
5556
7798829
-6159
-12444
6292956
-8124
5518
4197056
7119
2003
4205883
6607
-13760
7343403
10351
-6639
2671975
-10328
7308
2280606
1652
-886
3671572
3683
-1645
1852213
15879
477
1212785
13884
-528
3197526
-11870
-17608
1428109
1261
3777
14094
407
-210
1705225
-616
-605
1974506
-1330
-4781
81147
15299
6064
43897
-7946
-2328
4396237
-13133
1573
65453
5121
-2824
24832
983
-3096
142617
-6217
-8942
6426077
-2411
1664
2643928
-5718
20104
3231471
-817
1602
15851
7946
8977
4265523
-3418
15992
489693
-1187
6330
277490
-8503
7125
4365754
-3851
-13274
22476
2746
4690
96831
105
-3478
656646
8124
1675
4196926
-4233
13767
677365
-4776
2551
424162
-3883
18289
24520
-7700
-6114
5244622
4449
4554
807172
9696
5887
5546060
5709
-15336
3165970
2671
-11260
1598775
-2438
2735
3752663
274
5594
71169
-10199
-13437
6458790
-10173
1344
6327201
-1882
-5536
2562285
-5834
4357
2317541
-3873
-7203
285131
8093
4129
4981562
10052
3244
6330960
4798
1272
96287
-10856
8308
2023562
13188
-11497
582232
5190
4351
223233
-6032
4059
2639076
3760
-1618
23612
8422
-10103
4689997
-1473
3456
1059319
-4585
4527
1197553
2865
-607
32052
-5888
-2403
2117856
10168
3194
6457438
1829
7239
2366228
6734
-7620
5319731
18140
3663
2398746
-7179
-4819
4204508
16567
5192
171277
6955
843
4210487
10053
14727
6331216
-9063
-3344
5157290
-5241
-6327
680441
-1073
-15393
11771
-8447
14777
4231600
4861
-6084
29470
-10405
13
2415507
225
-3244
266508
-1453
-11611
1060849
12042
8195
120435
-1089
15824
10751
-14230
-6844
2737831
5896
2510
2249746
9975
-3221
6460765
4347
-8408
21263
-9938
848
6397095
-2742
-1561
97987
-6102
-6374
2182887
-5966
1904
2186989
-13320
-1434
188606
-1954
1880
2427107
3169
-2224
811300
12794
4497
1163855
-9993
-4175
6460845
-3028
1451
28358
5240
-17899
679942
-1312
-10217
274684
372
-563
529924
10758
-2424
1302641
8062
5365
4788279
6015
-6976
2642199
6211
-17885
6294305
-21551
-641
60920
-795
-820
275436
-14085
11468
2151343
10865
10031
1631604
16873
-955
1213710
572
-1103
1059350
-6190
-2456
6360793
-2497
-17284
3164631
7458
-5054
4536869
-662
-1584
603879
-4380
5026
283388
21
3271
1792
8671
4931
5540171
-5924
-1249
2382570
-1512
-2751
1450226
2362
-10828
2185767
5669
-13816
3427092
3921
-3837
23856
1488
8617
1059848
-14989
18671
571269
756
-3642
13852
-7401
3576
4339153
3332
653
29216
9558
8039
4439105
5932
6271
2121238
-12874
9099
1305773
9142
-10566
4435037
-14264
-7564
2280610
17065
-5327
179486
-3052
3978
26304
4228
3641
545288
-4850
-5192
95459
11531
4905
63331
11048
284
195702
8115
7238
4198205
-7009
-4794
4993483
-13150
6104
391853
-4637
3428
1336301
14490
-8007
2986603
5014
2330
746521
-11392
-4935
581784
-8041
-12781
4855241
7291
-10852
4727591
-12350
-5536
117433
-5774
2451
2709221
-12349
-2222
52153
-8742
-1114
5614251
2821
-4316
29488
87
-8558
134401
-4556
3537
1068788
-8026
8579
4659405
-9036
3284
4243116
-14244
-7113
2411170
1282
2294
78337
7396
-42
4469292
539
1638
1319699
-860
5449
277228
1007
-13864
9503
-4423
-624
154110
-2622
-6381
1141449
4431
-3840
23811
9596
9694
4764230
-11464
6919
194710
-423
-1486
1444338
-5113
-3394
156129
-3778
3195
88263
10152
-2663
6458462
-8148
-7885
4198086
2730
-1299
97855
-4079
14839
17856
6069
-10501
2117404
9545
12914
4373826
14231
10064
2803033
11708
-8155
1108590
11813
-2873
1362804
-3888
-6906
23752
-8829
-850
5809065
-8905
-9941
4373925
1470
-97
1124367
801
-1165
276756
-5161
7499
159225
-800
-10826
274668
8295
9899
5144901
3352
5620
421922
1000
10850
140318
-6913
-749
4207055
-5545
11691
1207793
-4171
-14076
20476
-1320
8323
407802
-10543
-698
2153880
3196
4559
549414
-44
746
3832
3256
12570
161838
9046
-79
4439121
4786
18251
97821
5302
-9697
228365
2710
5959
750649
-2293
-5778
2119635
5926
9285
2578453
-3802
-3664
481477
-6555
4164
8127444
3482
-2602
1925675
1112
4259
403458
-5839
-3795
2121188
11247
-10212
58751
7421
-991
4207406
-13223
-5252
453026
2731
2096
32575
-9239
3972
4367806
-20971
403
1099760
-4667
2497
1076200
-12922
-2239
1826985
185
-2594
137486
-2322
-13742
2184415
-7265
-7159
4989403
-18572
-10767
2676436
13922
5434
4047445
2113
-2203
2115872
4266
-5222
89615
4019
-8931
20285
-8818
-1011
5874859
-10025
-544
6462889
11258
2008
123519
2677
9539
1599284
9409
2036
4241736
-3840
-2005
20672
-2185
7929
2774485
-4477
-2049
545785
18428
-738
2130462
3388
-4788
31270
-2385
9435
2121183
2215
-5859
2513197
-9257
-3137
4369849
-555
18246
1060840
8858
16014
5091931
4957
-5270
293650
4799
-8820
31007
9162
-4134
4304475
58
4213
68103
8154
-1273
4524603
-1498
3286
1517813
-3996
5664
803524
-10292
6777
2150042
7707
9500
5505843
-373
6508
530427
-10183
2650
6457766
-4537
-9044
1198577
10780
3996
1368690
4590
8794
1131535
3412
8780
32288
5554
5697
1142285
13664
-2660
847940
331
-3930
7939
7727
2356
5246263
-1069
-3402
12281
-8286
8359
4557501
-5122
-177
90367
6980
1210
4209200
6251
2633
6817575
3243
-2511
32559
3680
21198
1851444
39
1977
395525
1047
-3297
140545
-3831
-13769
153026
-8166
-13755
4522691
-9706
-998
5481649
1093
-4040
11008
1222
7090
210953
-1766
4412
2429667
7399
-6266
4600109
14771
-7448
3182445
3646
888
1132599
12941
1002
587610
-3768
6276
154818
-4076
-12118
18112
-3043
-14254
287682
4841
-9754
161054
-4454
6429
873211
8338
-2804
4822601
19379
370
61245
5546
-3199
1142287
-5229
-2826
550905
-1743
-4347
2104804
-1336
-18498
146682
-4778
7425
228577
2906
-28025
358963
7633
-1526
5254440
-16861
2111
1346549
11372
8121
583270
4239
15213
546059
-15404
-5309
44696
-548
-4568
1321706
-8400
-6368
4234420
-2288
574
2118864
694
-654
211997
-3512
-11970
1207506
-7940
4322
4199118
3910
-775
219185
-13245
6324
60321
7144
3086
4334654
-1841
1560
2104811
3766
-5065
220221
9095
5532
4890969
-5104
3898
25824
1339
-6896
15111
-5804
6768
2121440
-1620
23422
3149550
-343
-8153
138750
14959
2119
1615223
-8338
-14694
4822199
-10283
12856
2150296
449
-3587
1050888
-2676
1664
1599178
-20367
-2879
574916
6951
-18493
4602165
-11667
13535
1632150
5086
2208
354331
-1076
-3489
12026
6305
-8681
6560044
3367
8716
424229
-1417
-13025
1713653
1119
-2170
272643
5066
5067
93723
-1131
8184
534520
8345
-1493
5149002
8145
-17331
4197688
-11035
7896
324492
-5175
4411
159226
3722
-4080
611899
-8773
7467
5286831
3316
-777
30252
-5949
-5123
2120681
7470
-340
4275239
3894
9129
220213
-8494
-11035
4300473
-4041
74
150981
-6113
17946
2376163
1313
-9736
276740
2997
-12924
28476
-10533
4955
2415515
394
19834
1639947
2462
4860
4014123
-1368
6034
146686
9390
848
4308047
6016
-12188
2637848
1205
10584
16140
2536
7071
3294254
-5378
-10846
94463
-4371
-3797
22526
9095
4059
4890969
4659
4960
1077013
-789
-3223
14319
292
10664
268804
4970
-730
620055
7545
4621
4862246
1432
-8739
1974282
-725
-13380
16359
-2979
9128
289730
13873
-4101
3198292
-56
-8094
134394
9385
-1627
4373838
5812
3596
2121244
3261
-1874
31534
-2087
-746
2509274
9474
-14703
4305473
-10383
-3286
2676116
4638
14462
1400851
-8239
-2184
4230584
6042
3517
2966043
442
9828
1116687
-3917
5791
24525
-471
7876
1183222
5211
2841
289539
-6800
2587
4732100
8221
2536
4490050
-10876
-3531
1630856
1101
-21793
12034
-17599
-8232
47600
1344
1275
14336
-5157
278
289787
5560
15012
1206286
-9590
3159
4830907
3457
-5669
1597736
566
4344
1256469
11442
8262
130669
-3441
11919
554459
6944
10879
4470836
3325
-9001
29486
4313
2491
416010
-6663
11559
5382606
-3864
-21906
152782
-3311
-2535
30160
-4914
22677
97515
-190
6178
72433
2230
-5106
2317357
9314
-3765
5087813
-3176
16197
942298
241
2018
5388
8413
365
4496202
-7371
846
4210644
-4608
-1906
1065200
-442
2861
1247473
-1188
4709
277234
-14039
-117
2284966
-5434
11208
227577
10833
3374
1109360
1826
-2245
2431509
1547
3085
3147539
-1437
-4247
1844213
4030
-334
84031
355
11798
791301
-8675
7389
5538738
1268
9859
13836
5660
-4440
3424786
1950
-2699
2949147
-9139
-11907
4239266
-11964
15481
55936
5504
-2964
1597448
7209
-3502
4336934
-3769
-2168
154049
-1501
3099
1321973
10261
7865
2148192
1793
5958
2101520
14705
1491
2659684
4026
-1039
84543
-1640
11558
4063466
-8280
-4251
4361406
-2048
3063
2097376
2214
-7354
2578477
6555
-9980
8127275
-5225
-3482
681465
-2720
-2336
815300
-8309
963
4753339
6876
-5172
4471354
-19
3764
2046
8490
-1058
4300359
6077
4925
2116382
-7356
5019
4209360
-4041
-10109
150981
-2266
-1743
2578645
-9282
-6495
4303039
-2411
-10126
2643928
6270
-9792
6881319
2767
-4487
32059
-10439
4119
2283926
1896
-3870
2757654
487
7455
1442061
-17353
9071
175589
6190
6870
6360103
2516
6258
3165736
6686
-4836
5578803
-6117
6243
2376675
20972
-6053
1099278
-3492
9036
1338066
-8888
9426
4373666
959
9265
10527
-4080
-2591
17600
-4472
-1388
677114
-11717
-5445
1108887
4887
9742
161041
-1149
19583
533497
-2314
-6291
2315485
-5688
1545
3296490
-2606
-8335
1142473
-6666
-6174
5448909
559
6588
1060119
-14271
-17117
2148768
4696
-10423
1468434
5428
1540
32260
-13206
15830
648871
8061
-3032
4723510
2256
16852
2120744
-7147
583
4204480
4737
3014
553240
-19593
-554
718293
12476
-9687
55886
4490
-2804
1656331
-8959
-590
4239776
-7530
26236
4928729
19268
-843
64048
17481
8622
175362
6239
-5558
6555939
-94
-4745
330493
-1401
-12689
668153
-1492
-4322
1060598
-9923
5811
6331302
-2455
11376
3818966
-17850
7387
1288433
-12620
877
57020
-9037
-5485
4243373
-9227
4926
4237244
-10886
21998
651911
133
9239
529160
2173
18455
2638630
-15153
6202
48523
395
8439
1574667
1305
14616
405762
-7400
-2854
4600018
6081
-5247
2115864
3000
-8530
157758
-823
-13030
146922
164
8013
268812
-5467
1812
293884
7914
1304
4265535
-11999
-13571
317828
-11579
9701
64408
-1897
1188
2758121
6837
1478
4210492
13684
-5159
587332
-7712
3692
5505228
23204
-3370
4504124
-707
-13165
15334
4684
-9976
1076754
-103
-2013
918010
-1888
-12473
2365676
-4057
9422
412101
9422
9124
4308043
9708
-8152
5285454
-63
-7082
2552
-15762
-1359
1680535
4798
-3134
96287
1322
6518
81415
7740
-4752
5245494
-7106
-4250
4270279
-21271
-8280
194030
-2440
-11613
3817686
8618
-6555
5344847
8995
-406
4504405
2842
33
356915
29495
-4804
8551765
4795
-20022
31519
8530
3646
4300353
-4617
-2301
1205741
-535
4662
1189358
32767
7589
8388991
11718
-7885
1304681
3989
7422
542520
9998
9964
6394963
12428
5656
579146
3635
-5805
1068853
5137
1728
25856
431
-3298
1051919
4280
-12045
153614
-5763
13875
2642918
2050
23710
2179617
846
3696
80915
-1599
-7174
3148264
37
-2015
264964
11657
3176
1762666
-22741
-18249
6332375
-10693
3731
3197847
2899
1876
32561
3572
6436
1074732
3265
6883
31016
-1541
-14176
3146735
-4119
9514
148990
-3761
-5305
24003
352
-1591
790532
-10244
-4975
2146974
2888
9544
162866
3845
10763
21296
8139
5422
4198203
9178
3024
4565595
8056
1878
4853814
13205
-10719
583512
-4643
6973
1338346
2361
6457
2251046
10800
-1701
1109108
14264
2928
2279518
13974
6535
2872409
-4667
-4018
1076200
822
-6308
211989
-8148
1776
4198086
4511
11338
1851659
-2982
2201
355011
-8985
2001
4633005
-3628
18480
1068744
-3802
-5985
481477
-1257
18785
144881
-9407
9006
4241840
-5169
-1117
28155
-1243
4069
277492
2600
743
1207350
8943
-9090
4240735
-2861
-7514
32713
3818
-9682
87615
5366
-2770
226317
10247
11178
2277729
-5780
-21696
2643686
4288
-11788
22536
4322
-19567
348685
-1655
-877
3802602
-5956
-755
2120430
-4485
5564
1590263
9292
1737
4238914
-4634
-4666
1532141
-4130
-2800
346363
-6076
-5180
2116320
6137
3587
2244894
-4950
-2285
98031
3644
-6715
1067574
-15150
12269
114313
-5623
1513
1205746
831
-13406
14615
1237
8924
16136
-6315
-8128
6299600
7173
3269
4203296
-23560
-15064
4366558
1090
5957
76289
13
5162
1794
1909
1737
2627348
-30
102
328445
-7903
-4032
4463044
6518
-4500
7017509
-5964
13725
2121452
-4756
5166
554726
15398
380
501861
-6604
152
7343828
-4353
191
20991
1651
517
3671829
-8877
19836
4243361
794
5103
340499
465
8504
1051912
-2330
16561
2576605
-3797
-1044
24519
-1582
-5132
3215081
-2749
13695
31681
1678
4362
2692123
16147
5723
38769
5765
4768
2642712
-1756
12027
2366180
10137
1273
7242074
-606
-10797
1387245
-15914
-6623
1281161
2900
-751
32304
4987
2716
553751
3210
-10139
620075
1266
-8452
79373
4215
-6798
673029
-7184
2884
4203740
-16421
9973
297979
-10300
6162
2149016
10079
-8236
6592851
-12453
-3638
318387
3942
-16469
1003573
1592
2845
3278870
13050
3984
127583
-97
-10068
786939
-4299
15328
24564
10579
2493
2154337
1831
4471
2496789
-1726
1318
2169569
55
-8076
134405
-2063
2642
2115036
932
5598
272924
-2402
-2320
2969819
11754
4770
1173103
7711
-13265
5505331
-10062
-12403
6397613
765
-587
13086
10084
6271
7115348
-4668
-1513
1075944
-4807
-12910
162278
-3003
1576
27584
882
-5915
603669
-279
-11983
136702
1451
5164
1060623
8784
8631
5286992
-2471
-6370
3557842
-8370
4672
4299955
3083
-6846
26403
7663
7535
5252399
1668
-2066
2626072
-5040
11493
27872
3015
-8828
158009
5338
-9530
358923
924
-7626
795162
11869
1052
1362802
-4230
6126
611063
7503
-1723
4209955
5270
4125
750601
-5778
-7734
2708711
-13238
4831
126627
-6168
-2383
6423774
-11890
-15296
1688715
-6632
9309
7733458
-2468
13118
3427026
7656
-821
5383214
3784
5445
154682
4190
-3900
346115
-5331
-2488
32758
-4840
-11049
422114
-19038
3255
1436365
3866
2793
348723
-3887
-3203
24008
3342
7502
95267
1983
647
2099487
-11558
20792
391835
13747
6708
1109837
5349
7507
291596
18078
-5870
2986011
1384
5149
668678
19742
-7127
389155
-5619
-7815
1075186
-6500
9101
7082714
1722
3639
2169375
-6928
4146
4207820
-9409
5024
4241847
-9910
-8412
6397603
2724
-19302
293436
-968
-7995
141542
-1096
3294
141566
4350
6163
86031
3068
3442
25150
-5610
-15142
1271025
3017
3833
159034
4686
-11573
1141779
14358
-2686
2327649
6562
-3379
7670317
1395
12421
538373
-4389
3593
285691
-4510
-4356
1917685
284
-90
266754
14832
-510
3179628
6234
3241
6621731
-6880
1646
4470980
2049
-7132
2113824
-1860
3758
2104046
-11710
17270
1174161
-5587
2676
1077238
-18857
-15494
3329489
-12652
376
579256
1053
1650
271106
-7778
-11614
6095051
6146
-3851
6357537
-4807
-2261
162278
17794
22129
1679881
1974
-2923
2296861
10182
1690
6522969
4861
5017
29470
-7934
-6321
4264641
19407
9548
60731
9350
-4532
4960329
4336
1198
21516
1646
2224
3736599
2113
3714
2115872
-1929
-307
2754021
4716
-14711
1598998
10814
12173
1173623
-11421
11949
848789
-901
15001
533479
2905
3595
424242
-6883
9553
4469698
4031
14118
18751
8040
15156
4854838
3373
2910
32550
4755
-2837
554777
-6654
333
7406289
-8649
-2273
5410229
-2373
-15487
2120671
-4682
12169
1273069
13638
-3747
260161
648
-18903
668698
-4265
-6544
155121
-16000
-3493
1605768
-11222
-5515
126599
956
-11838
10782
5291
-18154
32527
-4970
11347
750825
-2249
-8232
2252245
-10565
-10113
2153375
12138
3011
644727
779
-3666
14099
-9533
10754
4242361
-697
-13583
145889
-6873
-5256
4602309
1316
210
276996
-9436
3200
4504244
14040
4107
2545754
3770
-7075
88639
6033
9534
2639128
2580
-4326
1074736
1532
-872
1057294
-9539
-520
4242366
-356
-7737
791290
3158
14953
224289
-14503
424
2529682
-11646
-2854
651929
-5086
-11862
355045
8286
12494
4556867
11749
-6924
1368940
-13520
8793
64692
-13645
7595
65469
-3807
10260
285124
-6072
-3810
2247906
2533
-6740
3425068
4894
-3560
356371
-15246
-6057
632453
-7964
-5628
4461260
-11100
-7053
326284
3039
-6258
289083
6520
3447
6950950
-11842
-611
1165455
-5878
-2331
2184931
-13831
15080
3326382
-4973
-18144
554985
-9334
2087
4826811
1620
-13811
3149328
-13934
-10835
3786409
3557
2311
1336108
-2098
4576
2182363
2801
1454
30012
-12556
-20218
54972
-4355
-1623
21502
1539
-737
3146513
408
1230
1966090
-12600
2460
187578
-11934
-17646
905861
8137
-118
4328762
-4493
-3917
1591285
20738
-2560
119297
-3297
-10160
291283
3475
-16541
1599273
-19134
16677
129729
5386
7518
95747
-1473
7593
1059319
6886
18262
4665405
4618
1600
1140243
-13548
-8916
63152
-4684
-3754
1076972
-8119
5700
4328898
4194
-4860
868869
-3973
10995
541639
-11620
3976
848538
-9310
1652
4565693
3452
-5663
553510
11436
4763
65134
-7764
6686
5246670
-1800
11161
2232558
-1676
-11511
2627300
-8007
-483
4331982
-2032
-3915
2098400
-3496
-5302
1468626
-5940
1760
2121450
8854
-7966
4961369
2818
12467
94769
1071
-9428
11527
-3674
7535
1525965
-16387
-2664
33790
4102
-8461
212993
6395
22528
6296367
-6598
10023
7408343
6104
577
2508826
-6218
-11109
6491357
83
4926
3841
5821
-1597
2120478
-3145
9966
159197
9907
-3965
6332253
3043
-3977
287549
1816
3464
2494482
3200
-6823
553000
6335
4409
6297903
1576
7780
3279894
3122
35
93733
-976
2147
11492
1877
-3138
2105104
5898
-1572
2184723
-1852
-2605
2104040
-3465
4642
1730005
567
-234
1191189
-10595
6345
2937754
8779
5286
5287763
6384
-12081
6296620
15063
-4677
179577
8966
-13718
4436049
-5367
1403
161266
8843
5721
4765531
19233
1437
325940
23180
4392
4765242
-4833
8410
291299
-11197
7008
60289
5340
4609
293386
244
-4028
5644
9002
-2039
4308567
-526
-9223
1124077
3773
-7041
23358
3536
7165
1076264
7823
-362
4724027
-11281
-3128
58783
12813
6486
1107794
13529
-15485
457034
-8023
17508
4333006
-3693
24
1591241
-7727
4415
5246408
7622
7502
5449769
2006
15477
2296857
-4633
-670
1466861
3055
-1059
25919
-10108
-11114
6853288
-6958
-2051
4275913
7554
-3034
5841449
-2799
-5622
30144
-615
7521
1974762
-24904
1540
12720318
-11557
4027
326555
5265
3897
554248
5968
-16517
2120720
14868
-8932
1091184
4618
-4090
1140243
1562
-5015
3473939
2865
-16168
32052
-99
236
787450
6130
-3388
2180637
2089
6569
2247974
-2695
-5961
684486
7293
-9205
4727590
4768
352
292892
2712
-7576
946234
1131
9981
534279
-10310
6960
2214559
-4096
-4201
16576
-2083
1486
2378714
-14739
-1857
3704726
-255
-1801
4592
4447
-419
284931
-3031
840
159174
864
13625
798740
-276
2545
5886
-5825
2282
2120167
5029
6073
289564
8372
-13888
4234828
3078
23072
221217
-7967
14413
4461004
-8100
70
4459202
3759
9537
23871
-7218
-13837
4271323
-3174
9257
877275
-2206
-8150
2970325
5375
491
28943
990
-7908
337947
-4219
-1968
541688
-2926
-2601
620233
-959
3335
10720
-1232
10782
15604
3564
5982
1074734
-20756
-2651
55038
9282
-11434
4303425
9633
-5912
5548364
2593
2820
1337652
-8628
-8490
5279410
10812
8017
1108598
355
4893
791301
10564
-2875
2153056
6457
5985
6428966
12996
-8453
64088
4359
10305
151809
-897
-11189
532967
12446
-1756
905291
17656
-1730
176142
3534
4615
1141803
-7241
-1478
4337117
8293
-5358
5014340
-7128
3425
4336838
1127
-3891
925957
267
-12821
5891
-3352
-9271
160990
-7549
11068
4731865
-15511
-10333
701846
1852
-4501
2103830
5944
1971
2250774
1636
-5895
3932692
15688
-2566
179298
3294
-3484
358443
-2762
3359
228549
-7983
12062
4201928
2757
10830
31544
989
412
273178
2742
-9303
228413
1349
14916
15104
3937
13144
807220
4607
-8733
1065231
11713
-2924
1108328
-2454
-10727
3753687
5107
-377
26397
9377
-9885
4503884
-1006
-754
75489
-4136
-3266
411898
-338
-11914
72959
4851
8655
30493
-7915
-19095
4200384
-11102
4724
391821
-429
8145
1052657
-4710
10511
1925867
-19555
3231
844762
-11906
4228
643207
-717
-8734
16357
-10840
4986
1240206
-5497
13022
684537
-7691
4592
5244876
3028
-4946
28216
-7917
-6098
4200385
4628
-9097
1074704
-4690
-9501
1141999
4041
-3074
150842
-2026
-3702
2295009
-5609
13861
1205745
19990
-552
1295409
-9173
-4661
4239271
-15762
5955
1680535
-9316
3061
5022394
-7838
-15831
5051077
15308
-10356
44666
-7672
-9202
5383378
3
-1357
769
-2789
13635
291779
2129
4869
2116896
-11404
-7849
587412
-1812
9969
2103022
1648
-5713
3671060
-11189
11731
61315
9766
9750
7833685
-4883
-2868
30702
150
134
726025
-6538
-2717
8062165
-4457
2483
677369
-1016
-7162
140514
-22577
19217
6327771
15307
4693
44923
-8538
9379
4692157
6327
-2949
6429997
3449
-2704
684326
-4260
-3865
285426
-5011
-14471
550886
-8897
2503
4241831
8103
-2913
4589885
-15531
3243
49040
-1665
-3116
2626023
-5510
4077
1663735
-1008
-3360
9440
-1883
5567
2366444
4357
4843
21248
-8448
129
4231344
5355
6367
30479
7937
-7622
4198704
-11144
-1623
712838
10900
825
587384
-12048
6470
54412
-3636
-14363
1068746
5779
9376
2643737
7603
4107
5254957
2972
5111
811578
3903
-1984
22839
7663
-20809
5252399
1039
-2005
9475
1784
3769
2232350
3228
1110
815658
-5050
-4305
223457
-17172
-5728
46830
-9871
3811
6854052
-9788
-16426
7375528
10745
-2694
3326318
17729
-13703
47360
-24066
4350
5341391
-297
612
138745
-11875
5628
1885066
-8601
1915
6193589
-2022
1403
2425571
-8499
1554
4235194
4160
5714
18432
-15559
13219
178582
-15531
1297
49040
-10189
-4265
6328229
-3561
2089
1205713
6594
-15180
7408169
823
1362
146709
-4790
-13380
98019
-13478
4039
391859
5202
-11345
93697
3724
8250
546362
5831
-10254
2251033
-13271
-9248
191910
-8849
1207
4765095
10082
7921
7180885
-4503
6667
1721846
11445
-1994
65388
-8583
3935
5931446
6276
3481
6820392
-3319
-6510
161234
7847
8555
4593981
2036
-5262
2098716
5681
-11634
3165460
5787
2811
2904859
12078
5588
121975
7719
-3660
5638453
9135
8255
4238687
-5065
-7688
159205
9410
-4452
4307529
-1169
6901
538103
-555
-1387
1060840
12454
6308
514125
12536
-10868
184398
-2174
-5162
2704089
6972
7731
4209206
2330
-50
2445859
-7227
-12407
4205528
3510
-1623
1272877
-5495
-278
685562
-842
4632
212205
-9110
5318
4826791
817
-5769
15636
2131
-8868
2117409
-6078
-1418
2181857
22142
14094
3784727
-328
-10073
137470
-4228
-5067
545526
-1173
-15554
538615
-7797
-1540
5769163
-119
2830
656890
-8408
1154
4365494
-1821
-10820
2364397
-7155
-5857
4204482
2043
-674
2097951
-4784
-3552
31968
-505
-4131
1180145
10376
1936
2806890
3635
475
1068853
-7303
-10308
4862422
-3459
-3599
1598422
11101
-813
326514
2780
3290
293434
-8388
-2825
4233910
9650
9494
5353037
2409
9523
2774310
1615
1531
3149075
-2872
-13724
163018
10991
-3188
62847
-9109
-2331
4761511
4408
3850
153606
16009
3847
693626
-3675
-8519
1330124
-13641
-7972
196029
16716
4698
40450
-806
-7871
342763
11113
-3721
718198
10512
14450
2151520
-2553
19935
3293649
-5756
-1490
3687144
8324
5725
4756040
7028
5271
4732468
-2977
5156
289219
-12578
2506
383163
-4898
-2210
358635
5152
4060
288772
-1133
-9646
534521
1912
2946
2756630
-10833
-2099
1109391
-367
-756
529912
-1056
23215
270588
9094
-6882
4956249
179
2980
7949
9730
10763
7438929
5285
1290
293644
-4964
11458
815850
12419
-14002
578377
-3789
528
24517
7181
3351
4204322
17577
5916
179470
3328
16518
28704
7749
-3148
5245744
6817
7675
4471100
9068
2292
4765270
-4532
10275
1068786
1521
-7890
1058060
6607
6400
7343403
-12236
5000
52868
4272
5469
23564
8327
-6078
4886857
-4509
-10313
1852405
14411
-5640
2133859
-2083
5107
2378714
1142
6395
730117
-3308
4406
30416
-16869
7184
1344499
-2338
1602
2447579
11841
3064
1100144
-8216
-4856
4359358
-2417
3686
2643419
4172
-3560
19970
-161
-1518
268787
-1516
-2409
1058544
-4274
14195
89331
-233
-2747
136689
-2915
-10310
816074
6786
10307
4796985
-4291
7104
23542
3609
2287
1458482
-4947
-15171
32750
3757
-6804
24382
-3732
-11010
546502
-11221
-6697
61319
-358
-2962
856827
6214
-5861
6490145
4497
-8608
1590536
4232
711
676874
9091
1429
4760409
3840
-13149
20528
6718
22480
5318711
-5875
-15790
2119650
-1091
99
11262
5004
-13134
550426
-4074
11825
214209
-483
6465
1311730
465
-19168
1051912
2799
9189
30015
7443
5851
4208417
-11217
-7393
60807
-8689
-4187
5277107
-3856
3899
21708
6467
10235
6298401
1058
5235
338437
-4088
-6912
148674
2984
-4820
158782
4228
2363
545288
10453
-5341
2154344
12624
-10478
56384
-10348
-416
2672280
639
-7386
1581335
1972
9174
2100764
-9606
-16758
5874359
-10045
-8458
6331305
-13009
-7742
64935
3414
-1619
228385
8356
-21162
4495948
-12082
-10291
121995
-11366
-5874
909979
-4462
-1
612089
-5478
2013
881403
6873
-4476
4602170
-2356
4093
2121434
-6371
-14654
6558674
4296
-8845
154634
-7366
-2348
4274903
3978
-6561
607803
8145
1804
4197688
-7441
905
4208095
-2886
9252
96975
-1721
-5700
2234849
-8073
-10687
4851141
-4822
10214
98023
-6042
4649
3096805
-1016
6738
140514
-8540
-7607
4496060
9125
-9763
4500316
18413
15639
2131742
-1953
-11654
2361827
-3525
1599
1076183
164
6497
268812
-4040
-9710
149702
169
1565
138510
-4558
979
1134325
7825
-1160
4724024
-7428
-1781
4207326
-433
5137
1052147
15105
-7000
45424
3431
-6818
946469
-952
-177
142562
-8595
12234
5801910
-4735
1217
1597928
-5075
1506
28646
-11550
-11702
389789
-14196
2144
2676394
4129
3800
280836
4393
-644
154886
-2917
10621
816075
10230
-7802
6521949
-6790
2434
4797127
-1670
-2370
2691815
12224
7676
51320
-10079
11232
6592940
-1899
1684
2627560
4052
-7112
20024
-2430
-1905
2708185
-886
14631
603883
6948
-10407
4471348
-8176
-2257
4195520
-5188
-8632
27390
1553
-8740
3147024
-2536
6846
3555538
-14648
-9068
2268314
125
-6748
525062
-3846
-5003
86735
4836
-10761
291356
5648
3000
3163152
6595
8432
7342889
-5816
-19239
2252002
-14909
-5390
1092489
-814
-5709
81641
-9513
13722
4373945
13184
-4073
581720
-5273
733
946677
-3437
6291
554969
-3586
-5185
1130703
10400
-365
2414700
5485
-2255
554758
-29
2103
263165
-4502
-20
1656567
5859
-2713
2380573
6468
9740
6298144
-786
5516
79087
-3410
10908
97503
-5233
-5867
550395
-13782
11230
1175223
2463
-6725
3948843
-6211
-7722
6294494
11445
-5754
65388
-18194
3491
2200815
4300
5093
24074
6274
-11567
6885929
3806
7714
350267
-12428
-735
579252
618
1120
1648151
1683
4727
2627353
-7484
5880
4209368
3894
-6804
220213
4718
13909
1664023
11680
3572
1370220
14014
-27526
2218079
-12286
3912
115329
18272
2254
2920468
16609
-1749
299276
3098
-179
352803
-5123
-4405
25598
6097
13005
2116888
-9973
-11404
6330275
-49
-9847
3579
-15016
1860
440450
5806
-2469
2186271
-5653
5198
3164143
1961
-6854
2231582
-9098
-10443
4957349
-9900
-2022
6332064
-9153
-15770
4237735
-1027
9407
9214
-1786
-5565
2298081
-10697
5683
3329429
-12626
-9005
122047
-155
3851
791540
2675
15910
1599285
-3827
-11224
22466
2322
-6752
2184737
-1153
4394
537079
4181
7624
20224
8252
5102
4229702
-4077
-11440
18369
3575
3733
1205549
1679
9701
2626843
-674
-7047
342243
-12112
-3183
56460
-3776
2907
22720
-6082
-15724
2181351
-1563
-4557
3408876
-2031
1656
2098656
-757
-1191
14307
-7259
7657
4467676
10480
9486
2151532
7141
-2347
4465468
-10176
11678
6326432
-13225
3566
191905
9272
-3775
4368454
-3828
-11130
22210
2575
-10554
1074483
13689
2845
717126
6768
6898
5776436
-6238
-6982
6621917
-12831
-1108
1368492
712
9108
146458
-5399
1933
161278
-475
-10593
1313780
-6198
-6523
6360795
7569
-1108
5776680
9255
-1541
4630853
-6246
-2525
7144155
-8163
2485
4457410
11360
-19853
843876
3115
1045
28455
3656
11194
1199154
-2933
-8718
554955
2153
-3804
2770214
6547
3917
7866153
9134
-923
4303967
9889
15619
6592860
5076
-30
28184
6560
1427
7604268
-338
1282
72959
14971
-5839
1614711
-6638
-9726
7407313
2304
-7622
2117664
3022
15042
93243
-234
-12150
201969
-1829
19739
2366443
-12990
-8774
129697
-12318
-7966
377533
1758
2052
2431003
15925
4098
1085300
1385
16607
668934
-4443
8901
285692
-6236
-5324
6556380
-14937
17376
1485197
-5213
962
289789
148
20059
529928
-2137
9036
2509277
-2260
-4770
2121430
-8238
-397
4296377
2798
8676
95295
-3499
-7399
1077200
6940
-1473
4469298
6469
-4795
6298400
10954
8736
130683
18240
12702
2136080
8172
-4939
4195902
6525
19800
6820646
11466
-8115
130667
-2884
4955
31438
1753
-6043
2496794
652
3027
538138
-6180
-6306
6556378
7659
3144
5252911
2541
-6286
3163950
-3897
-19709
154057
7502
-4891
4275235
3424
-1427
815140
7439
-7080
4207907
7844
9252
4463164
9088
-5821
4759640
11338
12949
126563
-5570
-6938
1140983
1974
-633
2296861
-13458
-5143
652471
11152
-2797
582776
5493
-6116
554756
-819
-9391
16362
-4383
12925
283132
3183
-2759
550183
3817
-3437
152894
3617
-1520
1329460
-75
-2072
4092
-11778
-7457
1163407
5158
-11273
485381
993
-7639
270620
-1267
8017
14322
-10112
-7365
6852776
-1897
-1324
2758121
-4735
-7785
1597928
-12104
-6273
186510
11175
-5967
452989
4578
27994
1393165
11162
8967
909947
-4729
13967
1729001
-2709
-6197
554951
39
13447
395525
-5981
11257
2382829
-5057
-2609
27111
11491
967
324461
10310
-4648
2345057
351
11302
268547
-371
410
530426
-771
10875
13294
-2020
-761
2360034
5586
3728
1142281
-2000
3447
2100452
8900
9303
4242008
2803
-1769
30525
2514
-340
3231273
-8179
-17807
4196290
8841
-1643
4896090
4269
-988
24334
2967
-8119
681273
2586
-9841
1401395
-3336
1211
159966
-10142
-6954
7176869
9235
-7826
4237121
7607
12166
5385517
6903
-7049
4339005
-278
5878
71423
-3216
9723
554196
9968
5785
6329436
-9595
4552
4764600
-2857
-12599
163273
-5973
-11137
2121711
-6894
8783
4273857
12131
10157
840565
-9431
7654
4373942
960
7835
10264
-2769
-9445
32199
-5026
2982
354531
4565
7997
1068808
-918
-16930
599783
23880
-7965
4373538
-2639
4758
1076684
1509
4298
1319692
-10616
-5236
2806938
-14513
26671
2137491
347
149
269059
9831
-6449
8290645
10428
19694
2153070
1955
-8048
2362141
-4872
1849
159982
-2907
1431
293836
-3585
-1992
1065423
4287
-1278
22799
4968
-436
685078
-1692
5390
2888420
187
-15398
6927
9624
-2054
6201418
102
-10959
983045
6729
-8584
5385522
2474
-11461
3231279
-3733
-4875
546759
-2624
-8714
1075400
8859
2113
5026651
-8462
1924
4298429
-1859
1781
2104302
-5281
5348
293363
-3295
-8916
293332
-6703
12761
5254600
-23180
2899
4765380
18650
16411
2480683
2437
-16215
3687208
3395
-2054
31521
-3359
-6775
291292
-9819
3420
7637932
3915
3183
24371
13197
-3663
583514
744
-10325
144414
-5237
-3398
550907
13080
5787
454738
-15604
7727
46738
-1186
-2489
342259
-4687
-113
1076716
3814
5703
479293
-11500
-7233
63120
19688
-17164
193582
2184
-3803
2774058
2526
17844
3491883
-15663
-15587
48536
642
3440
602649
-399
-14278
1574388
-8593
7162
5801399
-5033
-2288
159201
-7062
-4771
4794055
-15190
-979
114319
-6294
-5141
6887127
-9823
-12885
7637420
-11713
4283
1108375
-7529
4033
4863449
-12254
-9279
379525
5239
10385
681221
7220
-3483
4206116
988
-7225
272922
8682
-8411
5342799
-1415
-5338
1712630
8691
11184
5277517
6624
-3577
7602220
2379
2367
2121507
6291
5517
6821673
12134
-7606
1036405
-8857
-7661
5157285
-16036
-2122
301698
13299
-3435
59229
-3681
12988
1851851
3660
17482
1068594
-1179
10184
799732
8151
-9144
4328761
1328
-7489
15364
-589
-8395
1060845
4396
-8119
24070
-8997
-2839
4504491
2673
-5135
1598772
-4115
-8015
18430
3257
-10420
162094
-8546
8847
5083323
-347
-2156
269308
-2499
8914
3165142
3105
-817
289060
13392
-5960
60480
-1738
-1165
2301157
-6145
18495
6291935
-23287
5143
4371906
-1908
7083
2627306
-10260
4593
2147998
5144
-6917
417794
-7139
-13744
4465602
7332
23187
4471340
17703
18142
440581
8108
-9387
4197950
13973
-8326
2676568
10659
10708
3459949
-5873
-11361
2119139
-12078
-7419
122505
7983
1955
4201783
7875
-15644
4201273
-7618
4710
5318871
-3744
-20854
807108
-17450
320
240889
-900
-2205
533222
4987
-9340
553751
-1141
4373
534523
-5505
905
1597943
-9280
16913
4237496
-7667
-6802
5253074
-6997
5217
4210639
-3464
-11769
1728726
7430
4794
4403233
-1329
-9011
15867
-675
18124
277474
-1801
-691
2233837
-6403
-1394
6296542
10124
547
6850138
3887
-1828
23863
3226
5026
881195
-5341
1284
293877
6680
13510
5644338
6063
414
2116895
7875
-3704
4201273
-2269
-16927
2382805
-4410
-578
219385
-7559
-4921
5906902
-1716
3264
2105058
-5068
5115
28388
-7992
8238
4332746
3523
1723
1076009
3680
3586
1851444
1005
10061
10014
-64
-5440
2296
2997
-3887
28476
22415
-2293
2671899
-8469
1315
4233151
-5189
3638
27647
-1289
1397
144893
3583
7202
1073455
8991
-15440
4501843
-16849
8526
1084919
978
347
77337
-9085
9587
4764585
14489
8053
3051882
5711
3578
3165459
10610
-730
2741861
-10210
-7039
6652067
8781
641
5287762
482
-6772
1376781
-15931
-3587
1084296
-309
1125
8187
-7501
-3790
4210653
2462
15568
4014123
-1344
674
14584
13532
1727
326218
-1236
-11753
16118
-6207
-5767
6293976
-21139
2427
587750
-2555
3105
3163088
1142
-11971
730117
15676
3264
47718
-5830
2491
2185959
4928
-1790
30736
-2937
13442
684489
-6912
2832
4206784
1061
5639
273156
7707
6549
5505843
1723
-1115
2104095
874
-10530
603671
-19961
-3198
1237457
10015
7967
6590803
-10322
-10947
2215071
6576
4816
7343148
1855
913
2103575
7313
10612
4732200
5910
-14447
2315281
-976
-10616
11492
3653
-6259
1067824
3384
-10209
161830
11406
5404
652395
-4394
4725
220409
1233
2669
15624
16902
-2330
1286161
-13390
-1005
126653
-14546
3010
2202775
-15327
1607
305540
-7337
-2233
4341201
4225
-15891
545032
9641
-419
5418318
377
-2079
659718
325
1978
6912
3093
-15246
26400
-8212
-9574
4228798
4744
-10040
685082
8100
1612
4459068
3254
8225
228397
2538
-5719
3229231
-1986
-5219
2164967
-2271
9185
2382292
9103
7722
4760923
-3670
-6590
1134287
-2767
-885
32196
7151
-3046
4203839
-3383
-2340
163290
-1959
-3582
2492898
-2675
-1846
1599434
-14673
6895
2137503
-6010
4007
2838761
-6332
-6626
6298320
2927
4488
554295
-15410
-7704
109723
-11767
-1313
1238418
-10934
-1389
130691
-13209
-11431
975269
-7978
-762
4398281
7535
6594
4732199
-7904
-5609
4462788
-20627
937
579574
-5273
-3007
946677
-4403
1138
24570
9957
12255
6591324
8231
14149
4622661
183
-4319
138509
-2629
-10375
1076175
-2942
6225
619209
273
-11574
5376
5105
-3207
25884
-3828
-3999
22210
-11899
-10016
1622920
2327
-6253
2250017
-7485
8683
4209625
9980
2015
6328926
-6392
2536
6427858
-5145
-1956
418301
7728
5494
5246004
-3501
1128
1077201
1544
13375
3277842
-12425
-11266
710069
881
-8626
537876
9553
-156
4242752
-1263
-11575
13808
316
-403
6662
-8840
6537
4894886
-5149
-4394
287741
-7468
-8294
4210392
10786
4857
1436277
-16573
3819
39921
358
2281
987141
-24340
4872
4232910
15406
-12140
109671
10197
5307
6328152
-2857
13127
163273
-3748
-1241
285378
4738
4435
619033
-308
4903
7930
-10175
10635
6326688
-2469
-2828
3427283
3225
-5820
946474
-1375
-2657
276988
-2335
-4484
2380252
-15235
-3668
566150
3881
-7785
154934
2590
-3905
1400883
-2335
418
2380252
6132
1929
2115100
-12630
1697
122559
6660
218
5251632
-9209
-2492
4366753
5008
-5467
549912
6470
-4596
6494241
-5474
9890
880891
4483
2054
1590025
-8513
-2861
4233663
6841
11410
4340030
-8820
5234
5809834
20738
-9446
119297
7801
-5691
5898550
-2729
8648
163265
-5581
-3590
1077237
4330
1381
87567
-5881
9614
2249185
2
-3105
66049
-2308
-119
2118366
20548
3999
51712
3385
11198
162086
-7212
7551
4206296
-9082
15957
4960425
5845
6711
2121496
-1766
-630
2429667
9748
-4591
7374416
-3613
-7362
1328077
-3612
3926
1327820
-8501
2266
4235195
-7209
-8020
4337113
5502
7070
618503
8130
-417
4262457
-4964
5825
815850
7226
2232
4270631
11975
14057
186745
-309
6254
8187
3081
-11145
156962
12521
13092
185678
-6503
-8959
7213530
4017
-1920
19772
6909
774
4207422
8515
15472
4234049
3627
1388
1068855
1339
197
15111
5948
-3590
2120214
-4566
368
1134327
2006
-9805
2296857
7805
2128
5767990
1511
2508
1450253
917
-1648
534296
4171
-1504
20227
-2213
21667
2382803
85
6704
3840
-9299
5557
4239294
-541
11159
1319917
-10626
15011
3784855
5778
6920
2709017
12175
-9979
574843
-6783
10574
5775816
-1676
1359
2627300
10755
-4714
1106801
4987
-3949
553751
1805
3430
2103058
-20061
5589
1362893
11654
12781
1826921
4806
-2969
227353
7739
3359
5245751
3548
4696
1337898
-1012
-4444
9954
-14105
-2562
2544045
845
6694
16146
-534
3547
1124079
5943
-7909
2252053
3801
5350
416058
1542
-1452
3342353
-10284
-9136
2150040
5278
-469
880651
4342
-8284
218125
-8068
-8248
4719302
-6272
1110
6815960
-1098
569
208125
-9556
3436
4243134
-8462
-2078
4298429
2289
14098
2118956
-10259
-3895
2148254
10255
17963
2147683
2711
8309
685369
-3684
-1070
1852106
2987
15958
28479
8078
6886
4785211
-2346
1796
2317529
2817
3963
28976
-7136
-1056
4466884
-3207
-7447
684502
-2611
-6624
1077194
5961
-1082
2252050
-12178
-9472
640135
-1941
2636
2623463
-2853
20326
293835
13426
-11667
648773
-1412
-4279
1581814
-5183
-7169
27128
-12830
11991
1434285
8665
284
5671242
-4963
5788
816106
-12133
-12295
840587
-22218
1879
2350309
-757
4556
14307
-6603
2090
7344084
-3495
-15152
1468882
15804
7580
1092206
-5117
14285
25569
3212
2270
554538
-466
164
1117431
11225
-626
452986
6500
-5306
7082532
-5963
5384
2121708
4588
502
1066510
3461
-3607
1598248
818
-277
81429
-219
-5032
269300
1270
-2621
209933
9159
-3377
4368729
-11818
1894
1297545
-4745
-2603
685541
-3253
-4834
32723
6227
-5352
6295329
-3976
-4547
671942
-6921
-2745
4339149
-2633
-882
1207757
-15207
-2976
962954
-5693
8384
3165161
7229
2997
4205350
7509
-8753
4210464
-4487
9272
1720822
4175
-5324
19715
-6713
7386
5384649
9463
-8547
4371789
1565
6225
3408658
1062
-4748
468997
-1648
13654
3671272
-15117
9415
46989
-7797
5445
5769163
-4491
-6581
1591284
1631
14718
3410195
466
7753
1117705
1170
3955
603657
13219
17267
322397
2876
-21636
31286
6734
689
5319731
-5388
4127
30460
5399
17185
161025
582
10993
1255441
2420
1565
2643492
-2593
5456
1337803
-5828
-8050
2120422
5874
-9869
2184733
-6294
-7157
6887127
15320
-8851
436346
-2961
-5458
550343
19041
-2879
1892660
-14284
5357
2150052
9104
-2554
4760664
10505
-6856
2282850
-4876
14907
30444
-9385
-5860
4373937
3364
-15162
293412
-2113
-1646
2116063
3509
-8504
1077036
9388
13221
4243022
-1986
3635
2164967
-6769
-4187
5776843
19220
8629
63024
-11018
312
259213
-1187
9590
277490
1174
-14481
734217
-3366
3800
359131
-5305
6420
162289
7731
2531
5246773
649
2315
668954
-279
436
136702
-4694
-5784
1142511
572
-794
1059350
-1250
1978
340211
-13846
18618
3262127
-5792
3484
2904292
10232
6391
6455390
-7220
1781
4206298
-444
-6121
1051376
-13655
-3893
196030
-2392
-1264
2251998
5524
-7919
1598984
4586
-1468
1132047
11090
10994
130673
9215
-3180
4235615
1183
-9508
798987
4452
509
807428
-6538
-5753
8062165
6149
-5987
6292256
-5907
-4745
2119662
6100
3654
2117144
4414
3471
88071
-10280
9191
2541722
4722
-10646
1664533
-9624
10739
5940406
16034
-13225
367229
-8261
9945
4230079
-2331
-5477
2380764
8491
-20827
4235079
-13592
-14644
193726
-10838
10815
1175183
-16096
-7826
301188
-5945
-378
2251241
-7905
1105
4460995
10532
-89
2415204
-4978
-16896
619755
7576
10219
6168618
-6446
3036
6364889
-6004
-6609
2643690
-9783
10978
7507370
-8220
-3823
4489916
-4118
-9925
83711
1525
-16633
1058572
-2294
-6350
2184915
-3375
8085
32216
-7344
4959
4209872
-3503
-2688
1076688
12904
-2890
1762390
-3594
1609
1262797
43
681
3847
-1838
-1010
2170601
1400
874
667654
-20611
2402
578550
22137
-14068
3850518
10378
3832
2741867
-11117
-13772
587657
3399
9795
162081
11129
-5903
717174
3951
1067
546103
-473
-9239
1444341
1024
7751
8192
-3227
11484
816084
-7740
15630
5245640
5931
7181
2121495
-1108
10705
12030
-7711
-6967
5505484
-15003
1282
832388
-553
-3882
1191401
132
92
528904
-6012
3465
2642664
6760
-4700
5907510
5344
4729
290828
-8827
-2426
5809064
-2403
5039
2905050
9431
-450
4373833
-9297
-8766
4238783
-1907
-4730
2627562
-2971
-2688
811972
7798
-7284
5964853
8329
1869
4887882
-1061
-16958
273403
7418
-2398
4272687
6755
17071
6038325
-6276
-9308
6820566
7075
-6349
4467517
328
881
138242
-11367
20436
975258
-9092
-8033
4760230
3426
4333
881189
9840
9459
7898196
7479
-5966
4341029
-2006
-1842
2166503
-17566
11224
897781
2251
-5544
2121515
-10060
-10234
6332076
-5395
937
30718
227
5006
267021
-4575
7063
1329652
1827
68
2366229
9982
-22178
6393951
12847
-12954
1109335
-6713
-889
5384649
-7883
5868
4202436
-10529
2709
2415003
1354
10790
81411
-7019
10454
4732872
2688
6923
553016
7524
7893
4993572
-17558
2785
636663
-802
348
342251
-4569
2976
1460725
2749
-11465
31550
-2854
-25131
359115
-10090
5594
7050409
-4261
3454
285683
7123
4028
4206393
9421
5370
4243274
-4406
-1624
89851
-11681
-3890
1370515
3759
-1023
23871
4684
-300
1076754
5713
-5725
3165456
3781
-5458
23352
1964
-3194
2100766
8929
-12227
4501852
768
-10052
12304
11346
334
126561
-829
8979
15337
-2339
-10574
2382810
-2580
-2625
1074894
4281
4351
153870
-10260
10897
2147998
-10312
-11328
2279582
-13782
8870
1175223
7146
-6537
4269631
8292
-13697
5014084
-6292
1423
6821590
-2957
-5091
550853
2300
-1913
2118190
141
-975
530186
14493
-2925
2921322
6924
7206
4208178
3242
10458
97839
-6319
5770
6299088
-797
6422
275437
-523
-6230
1058796
4131
10932
281349
3317
-9792
30508
5807
33
2120991
-2483
6163
3166162
10314
-8804
2215523
-8610
-7938
5605555
2268
-20947
2382378
8531
-6747
4235073
-395
-7490
1574900
-7926
-15696
4265667
3334
3076
225313
5737
-1835
3818774
5754
1742
3752471
-3296
22730
293076
-23869
-623
4242393
10714
2
3525227
-236
3244
5872
-2636
-10595
1076940
-1966
8027
2166497
-6417
-1451
6297055
-3131
-414
27608
-8071
-8764
4850118
10169
-331
6457694
-3906
2486
88271
9347
-2880
4764489
6330
-3973
6363695
2060
-6028
2115106
2456
-6975
4079658
-6021
-17256
2638823
4836
11879
291356
-12355
5183
52158
-1383
928
930298
-2208
-370
2904276
13731
-1465
1370957
2309
-3685
2118432
-2838
12680
95951
-8952
-1907
4371618
-5732
14859
3949290
-12575
4039
315836
-3408
11945
31964
19505
-6169
60708
10751
3039
3195247
-4911
-5450
32232
-6576
-11157
7343312
1838
-9933
2169879
6943
13532
4469043
-5804
10679
2121440
-1805
11847
2103277
12545
6470
53568
-13834
-2001
3392685
15110
16128
241777
-443
4801
1051632
10293
8344
2150244
-5530
-2910
2056437
-1831
6573
2497002
22270
-10390
2215967
6485
2629
6299424
5302
14888
228365
-3490
-1358
1403091
4374
116
218113
-2343
6507
2513370
-6
-12211
66303
-3279
-12652
32212
-2529
1756
3424723
-16844
19629
1085172
2432
5955
3686440
-5602
12071
1401075
14740
1689
3704424
-2291
4566
2119634
4892
-2547
291346
-13303
-2077
189858
-15185
3958
48527
310
-10095
203781
6760
10695
5907510
-616
-15520
1974506
13431
-8042
714053
8537
-2785
4626754
8480
-14995
4495428
-4263
-5281
416242
-7585
3211
5515731
969
1274
142618
2098
7914
2182693
-7607
572
5385682
-3629
-5940
1069001
-2077
2761
2376669
-6724
-1827
5253838
-5336
10010
163062
-1766
-790
2429667
-1562
-12152
3604717
-764
8865
13024
-518
-940
1123055
-4231
-4237
676342
-10304
-8206
2148504
418
-303
1378829
-13715
-8029
1632182
-7787
-1442
5769160
-8020
10883
4202190
5569
3323
1075464
-15855
4472
1090960
-4071
7837
410050
3043
-1120
287549
-6811
-5374
4993988
-12943
-3282
587172
-7772
-2787
5507788
12520
-4510
185422
1991
-932
2230553
-484
2213
1311474
-1787
927
2102240
-3056
-14549
25792
14624
-15612
2398308
7273
6786
4859174
761
-1582
143646
1031
8339
139521
-1468
-11300
1059568
-7475
231
4210650
-3277
-1683
32725
-4227
-7908
545782
1214
116
79887
-9456
7871
4240560
3966
13174
610359
-8735
21587
5546412
6273
-2635
6820136
-17079
-10723
179682
199
10312
137481
-6164
-26126
6293214
4217
-412
672006
-6276
2906
6820566
6392
-3750
6426670
169
-561
138510
5416
-7451
162822
2142
-18230
2443299
-10057
-4624
6462893
-5715
-5717
3166190
9134
807
4303967
3406
-1563
97315
-16717
8978
40957
2128
-4060
2116640
912
-5976
533528
-22946
5429
7702739
-11864
5816
1232014
-1872
6757
2104556
4255
-2353
807179
-7213
-4006
4206553
11546
7566
389731
5798
1604
2578461
18022
-6337
4161557
4830
2260
358427
-9792
2317
7375016
5326
-6656
97291
-10608
-3066
2675864
12357
-3291
52032
-5318
15343
97015
-1129
-49
665081
4514
2404
1395213
-5116
-7634
25312
6775
-799
5907765
-6133
-6553
2115555
-5327
-8487
32244
-435
-9335
1052658
8354
1361
4561485
-9055
-2999
4503980
7308
-2366
4732458
7864
-5858
4331582
5189
-3181
27392
5632
6988
3162128
-11889
2685
1623435
2908
-4874
293426
5547
215
1077007
4376
835
413698
-3417
-5050
424413
765
-3766
13086
22033
-7905
3196176
-1900
754
2627304
5027
3289
289565
-15483
-1957
566168
-12238
-762
118405
-7719
12249
5638602
14852
2876
1090160
-8077
7443
4720581
-1528
6770
1189106
12494
-5420
121931
-1511
6119
1450482
1236
-2683
15880
-8726
4514
5351087
10841
-1302
1501554
139
10524
530187
7236
16828
4205088
11958
7487
253053
4451
-2133
807685
8154
7386
4524603
-6209
4049
6293983
-3200
-5346
549080
14529
-1436
2136424
1817
-15173
2494738
5570
-7623
1141257
18092
-785
2137630
2202
-7730
2970155
3828
-4757
22076
2603
-13385
1077047
1966
10325
2165791
5511
-3598
1728777
1341
6720
15110
-6839
-19491
4341186
-1849
2534
2234857
1001
290
140574
-16443
-5045
35832
13850
3406
3523155
8633
1993
5409102
1196
171
15886
-11574
-825
130715
-8802
-5139
6135979
2957
-17550
550714
-12282
-2656
245889
-5163
4527
28664
-3331
1622
29662
-4118
5507
83711
4315
-3766
285451
-2485
2117
3166163
4188
-1587
281090
1313
8059
276740
7356
-74
4209198
6620
-16154
7604778
8581
-4679
5800776
-11679
-6567
1892756
-10614
-6636
2741915
-8179
-9805
4196290
-183
1735
138738
570
-5471
1124887
7344
-12396
4209708
-1823
6375
2363884
4954
-3141
358931
-7487
8301
4209112
5846
-5558
2317337
-1786
-11472
2298081
4947
-4073
32529
-3577
9547
1204689
-5747
-3429
3688426
4867
3220
29457
-332
3520
7932
7430
-1352
4403233
-14026
1303
2350245
-7596
-671
5254864
5553
12194
1076492
-2767
-28885
32196
-549
1160
1321963
10110
6660
6918231
1359
2535
15619
-7089
-8829
4206019
4689
-1932
1076496
-6152
3683
6422750
3144
12098
158754
318
-9180
71687
-7258
-1859
4663517
-14419
12817
2133918
10090
-5792
6919767
-6321
4406
6299091
3661
-5895
1068850
9100
868
4761178
-1280
10632
12528
2109
8249
2116390
-9215
2884
4235680
7496
-800
4340770
616
13016
1713174
510
-1376
1114127
7728
-5773
5246004
5474
13460
881157
-11057
-10744
64907
-10242
7303
2211999
-6134
7060
2180835
14554
-80
2464363
5845
-8231
2121496
1021
-7278
8990
-3708
8155
1589960
15545
3774
178542
-3237
3376
293843
6284
-1959
6821418
-9120
-2459
5021860
-3065
7413
156097
-3552
-4824
1337556
5479
6719
946437
7157
2368
4204348
6853
-1456
4209464
-8786
-2366
5352623
9368
-2850
5156938
772
8954
12816
-681
-2566
146913
-887
4361
669162
1586
4913
3214869
4203
9248
542471
-3097
752
418269
-769
-12430
12783
-1658
4309
3866857
7320
5358
5124138
1203
-6693
16141
-10302
-2238
2214553
5582
11045
1141771
10377
5847
2807146
861
-6676
277266
-8306
14910
4818107
-4482
8869
1655031
-74
-31
199933
6545
-327
7865640
-516
-19771
1057518
6993
2483
4209968
12819
13227
1107793
592
-8871
1059856
-117
-12302
526331
-120
14103
656634
4622
-687
1139731
2445
2821
3688234
5537
-644
1337612
-5462
5236
98047
6011
10762
2642711
-6602
-3463
7539925
-2763
2423
32708
-5038
-5072
93921
-2406
2078
2970331
4869
7472
29456
-1831
-5774
2497002
9615
8460
5809483
-6049
-16219
2378211
1295
3116
13571
-1314
6459
342267
-12496
1779
56500
1662
11840
3735575
1294
8621
78851
-9852
-4931
7897768
4673
-6212
1075472
7317
3620
4732712
-11194
-7400
256129
-1517
484
1058801
-5705
-3968
3296749
2020
1923
2359836
14205
-1419
2675542
6766
-2566
5841975
-2824
-9587
159950
-8620
1876
5279408
14298
-2272
2476635
-6396
-5188
6296272
-9544
5392
4372670
-12523
-5502
55216
-8173
-6224
4196289
-3181
-2692
550873
2878
5061
96311
677
-2617
277276
8785
4769
5287248
-1523
-4280
1058802
-5789
-6644
2905061
-6575
12999
7343568
2922
-6735
620087
1940
-11071
2623000
-12352
10731
51384
633
2359
1712406
9200
-4349
4236380
-914
-4566
599271
8197
7220
4227904
-1923
-4916
2622438
18246
-1211
2332689
-924
11732
795364
-1633
2521
3932651
846
1708
80915
-11495
-799
455058
6251
-7690
6817575
-3870
12095
348877
-3699
-12977
1591242
-376
-5827
660730
656
18212
537624
-1805
-4929
2103277
-13179
-5987
586664
11621
7784
848740
-3724
10989
546500
-10337
-4680
2933147
12740
6347
1100360
2784
5761
290876
6512
-7028
6820900
846
1177
80915
-4083
3938
18370
5967
-500
2120979
-12060
-8113
316044
-2747
15182
31680
-3134
2733
92889
12493
8362
57162
15862
-13120
1287277
-3340
1785
30428
-7004
12034
4471500
972
-1628
11802
-4976
2562
554216
-1355
-2463
16380
13479
412
457037
-2707
10587
554950
-5581
-5411
1077237
-260
14392
4862
3796
-2921
24120
-18389
2446
2133991
-2918
2902
881355
2964
-6891
550456
4924
13249
31254
-5334
-11319
98039
5640
15127
3294226
-8666
9516
5736629
-273
-3819
5631
-314
-2177
203001
2348
-2814
2121254
75
-5393
3843
14195
2582
2676565
13334
-11757
255041
-10088
-991
7245994
-12975
2616
64928
4554
2539
1134091
-13140
-2539
65198
9699
-9378
5546829
-13701
-7105
1631159
-6829
1787
4210625
7890
-2868
4267577
15481
12516
696678
-2500
-4261
3164886
-4014
2006
85697
7202
-22180
4532773
601
7588
1452306
5852
-8041
2382362
-2187
6509
2643924
6958
759
4275255
8636
9291
5278286
9845
-12853
7898964
1219
228
15113
-3912
-8574
153806
-24439
-6165
4888010
-4977
-10613
554475
15437
4877
44898
-16794
2708
2064629
6933
2810
4208432
-6380
-14176
6297296
-3328
-5483
28880
-235
-4385
6128
-7131
9096
4467652
6449
-11028
6298916
-4867
-1410
29678
5936
-25984
2120724
8360
9
4365390
-8259
-13633
4230078
8240
-793
4230212
12544
14228
53312
6694
5333
5711925
-14542
-716
2203285
1745
7851
2104600
10905
-2369
979322
-1314
-850
342267
846
4965
80915
351
5392
268547
1748
11379
2104856
4639
12250
1335571
727
2623
146713
4603
-7881
1065743
-6448
17410
6298840
13261
-6301
61274
7466
-4848
4275751
-13968
9583
2675876
-830
11379
80617
-13559
-13798
193970
476
-573
1313290
-1002
1402
206049
-2548
3431
3163858
-15955
2064
1085326
16089
-7012
432506
4514
4845
1395213
-10899
-6742
587654
6500
8659
7082532
-3837
17
21441
-5795
6385
2382818
-13323
7199
59324
9761
17820
7637332
1393
-1461
537860
7399
-4607
4600109
-4311
-8565
155126
12530
-6669
120397
-2231
3692
2252242
10914
-12435
391805
3246
-8873
97327
-11359
1352
321948
1385
2982
668934
-978
-19773
77031
-1380
7697
799482
-5622
-3393
1140467
-2975
-2043
811460
-10106
-11327
7049385
4727
4861
1729813
-4946
-2369
97519
2820
8633
29232
8519
-2634
4364609
-10992
-9221
62592
-6685
2238
5514189
8493
2836
4235078
-3198
9491
615129
134
-12345
725001
-461
-15
1052661
-19348
2492
583366
-1314
9049
342267
-14829
-18366
3180433
-9886
1698
7180965
-8533
12601
4235199
5477
-187
815876
7858
8312
4267581
9815
9225
7507281
-3093
19400
26591
13728
-3011
1370188
-5192
6551
157950
50
6242
69125
-4695
2747
1207790
12260
10254
311932
5635
-1551
3162897
-9581
-5293
4765625
-2858
4259
228553
-9281
-4607
4237759
4912
-10637
31764
9615
-19451
5809483
46
-15565
68615
-4709
-15500
1860587
-19390
-8234
125633
15623
5658
176481
6638
-8439
7406639
-5403
6066
291836
1475
-9202
1059593
-11822
1237
1166985
4370
14918
87553
-12002
-296
381059
8253
5086
4229958
-3050
6883
222401
-1993
-11315
2231781
-11611
2348
326556
-8665
-13853
5671349
-15504
-3443
570516
13461
6153
587592
254
-2265
69647
3051
-15506
26431
3062
4946
222269
-5655
13931
3294702
869
2800
799508
3050
-4051
91711
551
-8057
1452309
-7646
5837
5581525
-3727
3352
546244
4661
3688
1077012
4000
-6826
280636
-4623
15970
1074668
634
3392
1647127
5136
-9044
25600
-22357
-7759
2154479
-4706
-4541
1925355
-10736
2051
3196048
-2809
9657
160193
-11971
-1647
56198
-1870
-13820
2170605
-15636
-1207
46750
4001
7374
280892
-378
-3070
725241
16098
10275
365181
-7440
22782
4207836
341
5432
7936
-1983
19715
2099680
-3173
6548
811995
-8856
-2243
4895910
-3010
-2653
92359
12579
-10627
318277
-1508
3507
1319666
-5076
7601
28390
-2576
-5665
1074380
-8683
5162
5277616
6109
-15956
2378522
-6573
16146
7344081
-17894
-14507
1417971
-6493
-11437
6560733
7017
-5410
4863286
-6407
704
6427102
1365
-3567
16128
20067
-8108
1884981
998
11849
466973
9613
8429
5809994
7657
-1105
5383470
-1579
-7898
3149800
1865
5038
2235666
-5084
40
289508
-8278
-6163
4296383
-420
13496
1313522
-1302
-11132
79615
-3935
13035
285132
-1096
3343
141566
4129
9786
280836
-5652
-9586
3163886
-13686
-8260
652987
16410
-14441
360963
-3760
10536
23744
732
-16243
277018
-1053
-1804
271357
2329
4496
2511138
9987
1699
6329169
-33
-5919
264699
-4941
-99
32749
7043
-7844
4727609
7784
7933
5899318
-2362
15806
2316505
2661
-1397
1860404
-1109
2071
12287
-2277
-6505
2380755
-6497
-3731
7082459
7816
14417
4854842
3682
5030
1917493
8044
-3244
4724278
1829
-2357
2366228
6336
-8001
6297640
11009
-9965
61808
-826
20667
211177
3264
9304
30760
-2106
-9394
2312409
8544
4219
5017668
6684
4870
5513778
3484
2783
1860138
-9981
-15505
6329249
9349
14359
4764488
12389
-1037
836420
-9741
6722
7374765
-19100
1425
848580
-16079
2626
40324
2300
-10032
2118190
-11321
-992
190873
5059
2125
27417
-2833
-8442
30159
6110
-2378
2443291
1675
-7009
2627355
4516
9289
1329676
-4426
4816
220413
-7650
7010
5578963
8311
-3057
4883781
-8509
1226
4234169
-10486
6360
2217619
21729
-8737
323852
2164
-780
2639396
5716
1873
3165712
-17756
9626
310012
9806
4840
7441491
-8529
-10051
4234687
-8353
-633
4495795
-13231
9458
60832
2883
-2245
31537
-349
-1089
269309
-1044
-6332
9982
-7148
-9521
4204224
-5048
-14198
158946
4900
2766
293396
-14452
-9461
2655898
6388
-4014
6297132
4860
4608
29214
18091
-8638
2137887
-9199
2126
4236704
-4453
8887
807931
2172
784
2638374
-4678
-8179
1141487
16935
-13703
1485077
-5789
9599
2905061
-9029
-2750
4242351
-246
10666
71411
-8880
-7250
4242592
1119
2988
272643
-7316
-4756
4732630
6592
4117
7342120
-3239
-2111
424402
623
-5073
1582359
2160
-6056
2638884
11374
5152
648295
-3455
20892
553432
6057
-9285
2247966
-21096
-2594
2023658
2433
255
3686696
-5775
2884
2643428
6798
5157
4797499
12660
1795
579140
-11097
7049
457101
-15233
-5151
565639
1515
1001
1058575
7159
-2418
4334909
-13821
-6401
1106865
-2655
10191
1337804
7095
-9671
4336957
7867
-1366
4201279
3687
2530
1982773
2879
8215
31031
-3118
2019
93913
8855
3550
4896089
14919
-1346
1223025
5631
4140
1073423
5672
8412
3296278
-12769
173
1360307
-8050
3703
4789451
8277
-10864
4230976
1302
-1223
209921
2354
3519
2186789
-7966
-998
4526797
4458
3218
611847
8174
-6400
4260927
3780
4309
23096
-12908
2143
1631912
-2734
-5287
97985
-3913
11519
155085
-865
8868
799211
-3633
6968
1068491
2862
11576
97335
3591
1608
1196337
7283
-7615
4728613
5719
2303
3296529
4344
-15046
151566
6077
12713
2116382
-6027
3343
2639844
1961
1073
2231582
-9885
4433
7115685
987
1212
273179
4572
-3660
1329674
-6301
2983
7082965
6751
8955
5515571
-3127
-6592
159194
-483
-786
1311730
265
-2715
136450
1501
9533
1321738
-9695
2535
5548468
4970
5859
620055
-1637
-1499
3933163
3014
5289
223289
594
2095
1125905
10122
11938
6915675
6860
6774
4210234
-560
3378
1060072
-1428
-1540
1582838
11493
-11671
324460
-1971
-14502
2101218
5169
12413
27908
-4980
590
554730
-9896
1932
6723746
13838
10919
3261523
651
-23983
538395
5240
5036
679942
-6488
613
6429918
-11330
-14998
125087
7336
-4913
4340782
1662
-1963
3735575
13093
2275
326484
-4828
3884
293604
2835
-3555
30513
-14197
-14873
2676651
-289
-4532
268795
-5643
-7471
3164140
-10711
-8221
3329430
-342
1150
73471
-11369
-9367
714137
-7076
-10386
4467394
-1424
15693
1582324
11562
-21733
130663
-10421
10821
2154387
5343
6023
293131
7282
3227
4793893
-800
-4821
274668
9839
2815
7898455
242
14442
71181
10444
972
2154090
5703
3486
3295505
7334
186
4667437
422
5991
1509389
-5054
10704
92897
-8663
-7032
5410230
-12851
-4443
1109930
3383
-13271
163109
4599
-6475
1197325
-3554
3970
1401043
-5404
847
291580
-1322
2615
212217
-17230
-15815
114413
9338
7341
4825671
1384
6151
668678
2569
-10149
1205554
-1737
-9951
2235877
-11968
-129
55424
-805
-2395
277483
-4
-2463
766
11146
-3545
648827
6766
-6189
5841975
-5261
7434
554997
610
4941
1909269
4718
-10577
1664023
1154
-5573
602633
5579
6286
1077003
1388
19080
538118
1645
5832
3671830
2369
-10545
2119968
2295
5005
2250029
-10812
-7864
1108616
-4298
-9431
220405
12584
-1131
187462
7255
3814
4336929
-743
-6713
405986
1045
-14450
9984
309
-219
7940
-12052
1217
54926
16471
-4767
167169
4278
2776
220173
10731
9185
3196783
-8795
3889
5548972
-14270
5764
2214561
8408
-299
4626506
-4037
9363
19399
1106
15525
77313
-6659
-1212
5252046
1766
-1661
2560029
10291
8886
2150245
-9694
-2848
5614261
12807
9870
1237329
-7926
-4837
4265667
13302
2658
255069
346
-5722
334339
-16371
-3785
34690
-1822
1546
2429677
-1230
837
81653
2834
-2857
95793
-13418
-14649
779449
11248
5151
58492
4694
3622
1272849
-4722
-3237
1664235
31
-15845
262403
-14056
17962
2543778
11301
1783
322404
-9693
4029
5548981
-3631
286
1068488
-4927
-8333
31208
-9820
-5047
7637676
1763
-8685
2364189
-4686
-8459
1142509
11662
6192
1696875
-5205
-8188
28671
11144
-8241
713850
-12037
3560
54159
-12040
-1698
184462
-1234
-1738
81143
-5853
4928
2382821
-8325
-5944
4756407
-5045
2954
28643
-2344
-1411
2513114
-3529
-15083
1207765
6823
-2185
4602173
18608
1332
2153516
-6889
-11622
4339137
9494
314
4437057
-11058
-2118
130187
-14122
-1721
2350249
2504
-6933
3296298
-1777
-10752
2102755
9617
3193
5809480
-10140
-13181
7111332
-18583
5252
2807254
1724
-559
2103838
-10500
-23059
2151070
10392
-1805
3068010
-18772
-3717
2154206
12
10232
1538
-5639
-19381
3293678
12949
190
587608
-6607
-6989
7343572
13079
476
193873
8214
16742
4424769
7432
-15567
4338722
-20017
-17052
1101259
-3207
-7609
684502
-2182
7443
2708183
3452
4484
553510
3138
6784
92705
-3939
-8098
807882
6631
-21731
7733549
4881
-2114
29968
1132
8137
534022
-1579
3193
3149800
-8802
4780
6135979
1412
-1473
1581576
4029
1838
19262
11806
-5112
1425523
3328
8247
28704
7631
-17637
5254443
-5474
7434
880891
11589
11405
64352
2765
362
32570
6547
-3039
7866153
432
18216
1051660
15283
12378
44925
-12251
4487
314244
-7686
8031
5309135
-3177
6937
681433
-1536
1214
1057008
-6116
-1832
2376418
-3851
-10718
22476
-11890
-4115
1688715
-428
-13577
1052400
6695
-13070
5646645
491
10458
1050383
3735
-8399
677177
480
-7945
1310732
-8533
-3051
4235199
1417
-4686
1713418
11573
2480
65380
1227
-191
16139
9062
-6093
5222485
-2823
-22448
160206
-3190
-5179
616155
-6897
-14208
4208067
-235
3
6128
1959
-5703
2492701
-1283
-12371
13310
-11229
-5744
322437
-4234
-3812
742645
8739
2390
5548885
-1237
-3526
16375
2625
6319
1075504
5030
-7042
485405
4963
-93
815893
7447
14339
4338977
12406
2981
771141
-2585
-6152
1466829
-4479
-2952
545272
6078
-8618
2181151
-5615
-1041
1074672
-7456
-822
4468956
2744
3144
161854
-2941
-11106
553929
-7700
-9185
5244622
-13520
-3997
64692
-5757
-4475
3687401
-8823
-6759
5940650
17006
-13857
1680407
5712
1926
3165200
19952
-2403
1106988
-1890
1818
2953451
-599
-2295
1191406
4202
4623
607751
-3985
11932
542151
10941
2068
64382
-5966
-2360
2186989
668
-4664
799258
-13177
-2297
717225
20164
-1441
55864
-8656
8998
5278900
14896
-17914
1092724
7787
-5021
5769015
12367
8746
52547
6141
8199
2114334
-4290
-10093
88311
-13888
5065
3197096
-9587
-3795
4765626
4089
-17244
147774
-7010
-5033
5058763
7725
7014
5246774
-802
21003
342251
3599
13829
1066291
-4872
7397
159982
-2785
-7049
291267
-4336
283
21744
-9985
1212
6328751
-12144
-7067
578696
6991
-7660
4209971
-5291
7095
32752
7653
9066
5514028
-8201
10808
4359613
555
3112
1060631
4182
-2377
216065
-6424
-10495
6427870
-8478
14467
4559549
-16128
956
36992
6059
-5058
2117407
6143
3439
2113823
-833
4995
14831
2340
7121
2382372
16306
12245
102013
4171
7532
20227
8458
-16498
4298307
3371
3744
32551
-5028
-5280
289506
-6885
-13
4469699
10251
-471
2148195
6183
8319
6687013
-20395
9145
53184
-417
-9698
1313267
6700
-4694
5254710
-5722
-19056
3623149
352
-4276
790532
12546
-567
119361
502
3772
1246221
-2049
4109
2114015
-13792
-3267
1370292
10477
-8846
2152302
-426
9630
1248497
-3441
9322
554459
8505
-4433
4364614
118
-4295
721925
-8118
-4328
4263619
3341
1723
30498
-752
2601
13536
8379
-6229
4234063
-5540
5934
1338098
9221
6835
4236096
16078
-143
105595
569
-15364
1190166
2969
-4814
942394
-7237
4467
4205535
-1171
9072
538614
14236
6369
2933338
-4037
-2953
19399
31
9956
262403
8357
-5878
4496204
-7721
-7147
5377481
20395
-2450
53055
-3040
-1900
288964
11234
3600
385661
-16136
-13114
168078
2501
11235
3164968
5578
1596
1142283
-13942
4708
3786411
2573
10633
1074994
2902
4369
228401
-8561
5632
4756923
-17577
6135
179697
2817
8350
28976
-779
13861
14316
-13029
8334
324515
741
7017
275228
10244
10127
2146912
-981
2487
12263
5988
-3860
2904596
5893
1661
2118416
-8949
-3969
4241315
-1524
10614
1058546
-1251
-6072
275442
-1789
11045
2102241
15407
1005
44391
589
8256
1060626
11074
2829
129649
5051
-3137
27423
-2548
-767
3163858
293
-5771
269060
-8960
-16905
4239520
4934
-7342
227345
-1138
9763
599291
5044
-6118
28188
-6328
-2468
6429906
19784
8351
195618
1765
3619
2364188
5930
7009
2186775
-10285
20051
2150297
4741
-365
553752
-13819
99
1106864
-15035
-12352
48000
10178
-10016
6392409
1712
-11088
2104348
14369
663
2394468
-88
8104
134398
-809
-997
146921
5630
-1735
1138703
-7073
430
4467139
-848
-7584
15596
15606
10761
242797
12744
-13812
1231946
11609
-4130
457058
-4278
-3293
89843
7360
-1576
4208680
-1206
-7461
81651
5849
4736
2513178
6632
10157
7472174
10632
-2980
3851370
2134
-9991
2313249
2254
-8365
2186283
-886
-5869
603883
-4738
5996
618727
8185
1006
4325694
2693
-4844
553784
-16572
7993
39664
-5999
-4641
2643432
7773
-5081
5507890
4332
8318
22030
-6049
-447
2378211
7824
-967
4723768
5254
1050
749577
8096
-4680
4458556
3426
-9586
881189
7039
2243
4731191
-5737
2880
3818985
726
3541
211993
17028
93
569880
-8689
10656
5277107
8450
-6329
4297281
-9975
58
6460834
4526
3506
1133583
4320
-7597
282636
-9819
-5118
7637932
5297
-4296
32012
682
-3943
81439
1743
-4282
2104603
14915
11742
1092465
-12782
2713
1164977
7845
-399
4463420
-1777
-7591
2102755
-1859
4601
2104302
10705
12394
3198312
3620
-2715
1329716
-2144
-4775
2377948
-7777
-2763
6029771
-11942
5260
383619
9463
-1492
4371789
2796
11373
30270
-10438
-6934
2218647
6904
-5687
4337726
-6768
-1380
5776584
-7685
5128
5243855
138
7165
595467
511
-7413
1048847
-7103
-3925
4204992
7494
4194
4405281
11035
-6962
324467
-6531
-5210
7865302
957
2304
11038
-574
1764
1125097
3671
9356
1199409
7072
-1990
4466748
-9878
7758
6919847
-7997
6272
4201417
-931
4289
273378
-3667
-12213
1069006
-13584
441
62652
-7770
2715
5703885
-10164
-11898
6327970
7017
2500
4863286
4379
-2486
283395
9867
3122
6854491
-240
1602
5360
4429
-13604
24322
1510
-1849
1515533
7038
-5113
4796471
-5185
7715
27135
-988
-283
273124
-13960
-8144
2805926
2533
-9108
3425068
11929
-1318
971130
479
-3322
1313035
-2678
5455
1664715
-5383
-3407
160254
3081
-10456
156962
11643
7739
586599
4382
2655
348163
-455
-10251
1182198
4364
3527
22018
-15644
12347
307868
2654
14324
1402931
-11622
-8496
914075
-5970
-3875
2186479
-12478
3842
121521
-2111
5455
2116056
-1269
8090
14323
-11887
-11351
1623432
-8772
-14226
5286574
-16206
5797
106125
5573
18622
1075976
-2265
5260
2513365
-4156
-3502
19192
11623
-6002
979301
-6221
-6596
6295517
2066
10115
2180641
4092
8298
16958
1613
-1743
3149586
5439
6708
30983
-8979
-3968
4241326
-3101
-3695
287709
5866
-15031
2184735
9572
8768
5026372
-14307
3114
2409378
2958
8764
615483
-2423
9357
2774490
1486
17781
1125387
-7098
-12715
4401345
11631
3618
587111
-717
1371
16357
-8738
-1690
5613739
8640
-4112
5277768
-17983
-3448
3181032
-3683
11462
1852362
-456
2104
1181942
6616
1679
7735338
4601
-2505
1196302
902
-19943
729113
10310
-1424
2345057
5712
11182
3165200
-5924
-3873
2382570
8403
1907
4235081
-2376
-165
2250974
-9089
-9529
4759975
-4532
4266
1068786
480
-2376
1310732
22691
-5969
6593325
-3855
11531
21964
-10714
1465
3655829
2974
8517
876603
-4027
-2354
19392
-2349
6105
2121689
-11455
-1377
63888
263
-7267
135425
1539
-6278
3146513
-6412
-6307
6297308
2474
8467
3231279
-2601
-9574
1207753
-13555
2210
63410
5356
9890
30222
23390
-3492
4569139
-6342
12172
6363863
2848
7780
292916
-343
-3875
138750
3836
6816
21054
3647
-779
1067319
-11552
9661
323740
-2495
1349
3164624
9119
-5258
5022043
-2119
10309
2247134
-8389
4058
4234167
-4443
-15292
285692
-9127
9620
4630946
-14345
7112
2262429
14131
14095
2154325
7570
21949
5842473
-1148
-3643
533240
-16701
-417
39929
-2908
1726
293580
-5808
-313
2120928
1753
4338
2496794
-5640
-724
3293422
-15933
-8596
1084297
-7507
5621
4210654
-1035
2264
10236
-1347
12353
15358
2359
16400
2252069
-7479
882
4341210
-1441
-7689
1321459
6144
-1497
6291488
-4352
-20537
20720
2248
13086
2251818
648
23966
668698
-8909
-3171
4243365
5537
2162
1337612
-17204
3344
48874
14360
7344
2523234
-14888
1557
1484938
3604
2330
1066544
26827
-6999
10510187
12565
-6671
55104
754
-3483
79389
16174
8361
105591
950
7531
207901
-5235
-4443
550906
-13941
-1645
3721131
3246
4275
97327
-2910
-3712
359117
-10609
13663
2676123
2768
-1729
31800
2448
-11388
3687464
8965
-2358
4240208
7868
5275
4201022
12681
-7836
1754442
1352
6423
146434
13392
-9024
60480
3942
1344
1003573
18357
368
2133788
-6129
5741
2115043
-3175
11140
942554
-5081
9385
420325
-548
8577
1321706
5286
-3064
489485
11825
-1621
1101172
6991
6341
4209971
1752
19221
2496538
-6189
-5200
6295513
-7777
7989
6029771
3734
6655
742457
-4194
-5532
868603
-9661
4942
5286833
-522
-3997
1254637
-1530
2253
1253617
11402
-7354
652907
5446
-16847
227329
-2444
-11960
3688148
-1358
1154
81661
-10264
-10845
2278558
-125
-12780
525305
-5821
14411
2120673
-2433
11006
3686871
11408
3555
586856
-11653
13448
1631127
-11734
-4311
1175191
-6280
315
6951126
-16051
-10969
40834
-2828
-170
30412
12735
-9860
1100111
9175
2847
4369753
5782
4177
2839577
-4214
-8569
607995
20701
7159
318218
6335
-11161
6297903
-10886
4662
651911
-2286
368
2184913
2900
-6437
32304
4007
568
411965
6132
2483
2115100
-4741
-11722
553959
3314
-1693
95789
-9761
4761
7637419
-5607
-14890
1466866
7882
-13152
4267579
9037
1580
4243282
34
-3141
330245
6845
-11578
4209470
4330
-4184
87567
-6809
-578
5124549
-13515
6048
65460
6424
3227
6688802
-3838
12628
86721
-99
13118
787450
-8795
-2035
5548972
1516
4335
1058318
-3178
-6581
746713
-1298
7450
79103
-7546
-2792
4927705
2475
2623
3165999
17297
16288
566552
-3497
3586
1207761
-5532
7031
1860340
-13653
4938
65471
3630
-8730
1133623
-2259
5699
2121686
-15919
-12750
1084808
-12260
-2617
311938
25163
2985
13643603
-6455
5850
6430170
3977
-611
673082
11388
-8219
582246
-2593
8570
1337803
1813
2525
2103056
3776
6343
22584
9508
790
4504132
-2328
3925
2249950
6357
4901
6299432
10888
2399
717946
9989
2508
6329168
-13089
-10360
326059
-12847
5021
1109416
5142
-6803
222209
-16835
9952
1084406
15642
1530
373347
-5723
-1752
3427308
8047
-5597
4724023
-9365
-3874
4765623
14855
-1682
1220977
-17453
-345
45049
7598
-10487
5319727
-4546
-6766
1132791
8916
11945
4243032
6555
-334
8127275
6127
-6224
2114847
-2077
2558
2376669
5700
-7269
3164688
-3209
3314
685525
-93
3063
265213
-10879
3541
1630600
-227
8380
267250
6321
-12123
6298924
7590
7367
5711917
10944
-3235
63608
23031
-26168
7505197
4500
797
1590792
-309
-8137
8187
-5235
629
550906
20949
-24304
1101576
1176
-638
929802
1671
5961
2756889
-177
6915
7667
-1237
-13988
16375
-8154
3705
4655301
-5563
7123
1076208
-833
-9084
14831
3359
-9191
291107
-4939
2220
32748
14815
10464
3443051
9032
3323
4373586
-8239
-4436
4230584
-4864
-16508
28896
162
-215
334349
2597
-5917
1338164
-8672
3292
5540020
18383
5885
2133275
2006
1720
2296857
3361
6496
293156
588
964
1060370
4343
10662
152845
-5934
2233
2186985
-5864
6253
2511074
-4305
3151
24055
2494
-2296
3229743
-11998
1277
383621
-10682
-6038
3393681
8142
-8862
4262971
-7883
4351
4202436
-10447
-3642
2153876
7252
-1941
4206112
5602
-5655
1401357
2164
11704
2639396
1688
-19996
3018778
1565
-783
3408658
-3995
5937
803780
-5461
10829
32767
-4045
-12646
20421
-4064
4396
280772
-919
7223
665062
13475
-16328
326477
895
-2630
536855
11539
-7586
63329
8380
-2200
4233806
-3163
8604
289756
-1007
-1097
9696
-9297
-4963
4238783
-682
-12699
212193
-4316
-12738
285428
2348
11537
2121254
14879
5696
1352051
485
-14837
1311500
-10178
-7193
6391975
7132
13436
4467258
-8858
4422
5222565
4922
572
96791
7315
7588
4732713
-10381
-7735
2676629
3026
-4330
93753
-2271
-11771
2382292
272
-5232
5120
-4786
-5261
97507
13869
5323
3198806
16946
-8520
1158677
2459
-412
3949355
-7477
12605
4210651
3192
5333
679974
3908
7993
23088
2948
-2718
549432
8125
-3582
4197182
-5901
8717
2119661
-5099
-4675
26592
-4982
16425
620267
12710
3350
1558605
1776
14628
2102300
-190
5319
72433
-16348
2590
297604
7457
7394
4471076
9330
800
4826693
-1596
-6793
3148520
-3395
-10285
31710
-6799
1642
4732356
700
4212
14878
1777
6277
2102556
4143
-4436
19719
16013
-1202
563066
3722
7034
611899
6453
20016
6299428
-17567
-407
831988
-15902
8048
1409677
-4726
311
1664747
-6047
777
2900452
-13663
-346
326076
-1863
-9229
2234862
-9641
13759
5418417
1531
-11568
1057551
22065
-5967
3198228
3552
-10491
1335340
-5934
1952
2186985
-5010
-7453
615655
-11218
-996
126087
5495
9382
685317
-6453
9324
6299611
-5573
15025
1076215
-7198
2206
4530909
-5136
-6945
25852
-516
4825
1057518
5019
9105
811803
12068
-11286
318068
2208
-5771
2381868
-17242
-1538
506093
-6282
3729
7017685
6638
13337
7406639
-5164
10826
28408
7804
197
5767734
-6572
7937
7343824
9742
-13655
7439443
-529
8950
1058287
-8109
8467
4198337
2294
6334
2315309
4682
3341
1142291
-16617
-1864
169457
-4813
13970
32741
9021
8094
4242262
4593
5499
1066252
16885
-20362
1083148
9000
18518
4373590
5098
301
91679
3811
-2650
283453
-6707
2795
5255114
-6472
2939
6428894
7933
-4920
4199230
-10655
-933
3981716
-148
-61
530166
8214
14367
4424769
12932
-9419
586328
-13305
-4023
188833
-7805
7434
5768137
-7454
7206
4535005
14048
1032
2412636
9565
17182
4504386
5270
-6812
750601
2645
10841
1077040
-9264
-12335
4238520
11436
-11631
65134
-9256
-693
4630714
-3758
-1971
89793
-1642
5048
3867881
3284
7041
32296
10766
5569
1172595
12137
-3787
710006
-2617
3012
1206729
-5762
11313
2707687
2273
-3452
2380076
-10513
-9783
2151839
1837
-3474
2105110
-186
3479
202993
8017
1670
4201776
-2188
-3295
2643668
-10651
-999
3982228
16928
-256
1353748
1276
14818
12814
5721
-3707
3557650
13019
14944
326491
2451
-5473
3688233
-4843
-2668
30688
-3059
-7137
26562
-14074
1470
2347169
2708
-2826
554552
1733
4133
2104088
11546
2248
389731
7824
20503
4723768
8639
-1420
5278031
1950
-9851
2949147
-1492
15408
1060598
-5884
3321
2118368
-5986
-486
2969835
-2504
4226
3295446
-10670
5612
3264145
10453
-3264
2154344
-1534
-1761
1123057
4209
5216
541956
151
-9692
660745
-15244
-2316
566916
-1496
-13571
1191158
9515
412
4243271
7035
-6166
4731703
-10809
-1598
1239433
1737
2112
2235674
-8237
8435
4231097
7544
-10006
4861990
5087
-1574
289051
-4181
-15102
20479
-4065
7908
278979
8498
-7482
4300357
1122
-7723
860677
7355
16714
4209455
-3029
2838
28615
-4176
-12796
19708
-4273
4017
24051
-6556
646
8127188
-19260
-10341
64200
-3155
14595
28638
-1315
-2880
277498
3539
-7963
1077033
1591
-2246
3280149
3262
1926
96303
10066
-8913
6397521
-16900
1232
1090286
5496
7043
684038
9049
-931
4634962
9017
-1618
4372822
21970
4719
1175049
7113
-3663
4336954
10627
-3476
3720041
-12414
-6792
639673
-11451
-11884
64400
13236
-5373
61020
10150
8162
6785117
-4850
-5562
95459
777
-10438
144658
-2940
-4648
553672
-11130
4710
782473
-3486
-3765
1925845
-14331
2072
2147232
11784
11521
1229938
-6410
-2227
6493405
-5024
4763
811236
-8246
-12566
4296379
8834
-1419
4829785
7398
3182
4665389
14363
137
2392931
9364
8088
4765256
-14790
7420
3246743
1330
-5873
81413
-9362
-3626
4830391
-4311
-1372
155126
488
-2701
1180686
-9319
-9128
5153210
-13199
-1707
583076
3626
5333
1134135
3519
-3812
1075503
5507
6719
1598217
14433
-3395
2916708
13977
-3895
3068250
4597
532
1066764
-4964
-14047
815850
-12585
-2303
187833
8575
-2426
4755783
-17061
-13379
310243
8240
1593
4230212
10107
3595
6853463
-10463
-2465
2414996
3690
-15457
1656375
-6064
-1899
2116832
-8168
-9313
4587714
2285
12802
2119470
-1001
7954
140769
13252
-10096
59992
-7735
-1111
5377482
750
7180
78879
-1956
-1769
2362082
1775
-12751
2102559
15150
-3150
113783
4525
-10961
1068814
4409
1610
153862
436
-2533
1052172
-9730
-9928
7438511
-7457
-8356
4471259
7503
-1498
4209955
6958
-6596
4275255
7834
6962
5050939
3233
-198
293164
847
7976
15635
-6010
1311
2838761
-2762
14366
228549
-12175
-2119
574852
-2011
-3510
2362340
-6662
-5062
5317327
3872
-19150
284724
-7935
3040
4198848
10454
7307
2350185
-7160
5668
4334786
-2638
1477
1142477
13635
7212
64321
146
-6581
595465
6821
3051
4471612
-3601
5459
1066447
16505
-2881
688390
3539
2556
1077033
4925
-8984
31510
-14438
8434
2982555
9632
-5121
5548108
-1860
10199
2104046
-4891
-8648
291820
-9345
-15837
4764087
-4707
1761
1860586
2575
-2704
1074483
-4815
4426
32228
12492
-12039
56906
-61
4900
3065
-4574
-10025
1395445
-11137
1277
582023
-11207
4800
190854
12776
-6470
1229902
-5130
-11638
222461
-10144
-6865
7110820
-3684
-524
1852106
-1853
-14296
2104297
-7515
1960
4471772
-12179
10248
575366
-1598
13855
3214057
6609
-24098
7343400
1905
4684
2626836
-4681
6648
1207789
-13010
17402
130215
11081
-4910
195954
5032
-9714
158750
-1147
-5133
533496
-2499
7828
3165142
-2418
6531
2708699
-8341
13726
4757431
4780
-2706
32286
10211
3247
6587229
4192
6646
802820
12221
9905
52094
-11724
-5322
1109652
11379
-10930
583525
4778
7362
97823
9933
8391
6332250
-187
-13813
7152
6084
-3661
2116120
-6681
-8021
5644749
-10717
17387
3459989
2115
6679
2116385
-10864
10219
1631368
4748
2619
554522
1609
6822
3280146
12015
-10355
54655
750
1636
78879
-6132
7702
2115298
2060
414
2115106
10281
5459
2280806
-15789
2532
1093521
8771
-20
5286737
-8467
16558
4233150
3554
4975
1401389
13906
-7409
3264081
-11343
-2076
60828
84
-6815
3584
3558
-5771
1531949
9324
-6576
4761158
-4396
-4133
24312
-5535
5758
1860084
14541
2723
2137962
-130
-6952
594167
11843
-11086
1100657
-8748
8970
5287592
4329
6506
152846
-8385
-8774
4233655
-6590
3220
7408337
-6448
-2967
6298840
-1091
3672
11262
-12552
-2890
184510
8767
-15964
5286231
-5112
-2168
156898
-12415
5424
573880
-508
6270
1049328
10044
11874
6330966
-5459
-5542
32766
-1158
4394
602871
-9580
-7721
4765368
-15608
338
177298
-5984
-6915
2382060
-1538
3460
3211503
6024
1765
2769946
-5064
-3069
157926
16365
7443
34686
2322
6539
2184737
2135
10170
2247969
2762
-4369
97851
-9280
9413
4237496
7201
-5420
4466980
-2443
-427
3688404
3447
-4490
685349
-5806
-7221
2186977
4200
-5005
672774
13095
7672
457045
126
-8525
589831
9906
-6218
6397533
5637
4279
3162896
5471
6045
293123
-1724
7695
2104032
4387
-7724
285445
14613
-361
2135904
7358
-3361
4274223
-10106
-7586
7049385
-7679
-3321
5251536
-4458
9377
742649
-8259
8592
4230078
7259
10475
4467491
-3670
11555
1134287
18828
-12514
3720746
14129
-55
2153812
-2154
-1757
2835673
14307
14418
2409309
20490
-17612
116227
-2261
8628
2121687
-3256
-3960
163026
-7814
5799
4788935
-3612
4439
1327820
20614
7705
774153
416
-3217
1312780
-1904
7325
2626792
-2975
-5311
811460
352
5662
790532
3638
-999
1264693
17360
5391
44056
-12811
-3932
1107884
-7370
5007
4406485
-2312
1284
2248926
-14551
4134
2268566
5078
-13842
224281
1189
2781
277260
-9570
4417
5091515
1532
386
1057294
4997
3655
549656
-6151
1756
6423006
-3271
-6002
162262
6444
-3235
6299174
-12166
-53
639623
14941
1932
1354610
-14566
2062
2462355
9454
-2046
4305999
-10296
-5913
2280602
-451
14316
1051638
-8647
-1369
5409206
-2206
3480
2970325
-9049
3384
4635053
-209
3426
7671
-8947
1355
4241314
1088
3288
10240
2949
2590
549688
-4566
-12687
1134327
12441
4502
971082
-38
1258
330491
-5033
6808
159201
6428
2521
6558242
7141
-13756
4465468
773
-8204
13072
6677
2543
5252912
2145
9553
2900260
-17266
-6229
636139
697
14272
145694
-12797
2298
1098673
9731
-14166
7373649
7549
-2604
4731686
6471
-106
6428961
12761
-9861
1493322
-18924
3643
3196624
7025
-3727
4732212
-1121
-5626
795131
2499
-9834
3164969
-3119
8358
28120
6465
5445
6297888
3447
9736
685349
5589
-8067
1077000
14689
-4458
2920804
-11247
-9479
58752
8747
4867
5287767
32767
-7733
8388991
6066
1531
2182685
1417
-11803
1713418
8068
13954
4719160
9082
333
4829783
9104
7079
4760664
-2147
-6038
2900954
-649
-7052
669157
-16126
-9528
103041
4193
4926
803076
-1824
2073
2363628
-6259
15169
6817754
-6737
9495
5254607
9531
-15005
4242247
4816
-9372
31768
-11187
-15054
61314
8840
9174
4895834
10109
7273
6853462
3373
-8861
32550
8329
14063
4887882
8659
-1929
5279561
-2868
9247
32458
-2812
3893
29376
-7604
-683
5254866
-531
21766
1058798
2655
-2788
1337651
14203
1161
2675543
-5138
-10236
91391
-2593
-1375
1337803
1693
8603
2888474
-9938
9737
6397095
9515
2540
4243271
75
-2225
3843
-6743
-6629
5385678
-4273
475
24051
-9925
-2309
6331303
-6666
1744
5448909
13039
-5436
62815
-7068
3273
4989636
-2343
-6551
2513370
8177
11519
4195644
-8220
9501
4489916
13322
-11223
124483
-11758
-15815
1173137
4705
514
1859860
-1762
13676
2429155
5751
-10346
3818773
-9283
-11402
4238270
-12798
13586
1163953
5836
-8046
2121242
-3202
2757
618711
-837
-4932
15343
-3819
10407
22464
4265
7739
154894
5420
-5061
32262
-12214
-2283
118403
-2828
1465
30412
2084
-2911
2378276
-11492
259
324242
5281
1627
293132
10315
5063
2150243
-2465
-6033
3426771
3308
683
30254
-11337
-922
191901
-3788
5068
24260
-658
-222
603367
-2417
7317
2643419
1853
-8988
2104086
-1744
-8525
2104548
-2315
6452
2119644
5728
-3228
3948564
9599
2628
4763975
-4553
16096
1199605
4887
-6295
161041
-1050
9340
467197
2829
3237
30514
-5301
3351
32755
1456
-13714
1059852
-8845
-2375
4765605
-1068
606
12024
-4598
-7440
1132275
9328
-864
4760644
-5801
10909
2252257
3807
-11025
284987
1759
7714
2365723
1822
2367
2428947
-7839
-9918
4985284
3824
13278
21564
4407
6739
154885
669
-14920
799514
2644
-3973
1076784
-2959
-3910
550340
-3897
-7473
154057
-6885
-5990
4469699
-199
1381
137718
-5223
1362
942586
14178
-2202
3002965
7064
-18285
5120058
-10153
24071
6458785
2831
4089
30003
8576
-5185
5800008
-10013
-3099
6591405
3410
-13151
97825
1393
3245
537860
9963
-244
6330207
1175
3903
668937
3260
9446
31278
-7981
4409
4202441
-8826
3564
6004905
7146
-11582
4269631
4642
11824
1403413
8715
-6752
5285715
8851
-5
4765529
-10873
4270
1761673
-1571
3000
3410922
9568
4313
5025860
9915
12941
6331231
12535
-5970
185677
-7783
-7602
6160842
14265
-11157
2279774
-2165
172
2639835
-14146
-12444
2218159
-553
-11618
1191401
3316
-9137
30252
-7128
6445
4336838
2045
13117
2097950
-7257
15878
4598237
-7054
-4172
4794053
2285
4037
2119470
-9454
-2604
4306609
-9167
-12375
4238756
15247
7303
566651
5858
-3536
2445853
-4230
-665
611063
7484
4017
4209190
-11404
-5847
587412
-191
445
6640
-3223
332
685526
-2988
-4885
28352
-6538
1957
8062165
-17892
4185
1352434
2178
4463
2708009
3918
1297
89139
-916
-4261
534246
-3065
-5815
156097
14376
-707
2264166
5165
-12924
28422
2208
-19752
2381868
-3369
8710
163289
-16974
49
1158893
-5678
-196
3231465
2116
2876
2116128
-3591
-604
1196494
6266
6453
6881831
-1672
717
2756838
3074
-3835
90657
-16021
-11594
563079
-11664
9059
1631380
-3920
-8378
23756
-7151
-621
4203968
-1578
-13981
3345641
-2866
81
97483
-10513
998
2151839
-507
11447
1049584
15723
-16329
571239
3089
-7820
25888
-12022
-18519
120451
-10033
-11449
6331819
-7095
-5809
4337090
-3551
3380
1337812
-23335
3725
4635082
4743
395
684313
-3241
16349
163281
-6901
586
4208579
2993
8571
27964
-478
-2793
1379061
-1171
5283
538614
11783
7701
1229169
3191
16310
681253
171
-10011
7951
-14918
8794
1157775
-5175
-763
159226
6217
-1152
6425890
-3617
-11496
1329611
-10290
-7717
2215067
16374
-10227
230525
3187
17903
550693
12188
-10991
836218
3596
-4989
1066546
-8311
-10648
4883898
-717
-2422
16357
-6780
7234
5776072
9738
5453
7439955
5472
3440
815108
-76
-1592
3836
-5840
-6344
2120932
4412
8026
23046
-731
20144
277476
-483
8097
1311730
11131
1408
586615
-2595
5876
1338314
-5306
1979
227569
3240
5646
162862
-190
13656
72433
-923
-11041
795620
2969
-22495
942394
-2467
14993
3427282
6129
-1217
2114844
2293
9505
2119468
5197
-13638
28418
-9882
610
7311525
-2026
-1554
2295009
11523
9432
62305
5865
-3062
2250014
-809
1838
146921
-4829
-2825
293861
6693
3730
5516084
-21059
8094
1108974
-9497
-7509
4633021
-8660
-11395
5279414
-29
-3586
263165
-2713
14404
946629
-10611
5562
2676634
2845
-5258
291634
-324
-6038
6910
3059
-3618
26429
11769
-4645
1237358
-4545
-354
1067511
7486
-7054
4274215
12814
-3953
1172563
1861
-7578
2104080
-4452
-20527
807674
12356
-3211
51776
1782
-5832
2298909
-12178
11703
640135
6998
-6232
4406321
10657
2798
3459436
-7555
-508
5776342
-1960
8260
2492642
-11662
2684
1697429
5817
2452
2251038
2336
2275
2381860
-214
2454
73463
20939
8362
1101579
9817
-14333
7768402
-9776
-14185
7376040
-15057
507
48519
14674
630
2203233
-7595
14420
5255120
-9381
11521
4504499
1766
-4269
2560029
-4013
1962
20417
-13136
-6420
64684
13497
-2775
194894
-7320
-10844
4863190
-7157
-6296
4204483
-13321
1018
189885
11365
4331
844644
3944
9722
676918
-3911
-1522
154062
12576
3303
317508
1410
5338
1647113
635
5830
1581847
2573
-2846
1074994
-6825
2884
4341185
89
-198
395522
-4759
-12020
685542
-4360
-2073
151806
-9535
-7344
4241848
-11777
-1544
1098127
3747
-7887
285501
2798
5006
95295
1165
-5443
538378
2614
-4103
1272885
11596
-7394
65122
2483
-496
3165997
-1011
7459
10210
-6001
-5178
2643435
-6563
-9091
7605202
9226
7680
4302403
-5821
6725
2120673
-17026
2756
635111
3384
-5998
161830
467
984
1052425
407
-1674
1705225
11873
-467
1884532
3612
10063
1327666
4859
3481
29471
6629
6001
7602988
14218
7601
2737755
-25483
-5043
13117348
-191
-9650
6640
-5129
3682
157181
3109
-19406
289572
-1558
-12438
3213039
-3167
13990
289244
4294
3769
219145
13717
4318
1632072
-5359
-8903
30192
5021
2639
811802
13915
10539
3459923
3870
-271
348211
10425
-13236
2283886
-1070
-8415
77561
-2222
-15157
2186961
707
3487
15129
6975
4430
4208951
5547
-1789
1077007
-7013
868
4993995
-3243
-2528
32720
-10686
8322
3263121
-12002
20398
381059
4522
13214
1134095
13394
46
126529
-4609
12125
1073647
-2670
-2068
1664713
-6831
3790
4210112
1202
-7541
81421
-6931
-19298
4208590
10758
6998
1302641
3135
9137
26919
7954
-1106
4265521
-8229
4387
4492219
-5183
2988
27128
14299
-42
2411355
-3667
3804
1069006
-9503
4891
4501948
6476
-1022
6299170
8723
-7512
5285713
5206
1174
224257
-2549
-9342
3164115
9658
-15178
5352015
-11654
22551
1696407
-5305
-7079
162289
6751
-5171
5515571
971
-6171
12059
-3341
-3421
30685
-9786
-8835
7571625
-3346
-11198
95455
-1821
5736
2364397
-13690
-4763
782521
4938
7138
97811
-7914
3435
4396225
8085
-11539
4720440
-11393
-12373
586135
-3400
9211
162014
10421
-1216
2154348
-2237
-18746
2120657
-3601
-11730
1066447
-433
-3413
1052147
-339
-1236
8190
-6929
-8458
4208079
5463
12728
163073
2434
-1860
3752489
7491
4967
4209441
-4258
2201
350451
8390
-3180
4429897
-2038
18507
2164451
4598
-4498
1262605
1255
5705
405773
18672
-3513
2151468
-11027
5152
63374
-18416
-834
2131168
-15621
8358
45983
6122
4317
2180639
2763
498
32571
-9010
-4852
4308139
5769
10058
2774298
14622
19322
2461795
-13224
23452
452770
1565
-4275
3408658
-608
-4170
1321196
9936
-566
6331480
-9911
6039
6462882
-235
-7182
6128
-6914
-1382
4272335
941
-2804
12062
4058
-6364
346683
-434
-1899
1117427
-2323
3075
2119646
2971
3201
811835
12772
642
1360460
-15531
6724
49040
-2669
6204
1599433
5216
-2148
811012
-1993
-1676
2231781
5602
-14638
1401357
4636
11018
1335826
-2502
5339
3230423
-8014
11007
4267725
13963
-11907
2676571
-8913
-5991
4242855
-2115
-141
2116574
2509
6876
3165994
942
16575
76831
-8530
-15362
4299967
-641
8652
537063
14194
10415
2741845
-4885
-8734
30703
-10657
4261
3459475
-2065
2096
2115039
9471
-1389
4239695
16032
-390
301180
-11191
1247
191874
-9908
-10093
6332066
-6840
11982
4340930
7305
4180
4863274
3990
-8302
738361
-2262
5563
2186967
-2125
-4756
2117597
-13997
-4661
2154401
-7719
1176
5638602
4001
4855
280892
-14205
-2770
2675625
4708
2924
1860116
-14449
2639
2655643
-384
-11154
528632
6680
1777
5644338
15385
-14929
434530
12059
-15343
316275
-1377
430
799227
-1021
-267
9185
-10379
-10098
2676628
-6431
-1129
6558172
-5806
-7411
2186977
-4577
-7525
1327603
4287
901
22799
-3826
13039
87235
8069
2579
4719416
-4786
8230
97507
12410
-4374
639559
12711
1339
1493325
-3382
2606
98011
9722
4890
5349967
-5239
5886
681466
6348
-12837
6299178
-8057
6001
4854217
-1558
-2096
3213039
9786
-7071
7440983
1819
1326
2364179
-4418
324
88319
3734
11983
742457
4307
3300
24329
8563
1971
4757317
876
-8472
538134
662
-9885
734233
362
-1358
595463
5062
-5488
223257
-8133
-16450
4197319
-6283
6454
6821844
5712
3054
3165200
-3975
1075
672198
-5788
-7607
2904804
-5091
12789
287714
-1946
-3034
3080421
7947
3267
4200243
7035
-8545
4731703
-3962
405
741577
12069
-1682
318324
11125
7558
587636
-7000
-10128
4340942
-9218
-538
4300991
-4615
-10446
1204718
7903
-3000
4462907
-10434
3016
2218135
-16471
-11978
167422
6877
20420
4471610
230
-5754
462861
-6176
-943
6553820
-1068
5454
12024
-3802
1512
481477
-5888
2663
2117856
-8312
-5151
4883642
-7820
3511
4724420
-6707
2136
5255114
-2916
-6294
815818
1488
-1996
1059848
4212
-1240
542212
11835
14714
1100663
-5181
2626
27641
3441
1359
554276
14791
2110
3311977
7657
-763
5383470
-9448
452
4632754
-5219
-2803
812026
-529
-343
1058287
3742
7765
872507
-1508
-2815
1319666
7507
-8051
4210465
-12806
-3569
1172143
1302
-9472
209921
-1807
-6634
2102764
-4737
1769
553447
-666
-8999
995557
8174
7611
4260927
20555
1671
52995
-4093
-8924
17345
15814
897
1288297
-11591
9651
194974
-3755
4592
24512
3909
-5963
23344
6361
-1596
6691114
1499
-1263
1321739
-7790
8012
5834441
-5950
-3832
2185961
-17503
-21271
305660
-3248
13328
31952
-5893
518
2118639
-7063
976
4859334
4504
4888
1982474
16497
-23937
558340
-3160
-9222
158942
-9913
9786
6461857
-6276
-1781
6820566
-7068
8784
4989636
8333
10
4757322
2033
2753
2098460
-2224
3665
2120912
5662
-3329
3489811
2291
-3640
2119469
5591
-8633
1207561
12965
9112
326492
4031
-769
18751
5283
-3841
293645
1954
1982
2427421
-4168
-8088
149758
-607
33
1321452
3748
572
285244
14055
-1912
2543965
2057
-578
2245922
1113
-6725
403714
-6012
5155
2642664
4285
-1796
23310
-1414
20349
1647351
2801
-5205
30012
-11939
13541
318338
11234
10028
385661
-1281
6766
12799
3423
-2553
293155
16089
-2544
432506
-5237
-3121
550907
-6683
-3579
5514188
17473
539
43264
16324
-6938
35448
5028
2369
289308
-8955
-7663
4240288
-696
-8983
146658
5335
8233
163081
5592
-12811
1468426
-10051
-7437
6331310
3601
-13248
1066288
-11274
-1970
255133
3594
12646
1132083
2065
8063
2114848
-6279
-12760
6951382
692
-22176
15900
-7033
-13127
4862409
-8707
3023
5284782
-601
9941
1452525
5014
-4704
746521
-9399
-730
4373938
366
5984
594951
-5734
134
4014827
-1520
-7249
1058032
-2249
10478
2252245
1383
-4102
930053
15830
1402
1289321
-10469
-7970
2413459
-2543
1244
3163600
12174
-8675
640123
-6654
2353
7406289
-7660
8044
5252816
987
-4673
273179
-4744
-1877
684262
9411
-1650
4242249
2821
-2424
29488
-10909
-2291
848773
-5961
-619
2252269
326
-11323
202753
2580
10467
1074736
-2543
-12857
3163600
-12506
-7251
514229
-2495
12965
3164624
-3950
-3413
612041
-5602
-8721
1401075
8618
-9037
5344847
-455
4357
1182198
-6010
-5897
2838761
9846
-1753
8094805
3060
3014
26172
6681
9114
5644594
-5639
8417
3293678
2460
-4668
3949098
-4877
10000
30701
-16958
-13738
1157865
-10044
-12247
6331048
-968
2820
141542
3770
6998
88639
-6116
-502
2376418
6813
6614
4993850
-11752
-3088
1499282
18487
4651
2280741
6144
-4175
6291488
2836
7544
30256
4503
8104
1721609
6446
-4725
6364199
-5214
-5396
355069
241
-231
5388
398
14307
1639435
944
3688
11292
-10634
2012
3916949
-819
9670
16362
-1539
-2177
3146734
-1253
11670
275443
-6141
1686
2114529
15384
830
434274
3535
-7043
1076523
-6098
10714
2182375
-3042
6703
352451
-3204
-900
553686
-2273
5699
2380243
5395
-16186
30465
7072
-6120
4466748
423
-562
1444109
1758
-5190
2431003
-11170
-3841
387203
5523
-16188
1599241
-6857
14973
4341189
-6338
-6187
6363351
-10931
-4398
65410
1342
-3411
79879
-9748
11872
7374510
-825
-11248
145897
7371
7419
4210475
10415
-855
2153839
-4959
-1176
293356
10838
10202
1305713
1483
9090
1060619
166
-6047
464909
3643
10019
1067831
-8696
7868
5407922
-3351
-5680
161246
2574
-6934
1139763
-5438
-816
97017
-2441
15741
3818965
-11479
-6810
195990
-9802
9886
7572653
-11119
2223
587144
-15306
13772
240773
-4769
2459
293347
654
-5424
603163
-7719
361
5638602
-5314
17812
96503
-1962
5561
2297057
9143
1730
4369757
1286
-3436
208897
525
106
1058578
10368
-6792
2674792
-8479
3442
4493756
5503
-8265
553223
19817
404
718118
-3539
-19097
1077206
-3461
12180
1598423
3838
4796
86079
-1926
55
2687719
-9018
13347
4438185
1421
19931
1582858
-12567
4612
185790
-6825
-6100
4341185
5992
9695
2774038
-4242
8203
611575
1298
5030
79361
1944
-10038
3014682
-3767
11826
155074
3598
487
1131571
7605
6626
5254956
3247
-4338
32047
5844
-1941
2121240
-16307
5589
36738
-380
4741
529144
-7706
-2810
5701837
6303
-5823
7082283
-11688
-3423
1501330
2133
5168
2117408
-7245
-26
4206557
7861
-570
4202300
321
-4860
6400
-1812
-4895
2103022
-4595
7443
1066994
716
-5946
15898
2925
-1668
554806
8872
7761
4373598
-72
-8384
133374
7120
-989
4205624
-222
3906
334581
-5686
-18558
3231467
11037
15217
324466
2186
912
2709035
12064
-3088
317556
5823
-4976
2119967
2276
12304
2380332
-3575
-8443
1205714
-4253
2166
807925
-108
-4645
526072
-13621
13055
65467
-9055
-10720
4503980
-5611
-10693
1075184
-9837
7798
7899049
7157
-14308
4204348
-12947
-9996
587686
-1208
-19652
146674
1391
-10844
537863
-3314
12133
95443
-10983
-620
455042
-901
6604
533479
1440
-7873
1320972
6367
3860
6560043
-1637
9581
3933163
-11563
3750
65432
3901
10806
23350
-3444
-11458
554714
1697
-6797
2365724
10136
-11216
7241818
14294
-5099
2346073
-9943
-6936
6462886
6649
5161
7471406
8109
169
4198206
4630
7159
1270801
-5428
-4709
32506
-10607
8054
2676120
-17144
-9349
177378
3948
1940
546358
2486
-3541
3361837
-13997
928
2154401
-3821
9776
22465
-1090
-3450
76031
2885
-16416
31536
17330
-7624
110109
11305
-10840
191846
18083
10418
2399005
1954
6913
2427421
-4961
13199
815595
-9394
10800
4308147
2796
4517
30270
-5561
-24840
1206769
-4206
-14939
607993
4253
-22762
807690
-762
-3657
209121
-3269
4108
31703
-12229
-1078
52103
-9224
-3530
4366526
15341
221
42878
1614
477
3214355
-5046
-1204
93923
-13171
-11809
587690
4786
-6061
97821
4139
708
20231
-7390
-845
4537045
91
-2939
264963
-10384
6207
2675860
3931
-4290
285491
-7303
-20533
4862422
-5283
12117
293874
-4057
10472
412101
-5310
-741
97009
-1406
-10279
602873
-11338
-8756
257181
6264
4699
6946854
7681
4681
5243184
-3159
-7948
159198
11794
6922
1164913
-6861
-256
4210629
7703
14925
5375281
5564
-15727
1075726
-3488
-1828
1859796
-10028
930
6332072
16317
-17241
35710
-1166
1575
603893
7239
9346
4335905
-5751
6852
3818986
11500
-196
63086
65
15764
2304
-13563
-1562
62384
8205
367
4228930
2035
-3934
2098973
9692
-4655
5548618
722
10357
81433
21640
-16986
717834
3984
1216
541752
-10404
-2597
2415250
5938
587
2186773
8779
-18138
5287763
3803
-1691
285499
1909
-6609
2627348
12904
-9161
1762390
-13358
2939
126649
9392
-9274
4242508
9407
-4553
4241743
21868
1200
587270
-8895
3158
4241824
9729
606
7373136
-11451
-4522
64400
8629
-4871
5279564
5675
1400
3165975
5961
-18322
2252050
-4279
2158
155122
-11591
-2710
194974
-2233
-4891
2251217
10365
-7615
2671462
1847
-4977
2235669
5571
6862
1075977
9037
-1030
4243282
253
1866
4878
6046
5986
2965531
3394
-11121
96801
1684
-5249
2627096
-14446
-9
2721433
-119
4282
656890
-9533
-471
4242361
-10779
-9469
1368972
-4842
1741
226529
10222
10299
6390879
6425
8219
6689058
8963
-930
4240209
9032
-12801
4373586
4407
7425
154885
-435
12271
1052658
-9025
-2849
4241839
-3946
-3509
742601
-2838
-1968
95951
4325
-2339
283404
-1357
17218
16381
1394
-12031
603653
12221
11522
52094
-14295
3106
2280870
5151
-3839
286979
4318
9760
350219
1377
2417
798980
-2463
-10474
3949012
4033
-8185
18744
17640
504
177166
7211
-6680
4206375
3764
-11838
24124
7560
292
5907498
2459
-6007
3949355
9044
7577
4243024
-9798
-4133
7441071
11103
13928
326003
12704
-360
1361996
-5822
9080
2185953
7347
-13160
4210477
-6813
6701
4993989
4926
1738
96279
1185
-4372
276748
2294
-10381
2315309
-11421
-9798
848789
-17237
-1778
49135
12012
-1743
54910
-2261
-8122
2121687
-9984
9280
6328480
943
-2830
11551
-8105
-6918
4328897
6398
8186
6361135
2428
-1374
2642470
5622
-839
1270797
3136
-25727
26656
-3301
1151
291795
21027
4737
1370901
-11698
7037
1174675
-2621
-9318
1076169
1024
6371
8192
-7838
-11596
5051077
-955
2516
11232
-2993
6359
28099
-10631
-10640
3850646
25425
6766
12598608
8544
10336
5017668
-528
-7704
1058028
-2020
-2641
2360034
9705
7051
5416270
-2798
506
95937
2148
-4807
2900516
-6841
-1359
4340161
182
-595
203789
-8002
9871
4266191
-425
2054
1183217
950
-2420
207901
4253
-19846
807690
-9642
8608
5483697
-14283
24680
2150308
-1168
-903
537844
-4677
7925
1076207
6054
5467
2574365
-4700
-596
1338092
4478
15737
610311
3037
-150
289594
7296
-5140
4730920
-85
4564
4095
7288
-760
4857894
-4843
13412
30688
-18994
13501
1174731
-9005
-17187
4243369
3088
-10219
25632
-4454
2730
873211
4591
-3975
1066255
219
-1470
269067
-6663
3743
5382606
-5328
4841
31988
-2102
-3790
2182875
-83
10070
4094
-3542
351
1142487
-6201
-18509
6425049
2195
-1839
2643753
-10646
-733
3786391
-8268
-7624
4230844
-16744
797
954618
-3472
8459
1598676
-2877
11618
31689
-1927
-4796
2752998
5719
19840
3296529
6313
288
6429998
5313
13951
30984
-442
-8419
1247473
2321
469
2118944
-2039
-4758
2229730
2665
-184
1729846
-9167
-5618
4238756
-5882
-9393
2314465
6416
-5526
6296608
3345
7866
29984
5728
-16012
3948564
9566
-4737
4569155
-16331
-6707
36740
5771
-3096
2643739
9098
9836
4826715
-3211
-10161
554964
10114
8257
6914649
-10759
4219
1237390
-9302
7660
4304575
-7021
-8987
4732873
2295
8889
2250029
-5947
-9852
2120680
7212
176
4206118
-3027
1996
28614
-4966
4683
881387
9068
14138
4765270
-6573
-1923
7344081
-3525
-11718
1076183
-3782
-6115
88775
-11235
13042
320386
-10330
-331
2607261
6224
-7440
6294560
5423
-8256
32007
3504
-9109
1076268
8253
-4267
4229958
-479
9417
1313268
2107
-10061
2116391
10888
-3005
717946
294
-206
464901
-3441
11320
554459
-1468
7736
1059568
-11104
-9323
325772
404
3553
1574408
9515
149
4243271
6366
-3070
6625323
-8602
-2464
6258869
1272
-7208
143374
-9099
-9156
4761508
4361
989
152834
-661
-7628
538599
-10096
4331
6853800
689
-5516
15644
4208
-5223
541700
-1988
-1147
2099942
7833
1443
5116218
-4515
3487
1330162
13580
4359
63042
10742
-11375
3392621
2321
175
2118944
4869
26
29456
-1152
-12801
532728
3760
14080
23612
-124
228
525048
-6449
3865
6299099
2095
-3791
2116903
-25
9039
393725
3655
-2845
1198385
-19026
-7296
1174735
-14627
21152
2399130
17814
-16922
1811465
-1622
535
3215087
-3913
-2509
155085
-5506
11571
1663223
6712
-120
5384246
1679
13211
2626843
-2296
-2969
2249938
6160
1099
6292512
6820
5168
4471356
-10781
-4935
1368973
11859
-4777
1101681
-125
9454
525305
3205
-11655
553768
8498
5903
4300357
-6568
-818
7735506
-3303
-23
422354
-2880
1685
30920
19631
5403
64815
-5795
-5405
2382818
-4099
15861
17406
-7537
1548
4732379
-9385
10499
4373937
-3548
-16506
1338068
6396
12218
6296110
-2434
3720
3752151
669
-7579
799514
-394
4891
1770741
-16541
-1266
824309
-1571
-2527
3410922
-17334
3298
110307
-10994
-2804
128131
-9205
4846
4237219
-17813
4056
1615863
-401
13074
1574391
-7005
-5355
4471757
-4269
65
24561
-22165
-16131
2676711
5639
2120
3293457
-5917
-9921
2380781
-5189
-5042
27647
2032
-7823
2098204
-1999
-2825
2100708
-9800
10898
7506094
-1325
4468
16377
-12293
12442
50111
3537
-862
1076520
-14285
10830
2150309
261
-22760
4864
4400
3437
23556
6683
-2915
5514035
204
2047
7690
1460
-899
1060364
14412
-2046
2133602
-4834
10349
356579
5669
640
3427092
2119
11232
2246945
8058
-2191
4788791
3685
6232
1852212
-4825
-6710
424421
2674
5610
1664565
-1367
-8021
146942
16817
3349
1084684
4668
-6305
1075734
8001
6179
4200752
-810
2748
212201
3499
5070
1077039
7187
-4092
4204321
5155
-11209
289541
-10741
-2472
3196819
-5603
-2606
1336306
-1531
4260
1057776
5993
1137
2774294
-2097
-5534
2117083
9983
-598
6328671
-8344
3876
4887734
-5350
-137
357107
3217
-2272
554280
-7192
-1212
4334814
-9694
-12848
5614261
3638
3427
1264693
-9034
-6053
4439213
-13207
-6294
714150
2239
5739
2119983
-2695
573
684486
11157
12015
583544
5565
-10501
1075982
2697
-7392
685370
5827
-1619
2120473
-7364
-7969
4209366
-10461
5575
2415509
-488
-1414
1442034
-6995
11632
4210638
-234
4080
201969
2862
-5191
97335
-3259
6998
31696
-1081
2474
141817
-15551
-3072
47504
-2811
-1868
29632
-11665
11903
1631639
-4382
-3557
348925
-11801
6137
1491341
-14508
242
2137744
-3128
-6203
158938
6147
-8718
6292257
-15192
-8470
179342
1258
15620
79375
17321
2858
175390
-6688
13433
5513420
8289
-14437
5013828
-2113
-3781
2116063
5308
-6356
31246
-6732
-472
5254860
-8368
7126
4234416
2150
16904
3096613
-9093
-5679
4760487
-8563
-13902
4757434
-3180
-4005
550616
-3315
3836
30674
-8830
7792
5874345
15980
3156
1607286
1052
-1955
270850
-11343
-4334
60828
11067
5442
64375
-1784
2839
2233570
-6256
4216
6816984
6544
8395
7865384
3016
5315
158778
1320
-4040
146438
1002
-4666
75295
-2922
-1535
750793
3279
-7310
32043
-11721
3712
1240469
-9494
-4265
4306623
-8220
-1160
4489916
-2567
2921
1204686
6474
-10910
6364707
615
2517
1974549
-9375
8599
5026228
-2354
-5821
2186459
-2070
3122
2180831
3261
3218
31534
-900
-15749
533222
11979
720
57211
2408
2137
2774054
2402
4247
2970149
-7686
1937
5309135
-1870
8717
2170605
-6901
4958
4208579
6978
-815
4274737
-2327
-528
2250206
3692
10815
1590838
-1209
12718
145905
9154
-2806
4303449
-13357
-9502
61369
1150
-14734
598023
2328
2469
2510882
13898
1509
3264083
-14006
-4642
2219683
-309
-7947
8187
-4622
-4941
1140461
11419
-20446
848747
-1768
3167
2494690
7591
-5689
5646637
-6288
-457
6821076
8346
7893
5083723
7819
-7074
4724539
10478
-2643
2217071
-6331
-20036
6298576
-145
2312
529911
-7148
3150
4204224
-12084
5151
56970
3436
-21787
554534
-4539
23692
1068016
4916
4253
32276
647
-2436
667929
3103
8238
287011
5546
-4136
1142287
4710
3013
2056213
-2410
1173
2839769
2489
4823
3295534
2685
8750
1598262
208
8213
7176
-9532
-4283
4242104
-17272
2580
701674
865
244
798996
-26
-5283
459005
-3482
-3932
2056405
12073
-7014
187766
5611
1374
1074959
-3654
4566
1133263
12175
4917
574843
9935
-3443
6331739
13129
3552
195922
-5031
-5713
420322
922
-7007
860699
-2114
5065
2181343
5241
-13102
680198
-2870
-187
97995
2406
-2906
3100709
-4025
-12218
149953
-415
-471
1835508
6620
-6694
7604778
12762
-2091
1428043
-591
6542
1060332
-14693
4694
2921371
3276
5244
32298
-2781
4092
293829
2484
-470
3165740
-2125
-13856
2117597
-7718
20521
5573323
3358
-11779
356387
8166
-12222
4653117
17703
3383
440581
3225
2929
946474
14213
11686
2671448
-7438
25540
4273885
8393
-12581
4365642
-5907
1854
2119662
4246
20481
742409
342
-1749
203777
377
1775
659718
-11759
5179
1107344
-15177
768
179597
6744
10687
5646386
6017
5564
2638104
13706
15109
1697355
6016
6136
2637848
-9963
2711
6330272
-9569
2975
5026235
10726
-2844
3653741
-7243
7302
4206556
8564
6153
4757060
8875
1358
4243295
-12967
1713
457122
18928
14004
3195948
-11639
2648
718234
-9967
3650
6329760
-4755
-7791
554982
-8409
9172
4626869
-3779
6756
23494
-11512
11473
193682
-4812
1455
32484
2772
-9208
32312
4112
4518
17408
10132
-8288
6850136
918
-3430
730137
2750
9523
96319
7270
7147
5185573
1799
-10051
2232593
4308
7619
24072
14546
8314
2203241
6034
6874
2704921
5822
-1686
2185247
5088
10115
286748
4241
-2297
546056
-3990
6148
607943
-15350
564
108163
-4485
684
1590263
-389
12225
1573879
-5475
9781
816122
-8847
-7311
4765092
1856
58
2103312
-21191
8051
195046
-16549
11117
302067
4111
-9908
17667
-4406
-13940
89851
-6943
10673
4469196
9863
188
6984025
6609
-724
7343400
3440
9825
554020
-283
-11089
267260
-10244
15513
2146974
2549
3212
3163948
-7485
-2133
4209625
8959
-6051
4239711
14789
10449
3181416
11131
-1595
586615
-5928
13340
2513130
-8873
7764
4373921
-2762
1000
228549
-4303
4285
24052
3397
-4640
31520
3543
5910
1207593
-7979
6222
4202440
7218
2023
4271653
11472
-4561
64616
-14943
1595
1354124
-1070
9164
77561
-5857
-4371
2380259
-3215
-60
554452
-3152
1538
27868
-2589
3258
1336269
-1129
1962
665081
-11259
-5288
58240
-13059
2777
62382
-6362
2151
6756565
-164
-4166
269042
-4382
-320
348925
4441
-620
416002
-3593
-8099
1197517
-9218
-2415
4300991
-4612
8461
1073902
-6391
-3624
6428114
18204
-7254
2396690
-12970
4881
261281
-586
11
1256685
6977
5680
4208944
-4327
5941
414194
8466
-1313
4298305
-7556
-4922
5776086
2073
-570
2507042
-1919
-10543
2626024
6215
6894
6424865
8580
11726
5800520
-13021
14628
326565
9158
-5376
4434009
5581
3854
1077002
11173
9987
322428
-871
-15429
930282
2486
7284
3361837
7339
2806
4210479
-6524
7466
6820568
15550
-1572
112751
16854
10008
1281033
-9067
12817
4765608
22523
-7962
2147103
1760
-7101
2363420
10476
-13786
2152046
-859
-1784
277484
4254
-985
872459
-3965
10260
545737
4597
-1761
1066764
-4614
-2192
1139439
6168
800
6684706
2143
-7289
2378019
12444
-4370
840266
4170
-6363
85507
-1035
8454
10236
2243
-21423
2120489
853
-2919
16144
-19930
3967
1566933
6208
1998
6293536
-3746
-4442
350403
-3189
5147
550875
5018
5294
877083
-9700
2063
5546674
6129
1425
2114844
-2587
-1634
1336268
-4059
5439
281540
-12188
2605
836228
9330
-7829
4826693
377
-1006
659718
-3434
-13297
750809
8318
8440
4816967
3634
10838
1134133
-6811
-5664
4993988
2468
-8935
3426860
16103
10688
430461
-12747
1741
1101748
10001
-9445
6329680
16403
-1304
34561
-1686
2400
2692839
1067
-10648
12039
7512
8402
4601890
-7885
8839
4202437
9268
2064
4238916
-11046
-7341
391819
-19739
4087
324572
-3905
5775
22991
-2400
3199
2382044
-6634
-8580
7537873
16068
-8168
39544
2185
-11673
2774314
1592
1414
3278870
6574
3006
7408687
-5187
10680
27646
4575
-4257
1329419
-3380
2565
32474
-1320
8888
407802
-7422
-4575
4272849
8952
6739
4370526
10794
14806
1175159
13668
5162
848452
-428
-4851
1052400
333
10315
7938
3221
-11502
554792
-5905
1949
2119151
7848
-5200
4332606
6706
13031
5320245
9931
-6980
6332251
-3804
-15690
285380
-4499
8187
1591286
-2940
-2797
553672
1702
8403
2562077
-3393
5907
31199
-1084
-10361
11000
13872
-1020
3198036
7605
393
5254956
-13942
-8103
3786411
-3699
3512
1591242
3618
2986
1395253
6209
9318
6293792
-1836
-3887
2105064
-6816
-9603
4993220
8433
-2571
4232524
-4691
-2869
1077230
-5047
-8682
159202
-1069
-4191
12281
10293
4808
2150244
-14246
-1040
2476707
5521
2882
1598728
-8301
3201
4753337
-4201
8019
673273
14232
-2286
3063898
8710
20701
5480529
8818
1105
5875285
-154
7563
987381
948
15127
11804
-6371
4464
6558674
6399
-12963
6295855
2707
-4773
554809
1986
-963
2165273
-4986
2640
749801
-2894
12508
97997
346
-874
334339
-5571
-5088
1076214
-1407
1692
537080
-10392
12223
2806934
-7724
8471
5246664
2574
-6303
1139763
-7483
1747
4209624
9459
-1244
4241229
-6904
-2259
4338882
-4675
-2892
1076206
2122
-1176
2182691
-6214
9803
6359775
-2877
4046
31689
-14109
6787
2413485
720
1309
15384
-11394
-5563
651415
-2312
5585
2248926
18970
-6454
1434163
7506
-7085
4275745
-6036
-12150
2639590
-3528
10679
1206486
-1250
7902
340211
-6275
16435
6820822
-1483
-12407
1060852
-7192
-461
4334814
-1101
-173
12285
-1685
-5940
2627559
6399
4433
6295855
3046
-3452
483389
8572
-842
4756038
354
2933
856581
-9804
16982
7376556
5725
-6266
3427090
2703
-6830
554299
2222
-12304
2186287
10448
11467
2153576
-557
-11734
1060841
-273
-781
5631
-11622
4377
914075
2214
4662
2578477
14295
-6170
2280793
-4935
-9056
162286
8017
3267
4201776
-2753
-5121
31175
-556
5315
1060584
-7487
8287
4209112
-229
-7408
267251
2095
7676
2116903
17387
8691
42783
12054
10
250993
9375
-2007
5026123
-16796
1669
1868532
6063
-8589
2116895
-5397
2186
30719
8972
2468
4240978
-8962
1721
4305071
-2047
1025
2097632
-207
823
7668
1665
2692
2625816
3522
-13453
1141289
8943
12065
4240735
5392
10736
29696
4952
-11737
423954
-1639
2315
4063722
5449
-5726
163074
5225
-3474
681222
-10572
10692
2154140
5844
3012
2121240
-4907
10753
32744
2385
11936
2120992
-2386
-6247
2186463
8379
8975
4234063
696
6795
145438
8923
-12691
4504411
-9899
3299
6332320
-7219
-5063
4206554
4602
5363
1131023
-8075
-971
4720580
-9082
-10626
4960425
2391
-2154
2252065
9744
-11663
7373904
-3300
-456
291538
-7435
-8399
4208604
9392
4979
4242508
3425
5391
815396
-2912
-10753
293068
699
4806
15135
-36
5537
264954
-3123
4112
28634
-3281
1856
32215
-5587
-7236
1077238
-25453
2472
13121449
647
9894
667929
-4664
-118
1207530
7687
-8736
5374257
12698
-8332
1950283
7410
7991
4273709
-2064
-476
2114780
-791
1196
144878
12205
514
53118
4005
11562
281404
-13429
8567
583611
-488
7215
1442034
12138
1389
644727
532
-17795
1058320
-4503
-2164
1721846
15542
-962
244845
10322
-16197
2215521
784
2753
13328
4635
-6171
1336083
9172
1078
4238936
-4870
8989
94959
-4530
2613
1133811
10946
4765
129657
3720
1321
676922
9882
-8069
7180891
-10213
5691
6587299
4198
-8942
999429
-9397
4066
4243379
13188
475
582232
8005
5310
4201264
-14480
-15275
2659476
2674
-10974
1664565
8751
-10890
5287255
-1412
6346
1581814
4429
-3042
24322
-1327
-3254
15864
1468
1335
1059342
-5581
-7159
1077237
5211
9937
289539
3535
-13292
1076523
-6349
-11102
6299605
2668
-3142
1599030
3661
3285
1068850
14761
-11320
3313006
-7972
-12346
4463306
8766
-298
5351511
10011
-1295
6591315
3792
4410
23608
-11105
-6433
848267
-12011
780
55168
2482
11850
3231277
-8458
7944
4428989
4818
-11893
97817
322
-2672
72193
-418
-1568
1378547
436
-4108
1052172
4232
1366
676874
15154
-2292
114293
-4533
9495
1069043
2488
-2716
3295278
-21836
6665
65276
8130
-27
4262457
-9164
-1912
4239012
20348
-730
578102
-11541
268
63391
-7446
2926
4273887
771
2375
13073
2746
-7456
96831
4422
-1396
219137
4433
-11406
23808
-6318
-6952
6364881
-779
2164
14316
10853
7045
1893236
7785
950
5899574
12838
11857
1566805
2225
1813
2121004
2595
529
1338165
-11497
-11193
193937
18436
12840
2146848
5860
-1375
2380316
3684
2155
1851956
-7950
-568
4265677
186
-9083
72207
42
-5974
69127
5473
8436
815364
3881
8506
154934
542
-3167
1384467
-8410
-7430
4692149
9854
8732
7962711
-6181
-8312
6556635
-9248
-6577
4497596
15485
3784
566118
-82
-9295
68863
-12269
-4656
51073
-5211
2821
289788
-7355
9786
4209616
-486
-4558
1377011
-6196
3003
6295258
-6205
7479
6294489
1727
-999
2103583
-1991
11246
2230758
4766
-6251
880667
11085
50
65394
9191
12772
4628829
-6122
5233
2311393
-11847
6962
1231246
5526
14491
1795081
-7863
8815
4332994
-1008
-768
9440
-1803
-3536
2103276
-1976
-4341
2231522
12420
3704
578120
-5027
4648
289762
-9052
3699
4504236
6098
6138
2182681
10236
-7111
6324830
-4902
5174
359147
14095
-15162
2151763
-5424
7416
31992
3528
10353
1207338
-319
13656
6648
2480
-3660
3165228
6226
-16979
6360609
-6413
-9838
6297565
-4946
4602
97519
13729
12090
1370444
-8312
4824
4883642
-1418
12979
1778933
-4014
3832
85697
-790
-7141
79599
-7469
9537
4210649
7092
5912
4206140
-4342
-2104
87795
3760
-1875
23612
2402
-2915
2970149
-7589
16206
5516243
947
17273
12061
-4837
116
291811
751
-255
13599
643
-7682
537369
7513
-4376
4602146
-3330
8469
94431
8763
18504
5286743
-10679
399
3329426
-6981
2621
4209615
7851
-6478
4202303
-371
11626
530426
407
2982
1705225
-12963
-2973
326562
-883
6647
538602
-11063
-1355
195978
-5099
7783
26592
-7824
-12885
4723908
-4831
-1204
293348
-1089
-2784
10751
-25673
4285
12725693
8311
-9171
4883781
-8192
6896
4194496
-7219
-6855
4206554
531
11960
1058577
12778
1668
1164879
7941
-3159
4199216
3295
1337
293163
-6783
-2451
5775816
-9403
128
4242352
-1942
-2395
2688743
4555
8109
1068811
-3640
8768
1199306
-4857
3308
160225
-5817
-4077
2251233
-4410
17387
219385
1503
2937
1321227
-524
-12856
1058540
-6715
-444
5254088
3055
-7536
25919
11662
-7275
1696875
-7878
-4222
4266695
-878
-10837
603881
10226
4859
6391389
-4230
10808
611063
-3906
18263
88271
9939
7528
6332249
-2377
6166
2252253
8810
-3019
5875287
4595
10330
1066765
-1491
-662
1060854
1640
3669
3802134
-11278
-5641
124573
-6794
-414
4928709
-3984
11476
541892
10336
38
2932836
3024
-2117
27704
-2926
10273
620233
-2681
-2309
1728969
-11435
2326
65424
-15135
-4081
307596
1743
-9032
2104603
19712
-18169
61472
-2131
-2506
2117598
-621
-8977
1583081
15739
9384
570215
6375
-7515
6689069
-6018
-2988
2703591
-5867
6023
2119648
18225
9079
2137364
-6858
188
4406469
10782
-5846
1433715
6150
-2406
6488097
7629
-2155
5254954
2298
-8751
2183727
-10295
-2914
2280858
2440
7176
3818538
7695
-8665
5244211
5504
-5635
1597448
-6617
-4724
7735765
-3746
-955
350403
15384
4867
434274
7249
-7233
4205856
-4779
11338
32736
5601
-397
1335564
13170
-11287
652885
2845
-10723
291634
-13380
3586
60094
-4995
13813
549862
-3478
10242
1664727
1822
2146
2428947
7593
-8905
5385518
-256
-10901
4336
-826
-12348
211177
322
6349
72193
-7117
-1105
4206533
-59
6347
3064
-1628
17567
3410668
14506
14253
2203247
-9672
-12729
5417142
4404
2721
24068
2325
1985
2119456
-2977
6508
289219
-7
-8523
131582
8349
948
5018442
7189
-19834
4204320
-4311
229
155126
407
50
1705225
755
3199
14109
-15406
1869
110233
3405
9441
32546
13877
-1800
3198804
-9392
-3837
4242608
16724
-13286
40448
11998
8490
383099
-13431
-10486
714170
-1342
7640
80633
9081
4557
4895062
-305
11166
7675
-14527
82
2136464
-4730
-6926
1794281
6941
-3815
4469554
-13259
7633
61348
11266
10269
123489
3266
31932
96809
-4567
11506
1199606
-8200
4283
4358334
3873
5899
284980
188
-13161
6670
-8362
-4956
4431025
15752
5915
1746026
-383
6413
528888
-7508
-7395
4210398
2673
11530
1598772
-13224
-9267
452770
-3794
-19068
89287
-1515
-17095
1058800
-17
-584
1535
-9
12275
132605
-10929
-2524
64899
8917
4821
4243288
425
3294
1182990
1055
7545
270595
-5913
-2521
2511341
1846
-7538
2300949
6500
-2088
7082532
-3411
-4549
32734
-9544
1427
4372670
5177
22728
157958
-5866
-3486
2315489
717
4019
16154
1395
1091
538373
-2801
3795
30147
-1314
-811
342267
-16295
-5030
428418
95
1693
264451
1194
1060
81423
-3938
-13656
872651
-4448
3579
284924
11141
7265
582520
10565
5288
2153312
-11549
-17366
324509
-18446
-14553
2213597
-11696
3577
1109136
15566
-1016
113771
-8786
5902
5352623
936
13399
142366
-2039
-3037
2229730
-6354
728
6364375
-10616
4998
2806938
-6369
-13874
6558163
21265
11117
62736
3637
5312
1068852
7600
5115
5254188
-4639
4993
1335788
4176
3851
19456
-4613
9316
1074159
15033
-5970
178558
4500
-998
1590792
-2434
-656
3752151
-798
-4202
340717
-1295
60
13820
-11666
2782
1696919
-7583
9714
6037972
2141
-2235
2378530
9405
3979
4242254
4877
937
30482
18374
16795
2328601
-527
-5138
1058284
7121
-1938
4205880
-7106
10647
4270279
14255
7288
2149727
10222
303
6390879
-11096
9077
195726
2168
-6449
2768934
8039
-13446
5116213
-601
10842
1452525
-3350
-11012
95967
-1456
-9435
1060080
10841
434
1501554
-9459
8021
4241330
1251
-4171
275213
8345
-3903
5149002
-8266
10191
4426941
11222
-12354
257145
-12271
3290
50560
8623
309
5279055
6871
6630
4341049
-884
-8653
538346
518
-8376
1253393
9239
11798
4367681
4384
-15733
284676
12464
6478
56396
-686
3418
81633
2350
14087
2186279
-12121
-3044
448909
4659
-2775
1077013
2139
15458
2378531
606
-14513
1386515
12107
7863
57203
2905
-12133
424242
-7074
5491
4532419
9418
4741
4308555
-4203
-8619
542712
-3026
10670
93383
-1602
2980
3213551
5400
-9332
421890
-8351
1865
5018036
146
4384
595465
-3044
-8089
287426
7069
-13224
4989754
7080
2507
4336702
-22511
-2137
2147808
4254
-728
872459
-9470
-12832
4305585
-7329
-5340
4471251
-485
-21633
1311731
-14284
3575
2150052
286
12674
331779
2967
-20686
681273
9681
7013
5287240
20777
5341
187654
599
-2591
1191185
-2315
6953
2119644
-2475
-1394
3166160
-11236
1742
320130
-3923
-7556
24526
2747
5840
31551
7451
-1571
4469539
12507
-2191
318283
-13545
4362
193969
-1684
-3871
2627302
-9248
17477
4497596
9258
6363
4304455
5170
1524
93701
3217
-1002
554280
-11376
-6078
582808
-3353
-8986
422365
-14815
1342
3443092
-230
2257
332531
8369
3842
4234572
10215
338
6717789
10002
3945
6395473
-9599
-839
4764088
-897
5447
532967
-14388
5885
2133658
788
3373
13840
2544
-12295
3163180
-5778
1069
2708711
14435
-8593
2917221
-2744
92
163010
-385
-2099
1573367
-1977
3326
2230753
-4092
-4705
17088
10914
-5
391805
21333
-15064
65296
-5066
-13297
224485
3933
-3248
285490
-4182
8828
85759
-4143
5481
19960
-3999
11036
803268
-6864
1176
4209860
-4802
-1469
96487
4548
15380
1067528
-9610
-5005
6005941
-1927
14311
2752998
10585
1957
2546018
-11441
8987
64915
-4097
-8663
16895
6873
-1657
4602170
-12757
2913
1101751
5715
3767
3165969
1324
4455
15878
6988
-13208
4210226
-287
-11475
266748
-4486
-3071
1655543
-8681
-1978
5408177
569
473
1190166
-6394
5535
6492369
13238
-8695
257117
-11946
-2867
253057
7438
-12730
4273187
-8942
10149
4306593
-10731
1970
3196816
3637
-6119
1068852
870
1572
995349
6076
-3609
2116126
8622
-8120
5344335
5209
7022
420098
12224
10180
51320
767
-4441
12575
5600
9989
1335308
1065
2387
142598
-13225
-2773
191905
13297
1256
58716
7196
534
4465186
6385
-197
6296876
232
7828
136206
-5080
-4883
158950
-6470
-840
6363871
6183
-1688
6687013
-5656
-7653
3294446
2061
-15489
2115362
8963
-4195
4240209
3720
10270
676922
-12866
-612
1173679
-76
4561
3836
-5337
3063
424437
-4380
-18389
283388
-5423
48
32248
-1413
17605
1582071
3363
20268
293669
-1963
-11281
2101216
429
-3764
1052430
-14687
9269
2398620
-5408
-195
291068
11181
10825
61310
141
-1745
530186
117
5011
526084
8230
1481
4687941
-6294
-8851
6887127
-424
6757
1444082
-3869
3085
283597
-5040
17010
27872
-12383
10140
313788
8722
7137
5350993
-3237
825
293843
-6610
539
7408855
4916
6913
32276
-3280
2256
31956
-8998
-295
4569771
-10983
1293
455042
-8009
-8772
4333005
1539
1144
3146513
-3757
1874
24513
-5172
5942
28410
-11872
5548
1362060
-4157
-2448
19449
-11416
-71
717974
8051
-3755
4724533
-6635
-18503
7342032
-17600
-7702
47344
13190
-12202
778329
-15667
-13556
49050
-17436
3846
303868
-1262
8162
79601
-2235
-12653
2120656
13687
-7043
718149
1671
11809
2756889
-2306
-2279
2183391
6379
-6875
6297391
16337
7545
36216
11487
-6441
325995
-3437
-19478
554969
-2684
877
1598152
-4145
-6098
19963
-181
-3071
8179
13075
-12264
63313
-9995
-4976
6330284
-4910
2346
98025
-8186
-6852
4391105
-4704
7294
1337580
6733
3617
5254962
8326
-1692
4952137
19279
-5413
64819
-8862
10850
5092005
-2079
4460
2376156
-1845
-891
2105323
10135
13096
6980953
-11463
6013
194966
-3391
-6757
31192
6449
-15926
6298916
-19482
-6232
516317
-5848
-5042
2252006
-1846
2024
2170603
-6045
12276
2900965
-954
-1905
207073
6815
-5434
4993339
-8316
-5097
4752056
-5351
-2089
422386
5508
11090
1597960
8548
-3060
5018180
-11842
4869
1165455
276
-264
5632
-559
-5473
1060328
-9017
8380
4372905
2427
67
2642727
4192
1155
802820
10968
-19917
456826
20869
-3223
1622792
-1022
2013
74465
-3571
13476
1075154
-7052
-7529
4728516
-1979
-6061
2100192
7901
15421
4463418
4473
-3029
676102
5230
4536
615431
-11239
6739
450946
5737
-16113
3818774
-1926
6042
2687719
10136
-5765
7241818
-5054
6359
92897
-10798
2495
1175177
-4323
-3381
283634
13312
-3395
57408
13794
-5450
1434189
-5946
-5642
2316521
7638
-2100
5450793
-5794
6932
2447587
4885
11325
30480
-3628
1356
1068744
11842
-8693
1165937
-9256
-4763
4630714
6313
-4304
6429998
-2338
15115
2447579
-1073
-538
11771
1683
14822
2627353
3481
-5056
1990954
-5325
-6352
32757
276
2717
5632
10111
3203
6852951
6142
-9836
2179103
3030
6780
224313
5889
-4416
2117904
2568
-58
1205298
-10704
-3657
3198100
-8468
8513
4232894
-12502
-14793
122551
18563
-1446
2675497
-303
4378
7672
-7937
2431
4198863
-9043
12099
4243374
-14865
5287
1090959
3140
1459
27168
8803
8758
6071125
3700
2208
1590836
-8394
2667
4431029
-2397
8817
2382813
-8595
3571
5801910
5575
-9052
1206537
390
-3125
1769481
-279
11111
136702
10801
9945
1109364
-12582
-3850
383675
11244
4580
59006
14775
11481
3313005
-8828
5978
5808808
6328
7491
6428718
10830
-4261
1174643
10864
2174
1631348
7239
-2370
4335905
9601
1904
5808456
-5377
-2786
29183
-6967
2248
4341194
763
9064
13087
-6726
10
5319375
-4225
-16870
545271
-10635
5953
3721108
19246
2895
130103
3696
2074
1590324
3844
-3825
21040
-217
-5671
399861
7633
-4633
5254440
4645
13976
1338132
10086
12385
7311445
-9096
7115
4890790
4142
3377
84999
13210
13244
909915
7203
7390
4467493
7113
-20958
4336954
4462
-13331
611335
9948
-1773
6593114
-11728
15975
1109140
-15662
-590
114329
-25688
-3711
12725438
-15389
18591
304029
7974
-7597
4659253
6161
-1097
6292768
-7550
13405
4797145
-109
7901
526329
9227
-14935
4237123
5387
-4242
30467
-7862
709
4267715
21385
-8293
714010
-7563
3409
5777364
5640
5191
3294226
-3377
4279
32219
10172
-4523
6326878
422
-3332
1509389
-5967
1643
2121196
8463
5614
4232515
-3118
3105
93913
17280
6914
565272
3914
-9044
89651
-11632
-11543
586904
-3740
-3360
807620
-257
-4827
4607
3086
1149
91171
-413
7982
1836021
-6899
9032
4208578
11966
-46
120959
-4848
5086
29920
12991
-7111
63839
5696
-1
3164176
2735
1196
32063
9974
3323
6526045
-12387
5081
836538
-1095
-4421
141822
803
-10779
277269
7321
7396
5124394
3690
-2392
1656375
-434
-1151
1117427
-4058
2107
477381
-6746
-2809
5712077
-1076
14501
12026
1679
-4281
2626843
7705
-3101
5636402
6289
-7746
6821160
-15784
6959
1484946
1033
-3168
140546
-384
-4128
528632
-4207
-10190
542200
230
16741
462861
1979
319
2099999
-3696
-4328
1590472
856
-737
407570
-4016
3491
19648
3716
1238
545336
-10343
-572
3064218
3505
-12600
1076524
-9325
3820
4761529
5282
-9001
358925
1076
6578
11780
-9383
11059
4635058
-732
-763
277220
-4274
2350
89331
-8289
-5312
5013947
1004
-890
9758
-2842
3212
487629
-11791
-3095
1099148
5998
4404
2708503
-2629
-24117
1076175
6128
-13166
2114588
-44
-8310
3832
-2241
11693
2120151
-5860
5376
2380514
-9779
-9589
7376810
7228
-9897
4205094
-3201
-5659
553431
5884
-1383
2118174
10118
2221
7045209
12507
1188
318283
-9761
3390
7637419
-5314
6600
96503
-4935
-1520
162286
-2223
3283
2121168
-943
-6431
11744
-18289
21330
2659819
-2164
-1192
2639578
-1412
1921
1581814
-2543
20358
3163600
-8007
-12461
4331982
4218
553
606727
-17169
-7787
46575
1155
18470
537353
6531
10358
7865129
9839
14309
7898455
8623
2545
5279055
-1408
6643
536824
-8522
-8440
4431037
8149
155
4198200
4490
4949
1656331
-13366
-1076
126651
-1275
2625
13296
-7752
14429
5376206
-9236
-2299
4236990
2218
-6845
2186799
5214
13145
354307
8581
-10667
5800776
-12328
-4640
444602
-11410
2281
652439
1807
-7833
2102547
1
-4513
256
-14687
160
2398620
3235
-1813
293677
3331
3394
29473
7802
-4421
5833271
8366
7462
4299855
-16671
9320
299516
-4320
-6652
284916
2012
1181
2361882
-7888
1087
4201668
3906
7695
88625
826
-2083
80407
-10203
13940
6589348
1651
3565
3671829
11070
-10155
129143
13927
15808
4112725
8387
-7639
4234057
385
-177
1573128
-6473
-4909
6430173
1165
3792
538378
-7095
-1586
4337090
13008
5333
64600
-3438
-52
620249
6725
-15883
5253936
5346
3399
356877
3323
3503
29487
-5322
974
228597
587
-3382
1060627
6799
-3885
4732219
-4379
-6226
283644
-7157
16060
4204483
5086
-1878
354331
-5818
3320
2316513
-7998
2753
4266697
-17819
6633
1876980
-10031
-17224
6331816
2179
-1291
2642729
912
5451
533528
1157
1743
537352
-4822
6119
98023
-15304
4451
174214
-4113
-3897
17919
-10261
5000
2148255
9197
-490
4237150
1704
-4859
2235422
9629
-11261
6071114
-16944
-5849
1092840
4338
-2941
87565
11996
-4292
318074
9319
6591
5153093
735
7551
276763
576
3499
1058832
2612
8293
1076788
4633
1775
1466642
6508
-1983
6821414
10645
1240
3721064
-2636
6719
1076940
-8941
-1113
4241313
-6920
-2207
4337870
-2740
13862
32450
9869
10888
6854490
308
-8833
7684
3006
-4099
92223
-2687
-5386
1597896
-226
8379
332019
3241
9166
163118
12175
11806
574843
-9917
19372
6331297
4919
11644
163093
9218
-4788
4301377
-7262
-12218
4532957
1287
-17532
143617
-5305
-13039
162289
-6421
-8407
6297567
563
-2578
1060629
5322
5443
97803
-4833
-7470
291299
-2046
-26034
2163425
6836
2219
4210236
7874
-8575
4266553
-12571
-1834
316348
-8486
17528
4561595
6909
-12219
4207422
398
2541
1639435
768
9316
12304
3097
-10184
418082
-2248
2114
2250966
-1455
6852
1060336
-6167
-6200
6424030
9649
21310
5287244
-380
-6556
529144
-8949
16041
4241315
-99
-7072
787450
5483
14977
554759
1122
7777
860677
-12874
-10508
1305773
10379
-3910
2676587
-1180
1498
799476
6413
7867
6297378
16540
-3657
823818
-12259
4719
312194
8224
-5764
4491332
7202
174
4532773
5006
-12975
615451
-1583
-4441
3149288
-3842
11731
86223
-2785
-577
291267
-4890
-8626
487661
-13991
-10223
2546082
-172
-19810
7920
-123
3686
525304
9869
-3455
6854490
-13161
7966
718249
-3734
9488
612039
-8112
-11146
4197568
-6565
-4601
7605203
9026
16499
4307537
5113
1868
155934
4317
3327
285450
-4882
-8903
95471
-3369
-6404
163289
222
3225
333835
2728
14243
162878
-6438
-1085
6626011
-4447
6701
285180
-4119
-400
148990
5325
-1332
32522
8698
-2156
5341775
-6227
1618
6295518
9363
-1704
4765513
-9356
-5732
4765364
-2913
19614
815563
-1287
-721
143870
1157
3426
537352
7322
6531
5059115
1315
130
277253
1402
-2491
602631
8721
-9809
5285200
-2166
-10937
2705115
10025
-10047
6462806
4828
2734
293402
7302
5938
4927529
3201
-10615
553256
-4639
14224
1335788
333
-3653
7938
1262
12682
78863
2514
-2615
3231273
-1955
4208
2362338
-10778
-14251
1564813
756
-664
13852
379
2691
529159
-3716
21244
545478
20204
746
54846
-9896
-2958
6723746
7590
11578
5711917
-5750
-3309
3753707
-4958
-4942
359149
8749
5484
5287766
-4783
166
32224
-979
15971
12262
-4812
4259
32484
4422
4812
219137
5391
-493
29955
4076
10564
17982
-5288
-3486
424178
-4493
7143
1591285
4313
353
416010
2769
16142
32056
-2566
-11766
1139407
3020
3021
28218
14218
-2150
2737755
-4389
-2116
285691
-934
-4034
338659
6205
-2656
6294310
-6319
-3885
6299088
-2471
11380
3557842
-11378
10978
648347
5858
-7385
2445853
-18139
-2642
2399204
17539
-8442
570121
-2223
2883
2121168
-16732
1693
301820
3135
7204
26919
9874
6985
6919769
-7481
-10904
4340185
441
-2116
1181966
-2391
12937
2252254
-9875
8993
6854566
-2393
-1225
2513373
-397
-5007
1574901
-6506
12518
7017689
8411
1411
4496203
-963
-13875
11238
-13297
-4733
58787
5417
6308
163078
-16675
6322
302074
-193
4030
6647
3330
-12666
94753
-1104
-3369
11516
929
2405
272668
14070
-9616
2348125
-3577
-5877
1204689
-20138
-11875
253121
2189
-224
2643754
1759
5715
2365723
15010
7808
375421
6163
-774
6293281
979
-8951
12057
-4709
-10455
1860587
12337
-2780
52548
-8910
-14001
4308645
-6794
-7796
4928709
-5396
-8687
30462
15290
-5120
109183
-5676
-6553
3165928
3778
-7911
88633
2296
16146
2248750
2653
-3
1338162
-7761
-4194
5246415
-6013
4951
2642921
8113
-4960
4197692
16754
-5237
628229
-11833
-4385
1231241
-642
1187
602343
-20471
-4823
181698
-549
7571
1321963
15089
3289
46460
948
7525
11804
4100
-20551
16896
-17410
-1826
106751
6845
3470
4209470
-5361
4286
30195
1105
-2843
11520
-3204
5578
553686
-2969
338
942533
-6773
-12440
5777355
11401
-5569
718186
-9610
2211
6005941
12858
-1626
1174103
1486
15920
1125387
9338
14031
4825671
7112
9984
4336698
1668
-6284
2626072
-18803
8887
2676698
13203
1660
583513
4253
-5264
807690
7340
6017
4210222
-8444
2735
4231856
-5475
12555
816122
4839
-6318
422173
-7357
6401
4209617
-7504
-8462
4209884
-3408
8666
31964
206
2918
72715
7766
7337
5442609
-2342
3396
2448091
-1482
5312
1256693
-10740
-6833
3196562
1240
8266
407562
2601
4333
1207606
1768
-5020
2233374
12750
399
1166411
2155
2214
2639655
-11269
2206
58271
8028
10575
4463154
-5004
-3352
550628
-11542
-7548
128671
-8037
4436
4985803
621
-13126
1582870
7216
3981
4205604
-1770
-7341
2299105
4180
920
19968
6067
-5666
2117405
-6028
-17863
2639588
2163
12443
2639653
4642
-2287
1403413
300
-393
7686
10035
10677
6332245
-7474
10570
4275419
-1352
10005
145662
9067
8139
4765527
2895
-138
32051
-863
-6689
276972
-3095
-6875
157150
-2136
-6320
2247902
-3327
3746
29136
-842
-11955
212205
9750
7898
7570513
20258
-1762
383541
-14702
-7017
2725529
7028
-1979
4732468
1154
18740
602633
1077
6110
12036
-2611
-1208
1077194
1645
-1238
3671830
6614
-9012
7539753
-3620
855
1329866
-12384
10896
313532
-4164
-246
19198
17991
2806
3311889
-251
5390
5104
8806
641
6266965
-2700
-3028
554692
-1242
3243
473333
2031
-19404
2098463
-1529
2510
1188337
-8093
8419
4981701
7710
7793
5570611
-130
7888
594167
-7352
-4286
4340946
-4150
5884
85755
2154
4485
2704935
4942
6752
97299
-4473
13139
676345
9933
-5038
6332250
-2421
4841
2643931
9596
-17015
4764230
651
11093
538395
10391
-6451
2807145
-10843
-13517
1371020
8641
-2192
5278024
9526
-8109
4439109
8703
16277
5275983
-6189
15984
6295513
10933
-7997
65404
-11758
10230
1173137
2865
1008
32052
299
527
7943
-3022
3401
93893
3968
-817
540728
11089
2565
64880
-5004
-8875
550628
-7311
995
4732372
8610
-584
5605965
6626
7871
7668269
-2532
1085
3424978
2054
-7396
2310177
2593
12094
1337652
-5811
-5184
2121698
4440
-7530
415746
-603
-1873
1321964
-4877
224
30701
8717
6219
5285714
-12458
-7954
253105
-21084
-7326
1370860
-3435
-21865
554968
7102
6459
4270143
4119
-7640
148737
5715
-7377
3165969
4035
-434
19257
-6177
9455
6556123
17576
-14581
179214
3084
3853
26146
9586
2701
4830789
-3082
524
222429
-6532
11021
7865046
-1187
-11329
277490
16642
-11006
102913
3399
2223
162081
-7944
3294
4329678
-203
-4610
8180
-2594
4615
1403083
11949
-7284
57214
-3431
2816
946650
3916
-6945
24114
-130
1034
594167
2880
7082
30768
-9603
834
5809078
3772
-7167
23102
-5888
9921
2117856
-10314
17641
2346141
7460
-10424
4471332
-4049
2722
19911
4432
-9048
23552
3149
3567
28450
-6423
-12889
6428126
-375
6902
660986
-11485
-610
326549
12500
-2213
56904
-5177
-5060
158201
-5837
-7787
2121701
21721
7307
456970
11742
3671
1435755
2047
7257
2097439
314
2552
72199
-5956
-3009
2120430
-2171
-2489
2638808
1425
2416
1582344
-7222
1198
4271835
8420
3994
4493900
-13831
-7501
3326382
3308
-7235
30254
13632
2338
63552
2597
3072
1338164
4858
-664
94751
-3453
6095
553945
-3743
-4170
807364
10526
2715
2478179
1286
-4725
208897
-2867
169
32714
413
9509
1835786
-7869
-6014
4201409
-5749
13060
3688427
10146
14407
6654557
10719
-1214
3459435
163
24044
269069
12355
2667
52033
13373
-2875
60230
-3520
15094
1075408
9529
-6691
4372806
-3239
-10371
424402
15500
-6771
570986
6572
2243
7343662
1847
-21489
2235669
-5915
18773
2380780
-4916
-16086
32490
-9966
8475
6395553
-771
5558
13294
2374
-3421
2316321
-7687
-13612
5374414
-2965
-7461
550855
10437
-3686
2153320
8655
2580
5279051
-2850
4715
358603
-9874
-983
6919335
7843
-8592
4463421
-3494
2603
1403603
6601
-7139
7474474
-7626
-5610
5450965
1656
-10502
3801110
-15952
2513
1084556
5180
10364
27142
8894
-789
4307039
-5813
407
2121699
2448
1390
3687464
5059
-707
27417
-1340
-7672
15096
6788
8143
4731448
859
-3853
277267
-693
-11208
16355
-9247
-3071
4497852
8636
4344
5278286
8775
-5615
5417297
-776
-239
143598
-10216
3033
6717602
15090
-1728
112253
-2977
2483
289219
-13311
80
57760
-3189
-3799
550875
10226
-596
6391389
-9604
-7539
5808822
5463
-6881
163073
-1204
6800
16114
2311
1644
2248993
-2993
-1224
28099
5235
-15347
550661
-11016
-5279
192654
-3766
1650
89795
12480
10982
55368
7849
219
4332862
4496
5470
1590280
5935
-6841
2120983
11297
-6194
321892
-10674
7755
3263635
3774
2547
88127
5185
8486
26880
10375
1946
2806121
-14851
4520
1090446
7792
2185
5768244
8213
7758
4228928
1259
1625
14095
5252
2534
553480
-5609
-8442
1205745
-1238
-11492
81655
5418
4583
97799
4498
7132
1656329
-16608
5012
301300
1575
4910
3541269
6823
3331
4602173
3904
-3973
22576
1056
8458
272388
-10526
-637
2478749
8907
14842
4243291
3621
8120
1329972
9862
-707
7049305
-23788
14890
4241104
11887
-1779
1623415
8035
-5654
4985653
13956
-1717
2675288
-4957
-6130
293869
7458
-16266
4536869
-4526
-11792
1134321
-4025
2879
149953
7501
-12118
4210466
-334
4913
73469
8085
-13866
4720440
18954
464
1173043
1397
4955
538372
-1598
4266
3214057
-5897
-5111
2250221
-4902
-5524
359147
3198
7951
614439
-2838
-3997
95951
-3977
5537
673221
-7676
12774
5251792
-3291
-3642
293844
-4793
9343
162273
-2287
-5987
2119120
13822
4829
1171535
1698
-3782
2431517
7600
-3386
5254188
-446
-6589
1116913
-10947
-11120
64390
-98
-9887
852219
-12044
16464
54924
6028
-9043
2639386
1990
2762
2295833
-4133
2707
281595
3377
-4657
32036
-11183
-360
60800
15946
-1762
1150579
8230
8907
4687941
-6083
-2129
2116582
946
1659
77341
-18972
1988
1368780
-5660
8657
3425004
3647
-1453
1067319
-2344
6547
2513114
7931
-3678
4199231
637
-2614
1581846
-10002
2177
6395055
-6695
-8082
5646794
4646
-984
1533973
633
3020
1712406
2123
13747
2117411
6627
-6035
7602989
306
6157
73221
-658
-12334
603367
4686
-3304
1141779
7842
-4400
4528701
-13460
3787
587446
-2481
-8492
3165651
-5897
-6803
2250221
2140
-6693
2378274
-282
19833
463101
8183
822
4326717
3039
4328
289083
-13360
-3133
60600
-12172
-14800
575108
7653
5813
5514028
-11155
6644
583558
-6920
2241
4337870
-20814
-3863
122621
-16943
5312
1093096
-1168
-897
537844
-5702
12667
3230447
67
-2176
2817
7991
-4076
4332853
-10354
-2900
2737307
-12625
3376
56767
-1376
7749
276732
-8278
-8643
4296383
-91
5200
265212
-11375
5755
583064
-3739
-4755
807876
14472
7095
2790506
-2847
-3138
291276
11151
-2851
583035
-2910
-1122
359117
7704
-15
5636146
-7555
17289
5776342
-5413
-15295
293883
-1819
-9597
2364396
2588
4944
1335858
8430
6143
4297807
-9568
7754
4503740
11339
42
61283
-9020
11654
4242088
6713
5644
5384502
-161
-12085
268787
-6601
-7789
7474645
-1853
-10427
2104297
1056
694
272388
12259
-4678
312189
-8363
5669
4235184
-8358
2490
4561587
124
-4825
524806
2505
-6940
3296554
-41
-3202
134649
4161
-5845
18688
276
1480
5632
650
-14882
603675
3063
9048
156989
-1824
-6972
2363628
-6504
-5577
7213274
2529
-11772
3424556
4266
-8367
89615
-2938
-13915
749769
-6380
8364
6297296
813
-5650
16150
-10743
1421
3327378
6743
-5113
5385521
-13040
-10796
62624
5908
11629
2119184
-722
104
81127
8321
-7029
4755784
4875
2708
30483
12401
-2641
574788
2422
2993
2839589
333
8865
7938
-4407
-4831
155130
3869
-5645
283442
-4988
-15917
553704
3656
-3419
1199154
