8944
1080
8944
-6842
8944
-4924
8944
-9826
8944
-8360
8944
-14391
8944
-14941
8944
-3735
8944
6642
8944
-6284
8944
-11170
8944
3394
8944
-7066
8944
-6306
8944
-317
8944
21451
8944
-1018
8944
3059
8944
6252
8944
5409
8944
6217
8944
-9450
8944
-4701
8944
24316
8944
26362
8944
-427
8944
-891
8944
-9502
8944
7670
8944
8341
8944
16966
8944
6657
8944
10692
8944
-3987
8944
6845
8944
-9633
8944
3686
8944
2503
8944
-5063
8944
15718
8944
9248
8944
-5218
8944
25
8944
6140
8944
2007
8944
-10298
8944
-6693
8944
-12159
8944
1764
8944
11408
3160
486
3160
6830
3160
6014
3160
6149
3160
-3497
3160
3185
3160
-7485
3160
7448
3160
-10402
3160
18928
3160
-1643
3160
9734
3160
2598
3160
-511
3160
901
3160
-12542
3160
-7363
3160
-1277
3160
525
3160
3814
3160
15425
3160
-1302
3160
-10648
3160
3048
3160
17736
3160
-8963
3160
-411
3160
-8918
3160
7831
3160
-854
3160
4274
3160
6295
3160
3149
3160
17195
3160
5045
3160
11976
3160
4061
3160
-6708
3160
874
3160
23544
3160
7432
3160
-1328
3160
-1254
3160
-12572
3160
-1937
3160
-1951
3160
-8715
3160
-5757
3160
5899
3160
-7878
-3704
-1795
-3704
-1039
-3704
-9245
-3704
1195
-3704
-1842
-3704
-14472
-3704
10179
-3704
-583
-3704
-11510
-3704
9688
-3704
-13263
-3704
-6352
-3704
5500
-3704
-13532
-3704
8991
-3704
2647
-3704
-14020
-3704
-11468
-3704
8403
-3704
-4470
-3704
-4539
-3704
-16026
-3704
-3733
-3704
-10766
-3704
14040
-3704
8322
-3704
409
-3704
-11280
-3704
472
-3704
297
-3704
15927
-3704
2157
-3704
-8171
-3704
-822
-3704
-5445
-3704
19811
-3704
-11168
-3704
17499
-3704
-5590
-3704
-5431
-3704
14349
-3704
12353
-3704
-249
-3704
-6039
-3704
-245
-3704
1597
-3704
3357
-3704
-5311
-3704
2744
-3704
-5111
-7303
-17552
-7303
2272
-7303
-9299
-7303
-2739
-7303
6875
-7303
817
-7303
14170
-7303
-3470
-7303
7545
-7303
1576
-7303
5921
-7303
-1309
-7303
-5007
-7303
267
-7303
-1481
-7303
5782
-7303
14104
-7303
-107
-7303
9181
-7303
6509
-7303
-18742
-7303
-6837
-7303
10185
-7303
13904
-7303
-11926
-7303
12576
-7303
440
-7303
-1817
-7303
-3327
-7303
-1682
-7303
828
-7303
-7622
-7303
-2008
-7303
154
-7303
-6230
-7303
-11068
-7303
606
-7303
-2949
-7303
6553
-7303
-1143
-7303
-5788
-7303
5444
-7303
1151
-7303
-3874
-7303
-10535
-7303
-9933
-7303
5938
-7303
-6422
-7303
-3756
-7303
3042
1544
12235
1544
12946
1544
-6101
1544
-155
1544
-3528
1544
4228
1544
-5179
1544
15394
1544
-5080
1544
13549
1544
5304
1544
6068
1544
-2713
1544
10888
1544
4971
1544
-3004
1544
-1863
1544
10009
1544
8069
1544
-11647
1544
-4620
1544
4199
1544
-5532
1544
-6087
1544
6279
1544
1732
1544
4109
1544
-273
1544
17613
1544
-8732
1544
-4025
1544
-5561
1544
-2357
1544
-5166
1544
-4903
1544
3252
1544
-3799
1544
8990
1544
-8971
1544
-5321
1544
2800
1544
1547
1544
1608
1544
12229
1544
-6426
1544
-962
1544
2496
1544
-19
1544
-2383
1544
-1124
7288
8574
7288
2168
7288
3424
7288
-1287
7288
2070
7288
-10305
7288
-3168
7288
-1209
7288
-1176
7288
14848
7288
8899
7288
-5543
7288
6052
7288
-2564
7288
-5046
7288
-1292
7288
1268
7288
-8422
7288
-20736
7288
-2528
7288
-472
7288
-3009
7288
13448
7288
-6360
7288
5929
7288
-14838
7288
-14019
7288
3677
7288
-3934
7288
-15769
7288
10645
7288
-13844
7288
3282
7288
11608
7288
1272
7288
2319
7288
-10123
7288
9270
7288
7751
7288
-3652
7288
-5039
7288
229
7288
-14010
7288
-4683
7288
-1152
7288
5292
7288
-7543
7288
5631
7288
661
7288
-1677
-8025
-6133
-8025
5273
-8025
-8199
-8025
-15057
-8025
310
-8025
-13753
-8025
7563
-8025
-6011
-8025
-11112
-8025
10390
-8025
12341
-8025
-3149
-8025
-2587
-8025
-10513
-8025
7084
-8025
8111
-8025
2501
-8025
-6926
-8025
-3651
-8025
-63
-8025
-7398
-8025
123
-8025
7915
-8025
5122
-8025
-7012
-8025
81
-8025
5053
-8025
-3294
-8025
-872
-8025
-16482
-8025
766
-8025
-3007
-8025
-9693
-8025
8331
-8025
970
-8025
14894
-8025
-14630
-8025
-16102
-8025
6434
-8025
-8119
-8025
6549
-8025
2355
-8025
-2155
-8025
-888
-8025
-5144
-8025
4290
-8025
-18659
-8025
-2385
-8025
-281
-8025
6796
2689
18126
2689
3180
2689
-21765
2689
7425
2689
10985
2689
13029
2689
-546
2689
-16328
2689
6821
2689
5278
2689
-5118
2689
8531
2689
2657
2689
16962
2689
-284
2689
2662
2689
-2810
2689
-5345
2689
-8858
2689
5095
2689
12990
2689
-2636
2689
6118
2689
5531
2689
-829
2689
-7060
2689
-731
2689
-14801
2689
-3308
2689
-2797
2689
-9023
2689
-13285
2689
20731
2689
10453
2689
-5275
2689
-15411
2689
-13448
2689
1438
2689
650
2689
14084
2689
1027
2689
6682
2689
4865
2689
1875
2689
-546
2689
-5209
2689
16639
2689
5574
2689
-706
2689
-10879
-4452
-2653
-4452
-5326
-4452
-2218
-4452
2337
-4452
3835
-4452
-13621
-4452
-4714
-4452
-11194
-4452
-10307
-4452
-8444
-4452
-2837
-4452
14724
-4452
-5607
-4452
-16442
-4452
8104
-4452
16962
-4452
-3484
-4452
2385
-4452
-5035
-4452
1368
-4452
2978
-4452
2219
-4452
5215
-4452
1186
-4452
10196
-4452
7261
-4452
-7381
-4452
3016
-4452
-8725
-4452
1754
-4452
-6083
-4452
3924
-4452
-4028
-4452
1380
-4452
-3121
-4452
19808
-4452
-1828
-4452
3754
-4452
4929
-4452
-12408
-4452
-8962
-4452
-10554
-4452
6659
-4452
2350
-4452
4854
-4452
13271
-4452
6295
-4452
-8595
-4452
7408
-4452
-339
1163
13972
1163
-6671
1163
12619
1163
3332
1163
9795
1163
17591
1163
-2384
1163
13077
1163
13116
1163
8047
1163
11499
1163
22748
1163
-5359
1163
-3066
1163
9463
1163
18402
1163
135
1163
1575
1163
-6795
1163
-8476
1163
-15332
1163
-4457
1163
13385
1163
361
1163
-8980
1163
7350
1163
-12228
1163
2338
1163
7949
1163
917
1163
-6310
1163
-11250
1163
7512
1163
-2157
1163
9768
1163
-1298
1163
11846
1163
3019
1163
-10081
1163
8243
1163
-4618
1163
-6449
1163
6222
1163
1772
1163
7290
1163
7222
1163
-20899
1163
-10867
1163
4531
1163
579
-4997
-4856
-4997
13475
-4997
5300
-4997
8137
-4997
-859
-4997
17243
-4997
2973
-4997
2092
-4997
8535
-4997
-9760
-4997
-6911
-4997
7110
-4997
-5724
-4997
-6448
-4997
15977
-4997
13535
-4997
621
-4997
-15489
-4997
2233
-4997
8093
-4997
14302
-4997
-2623
-4997
-4264
-4997
13301
-4997
12220
-4997
4788
-4997
11327
-4997
156
-4997
1494
-4997
-2402
-4997
8402
-4997
4630
-4997
6416
-4997
7198
-4997
7782
-4997
-9940
-4997
5790
-4997
9739
-4997
1589
-4997
-2626
-4997
9430
-4997
-3396
-4997
9233
-4997
7052
-4997
-1958
-4997
17218
-4997
6584
-4997
-2375
-4997
5199
-4997
-4112
-2576
1532
-2576
6963
-2576
-4196
-2576
-601
-2576
-7314
-2576
2509
-2576
-5623
-2576
-6933
-2576
-8736
-2576
875
-2576
6167
-2576
13525
-2576
8234
-2576
-14350
-2576
-4989
-2576
-15000
-2576
-12592
-2576
-8260
-2576
1447
-2576
12150
-2576
4434
-2576
-3485
-2576
3056
-2576
20718
-2576
7017
-2576
9254
-2576
-1321
-2576
-2597
-2576
5107
-2576
-1554
-2576
-2487
-2576
3173
-2576
-6226
-2576
-5970
-2576
2814
-2576
-3391
-2576
5437
-2576
3928
-2576
1863
-2576
-7592
-2576
2068
-2576
6457
-2576
-1305
-2576
-17018
-2576
-10050
-2576
-7961
-2576
6486
-2576
9627
-2576
9085
-2576
-8920
-7741
-7983
-7741
-2741
-7741
6648
-7741
2626
-7741
-1482
-7741
3923
-7741
5686
-7741
-541
-7741
15883
-7741
-7471
-7741
-9941
-7741
-7729
-7741
5127
-7741
-11389
-7741
-8155
-7741
4788
-7741
4528
-7741
-3302
-7741
1152
-7741
14517
-7741
-167
-7741
6979
-7741
-10902
-7741
-926
-7741
21059
-7741
4516
-7741
5826
-7741
1568
-7741
24907
-7741
-22150
-7741
18929
-7741
4657
-7741
-5726
-7741
8103
-7741
976
-7741
-3518
-7741
12534
-7741
308
-7741
-4119
-7741
-7258
-7741
5022
-7741
7556
-7741
-5763
-7741
-5077
-7741
13335
-7741
2217
-7741
320
-7741
-5863
-7741
1641
-7741
4742
3813
9941
3813
-8438
3813
13454
3813
16721
3813
6259
3813
-4983
3813
2369
3813
-3108
3813
-7651
3813
-6934
3813
-715
3813
-1440
3813
-1777
3813
4348
3813
-4853
3813
-7793
3813
8218
3813
756
3813
-6260
3813
8959
3813
-7439
3813
1695
3813
5996
3813
-4737
3813
6992
3813
-10969
3813
-5250
3813
-5063
3813
14070
3813
-10197
3813
5703
3813
1976
3813
9418
3813
-11967
3813
13963
3813
-9732
3813
6136
3813
588
3813
-4311
3813
14566
3813
2981
3813
7356
3813
-4332
3813
13289
3813
-5479
3813
-4643
3813
-17074
3813
-4744
3813
4721
3813
6590
-4081
-5962
-4081
1198
-4081
15295
-4081
13537
-4081
1076
-4081
2216
-4081
2843
-4081
-11153
-4081
1949
-4081
-1107
-4081
-4362
-4081
6809
-4081
-11758
-4081
20426
-4081
-2644
-4081
3328
-4081
2140
-4081
-4635
-4081
-13782
-4081
2489
-4081
8727
-4081
14602
-4081
-1689
-4081
6970
-4081
-1298
-4081
11090
-4081
4743
-4081
-2848
-4081
-545
-4081
-5039
-4081
12383
-4081
8271
-4081
555
-4081
6676
-4081
11594
-4081
816
-4081
6372
-4081
7068
-4081
-3428
-4081
2081
-4081
7181
-4081
-2031
-4081
9340
-4081
-6278
-4081
11379
-4081
3245
-4081
-2969
-4081
9194
-4081
2016
-4081
7149
4661
-4567
4661
5989
4661
-17780
4661
-6629
4661
-692
4661
-5131
4661
13107
4661
-8743
4661
-20594
4661
-12028
4661
-11193
4661
1023
4661
9825
4661
3703
4661
917
4661
6379
4661
-15664
4661
16
4661
7381
4661
19237
4661
-923
4661
-5434
4661
-10092
4661
-9582
4661
8481
4661
8086
4661
-3474
4661
-6376
4661
-7649
4661
-2271
4661
3047
4661
-8033
4661
16654
4661
3402
4661
814
4661
7782
4661
-1960
4661
5484
4661
-3311
4661
4430
4661
11394
4661
-2979
4661
-15988
4661
-7099
4661
5427
4661
-6922
4661
10125
4661
-7225
4661
-12662
4661
15371
-15406
-15729
-15406
1834
-15406
-997
-15406
723
-15406
-1583
-15406
514
-15406
10078
-15406
6611
-15406
-1507
-15406
16972
-15406
5032
-15406
-2868
-15406
1144
-15406
8996
-15406
7791
-15406
1289
-15406
-13186
-15406
-8939
-15406
-13761
-15406
12582
-15406
11972
-15406
7762
-15406
-4743
-15406
2012
-15406
5468
-15406
-5154
-15406
-3556
-15406
-4892
-15406
2700
-15406
-1732
-15406
-8061
-15406
-6801
-15406
-3946
-15406
152
-15406
875
-15406
15576
-15406
-10134
-15406
-17952
-15406
-11101
-15406
9806
-15406
-8511
-15406
-1569
-15406
3272
-15406
-279
-15406
10069
-15406
-6635
-15406
-2846
-15406
-4319
-15406
-5543
-15406
5156
-2543
-1714
-2543
-8548
-2543
-5265
-2543
-5175
-2543
9473
-2543
-12175
-2543
7135
-2543
6171
-2543
2927
-2543
5450
-2543
934
-2543
-17848
-2543
9898
-2543
-530
-2543
5364
-2543
13244
-2543
-2962
-2543
-461
-2543
7275
-2543
1020
-2543
1965
-2543
4299
-2543
-4324
-2543
3975
-2543
10371
-2543
-11095
-2543
9227
-2543
7077
-2543
-13738
-2543
-12122
-2543
-6986
-2543
6352
-2543
-1161
-2543
13488
-2543
-7079
-2543
-4511
-2543
-8353
-2543
9737
-2543
10751
-2543
-2373
-2543
-3102
-2543
4944
-2543
-1710
-2543
3141
-2543
-18412
-2543
-2583
-2543
9574
-2543
8267
-2543
-3819
-2543
15177
4825
-12530
4825
-150
4825
-4998
4825
-4932
4825
-4559
4825
4326
4825
5000
4825
-2665
4825
-639
4825
-4173
4825
11554
4825
7744
4825
1706
4825
-2061
4825
-10492
4825
6285
4825
-7212
4825
-4208
4825
9411
4825
-2483
4825
-13427
4825
-698
4825
-3351
4825
-2342
4825
4234
4825
4781
4825
-13472
4825
-4208
4825
-10506
4825
3747
4825
3852
4825
-11585
4825
4568
4825
6106
4825
7741
4825
-3765
4825
1911
4825
8328
4825
-1803
4825
-5928
4825
4564
4825
9854
4825
-14294
4825
14009
4825
-8341
4825
-9894
4825
5521
4825
14478
4825
12837
4825
-14206
-11114
-14537
-11114
-820
-11114
5572
-11114
13317
-11114
-9783
-11114
13847
-11114
-20273
-11114
-3126
-11114
-14182
-11114
7405
-11114
1508
-11114
5283
-11114
3387
-11114
-8923
-11114
-14323
-11114
-669
-11114
-7495
-11114
-482
-11114
-2957
-11114
5805
-11114
10598
-11114
-3602
-11114
3301
-11114
-3006
-11114
-3
-11114
-2162
-11114
4911
-11114
-2652
-11114
-1215
-11114
-18934
-11114
-4696
-11114
-5185
-11114
1711
-11114
595
-11114
1779
-11114
3030
-11114
-2322
-11114
1363
-11114
6154
-11114
5025
-11114
-6892
-11114
-1870
-11114
-1634
-11114
6165
-11114
-13945
-11114
-5674
-11114
-1101
-11114
3502
-11114
2649
-11114
-12021
7785
2825
7785
4902
7785
-5241
7785
11349
7785
-16049
7785
-5181
7785
9606
7785
6130
7785
-2269
7785
13511
7785
8444
7785
-1655
7785
2826
7785
-2470
7785
-19428
7785
10969
7785
-967
7785
-13209
7785
-9115
7785
-4163
7785
-1448
7785
5433
7785
1962
7785
2179
7785
15947
7785
-2493
7785
2335
7785
-8182
7785
-716
7785
-7173
7785
-9893
7785
-1068
7785
6705
7785
-530
7785
-2354
7785
-1577
7785
11345
7785
-6348
7785
-3254
7785
-8245
7785
9385
7785
-12879
7785
-4782
7785
-1363
7785
5394
7785
-13026
7785
11482
7785
-3204
7785
-9738
7785
1611
12625
9212
12625
-8277
12625
6715
12625
-15713
12625
-2871
12625
-10503
12625
4607
12625
777
12625
-9131
12625
-14093
12625
-3706
12625
5647
12625
-4077
12625
18585
12625
13043
12625
-5425
12625
5860
12625
3538
12625
-1309
12625
-3620
12625
-4820
12625
3337
12625
13407
12625
-2385
12625
-9810
12625
-6709
12625
8933
12625
8345
12625
10671
12625
598
12625
-10282
12625
10801
12625
2512
12625
3486
12625
-3575
12625
4346
12625
-2104
12625
1406
12625
-1788
12625
-7233
12625
3804
12625
-2888
12625
5606
12625
-6904
12625
-7380
12625
-1029
12625
6781
12625
8437
12625
2943
12625
10450
12301
-4989
12301
2034
12301
-7043
12301
-517
12301
17378
12301
6878
12301
-9495
12301
6006
12301
320
12301
-2815
12301
6356
12301
-5627
12301
4758
12301
2193
12301
-2578
12301
-4332
12301
-6937
12301
-9055
12301
5172
12301
-2000
12301
-6348
12301
-6629
12301
6171
12301
4163
12301
-822
12301
1181
12301
8319
12301
13087
12301
10160
12301
16047
12301
7484
12301
3767
12301
-13595
12301
-8507
12301
-2966
12301
-16903
12301
516
12301
-8155
12301
434
12301
3513
12301
79
12301
-12477
12301
-12994
12301
6168
12301
-1988
12301
3275
12301
-3151
12301
6295
12301
6511
12301
-6446
3569
-3746
3569
1417
3569
-18586
3569
5910
3569
-2549
3569
1999
3569
-220
3569
4821
3569
-1076
3569
4899
3569
774
3569
-379
3569
3646
3569
-4495
3569
-2115
3569
-499
3569
7604
3569
-6057
3569
-8349
3569
642
3569
-12173
3569
245
3569
-7831
3569
-7582
3569
4286
3569
-2648
3569
6209
3569
520
3569
1515
3569
4838
3569
-10608
3569
4560
3569
1997
3569
-12179
3569
2455
3569
-5455
3569
-8008
3569
-5443
3569
92
3569
8509
3569
-5806
3569
12447
3569
-7362
3569
10177
3569
-9363
3569
8706
3569
-3939
3569
1901
3569
371
3569
-6118
2118
10161
2118
210
2118
5224
2118
1778
2118
15878
2118
-4
2118
-4730
2118
13450
2118
-4918
2118
9909
2118
17174
2118
-9204
2118
6184
2118
-3785
2118
11477
2118
-11043
2118
-4007
2118
-6937
2118
-8696
2118
3865
2118
-4019
2118
-7202
2118
-12366
2118
6265
2118
86
2118
2825
2118
9394
2118
-10308
2118
-6474
2118
8746
2118
9269
2118
9862
2118
7094
2118
-5099
2118
-1219
2118
-21313
2118
3782
2118
199
2118
-4129
2118
-9516
2118
-9411
2118
-24433
2118
1609
2118
-7210
2118
-8526
2118
16719
2118
-8497
2118
8108
2118
-9415
2118
-5970
-5079
-4242
-5079
9718
-5079
-3352
-5079
-2813
-5079
-4414
-5079
-7478
-5079
-4131
-5079
3864
-5079
-3004
-5079
7411
-5079
-6168
-5079
2101
-5079
-9343
-5079
-10704
-5079
-6333
-5079
5364
-5079
-2150
-5079
11913
-5079
-7428
-5079
3226
-5079
904
-5079
-494
-5079
3625
-5079
5292
-5079
7496
-5079
11047
-5079
5728
-5079
923
-5079
-1977
-5079
9331
-5079
-1761
-5079
-15221
-5079
4272
-5079
-9208
-5079
1073
-5079
12208
-5079
5414
-5079
6217
-5079
22367
-5079
11742
-5079
40
-5079
-4687
-5079
6808
-5079
-3793
-5079
-3721
-5079
10998
-5079
-4087
-5079
-6728
-5079
5446
-5079
-7802
-17759
10765
-17759
9541
-17759
-9265
-17759
6644
-17759
-12554
-17759
17511
-17759
11039
-17759
-9984
-17759
11514
-17759
-1029
-17759
110
-17759
10007
-17759
3369
-17759
-6999
-17759
9858
-17759
-10905
-17759
7714
-17759
-10405
-17759
-999
-17759
12798
-17759
4390
-17759
5553
-17759
-3161
-17759
8275
-17759
-4979
-17759
696
-17759
-249
-17759
-6301
-17759
-1670
-17759
4144
-17759
8070
-17759
672
-17759
-3551
-17759
5817
-17759
3836
-17759
-6591
-17759
-13319
-17759
4709
-17759
5703
-17759
-10222
-17759
-12032
-17759
-330
-17759
-1181
-17759
-471
-17759
3298
-17759
-13121
-17759
1560
-17759
-4148
-17759
519
-17759
-883
-7509
11309
-7509
-10236
-7509
2959
-7509
592
-7509
11906
-7509
4372
-7509
-13409
-7509
7409
-7509
-14224
-7509
16003
-7509
-5161
-7509
-15313
-7509
3066
-7509
-227
-7509
-3651
-7509
10100
-7509
9784
-7509
-8972
-7509
12805
-7509
-8190
-7509
936
-7509
-11531
-7509
-4430
-7509
1387
-7509
130
-7509
-2499
-7509
-3258
-7509
-5750
-7509
-2792
-7509
-3165
-7509
-8018
-7509
-11070
-7509
-1896
-7509
4510
-7509
8004
-7509
-1755
-7509
-7920
-7509
12287
-7509
-4390
-7509
-10544
-7509
1875
-7509
-4031
-7509
13962
-7509
4289
-7509
-2914
-7509
-4218
-7509
2702
-7509
5861
-7509
-16611
-7509
-12878
-9043
5733
-9043
-2016
-9043
-5171
-9043
2236
-9043
-1694
-9043
5443
-9043
1909
-9043
2290
-9043
-1939
-9043
3803
-9043
-20269
-9043
-2722
-9043
-3734
-9043
7468
-9043
-7700
-9043
6341
-9043
-2400
-9043
-17042
-9043
11254
-9043
105
-9043
170
-9043
3096
-9043
7510
-9043
-10929
-9043
-9530
-9043
3755
-9043
2384
-9043
-8857
-9043
-3675
-9043
6189
-9043
7642
-9043
-6390
-9043
3443
-9043
8303
-9043
6370
-9043
-7886
-9043
-13036
-9043
3004
-9043
-3924
-9043
2963
-9043
8735
-9043
4625
-9043
3250
-9043
11554
-9043
-10977
-9043
10095
-9043
-1102
-9043
-2658
-9043
1202
-9043
1284
-6133
-13099
-6133
2678
-6133
146
-6133
8278
-6133
10229
-6133
12629
-6133
17853
-6133
13420
-6133
12409
-6133
-3900
-6133
-14866
-6133
11627
-6133
7973
-6133
3659
-6133
-4690
-6133
-7935
-6133
-5174
-6133
4008
-6133
3110
-6133
6084
-6133
-571
-6133
-703
-6133
3197
-6133
8368
-6133
-8067
-6133
7335
-6133
-2566
-6133
-8810
-6133
138
-6133
-462
-6133
-9949
-6133
-11502
-6133
9135
-6133
-16487
-6133
2857
-6133
9550
-6133
16849
-6133
-16162
-6133
3979
-6133
-3736
-6133
3688
-6133
-6933
-6133
7780
-6133
4728
-6133
13598
-6133
-1716
-6133
8214
-6133
11480
-6133
-12879
-6133
-16478
14501
-11673
14501
-3753
14501
10394
14501
23639
14501
-14555
14501
6303
14501
7264
14501
-2898
14501
17179
14501
14860
14501
-5623
14501
-1171
14501
16174
14501
-5564
14501
-12436
14501
16713
14501
-2512
14501
3889
14501
7448
14501
3096
14501
-6393
14501
-1084
14501
1490
14501
-15769
14501
-2955
14501
-11073
14501
-3881
14501
-3846
14501
-3718
14501
-12348
14501
4381
14501
5006
14501
6110
14501
-6258
14501
-8960
14501
-3568
14501
5830
14501
-14943
14501
5892
14501
-4940
14501
381
14501
6061
14501
-18980
14501
-345
14501
-5651
14501
10335
14501
0
14501
291
14501
240
14501
8536
3080
-3695
3080
949
3080
1037
3080
-2355
3080
6337
3080
-6501
3080
8736
3080
-2321
3080
560
3080
-4248
3080
14938
3080
-5635
3080
5935
3080
8712
3080
2311
3080
498
3080
1055
3080
-5611
3080
-5735
3080
4956
3080
3550
3080
3827
3080
-4631
3080
-9013
3080
-6214
3080
194
3080
2358
3080
-1132
3080
15701
3080
-2132
3080
2839
3080
2590
3080
4729
3080
14985
3080
-16364
3080
-13517
3080
-9126
3080
-3763
3080
3568
3080
-6064
3080
-8421
3080
-1805
3080
300
3080
-5055
3080
9789
3080
-3024
3080
6661
3080
-409
3080
3922
3080
990
-2092
3432
-2092
4444
-2092
-16707
-2092
-6465
-2092
-1767
-2092
8423
-2092
10120
-2092
12808
-2092
-9092
-2092
2523
-2092
-2381
-2092
1183
-2092
11935
-2092
-17331
-2092
16795
-2092
11074
-2092
417
-2092
-5585
-2092
4344
-2092
9484
-2092
8699
-2092
-1339
-2092
-1382
-2092
8571
-2092
-7507
-2092
-7131
-2092
3949
-2092
7223
-2092
4628
-2092
-8007
-2092
-12781
-2092
1825
-2092
-5137
-2092
-5570
-2092
12722
-2092
6653
-2092
-837
-2092
-2298
-2092
-3562
-2092
2028
-2092
-5604
-2092
-17261
-2092
-8951
-2092
-7632
-2092
-1122
-2092
-6180
-2092
14289
-2092
5540
-2092
-7748
-2092
10191
8876
-6299
8876
12676
8876
4685
8876
-14142
8876
-5883
8876
-9125
8876
6734
8876
24642
8876
283
8876
4361
8876
9411
8876
-2801
8876
-8862
8876
9706
8876
-9949
8876
-759
8876
7614
8876
1115
8876
2951
8876
3000
8876
3313
8876
14974
8876
-4126
8876
-844
8876
2121
8876
-5190
8876
-4211
8876
-11208
8876
-122
8876
1154
8876
-2108
8876
-7667
8876
3155
8876
3474
8876
1922
8876
-6953
8876
245
8876
740
8876
1166
8876
5728
8876
6633
8876
13663
8876
-2643
8876
2132
8876
3917
8876
5556
8876
-3289
8876
-5801
8876
9727
8876
109
4139
-6341
4139
6580
4139
-8543
4139
1332
4139
6636
4139
-13884
4139
2296
4139
-11859
4139
-9406
4139
-3320
4139
-5248
4139
6356
4139
5061
4139
11501
4139
-1493
4139
280
4139
-8789
4139
-15357
4139
13124
4139
5386
4139
-1020
4139
-2196
4139
6169
4139
12826
4139
-12522
4139
6327
4139
-2074
4139
5091
4139
2567
4139
5978
4139
-7039
4139
11998
4139
4907
4139
2628
4139
-9529
4139
362
4139
-8591
4139
11194
4139
3881
4139
-266
4139
11070
4139
-5604
4139
-817
4139
-217
4139
3498
4139
-1368
4139
2410
4139
10710
4139
-7642
4139
3842
-14061
-9294
-14061
-4157
-14061
3929
-14061
11698
-14061
8029
-14061
15805
-14061
-7184
-14061
-3744
-14061
9734
-14061
13209
-14061
-7986
-14061
8701
-14061
12943
-14061
4064
-14061
7886
-14061
5237
-14061
-243
-14061
7710
-14061
-4820
-14061
-3918
-14061
2203
-14061
-18859
-14061
4108
-14061
-4659
-14061
7965
-14061
-698
-14061
-10921
-14061
3099
-14061
5796
-14061
-2116
-14061
6675
-14061
8415
-14061
4534
-14061
15147
-14061
-5688
-14061
-1477
-14061
-2760
-14061
-3748
-14061
11930
-14061
-2861
-14061
3155
-14061
14919
-14061
-4329
-14061
3553
-14061
2540
-14061
10562
-14061
228
-14061
-9745
-14061
6811
-14061
12394
-1900
-6265
-1900
4678
-1900
-6591
-1900
85
-1900
-2658
-1900
-2487
-1900
-931
-1900
6100
-1900
1724
-1900
-3131
-1900
-3654
-1900
-3344
-1900
-7449
-1900
8531
-1900
-479
-1900
-11371
-1900
-2921
-1900
2894
-1900
386
-1900
1067
-1900
-12250
-1900
-11228
-1900
-5431
-1900
-16027
-1900
-13041
-1900
1090
-1900
-3518
-1900
8356
-1900
8676
-1900
1301
-1900
6656
-1900
6155
-1900
15156
-1900
-11970
-1900
9405
-1900
1504
-1900
-6075
-1900
849
-1900
19920
-1900
-9357
-1900
2239
-1900
6077
-1900
4264
-1900
-11232
-1900
-13395
-1900
-6282
-1900
-11348
-1900
2533
-1900
-7977
-1900
-5957
-593
-948
-593
-9001
-593
2820
-593
-5727
-593
-7651
-593
11315
-593
9950
-593
-13501
-593
6382
-593
-3183
-593
-5935
-593
-723
-593
12169
-593
-7685
-593
-2969
-593
-1159
-593
6398
-593
2614
-593
5691
-593
5465
-593
-891
-593
6603
-593
-5788
-593
4157
-593
-12363
-593
732
-593
1653
-593
-7880
-593
469
-593
-4267
-593
2186
-593
-8040
-593
-6739
-593
-2771
-593
-5455
-593
-14886
-593
2509
-593
6899
-593
-6314
-593
569
-593
5091
-593
-3632
-593
-13647
-593
10474
-593
14910
-593
6373
-593
1430
-593
-14231
-593
-4663
-593
3072
4584
-544
4584
-6315
4584
-1277
4584
-7777
4584
803
4584
-6138
4584
-5202
4584
-2578
4584
-8217
4584
-355
4584
132
4584
5543
4584
5640
4584
5926
4584
-4458
4584
-28
4584
3967
4584
571
4584
842
4584
14437
4584
-1548
4584
8990
4584
6653
4584
-3527
4584
-6399
4584
-14747
4584
-7434
4584
-10576
4584
-9029
4584
-16412
4584
-1044
4584
6448
4584
-3535
4584
11815
4584
2114
4584
4850
4584
-11283
4584
15694
4584
-7969
4584
-12194
4584
-1112
4584
-2506
4584
-8795
4584
1014
4584
12237
4584
-1617
4584
6597
4584
8137
4584
10054
4584
12133
-4153
-4060
-4153
-837
-4153
-8883
-4153
-5169
-4153
2950
-4153
-2422
-4153
1018
-4153
-13851
-4153
-3947
-4153
5798
-4153
202
-4153
8788
-4153
-2035
-4153
14070
-4153
-7710
-4153
-7726
-4153
3071
-4153
9516
-4153
3151
-4153
-8148
-4153
2580
-4153
9454
-4153
7444
-4153
398
-4153
-176
-4153
9356
-4153
11366
-4153
-2171
-4153
-10645
-4153
-2517
-4153
5103
-4153
-5761
-4153
-3652
-4153
-6888
-4153
-1831
-4153
5273
-4153
-794
-4153
7009
-4153
-1094
-4153
-4282
-4153
-1798
-4153
13064
-4153
-20171
-4153
-8431
-4153
7246
-4153
8956
-4153
4341
-4153
5180
-4153
-7427
-4153
209
-4801
7889
-4801
-1193
-4801
5488
-4801
-1474
-4801
-10077
-4801
-173
-4801
7321
-4801
6809
-4801
-10489
-4801
7235
-4801
1944
-4801
-4672
-4801
9845
-4801
-15383
-4801
9126
-4801
5699
-4801
-11063
-4801
1996
-4801
4147
-4801
4238
-4801
16970
-4801
-24414
-4801
-1333
-4801
-1856
-4801
-14836
-4801
-6799
-4801
-13970
-4801
-4932
-4801
8777
-4801
13676
-4801
9779
-4801
15491
-4801
6218
-4801
-2057
-4801
5450
-4801
7256
-4801
-8341
-4801
4736
-4801
-4368
-4801
9217
-4801
5828
-4801
15188
-4801
-10076
-4801
1225
-4801
1661
-4801
-7352
-4801
-5825
-4801
2012
-4801
5095
-4801
5699
2375
3236
2375
-2887
2375
6240
2375
6040
2375
12974
2375
3002
2375
9032
2375
-1777
2375
-5602
2375
4112
2375
4553
2375
-3455
2375
-101
2375
5485
2375
11042
2375
-1114
2375
5827
2375
-11107
2375
4854
2375
-1461
2375
-2620
2375
4582
2375
8061
2375
-4419
2375
4206
2375
20177
2375
12640
2375
-846
2375
743
2375
-12005
2375
-1808
2375
-6676
2375
-9218
2375
-4038
2375
-3345
2375
4219
2375
9579
2375
-13930
2375
13037
2375
8570
2375
9871
2375
-11723
2375
-695
2375
7296
2375
108
2375
8473
2375
2127
2375
5921
2375
-1030
2375
-5151
-7466
15008
-7466
-2923
-7466
-11716
-7466
-8533
-7466
13910
-7466
7862
-7466
12154
-7466
12148
-7466
-3598
-7466
1966
-7466
-1421
-7466
-2212
-7466
-13487
-7466
10024
-7466
-10277
-7466
2451
-7466
4948
-7466
-2566
-7466
3098
-7466
-225
-7466
-4686
-7466
1939
-7466
-1838
-7466
-1830
-7466
367
-7466
5424
-7466
7963
-7466
10776
-7466
-7571
-7466
-1636
-7466
-14304
-7466
4767
-7466
4740
-7466
6635
-7466
-12688
-7466
4106
-7466
-7650
-7466
11709
-7466
-9405
-7466
-5965
-7466
7556
-7466
-7016
-7466
2642
-7466
-13567
-7466
-9215
-7466
2788
-7466
-11384
-7466
3039
-7466
-1812
-7466
1772
8748
-439
8748
-4328
8748
15293
8748
8271
8748
11249
8748
-6410
8748
12417
8748
-4833
8748
4288
8748
-15794
8748
3307
8748
-11482
8748
5088
8748
6876
8748
-5561
8748
-3647
8748
-1421
8748
723
8748
-9244
8748
4230
8748
-1589
8748
8714
8748
4796
8748
-4770
8748
589
8748
11230
8748
4094
8748
-4124
8748
-11166
8748
-3839
8748
-2551
8748
3357
8748
-43
8748
-2254
8748
-2986
8748
-5416
8748
4151
8748
1715
8748
448
8748
2820
8748
-871
8748
-10516
8748
-1569
8748
4167
8748
7686
8748
8164
8748
11024
8748
1720
8748
-573
8748
13989
5381
1893
5381
18460
5381
-6622
5381
-4385
5381
-6096
5381
193
5381
844
5381
-16614
5381
-641
5381
1209
5381
-13733
5381
-14843
5381
-9698
5381
-7709
5381
1658
5381
-9996
5381
-6781
5381
-1935
5381
7566
5381
1530
5381
-1302
5381
792
5381
-3704
5381
2412
5381
4939
5381
-2327
5381
1381
5381
-6411
5381
16405
5381
-6845
5381
1538
5381
2619
5381
6270
5381
-4346
5381
-2908
5381
1418
5381
1193
5381
-11189
5381
4820
5381
-8952
5381
-18116
5381
-2053
5381
-782
5381
15886
5381
4216
5381
433
5381
-7411
5381
-13316
5381
21211
5381
-3093
1768
2241
1768
-870
1768
-7187
1768
4312
1768
1929
1768
-11159
1768
20439
1768
-6223
1768
-943
1768
12167
1768
7570
1768
11543
1768
-6121
1768
-1117
1768
1455
1768
1480
1768
1000
1768
-5416
1768
2778
1768
-7287
1768
3650
1768
6502
1768
1494
1768
-1677
1768
-2069
1768
13653
1768
2895
1768
-10710
1768
-5674
1768
-9255
1768
-2487
1768
3567
1768
-7263
1768
-3538
1768
-2692
1768
-8104
1768
-8464
1768
10822
1768
15617
1768
-9679
1768
5888
1768
-6772
1768
-9272
1768
-757
1768
16584
1768
-1042
1768
2369
1768
-2799
1768
12713
1768
19456
776
807
776
-17857
776
7992
776
-373
776
-10808
776
-23
776
-2511
776
2800
776
9076
776
12172
776
-10149
776
4074
776
8236
776
-636
776
8156
776
-11137
776
-1162
776
-1009
776
1524
776
-4979
776
-12666
776
1246
776
-921
776
-1071
776
-3007
776
-6031
776
12500
776
-2493
776
2483
776
7589
776
6924
776
-4580
776
-11279
776
-7101
776
6857
776
-3169
776
-8668
776
-1692
776
1126
776
16497
776
-4312
776
4654
776
-11890
776
8586
776
-3827
776
3440
776
5414
776
12344
776
-6477
776
7267
5577
-4041
5577
-10116
5577
-17885
5577
-13567
5577
2973
5577
1986
5577
-11962
5577
1252
5577
17178
5577
-7119
5577
-7288
5577
-1106
5577
-638
5577
-2403
5577
7658
5577
-20512
5577
15006
5577
8089
5577
3232
5577
-9569
5577
3710
5577
7037
5577
6535
5577
-6616
5577
-5824
5577
8159
5577
-12822
5577
75
5577
16782
5577
860
5577
9484
5577
-4604
5577
976
5577
-4600
5577
3852
5577
-2496
5577
-3622
5577
2255
5577
6709
5577
-6719
5577
1448
5577
-18624
5577
-2864
5577
-17098
5577
-12492
5577
12434
5577
-13652
5577
1722
5577
-13394
5577
10578
4891
7763
4891
4051
4891
9260
4891
-6426
4891
6192
4891
1940
4891
-11823
4891
-327
4891
-11644
4891
-5793
4891
6745
4891
-570
4891
10003
4891
13107
4891
-14949
4891
-3185
4891
22555
4891
-3683
4891
-582
4891
-7117
4891
-12552
4891
2151
4891
-11739
4891
-3774
4891
12984
4891
-3594
4891
5507
4891
5222
4891
8038
4891
-2241
4891
-7053
4891
-12387
4891
808
4891
-3370
4891
4203
4891
6589
4891
-4186
4891
-3619
4891
-6118
4891
5543
4891
16337
4891
7135
4891
2393
4891
7082
4891
-598
4891
580
4891
3303
4891
752
4891
-1489
4891
-13233
7433
-6866
7433
938
7433
4242
7433
-349
7433
6437
7433
15097
7433
-2280
7433
-3592
7433
1499
7433
451
7433
12009
7433
14623
7433
-1465
7433
8080
7433
-10167
7433
11382
7433
-1732
7433
7387
7433
7288
7433
-1118
7433
13049
7433
3893
7433
4923
7433
-4299
7433
5427
7433
-8064
7433
3549
7433
-914
7433
-940
7433
-4934
7433
8952
7433
1558
7433
4059
7433
-7744
7433
-6478
7433
-6550
7433
-5304
7433
3140
7433
-303
7433
6183
7433
-19477
7433
11885
7433
-8682
7433
-9970
7433
-3952
7433
6452
7433
-13852
7433
-10099
7433
8478
7433
-12376
1511
-6598
1511
-9837
1511
2316
1511
2496
1511
7302
1511
5870
1511
3480
1511
-9370
1511
-6811
1511
-826
1511
3769
1511
8648
1511
-181
1511
-11766
1511
-3088
1511
-5035
1511
-7496
1511
2098
1511
21598
1511
-7302
1511
2014
1511
9371
1511
259
1511
3614
1511
1167
1511
-2880
1511
-2132
1511
-7703
1511
-6109
1511
16405
1511
-5383
1511
10322
1511
9498
1511
6578
1511
-7031
1511
-1295
1511
-3296
1511
6830
1511
6079
1511
12203
1511
12347
1511
-12723
1511
274
1511
-7919
1511
1848
1511
-9583
1511
-7767
1511
-5606
1511
2745
1511
-3778
2274
12986
2274
-7098
2274
-12115
2274
9506
2274
-15334
2274
1116
2274
-8977
2274
8972
2274
-4720
2274
1884
2274
-14343
2274
-8801
2274
4783
2274
15498
2274
320
2274
4808
2274
-8676
2274
8929
2274
-1399
2274
-6148
2274
-10393
2274
7490
2274
-12881
2274
-6830
2274
-4810
2274
-7284
2274
757
2274
-22728
2274
-5117
2274
13682
2274
-6337
2274
-48
2274
310
2274
-3054
2274
5191
2274
3489
2274
-9229
2274
4364
2274
-10868
2274
2630
2274
8708
2274
15939
2274
3273
2274
-2340
2274
7745
2274
5988
2274
-31465
2274
-3981
2274
3440
2274
3539
7299
8422
7299
-7486
7299
-3059
7299
-1960
7299
-7651
7299
-13234
7299
10919
7299
-190
7299
-15814
7299
335
7299
4224
7299
-3407
7299
-6234
7299
-15432
7299
4069
7299
-2115
7299
-7952
7299
4306
7299
-9571
7299
6574
7299
-654
7299
-653
7299
-9019
7299
2016
7299
-10066
7299
4336
7299
8535
7299
464
7299
4821
7299
2572
7299
-9036
7299
-3148
7299
-2829
7299
3495
7299
-2320
7299
-6129
7299
6379
7299
-7908
7299
-6308
7299
-3616
7299
-1815
7299
-5557
7299
5324
7299
-3248
7299
2029
7299
1021
7299
8119
7299
438
7299
12752
7299
8754
3683
-1501
3683
-10804
3683
-19383
3683
-13266
3683
11556
3683
4626
3683
1943
3683
-9372
3683
5931
3683
-2303
3683
2727
3683
13120
3683
13137
3683
-2778
3683
-6551
3683
-11531
3683
8856
3683
2940
3683
-3245
3683
-18868
3683
-11142
3683
1381
3683
10887
3683
3675
3683
12591
3683
-12674
3683
-15788
3683
681
3683
-2263
3683
-4543
3683
-13824
3683
1686
3683
631
3683
5117
3683
6339
3683
-8417
3683
-1533
3683
7987
3683
9850
3683
-2698
3683
4820
3683
-5369
3683
887
3683
3462
3683
2457
3683
9575
3683
14087
3683
6575
3683
-8315
3683
-14304
-714
7282
-714
-15
-714
-5846
-714
19006
-714
-1886
-714
3324
-714
9963
-714
-842
-714
-1719
-714
6883
-714
-2877
-714
-6366
-714
-4116
-714
-16306
-714
7145
-714
11161
-714
-418
-714
3608
-714
-7442
-714
295
-714
8462
-714
11697
-714
4100
-714
-11477
-714
12582
-714
1051
-714
5911
-714
7823
-714
-14740
-714
1133
-714
8503
-714
7788
-714
14923
-714
8367
-714
27
-714
-16795
-714
-1644
-714
8075
-714
6444
-714
-6883
-714
-9280
-714
8682
-714
-7646
-714
17005
-714
-3289
-714
6503
-714
-2968
-714
-18942
-714
5110
-714
-8532
3459
5776
3459
-2172
3459
3213
3459
27
3459
-9331
3459
8326
3459
2564
3459
12
3459
4878
3459
-6668
3459
11892
3459
-2499
3459
11024
3459
-6308
3459
42
3459
15535
3459
-2141
3459
-3366
3459
8071
3459
-11625
3459
1521
3459
1313
3459
3308
3459
4618
3459
-14989
3459
2830
3459
4046
3459
-14578
3459
4603
3459
-2119
3459
14243
3459
-4647
3459
2434
3459
1484
3459
-7039
3459
10623
3459
-386
3459
4744
3459
-11245
3459
-4979
3459
6169
3459
6163
3459
2853
3459
-3810
3459
1666
3459
10492
3459
2934
3459
1189
3459
-7733
3459
-4206
5678
14216
5678
-6763
5678
10493
5678
-6886
5678
1857
5678
-8357
5678
1419
5678
-11206
5678
251
5678
207
5678
-1967
5678
321
5678
-3020
5678
-168
5678
-1999
5678
-11397
5678
-4127
5678
-3264
5678
-7568
5678
12345
5678
-2962
5678
-4122
5678
11019
5678
806
5678
2859
5678
-11597
5678
17117
5678
-5207
5678
-4723
5678
-8469
5678
-7771
5678
-2336
5678
4112
5678
6308
5678
840
5678
1516
5678
9474
5678
8179
5678
5166
5678
-299
5678
5076
5678
-345
5678
1895
5678
-2004
5678
-22154
5678
-2360
5678
3859
5678
-14732
5678
7573
5678
5452
2882
9571
2882
-12918
2882
12331
2882
5033
2882
-7640
2882
1427
2882
1927
2882
-19
2882
-437
2882
-9372
2882
8564
2882
-10691
2882
-8271
2882
841
2882
937
2882
-6088
2882
11144
2882
3388
2882
152
2882
1627
2882
805
2882
4974
2882
-5699
2882
6547
2882
-1017
2882
-11666
2882
5634
2882
-1943
2882
13611
2882
1641
2882
2040
2882
-11761
2882
746
2882
-517
2882
7682
2882
4012
2882
-5447
2882
4112
2882
401
2882
-7219
2882
934
2882
-11655
2882
-3146
2882
-9898
2882
23505
2882
-6143
2882
5420
2882
-5763
2882
-8939
2882
2290
7143
6132
7143
8737
7143
3148
7143
-10551
7143
-14694
7143
-6073
7143
-2418
7143
3898
7143
-7527
7143
1303
7143
-3135
7143
6725
7143
3352
7143
7423
7143
-6574
7143
9910
7143
1327
7143
5443
7143
524
7143
-11898
7143
10210
7143
4098
7143
-2041
7143
-2649
7143
-3181
7143
5888
7143
10334
7143
-9762
7143
829
7143
4139
7143
3539
7143
-14968
7143
-349
7143
-2551
7143
1117
7143
12431
7143
20035
7143
8447
7143
-15123
7143
-10687
7143
9632
7143
-6651
7143
-5026
7143
-6778
7143
254
7143
7550
7143
9631
7143
-2179
7143
6219
7143
6973
-1675
-2966
-1675
8036
-1675
4266
-1675
1539
-1675
-16959
-1675
-13340
-1675
-6735
-1675
-873
-1675
-2474
-1675
8703
-1675
2572
-1675
8716
-1675
-17599
-1675
7135
-1675
899
-1675
-2655
-1675
-5006
-1675
-1296
-1675
4428
-1675
12967
-1675
11117
-1675
-6683
-1675
-10112
-1675
-4985
-1675
-2887
-1675
10083
-1675
2317
-1675
4165
-1675
-3229
-1675
-8888
-1675
7281
-1675
-8207
-1675
-1277
-1675
-14020
-1675
4257
-1675
-16268
-1675
15029
-1675
14556
-1675
3958
-1675
-11654
-1675
10282
-1675
12495
-1675
6853
-1675
-2071
-1675
-3728
-1675
1041
-1675
1088
-1675
-5919
-1675
5526
-1675
-5110
10575
-4334
10575
4044
10575
9198
10575
2636
10575
-1450
10575
-8315
10575
12001
10575
21885
10575
-1870
10575
2765
10575
-4250
10575
-5256
10575
2184
10575
8522
10575
-9133
10575
-6156
10575
-3080
10575
41
10575
-2929
10575
9386
10575
-2827
10575
-9690
10575
-11793
10575
1373
10575
5828
10575
-1040
10575
-16868
10575
-4312
10575
-3662
10575
2069
10575
16694
10575
-9298
10575
6071
10575
-3073
10575
-11684
10575
-7656
10575
-8203
10575
5951
10575
-1133
10575
40
10575
-17202
10575
-10450
10575
7779
10575
3137
10575
1558
10575
-9549
10575
4182
10575
4759
10575
-10743
10575
-17628
3712
-6952
3712
-6708
3712
57
3712
-6128
3712
-4640
3712
11489
3712
-1396
3712
3553
3712
-4132
3712
1154
3712
-1078
3712
-7861
3712
1511
3712
4442
3712
6149
3712
1451
3712
5031
3712
-2075
3712
13060
3712
-13914
3712
801
3712
2169
3712
-16086
3712
-1945
3712
13910
3712
5211
3712
2585
3712
-3698
3712
1889
3712
312
3712
-107
3712
-13310
3712
13605
3712
-11634
3712
-241
3712
-398
3712
3168
3712
11639
3712
3716
3712
5707
3712
773
3712
-5602
3712
-13646
3712
6585
3712
5033
3712
5746
3712
4929
3712
2385
3712
85
3712
3168
-6987
-13591
-6987
7659
-6987
-8533
-6987
7536
-6987
-3710
-6987
2646
-6987
6630
-6987
-1419
-6987
-14630
-6987
-6254
-6987
3111
-6987
-5107
-6987
-6129
-6987
-2026
-6987
6816
-6987
-6045
-6987
-268
-6987
13730
-6987
9517
-6987
1798
-6987
-11444
-6987
6111
-6987
-19479
-6987
-12852
-6987
-9893
-6987
-2993
-6987
-1566
-6987
-4120
-6987
4014
-6987
11768
-6987
1823
-6987
10839
-6987
-3391
-6987
8984
-6987
-28542
-6987
-7727
-6987
-3690
-6987
-6831
-6987
3729
-6987
-2068
-6987
5455
-6987
-4944
-6987
10346
-6987
4570
-6987
-5970
-6987
-8706
-6987
-3111
-6987
-118
-6987
-10678
-6987
-11163
-1227
-15275
-1227
9410
-1227
3085
-1227
5937
-1227
-9431
-1227
-92
-1227
3517
-1227
-1589
-1227
-16778
-1227
5611
-1227
-11843
-1227
-8369
-1227
-1688
-1227
-13992
-1227
7219
-1227
10513
-1227
-6929
-1227
-7547
-1227
-5466
-1227
-10478
-1227
17527
-1227
3218
-1227
-21447
-1227
-8173
-1227
-12180
-1227
909
-1227
9294
-1227
-2617
-1227
2687
-1227
-4738
-1227
1981
-1227
-294
-1227
7180
-1227
-2698
-1227
-5598
-1227
-12799
-1227
363
-1227
-4697
-1227
-15079
-1227
-3008
-1227
6159
-1227
-12913
-1227
3050
-1227
7476
-1227
-846
-1227
19161
-1227
7408
-1227
2440
-1227
10373
-1227
5011
-12016
20524
-12016
12217
-12016
-10456
-12016
-8120
-12016
2906
-12016
-5700
-12016
-3476
-12016
-2691
-12016
-7279
-12016
-19107
-12016
-2829
-12016
-7433
-12016
-83
-12016
-7054
-12016
-7752
-12016
2284
-12016
6461
-12016
-15149
-12016
7399
-12016
655
-12016
-1820
-12016
-7773
-12016
1718
-12016
-12262
-12016
-703
-12016
590
-12016
-1882
-12016
-9445
-12016
1205
-12016
-1362
-12016
-11598
-12016
12622
-12016
-6967
-12016
6085
-12016
-3615
-12016
24700
-12016
-7845
-12016
9880
-12016
-5668
-12016
-6070
-12016
3709
-12016
-11391
-12016
-3411
-12016
-4779
-12016
-5326
-12016
-8610
-12016
-1034
-12016
-8792
-12016
-308
-12016
-8793
2748
-671
2748
-11742
2748
-12406
2748
-5112
2748
4274
2748
3267
2748
5198
2748
4397
2748
-4112
2748
-4183
2748
484
2748
7099
2748
-3039
2748
3778
2748
16184
2748
-11004
2748
9688
2748
8736
2748
1584
2748
2825
2748
5534
2748
-2726
2748
-6181
2748
12661
2748
3737
2748
5928
2748
8146
2748
-9007
2748
-4802
2748
7361
2748
503
2748
1054
2748
-894
2748
15351
2748
15158
2748
-1138
2748
4732
2748
2453
2748
2400
2748
-11635
2748
5297
2748
810
2748
10156
2748
-1688
2748
438
2748
-11294
2748
2742
2748
-15518
2748
9759
2748
7893
3118
11196
3118
-11730
3118
7455
3118
653
3118
-3560
3118
-6608
3118
-3286
3118
11613
3118
2900
3118
-5104
3118
-1934
3118
20669
3118
-1784
3118
1262
3118
12951
3118
-4856
3118
-8699
3118
6
3118
7888
3118
-491
3118
7663
3118
-3041
3118
9677
3118
-24559
3118
-3853
3118
10941
3118
-2796
3118
-462
3118
6015
3118
3559
3118
-2045
3118
-9514
3118
-8864
3118
-2512
3118
-1677
3118
3761
3118
15474
3118
5013
3118
1017
3118
6309
3118
-8634
3118
-5695
3118
-2288
3118
-6386
3118
12227
3118
5509
3118
-15350
3118
-4940
3118
-54
3118
2625
-208
17611
-208
-4026
-208
-18599
-208
1592
-208
-2416
-208
1855
-208
12918
-208
-4768
-208
6131
-208
2231
-208
-8067
-208
8611
-208
2579
-208
-8294
-208
-4679
-208
-7445
-208
-5923
-208
-901
-208
5405
-208
-4490
-208
10014
-208
-279
-208
1797
-208
570
-208
7446
-208
1684
-208
-8934
-208
-1942
-208
-464
-208
-6943
-208
-18658
-208
5058
-208
1173
-208
-12316
-208
-10119
-208
-699
-208
-4582
-208
10550
-208
-2334
-208
-461
-208
1120
-208
-5063
-208
2104
-208
1809
-208
2728
-208
-984
-208
-10257
-208
-7147
-208
1334
-208
6126
735
-542
735
1919
735
6280
735
-431
735
3048
735
611
735
-4794
735
2280
735
5150
735
8888
735
5978
735
-3679
735
2365
735
6209
735
13229
735
4220
735
8642
735
-712
735
-4370
735
-1663
735
2015
735
3331
735
10040
735
-10842
735
8855
735
-16466
735
7697
735
-980
735
2434
735
-1110
735
-420
735
14469
735
10977
735
-13707
735
-2424
735
-7246
735
4987
735
-7037
735
1290
735
-1334
735
-497
735
-187
735
-3318
735
15294
735
12413
735
7567
735
-8439
735
4869
735
-948
735
10122
-1924
2913
-1924
3315
-1924
-8268
-1924
2608
-1924
-7808
-1924
12731
-1924
-10608
-1924
-6760
-1924
686
-1924
-17052
-1924
3860
-1924
-9562
-1924
-5240
-1924
-5216
-1924
1833
-1924
2449
-1924
-648
-1924
-5288
-1924
-13028
-1924
9322
-1924
5686
-1924
-2969
-1924
-18131
-1924
742
-1924
-6666
-1924
3591
-1924
3454
-1924
-3910
-1924
4440
-1924
-17520
-1924
-9172
-1924
8586
-1924
-1843
-1924
6052
-1924
5814
-1924
7936
-1924
1316
-1924
6213
-1924
-1526
-1924
-797
-1924
-721
-1924
-10894
-1924
5802
-1924
4628
-1924
2732
-1924
-6953
-1924
-4669
-1924
-7047
-1924
-984
-1924
-11572
-12579
9400
-12579
8928
-12579
5531
-12579
-7268
-12579
5094
-12579
83
-12579
-1744
-12579
-13635
-12579
17002
-12579
3537
-12579
-6057
-12579
7494
-12579
3900
-12579
661
-12579
-11758
-12579
-13187
-12579
17441
-12579
-6198
-12579
13376
-12579
-9835
-12579
-107
-12579
-5794
-12579
5773
-12579
-2896
-12579
7129
-12579
-11311
-12579
5915
-12579
8479
-12579
1114
-12579
-15773
-12579
-2176
-12579
7875
-12579
5968
-12579
569
-12579
-2917
-12579
2163
-12579
-9197
-12579
-10219
-12579
4703
-12579
8065
-12579
-6485
-12579
-13262
-12579
15814
-12579
-15626
-12579
6391
-12579
3447
-12579
18360
-12579
2318
-12579
-290
-12579
-13102
9700
-523
9700
-3651
9700
-8363
9700
-8499
9700
-6011
9700
-9223
9700
-20265
9700
8925
9700
4656
9700
1177
9700
-11371
9700
-4257
9700
7033
9700
-1201
9700
14126
9700
1808
9700
-901
9700
-3649
9700
387
9700
-9683
9700
-8858
9700
7048
9700
5866
9700
-10935
9700
3084
9700
4960
9700
-5943
9700
-13681
9700
1773
9700
-2240
9700
6842
9700
-9512
9700
-7157
9700
-9037
9700
-14721
9700
-10859
9700
205
9700
4443
9700
-3522
9700
-1752
9700
3844
9700
-8516
9700
-2569
9700
-1270
9700
-8673
9700
3555
9700
-9668
9700
5040
9700
-15109
9700
7802
458
4119
458
-8259
458
-1879
458
3500
458
-1680
458
-6563
458
-4749
458
2885
458
-9727
458
13817
458
6517
458
6819
458
5747
458
-4211
458
-3154
458
7474
458
13859
458
7426
458
-4059
458
7036
458
-4359
458
2276
458
-7350
458
-3461
458
-10666
458
-2429
458
-6984
458
7872
458
-12084
458
-2368
458
11021
458
-723
458
-8363
458
-5299
458
6552
458
11732
458
-9069
458
3396
458
-680
458
10306
458
-4273
458
3821
458
-5191
458
-2528
458
9110
458
850
458
2338
458
-5772
458
16321
458
7247
6092
-3741
6092
753
6092
12925
6092
-16856
6092
15723
6092
-7962
6092
13109
6092
-4599
6092
7230
6092
-5095
6092
-705
6092
9611
6092
4641
6092
-6440
6092
3868
6092
-7567
6092
-9198
6092
11923
6092
14435
6092
-1755
6092
-7434
6092
-5097
6092
15490
6092
4552
6092
5278
6092
2590
6092
-3209
6092
-649
6092
-13574
6092
2673
6092
-4135
6092
-338
6092
-2907
6092
-4861
6092
1677
6092
3139
6092
-24695
6092
-1232
6092
-9095
6092
-15097
6092
-6379
6092
7235
6092
10969
6092
13739
6092
-17061
6092
1192
6092
-751
6092
-12764
6092
8548
6092
-12490
-9248
22059
-9248
-3432
-9248
-3015
-9248
3175
-9248
1410
-9248
-653
-9248
4385
-9248
-7514
-9248
-4061
-9248
-19012
-9248
3904
-9248
12697
-9248
20503
-9248
-1212
-9248
1594
-9248
11480
-9248
-4583
-9248
-8808
-9248
-5286
-9248
-8137
-9248
-6554
-9248
9712
-9248
6517
-9248
5912
-9248
14891
-9248
5739
-9248
19256
-9248
-16153
-9248
3734
-9248
900
-9248
-2413
-9248
2365
-9248
4366
-9248
-588
-9248
12761
-9248
12300
-9248
708
-9248
-3889
-9248
2950
-9248
13647
-9248
11694
-9248
10041
-9248
13787
-9248
-6367
-9248
-4821
-9248
8779
-9248
-6202
-9248
3291
-9248
-13804
-9248
1699
8392
3923
8392
-5533
8392
-5657
8392
145
8392
-4243
8392
-3164
8392
4229
8392
3971
8392
7076
8392
-706
8392
94
8392
15629
8392
14387
8392
-825
8392
-4206
8392
-592
8392
5131
8392
-8926
8392
9021
8392
3881
8392
1724
8392
5438
8392
21279
8392
-1367
8392
-11729
8392
7937
8392
9154
8392
1749
8392
1871
8392
-8039
8392
2408
8392
5500
8392
-86
8392
-3130
8392
-11470
8392
2470
8392
8511
8392
-3262
8392
-8484
8392
3687
8392
8057
8392
25
8392
5740
8392
13325
8392
3064
8392
2604
8392
5491
8392
10327
8392
-18140
8392
-1738
4385
9602
4385
8124
4385
9716
4385
3164
4385
-480
4385
-1242
4385
4118
4385
22688
4385
-11784
4385
359
4385
-4881
4385
8485
4385
2655
4385
8045
4385
18764
4385
-4389
4385
-31
4385
6976
4385
-7742
4385
-7743
4385
-428
4385
-5740
4385
-14103
4385
14701
4385
11530
4385
1200
4385
14826
4385
-2389
4385
-6903
4385
6767
4385
215
4385
-882
4385
5890
4385
-2684
4385
-646
4385
-1232
4385
-2665
4385
-14035
4385
-9151
4385
-6873
4385
6061
4385
-8854
4385
-10247
4385
8978
4385
-2693
4385
7005
4385
-102
4385
-5487
4385
9485
4385
-19328
6554
-5661
6554
-2136
6554
-3662
6554
-7693
6554
17356
6554
5625
6554
14908
6554
-10496
6554
-2984
6554
-1182
6554
8121
6554
-347
6554
-4647
6554
2960
6554
6123
6554
1151
6554
-292
6554
-2278
6554
15222
6554
5847
6554
-1355
6554
3062
6554
-8472
6554
-10863
6554
-5595
6554
5349
6554
-8659
6554
9131
6554
410
6554
-8223
6554
15553
6554
-2793
6554
4963
6554
-18336
6554
12030
6554
-2271
6554
-2525
6554
2172
6554
2653
6554
-15722
6554
2236
6554
-7898
6554
-227
6554
7073
6554
-5993
6554
-13899
6554
-17614
6554
-3408
6554
6772
6554
8824
-3808
2463
-3808
4795
-3808
3390
-3808
-8976
-3808
-16929
-3808
3545
-3808
3327
-3808
4122
-3808
-1777
-3808
-2002
-3808
11006
-3808
11176
-3808
1043
-3808
6401
-3808
-5046
-3808
15347
-3808
6938
-3808
-4710
-3808
-8777
-3808
1890
-3808
-780
-3808
2984
-3808
-4140
-3808
-9599
-3808
-8503
-3808
-10767
-3808
-5043
-3808
4290
-3808
9570
-3808
2897
-3808
-12384
-3808
13682
-3808
8451
-3808
-4161
-3808
-3812
-3808
6702
-3808
4862
-3808
803
-3808
-236
-3808
-7477
-3808
11675
-3808
743
-3808
-2752
-3808
-953
-3808
-4344
-3808
-2553
-3808
-2926
-3808
9222
-3808
-6114
-3808
-7007
12100
-14085
12100
-8657
12100
4754
12100
-11670
12100
-11524
12100
-5853
12100
1434
12100
1706
12100
5641
12100
6992
12100
4613
12100
6027
12100
-970
12100
-451
12100
2909
12100
-300
12100
5754
12100
-11978
12100
-1873
12100
9037
12100
14180
12100
2490
12100
-11144
12100
8140
12100
159
12100
-852
12100
-171
12100
247
12100
4644
12100
2984
12100
-9865
12100
-275
12100
6363
12100
2619
12100
-7316
12100
15868
12100
5602
12100
-3834
12100
-1828
12100
2588
12100
-5259
12100
6787
12100
-7715
12100
-898
12100
-2637
12100
-3336
12100
-24855
12100
6076
12100
2556
12100
13775
-10577
-15184
-10577
9359
-10577
-11137
-10577
-7512
-10577
-254
-10577
-5354
-10577
10678
-10577
-2178
-10577
-3140
-10577
1667
-10577
-7057
-10577
2906
-10577
5082
-10577
-9737
-10577
-14350
-10577
-5933
-10577
-9222
-10577
326
-10577
3744
-10577
-3062
-10577
11717
-10577
-7926
-10577
-12988
-10577
2920
-10577
-6358
-10577
6375
-10577
-1384
-10577
5409
-10577
4815
-10577
7415
-10577
8999
-10577
-8069
-10577
6320
-10577
-1953
-10577
-8278
-10577
-7731
-10577
3883
-10577
-11118
-10577
10533
-10577
10709
-10577
-7734
-10577
12492
-10577
13699
-10577
-1097
-10577
3487
-10577
-19945
-10577
-3473
-10577
97
-10577
5248
-10577
-514
8291
5827
8291
-3965
8291
-6749
8291
9843
8291
-3872
8291
30
8291
-965
8291
4579
8291
-319
8291
-9779
8291
13561
8291
-5586
8291
-3159
8291
852
8291
896
8291
11299
8291
13577
8291
5588
8291
-3638
8291
6201
8291
-4860
8291
-4885
8291
-4156
8291
3504
8291
4093
8291
-4573
8291
5573
8291
13538
8291
-3143
8291
-3396
8291
-3778
8291
-1124
8291
-1392
8291
9579
8291
-8229
8291
3682
8291
-3976
8291
-15116
8291
-10965
8291
-1537
8291
1011
8291
-15100
8291
16895
8291
5101
8291
6291
8291
1851
8291
-8714
8291
15043
8291
8833
8291
-2738
2014
-5720
2014
11112
2014
-8100
2014
4071
2014
6237
2014
-4884
2014
-568
2014
-2127
2014
-2265
2014
-180
2014
-4356
2014
-2826
2014
6553
2014
-6645
2014
-7267
2014
-1016
2014
-13316
2014
5313
2014
-5313
2014
2741
2014
5834
2014
-8575
2014
7927
2014
-1427
2014
-2739
2014
-2735
2014
-3523
2014
4779
2014
1962
2014
363
2014
10109
2014
-4649
2014
-4506
2014
-15476
2014
83
2014
-8119
2014
-11507
2014
-1636
2014
5820
2014
175
2014
-17936
2014
-16400
2014
-9659
2014
12525
2014
-541
2014
-16211
2014
3456
2014
3141
2014
-7637
2014
1471
6116
-341
6116
-1072
6116
11443
6116
5106
6116
-10436
6116
-3184
6116
-5783
6116
6920
6116
-7061
6116
6857
6116
-3758
6116
9270
6116
847
6116
13200
6116
2294
6116
-6548
6116
3511
6116
-4107
6116
-4143
6116
-2996
6116
-6370
6116
5221
6116
-6676
6116
-3043
6116
-7813
6116
-429
6116
-697
6116
12028
6116
-6214
6116
-9186
6116
4224
6116
-598
6116
-964
6116
3810
6116
-15177
6116
-4237
6116
-3096
6116
7378
6116
9387
6116
8281
6116
1522
6116
4230
6116
-1878
6116
-180
6116
-6240
6116
-15050
6116
-832
6116
4797
6116
8228
6116
7185
-4785
-9055
-4785
9
-4785
7457
-4785
-4897
-4785
24
-4785
917
-4785
1877
-4785
1605
-4785
-5856
-4785
-13037
-4785
3942
-4785
11968
-4785
5048
-4785
-14419
-4785
-3137
-4785
7386
-4785
-19840
-4785
15372
-4785
8301
-4785
25063
-4785
-2240
-4785
-1394
-4785
1445
-4785
9728
-4785
4164
-4785
8929
-4785
-7323
-4785
18569
-4785
757
-4785
-2410
-4785
11406
-4785
6516
-4785
7921
-4785
-12069
-4785
15811
-4785
-137
-4785
1648
-4785
-5350
-4785
-9123
-4785
-2139
-4785
6924
-4785
4142
-4785
-5697
-4785
20515
-4785
-7945
-4785
-1689
-4785
7982
-4785
1162
-4785
-3030
-4785
-4298
-3111
-1705
-3111
1987
-3111
1202
-3111
2193
-3111
-1097
-3111
10798
-3111
-485
-3111
-11593
-3111
18726
-3111
-2663
-3111
-4285
-3111
-762
-3111
6760
-3111
-14566
-3111
8606
-3111
2060
-3111
12098
-3111
2302
-3111
9453
-3111
-597
-3111
-2082
-3111
-8144
-3111
8427
-3111
440
-3111
-1130
-3111
9122
-3111
7007
-3111
13045
-3111
6893
-3111
-3329
-3111
-1212
-3111
7438
-3111
-3145
-3111
-992
-3111
-7197
-3111
-571
-3111
7154
-3111
-7314
-3111
-1403
-3111
5927
-3111
-4552
-3111
2980
-3111
4857
-3111
8610
-3111
5208
-3111
-886
-3111
-4813
-3111
17621
-3111
3867
-3111
23
-5607
-3420
-5607
-5271
-5607
-1104
-5607
10196
-5607
2546
-5607
4622
-5607
-10214
-5607
3003
-5607
9533
-5607
1011
-5607
-7683
-5607
-5175
-5607
-7363
-5607
-5142
-5607
6080
-5607
-6073
-5607
-5254
-5607
4
-5607
5064
-5607
1483
-5607
2279
-5607
9835
-5607
11999
-5607
3267
-5607
-2971
-5607
-1644
-5607
14858
-5607
-141
-5607
-1749
-5607
-8936
-5607
-9526
-5607
918
-5607
-14280
-5607
-4898
-5607
-4091
-5607
-13985
-5607
-278
-5607
-11957
-5607
-5760
-5607
7255
-5607
-9484
-5607
2929
-5607
13266
-5607
677
-5607
-1697
-5607
-3592
-5607
-13091
-5607
1306
-5607
4767
-5607
-16576
-7066
4237
-7066
-1981
-7066
6767
-7066
5946
-7066
82
-7066
14944
-7066
7790
-7066
-3747
-7066
13012
-7066
16442
-7066
10083
-7066
-1588
-7066
-10356
-7066
-3387
-7066
6484
-7066
-7802
-7066
-10278
-7066
2219
-7066
2555
-7066
3434
-7066
-6620
-7066
-2072
-7066
2539
-7066
-13665
-7066
6620
-7066
-11666
-7066
7187
-7066
1417
-7066
-10878
-7066
9621
-7066
-2883
-7066
-167
-7066
14262
-7066
9313
-7066
-1281
-7066
19938
-7066
2499
-7066
15907
-7066
-10617
-7066
3260
-7066
951
-7066
5375
-7066
4901
-7066
5038
-7066
3053
-7066
1783
-7066
-99
-7066
3761
-7066
-10244
-7066
-13152
-907
-6463
-907
5122
-907
-9905
-907
5683
-907
9877
-907
1148
-907
-1401
-907
11462
-907
3632
-907
19336
-907
10865
-907
5837
-907
173
-907
-331
-907
7370
-907
-4290
-907
3489
-907
-15287
-907
-9725
-907
-9917
-907
10971
-907
499
-907
-3007
-907
2795
-907
1014
-907
4377
-907
-3877
-907
-12383
-907
2742
-907
11777
-907
1058
-907
-6286
-907
9606
-907
5815
-907
431
-907
655
-907
558
-907
-4090
-907
-3699
-907
16523
-907
2029
-907
8158
-907
-7601
-907
-5418
-907
-7413
-907
-62
-907
5377
-907
-5650
-907
14921
-907
-1738
-2931
2868
-2931
-9094
-2931
1593
-2931
-4522
-2931
-4584
-2931
7403
-2931
-5446
-2931
-378
-2931
-19730
-2931
5132
-2931
-5795
-2931
-8330
-2931
1823
-2931
4598
-2931
4025
-2931
19537
-2931
-3158
-2931
14127
-2931
4052
-2931
3323
-2931
7347
-2931
1389
-2931
5752
-2931
-13991
-2931
-694
-2931
7864
-2931
7505
-2931
3555
-2931
12076
-2931
-12833
-2931
-7891
-2931
-1516
-2931
-12171
-2931
-7171
-2931
12942
-2931
-2622
-2931
5470
-2931
1202
-2931
6060
-2931
2660
-2931
-12552
-2931
-1404
-2931
-8101
-2931
-1122
-2931
11349
-2931
-2819
-2931
-5483
-2931
1018
-2931
2524
-2931
1868
116
-1912
116
-3992
116
-4255
116
-18
116
180
116
10685
116
11203
116
-190
116
4168
116
5194
116
4656
116
-9552
116
9905
116
-3886
116
-2710
116
12339
116
-1436
116
-4500
116
-938
116
-1052
116
-7109
116
-5885
116
-2766
116
-4444
116
2648
116
-2474
116
-3401
116
-4032
116
-16759
116
-16541
116
5190
116
16115
116
-19046
116
1608
116
-7779
116
7577
116
3700
116
8917
116
-6095
116
-847
116
-2616
116
5323
116
1925
116
-21207
116
2930
116
6030
116
-15299
116
787
116
3239
116
-10330
2235
1366
2235
11374
2235
2255
2235
56
2235
3820
2235
-5538
2235
-7126
2235
-3702
2235
-5520
2235
5060
2235
-2004
2235
-8023
2235
-2610
2235
2738
2235
-3308
2235
1236
2235
-2863
2235
-1781
2235
-2151
2235
-11816
2235
8073
2235
3034
2235
2324
2235
-1569
2235
3276
2235
-1203
2235
8621
2235
-5076
2235
10725
2235
-9723
2235
-4703
2235
5733
2235
-10192
2235
19064
2235
-1238
2235
-9476
2235
-8423
2235
-6507
2235
2852
2235
4405
2235
-1279
2235
-3230
2235
13987
2235
190
2235
8137
2235
3994
2235
10308
2235
-7703
2235
-1252
2235
-12873
14942
-5076
14942
-4124
14942
-6950
14942
-2723
14942
-829
14942
-960
14942
-8581
14942
-1847
14942
675
14942
-11804
14942
-2128
14942
7464
14942
3406
14942
7950
14942
2727
14942
6339
14942
-15508
14942
-10325
14942
7851
14942
-2831
14942
-282
14942
8186
14942
9054
14942
-454
14942
5722
14942
-1166
14942
982
14942
115
14942
8382
14942
7386
14942
-194
14942
-25989
14942
1917
14942
5881
14942
1946
14942
-14475
14942
-305
14942
-20849
14942
-1446
14942
6756
14942
-8842
14942
9448
14942
17900
14942
3763
14942
-4855
14942
1443
14942
1981
14942
1410
14942
3129
14942
6474
-1816
1789
-1816
-7322
-1816
3557
-1816
2754
-1816
9584
-1816
1951
-1816
-3367
-1816
-13247
-1816
8152
-1816
-9704
-1816
-19623
-1816
-9855
-1816
736
-1816
866
-1816
-4569
-1816
-5416
-1816
-12048
-1816
4237
-1816
-10083
-1816
-1270
-1816
8187
-1816
-5447
-1816
-7939
-1816
10550
-1816
865
-1816
-2910
-1816
9317
-1816
13105
-1816
-6430
-1816
-12158
-1816
13135
-1816
13635
-1816
6316
-1816
-3407
-1816
462
-1816
1339
-1816
1343
-1816
10220
-1816
-11455
-1816
9479
-1816
-8232
-1816
3758
-1816
-8172
-1816
5311
-1816
7599
-1816
-632
-1816
6131
-1816
-1423
-1816
1099
-1816
-16001
-2974
4440
-2974
-10527
-2974
-2197
-2974
-1380
-2974
-476
-2974
8887
-2974
-3305
-2974
3307
-2974
7599
-2974
-7847
-2974
3672
-2974
-3254
-2974
9143
-2974
8281
-2974
7043
-2974
-8767
-2974
10112
-2974
12500
-2974
11526
-2974
8990
-2974
-6513
-2974
6635
-2974
9090
-2974
-3847
-2974
161
-2974
-4923
-2974
9214
-2974
6730
-2974
-1122
-2974
-4275
-2974
6994
-2974
7695
-2974
-567
-2974
2216
-2974
-212
-2974
6462
-2974
-4307
-2974
4957
-2974
-11141
-2974
-1252
-2974
12287
-2974
11174
-2974
-14854
-2974
4644
-2974
2299
-2974
-4350
-2974
-2370
-2974
-4592
-2974
2298
-2974
-12677
-10676
-16579
-10676
-7028
-10676
7169
-10676
-2986
-10676
1557
-10676
4716
-10676
-9791
-10676
-1870
-10676
-8779
-10676
9392
-10676
-1786
-10676
-2743
-10676
10928
-10676
-15061
-10676
1781
-10676
8778
-10676
-2337
-10676
-8485
-10676
4243
-10676
-1041
-10676
7776
-10676
8687
-10676
-4325
-10676
3846
-10676
-3615
-10676
-3533
-10676
-8903
-10676
-4664
-10676
2365
-10676
11527
-10676
11791
-10676
5236
-10676
9895
-10676
3111
-10676
-978
-10676
4086
-10676
1940
-10676
1759
-10676
-2551
-10676
-4822
-10676
7586
-10676
1080
-10676
11103
-10676
7590
-10676
10563
-10676
-6141
-10676
4842
-10676
292
-10676
6849
-10676
3353
1925
13
1925
504
1925
2479
1925
13473
1925
10199
1925
-11817
1925
-5207
1925
-3431
1925
1650
1925
-464
1925
4933
1925
15623
1925
8077
1925
-2233
1925
804
1925
-5966
1925
-2777
1925
10143
1925
6335
1925
2834
1925
392
1925
1855
1925
1234
1925
-2627
1925
-1699
1925
-9737
1925
-10274
1925
-9736
1925
-5577
1925
8544
1925
-6036
1925
7989
1925
-659
1925
14229
1925
-2382
1925
6072
1925
-4433
1925
14034
1925
-1935
1925
20965
1925
-886
1925
-5575
1925
9239
1925
-4487
1925
2673
1925
-7832
1925
-634
1925
-3731
1925
345
1925
2705
1076
-2907
1076
-4280
1076
-7684
1076
15206
1076
19192
1076
11154
1076
1457
1076
-430
1076
-2121
1076
-18537
1076
6955
1076
-3968
1076
-4159
1076
7479
1076
4467
1076
-9921
1076
-6127
1076
9333
1076
8384
1076
6474
1076
1959
1076
10532
1076
1576
1076
-10012
1076
10356
1076
-149
1076
-4670
1076
-6861
1076
3116
1076
-6346
1076
5057
1076
-11090
1076
8567
1076
7723
1076
-1694
1076
-5322
1076
3898
1076
5936
1076
959
1076
-2281
1076
-7896
1076
-4687
1076
5208
1076
1587
1076
-3489
1076
-2354
1076
-4329
1076
9637
1076
8562
1076
3583
127
-6965
127
-3486
127
7292
127
-654
127
-6716
127
-12593
127
-6814
127
12382
127
-9532
127
2068
127
-65
127
-7024
127
-8119
127
9580
127
-9539
127
-9191
127
-1006
127
898
127
-4774
127
5792
127
8892
127
16224
127
-1656
127
-4942
127
-1221
127
8388
127
-15014
127
3505
127
4578
127
-9304
127
5027
127
11803
127
11266
127
-3117
127
-2314
127
9083
127
2874
127
459
127
-17780
127
1220
127
12909
127
6400
127
2145
127
-11020
127
2383
127
-11209
127
-920
127
-4303
127
-3654
127
-7951
403
1223
403
3862
403
-3398
403
-2504
403
4949
403
2472
403
5709
403
1105
403
-3078
403
13771
403
1009
403
6252
403
15513
403
-6859
403
6644
403
-2344
403
3390
403
-5358
403
5529
403
-5039
403
-4977
403
11002
403
-4023
403
-1744
403
-1060
403
11124
403
-15415
403
4832
403
-4986
403
-4630
403
-4922
403
1484
403
1559
403
9622
403
7343
403
-3815
403
-1640
403
-14967
403
6460
403
-6041
403
-3147
403
11631
403
10077
403
11527
403
-10956
403
10483
403
-1086
403
5268
403
-229
403
-5214
-1765
-4069
-1765
-12409
-1765
-5771
-1765
13081
-1765
6273
-1765
5451
-1765
-7665
-1765
-10788
-1765
-5414
-1765
5879
-1765
15341
-1765
11457
-1765
7147
-1765
1475
-1765
5208
-1765
-3320
-1765
2334
-1765
102
-1765
-2305
-1765
-8995
-1765
-985
-1765
124
-1765
8135
-1765
2658
-1765
3197
-1765
-7700
-1765
-4663
-1765
-8193
-1765
-4988
-1765
-1500
-1765
-2295
-1765
-5525
-1765
-10902
-1765
-2829
-1765
-6384
-1765
4698
-1765
-6330
-1765
-1733
-1765
-9299
-1765
9340
-1765
-7922
-1765
12746
-1765
4729
-1765
7713
-1765
-399
-1765
-3664
-1765
14961
-1765
7846
-1765
1138
-1765
-4243
-11226
6720
-11226
-94
-11226
-10082
-11226
-3350
-11226
-6707
-11226
-3625
-11226
13586
-11226
-5877
-11226
-160
-11226
647
-11226
2502
-11226
-16304
-11226
315
-11226
6331
-11226
-5322
-11226
6446
-11226
-4615
-11226
2245
-11226
7241
-11226
6550
-11226
-1700
-11226
8146
-11226
-2098
-11226
9808
-11226
5415
-11226
-18702
-11226
-3713
-11226
-3885
-11226
18905
-11226
-5072
-11226
4575
-11226
-4373
-11226
-1104
-11226
5442
-11226
-1185
-11226
10932
-11226
-1126
-11226
3568
-11226
6136
-11226
-7795
-11226
1542
-11226
5833
-11226
-2182
-11226
-8330
-11226
3449
-11226
-675
-11226
-6795
-11226
4278
-11226
-13852
-11226
-13463
-3468
7702
-3468
-3869
-3468
10301
-3468
1064
-3468
2296
-3468
5391
-3468
2720
-3468
-8429
-3468
-6552
-3468
1108
-3468
10136
-3468
-13175
-3468
335
-3468
2428
-3468
7285
-3468
-5637
-3468
-4732
-3468
6635
-3468
-522
-3468
7893
-3468
-2124
-3468
7875
-3468
-1214
-3468
6144
-3468
4052
-3468
-14954
-3468
-4371
-3468
-2668
-3468
-18265
-3468
4377
-3468
-3908
-3468
-7720
-3468
9056
-3468
3930
-3468
15830
-3468
9466
-3468
-8090
-3468
4885
-3468
2335
-3468
-5463
-3468
-6772
-3468
-8571
-3468
-8768
-3468
-1463
-3468
7411
-3468
-12195
-3468
7657
-3468
-4654
-3468
11097
-3468
3437
1480
-1833
1480
-13817
1480
-9852
1480
-11673
1480
19022
1480
2506
1480
-4736
1480
-730
1480
-1938
1480
3959
1480
-1187
1480
8380
1480
-6255
1480
307
1480
4303
1480
4346
1480
-4041
1480
-9645
1480
7694
1480
-785
1480
16462
1480
3201
1480
4303
1480
-6936
1480
-13814
1480
1594
1480
-3795
1480
508
1480
11777
1480
7817
1480
8943
1480
-3089
1480
4962
1480
3666
1480
-8030
1480
10003
1480
19191
1480
-5571
1480
-5353
1480
200
1480
-1408
1480
-6051
1480
3597
1480
-1904
1480
570
1480
6273
1480
-350
1480
8259
1480
-11245
1480
7979
2220
15171
2220
3570
2220
-2413
2220
-32768
2220
4166
2220
289
2220
16708
2220
2994
2220
5999
2220
301
2220
12129
2220
3653
2220
458
2220
6811
2220
8959
2220
13312
2220
15265
2220
5302
2220
-4727
2220
3013
2220
-14080
2220
-7987
2220
6310
2220
-13709
2220
564
2220
-6369
2220
-727
2220
-33
2220
4703
2220
-4341
2220
624
2220
7008
2220
11691
2220
-4460
2220
-977
2220
8743
2220
-8835
2220
-639
2220
-23
2220
-10453
2220
-515
2220
-4897
2220
-8127
2220
-5069
2220
-9239
2220
7527
2220
378
2220
-5519
2220
-3738
2220
-361
-11967
15182
-11967
-12144
-11967
5328
-11967
16049
-11967
4713
-11967
200
-11967
-4702
-11967
6044
-11967
-2124
-11967
-8144
-11967
-7522
-11967
5458
-11967
-4967
-11967
-5793
-11967
-7396
-11967
1730
-11967
10386
-11967
862
-11967
-1147
-11967
-8549
-11967
1372
-11967
-1601
-11967
-150
-11967
-15433
-11967
1000
-11967
-31283
-11967
-817
-11967
-21938
-11967
523
-11967
1118
-11967
-3690
-11967
8600
-11967
-14400
-11967
9921
-11967
-1627
-11967
6262
-11967
-1163
-11967
8071
-11967
-8777
-11967
6802
-11967
9543
-11967
2753
-11967
-831
-11967
4699
-11967
210
-11967
-2053
-11967
13810
-11967
6071
-11967
-4528
-11967
7033
3895
7802
3895
9358
3895
7221
3895
-14279
3895
10317
3895
-6841
3895
943
3895
-5991
3895
19641
3895
1212
3895
-1521
3895
-14385
3895
21041
3895
-1044
3895
6664
3895
-1746
3895
1843
3895
-9493
3895
-3896
3895
3658
3895
2833
3895
10039
3895
-13441
3895
11503
3895
11630
3895
20423
3895
-2608
3895
12322
3895
4655
3895
6488
3895
3585
3895
13137
3895
4782
3895
5616
3895
-7482
3895
-111
3895
3491
3895
6536
3895
-4787
3895
-3531
3895
-10478
3895
850
3895
3851
3895
2851
3895
10229
3895
2427
3895
-6518
3895
4502
3895
-106
3895
8098
-3440
12007
-3440
-3753
-3440
9531
-3440
-599
-3440
4555
-3440
1116
-3440
-7453
-3440
-1283
-3440
-5042
-3440
9585
-3440
15648
-3440
-4875
-3440
3523
-3440
-541
-3440
-892
-3440
767
-3440
5786
-3440
-4082
-3440
-4666
-3440
5314
-3440
-8286
-3440
6913
-3440
5462
-3440
531
-3440
13368
-3440
-7493
-3440
-1895
-3440
2523
-3440
-399
-3440
-2248
-3440
6626
-3440
-927
-3440
-5505
-3440
13653
-3440
-5177
-3440
3055
-3440
-1420
-3440
-1667
-3440
-4093
-3440
-32
-3440
5217
-3440
3940
-3440
-13106
-3440
5905
-3440
1201
-3440
771
-3440
7132
-3440
-1610
-3440
13449
-3440
6853
5016
-17845
5016
-3247
5016
-4517
5016
9345
5016
-2896
5016
12521
5016
-11466
5016
-4852
5016
2456
5016
-11931
5016
2540
5016
-16826
5016
-6839
5016
9572
5016
-14065
5016
1748
5016
16875
5016
-4473
5016
-16006
5016
7689
5016
-2064
5016
632
5016
-3199
5016
-4866
5016
-44
5016
-15398
5016
-1833
5016
-7361
5016
-1982
5016
4791
5016
6147
5016
5180
5016
10750
5016
-10768
5016
5550
5016
133
5016
-20394
5016
2312
5016
-6979
5016
2309
5016
5505
5016
-9131
5016
1045
5016
4042
5016
-1863
5016
-330
5016
-449
5016
-14736
5016
-5796
5016
-3658
2873
-5869
2873
14339
2873
-6695
2873
5613
2873
-13157
2873
-9519
2873
-1309
2873
-6219
2873
4896
2873
10381
2873
589
2873
8074
2873
9181
2873
407
2873
-8487
2873
-5905
2873
671
2873
-21152
2873
-4562
2873
-11485
2873
6201
2873
3975
2873
3717
2873
-2286
2873
-5606
2873
-11591
2873
13332
2873
7020
2873
3533
2873
7156
2873
16471
2873
-4227
2873
-1763
2873
-2768
2873
3009
2873
-19966
2873
-6469
2873
-9455
2873
5749
2873
-5531
2873
-2787
2873
-1309
2873
6275
2873
20026
2873
11587
2873
4522
2873
-7730
2873
450
2873
3059
2873
2011
734
-8201
734
-7236
734
-5581
734
-12033
734
19186
734
1708
734
13104
734
-3971
734
-11257
734
4175
734
-10387
734
-9511
734
-6077
734
-7286
734
-6275
734
-14976
734
696
734
1483
734
-599
734
-21589
734
-2636
734
13175
734
-1171
734
-1597
734
4788
734
-1016
734
6212
734
6231
734
-9252
734
9402
734
2292
734
-2613
734
-749
734
-7272
734
-503
734
8820
734
-7646
734
2702
734
-1165
734
-9138
734
1349
734
12053
734
4028
734
9418
734
-4697
734
-2691
734
-8454
734
2327
734
2563
734
2704
-12038
1893
-12038
-10022
-12038
11022
-12038
-7095
-12038
-13151
-12038
-3281
-12038
-568
-12038
-9569
-12038
-772
-12038
12094
-12038
9086
-12038
-5193
-12038
-2634
-12038
-8043
-12038
-5432
-12038
-7432
-12038
-335
-12038
4262
-12038
14236
-12038
3939
-12038
-2064
-12038
3070
-12038
-2790
-12038
4609
-12038
8118
-12038
14161
-12038
-144
-12038
5246
-12038
-12770
-12038
4926
-12038
-1456
-12038
10794
-12038
3834
-12038
280
-12038
32
-12038
1437
-12038
-4223
-12038
-8704
-12038
-21032
-12038
4061
-12038
4716
-12038
214
-12038
-650
-12038
-2072
-12038
1734
-12038
-3692
-12038
3275
-12038
-10412
-12038
11087
-12038
8096
-8776
7540
-8776
-2887
-8776
16788
-8776
3981
-8776
-9007
-8776
-624
-8776
-21526
-8776
5575
-8776
-15100
-8776
9395
-8776
-3687
-8776
-271
-8776
9732
-8776
8226
-8776
-4668
-8776
5317
-8776
4108
-8776
724
-8776
-3911
-8776
-1757
-8776
600
-8776
3540
-8776
8094
-8776
-886
-8776
7999
-8776
5979
-8776
812
-8776
-15175
-8776
148
-8776
-1427
-8776
148
-8776
3680
-8776
9553
-8776
-2362
-8776
-11307
-8776
7826
-8776
-6909
-8776
1535
-8776
2955
-8776
2272
-8776
3772
-8776
-10535
-8776
-3296
-8776
-22713
-8776
9312
-8776
449
-8776
-6510
-8776
-10313
-8776
-2176
-8776
17084
1358
22626
1358
-12484
1358
-9663
1358
-26124
1358
60
1358
13942
1358
5541
1358
-4852
1358
-4778
1358
15
1358
1525
1358
-5928
1358
-8984
1358
-119
1358
7812
1358
14122
1358
8130
1358
-11090
1358
1968
1358
18843
1358
-6022
1358
-14465
1358
-7137
1358
12300
1358
7252
1358
-1000
1358
5131
1358
2955
1358
200
1358
3795
1358
11301
1358
-15574
1358
-4065
1358
2621
1358
-12336
1358
16587
1358
6855
1358
-6853
1358
-481
1358
11026
1358
-1204
1358
-4942
1358
-6898
1358
-4173
1358
2826
1358
468
1358
4847
1358
11850
1358
-10709
1358
2060
-4643
-3541
-4643
-4802
-4643
-11394
-4643
-4597
-4643
-2846
-4643
7088
-4643
-5289
-4643
12663
-4643
5066
-4643
-10703
-4643
1261
-4643
3352
-4643
-4665
-4643
3025
-4643
1458
-4643
-137
-4643
18005
-4643
4340
-4643
-2792
-4643
15210
-4643
-5988
-4643
4953
-4643
6600
-4643
3326
-4643
-9054
-4643
4040
-4643
-16354
-4643
3182
-4643
3330
-4643
12106
-4643
8502
-4643
11362
-4643
-5996
-4643
-1829
-4643
11371
-4643
-10295
-4643
-5159
-4643
3203
-4643
-5507
-4643
322
-4643
-8172
-4643
-9122
-4643
-14383
-4643
-2296
-4643
7673
-4643
8752
-4643
-9384
-4643
3839
-4643
-1598
-4643
8480
3873
-13946
3873
7643
3873
-3637
3873
3173
3873
9024
3873
-1487
3873
-6112
3873
12271
3873
4078
3873
2331
3873
-2285
3873
-3527
3873
23045
3873
-6478
3873
8019
3873
-5522
3873
-10822
3873
6635
3873
-9042
3873
13709
3873
-1056
3873
-5885
3873
-806
3873
-435
3873
10689
3873
3950
3873
-941
3873
3660
3873
15798
3873
8635
3873
-917
3873
9222
3873
3297
3873
548
3873
-9417
3873
9128
3873
5371
3873
9752
3873
-4241
3873
-3454
3873
-2051
3873
14236
3873
-14209
3873
6294
3873
2660
3873
3288
3873
3019
3873
-8214
3873
-19648
3873
9682
871
-1770
871
3339
871
17832
871
-5982
871
87
871
5449
871
-5481
871
-5905
871
8932
871
-1497
871
917
871
-5289
871
2825
871
3581
871
-10128
871
-10977
871
-1662
871
-2438
871
-5472
871
-10026
871
-3198
871
13159
871
-7446
871
846
871
-6354
871
-9465
871
-5027
871
-13443
871
-3477
871
-3132
871
8042
871
-341
871
-7119
871
-1861
871
4186
871
10106
871
1183
871
-940
871
-1203
871
-3602
871
2310
871
1722
871
6186
871
-1906
871
3638
871
-6504
871
-12338
871
-10370
871
-6817
871
5534
-318
-3680
-318
7649
-318
-1856
-318
4895
-318
-729
-318
-9436
-318
-624
-318
-4994
-318
2036
-318
-1810
-318
8055
-318
1232
-318
-792
-318
-7955
-318
-6488
-318
2895
-318
19411
-318
6501
-318
1200
-318
-4815
-318
2994
-318
355
-318
2464
-318
-8312
-318
1263
-318
3683
-318
-10372
-318
4396
-318
3593
-318
6712
-318
247
-318
-10198
-318
2444
-318
-2093
-318
10280
-318
5724
-318
-3622
-318
-6496
-318
3388
-318
-3482
-318
6739
-318
-1056
-318
5467
-318
2140
-318
1920
-318
1644
-318
7981
-318
-5782
-318
-8679
-318
996
-972
-1597
-972
6285
-972
-12382
-972
10060
-972
-8926
-972
6905
-972
8181
-972
-6058
-972
63
-972
1751
-972
-1209
-972
-16226
-972
-2635
-972
-1760
-972
1018
-972
-623
-972
11271
-972
-9164
-972
-11522
-972
-6594
-972
-10323
-972
10694
-972
2692
-972
-2517
-972
8072
-972
-6754
-972
4358
-972
-5461
-972
-6183
-972
15960
-972
15815
-972
15333
-972
4618
-972
913
-972
-18931
-972
-3012
-972
5915
-972
1620
-972
-17345
-972
11011
-972
3370
-972
1102
-972
8555
-972
13122
-972
-9481
-972
7000
-972
7536
-972
-4547
-972
-8233
-972
-5181
146
1925
146
-11831
146
-6234
146
-10581
146
8698
146
-3274
146
10842
146
6636
146
-8691
146
-2128
146
1538
146
12349
146
152
146
266
146
-1172
146
6313
146
14213
146
-6972
146
4969
146
-6012
146
-9606
146
12375
146
-8163
146
-1254
146
-6632
146
1288
146
-1990
146
9608
146
3817
146
71
146
4477
146
3953
146
-5534
146
-7992
146
-416
146
11646
146
-6949
146
-7973
146
481
146
10534
146
-3012
146
4932
146
6590
146
-11262
146
-3862
146
-5832
146
10945
146
-12226
146
-2734
146
3542
8471
-11191
8471
2159
8471
512
8471
-3012
8471
1854
8471
-4035
8471
7932
8471
-13381
8471
4766
8471
1494
8471
-11543
8471
-3030
8471
-17779
8471
201
8471
-305
8471
10645
8471
-11553
8471
11589
8471
-3916
8471
4080
8471
10481
8471
8667
8471
761
8471
-5295
8471
9414
8471
8589
8471
-3163
8471
3042
8471
-3332
8471
-2928
8471
-13328
8471
-1843
8471
-14416
8471
-913
8471
1104
8471
-1717
8471
-2889
8471
-2874
8471
-517
8471
10979
8471
5696
8471
-6047
8471
8972
8471
18159
8471
-1140
8471
-2892
8471
1594
8471
-3824
8471
-3105
8471
-9318
10360
11827
10360
-10836
10360
-18392
10360
12446
10360
226
10360
13932
10360
-6632
10360
-7489
10360
-4590
10360
9936
10360
6254
10360
3840
10360
12846
10360
-998
10360
4216
10360
-5641
10360
-1034
10360
641
10360
3465
10360
-2979
10360
-7682
10360
-2992
10360
-1902
10360
6057
10360
-12189
10360
-6690
10360
-94
10360
11901
10360
-3574
10360
-4950
10360
3069
10360
811
10360
-16806
10360
-4054
10360
11430
10360
-10441
10360
-651
10360
-513
10360
13447
10360
-11031
10360
-13571
10360
7399
10360
-12137
10360
-6502
10360
6152
10360
8991
10360
-14084
10360
3287
10360
5006
10360
3317
-718
707
-718
-5113
-718
2195
-718
-3594
-718
-18000
-718
-2519
-718
182
-718
11627
-718
-11402
-718
9870
-718
-6433
-718
9266
-718
961
-718
7117
-718
-289
-718
-6264
-718
-4899
-718
8740
-718
-9165
-718
-13539
-718
8410
-718
6857
-718
3959
-718
9348
-718
223
-718
3554
-718
932
-718
-1155
-718
3594
-718
11755
-718
10750
-718
10476
-718
-13736
-718
4497
-718
-2685
-718
-5605
-718
812
-718
7421
-718
-7731
-718
6118
-718
-2944
-718
-10294
-718
-17148
-718
9452
-718
2311
-718
-18350
-718
-3100
-718
-8262
-718
-471
-718
-8913
-2043
-9764
-2043
-2103
-2043
10048
-2043
4611
-2043
-9904
-2043
7282
-2043
1224
-2043
-3292
-2043
-866
-2043
-12272
-2043
-5679
-2043
6453
-2043
-4100
-2043
-1806
-2043
4534
-2043
-6915
-2043
10200
-2043
10340
-2043
-15651
-2043
-16345
-2043
13325
-2043
-8554
-2043
424
-2043
-11601
-2043
-3367
-2043
1413
-2043
-6991
-2043
-2645
-2043
-4509
-2043
296
-2043
2410
-2043
1647
-2043
8475
-2043
19233
-2043
-1532
-2043
-3303
-2043
-6474
-2043
5272
-2043
6450
-2043
12383
-2043
-9512
-2043
-11394
-2043
18472
-2043
11038
-2043
-1685
-2043
83
-2043
-3428
-2043
6717
-2043
235
-2043
-6434
-5037
-7840
-5037
-9378
-5037
990
-5037
8145
-5037
-2450
-5037
14978
-5037
1677
-5037
9532
-5037
1451
-5037
-2071
-5037
7980
-5037
18148
-5037
-2829
-5037
3054
-5037
8563
-5037
-5706
-5037
2604
-5037
-824
-5037
-2478
-5037
4249
-5037
-5666
-5037
-8190
-5037
-11755
-5037
8682
-5037
4112
-5037
-815
-5037
4407
-5037
10949
-5037
1238
-5037
-7082
-5037
-4412
-5037
11597
-5037
-3738
-5037
7142
-5037
-5266
-5037
3860
-5037
-3310
-5037
-6220
-5037
-1176
-5037
1757
-5037
3874
-5037
-7160
-5037
15647
-5037
-689
-5037
2082
-5037
7946
-5037
8070
-5037
3858
-5037
-528
-5037
-241
-5944
-7219
-5944
6712
-5944
-883
-5944
955
-5944
-4223
-5944
-9809
-5944
-11547
-5944
-9663
-5944
-2750
-5944
13439
-5944
9293
-5944
6721
-5944
4379
-5944
772
-5944
-6973
-5944
-6708
-5944
520
-5944
2112
-5944
5480
-5944
-2066
-5944
5718
-5944
7265
-5944
2332
-5944
2683
-5944
606
-5944
-6915
-5944
611
-5944
9716
-5944
-3594
-5944
-1606
-5944
4880
-5944
6744
-5944
22732
-5944
-13735
-5944
8361
-5944
-6297
-5944
-9312
-5944
-5534
-5944
6630
-5944
5556
-5944
-6159
-5944
-12444
-5944
-8124
-5944
5518
-5944
7119
-5944
2003
-5944
6607
-5944
-13760
-5944
10351
-5944
-6639
-10328
7308
-10328
1652
-10328
-886
-10328
3683
-10328
-1645
-10328
15879
-10328
477
-10328
13884
-10328
-528
-10328
-11870
-10328
-17608
-10328
1261
-10328
3777
-10328
407
-10328
-210
-10328
-616
-10328
-605
-10328
-1330
-10328
-4781
-10328
15299
-10328
6064
-10328
-7946
-10328
-2328
-10328
-13133
-10328
1573
-10328
5121
-10328
-2824
-10328
983
-10328
-3096
-10328
-6217
-10328
-8942
-10328
-2411
-10328
1664
-10328
-5718
-10328
20104
-10328
-817
-10328
1602
-10328
7946
-10328
8977
-10328
-3418
-10328
15992
-10328
-1187
-10328
6330
-10328
-8503
-10328
7125
-10328
-3851
-10328
-13274
-10328
2746
-10328
4690
-10328
105
-3478
8124
-3478
1675
-3478
-4233
-3478
13767
-3478
-4776
-3478
2551
-3478
-3883
-3478
18289
-3478
-7700
-3478
-6114
-3478
4449
-3478
4554
-3478
9696
-3478
5887
-3478
5709
-3478
-15336
-3478
2671
-3478
-11260
-3478
-2438
-3478
2735
-3478
274
-3478
5594
-3478
-10199
-3478
-13437
-3478
-10173
-3478
1344
-3478
-1882
-3478
-5536
-3478
-5834
-3478
4357
-3478
-3873
-3478
-7203
-3478
8093
-3478
4129
-3478
10052
-3478
3244
-3478
4798
-3478
1272
-3478
-10856
-3478
8308
-3478
13188
-3478
-11497
-3478
5190
-3478
4351
-3478
-6032
-3478
4059
-3478
3760
-3478
-1618
-3478
8422
-3478
-10103
-1473
3456
-1473
-4585
-1473
4527
-1473
2865
-1473
-607
-1473
-5888
-1473
-2403
-1473
10168
-1473
3194
-1473
1829
-1473
7239
-1473
6734
-1473
-7620
-1473
18140
-1473
3663
-1473
-7179
-1473
-4819
-1473
16567
-1473
5192
-1473
6955
-1473
843
-1473
10053
-1473
14727
-1473
-9063
-1473
-3344
-1473
-5241
-1473
-6327
-1473
-1073
-1473
-15393
-1473
-8447
-1473
14777
-1473
4861
-1473
-6084
-1473
-10405
-1473
13
-1473
225
-1473
-3244
-1473
-1453
-1473
-11611
-1473
12042
-1473
8195
-1473
-1089
-1473
15824
-1473
-14230
-1473
-6844
-1473
5896
-1473
2510
-1473
9975
-1473
-3221
-1473
4347
-8408
-9938
-8408
848
-8408
-2742
-8408
-1561
-8408
-6102
-8408
-6374
-8408
-5966
-8408
1904
-8408
-13320
-8408
-1434
-8408
-1954
-8408
1880
-8408
3169
-8408
-2224
-8408
12794
-8408
4497
-8408
-9993
-8408
-4175
-8408
-3028
-8408
1451
-8408
5240
-8408
-17899
-8408
-1312
-8408
-10217
-8408
372
-8408
-563
-8408
10758
-8408
-2424
-8408
8062
-8408
5365
-8408
6015
-8408
-6976
-8408
6211
-8408
-17885
-8408
-21551
-8408
-641
-8408
-795
-8408
-820
-8408
-14085
-8408
11468
-8408
10865
-8408
10031
-8408
16873
-8408
-955
-8408
572
-8408
-1103
-8408
-6190
-8408
-2456
-8408
-2497
-8408
-17284
7458
-5054
7458
-662
7458
-1584
7458
-4380
7458
5026
7458
21
7458
3271
7458
8671
7458
4931
7458
-5924
7458
-1249
7458
-1512
7458
-2751
7458
2362
7458
-10828
7458
5669
7458
-13816
7458
3921
7458
-3837
7458
1488
7458
8617
7458
-14989
7458
18671
7458
756
7458
-3642
7458
-7401
7458
3576
7458
3332
7458
653
7458
9558
7458
8039
7458
5932
7458
6271
7458
-12874
7458
9099
7458
9142
7458
-10566
7458
-14264
7458
-7564
7458
17065
7458
-5327
7458
-3052
7458
3978
7458
4228
7458
3641
7458
-4850
7458
-5192
7458
11531
7458
4905
7458
11048
284
8115
284
7238
284
-7009
284
-4794
284
-13150
284
6104
284
-4637
284
3428
284
14490
284
-8007
284
5014
284
2330
284
-11392
284
-4935
284
-8041
284
-12781
284
7291
284
-10852
284
-12350
284
-5536
284
-5774
284
2451
284
-12349
284
-2222
284
-8742
284
-1114
284
2821
284
-4316
284
87
284
-8558
284
-4556
284
3537
284
-8026
284
8579
284
-9036
284
3284
284
-14244
284
-7113
284
1282
284
2294
284
7396
284
-42
284
539
284
1638
284
-860
284
5449
284
1007
284
-13864
284
-4423
284
-624
-2622
-6381
-2622
4431
-2622
-3840
-2622
9596
-2622
9694
-2622
-11464
-2622
6919
-2622
-423
-2622
-1486
-2622
-5113
-2622
-3394
-2622
-3778
-2622
3195
-2622
10152
-2622
-2663
-2622
-8148
-2622
-7885
-2622
2730
-2622
-1299
-2622
-4079
-2622
14839
-2622
6069
-2622
-10501
-2622
9545
-2622
12914
-2622
14231
-2622
10064
-2622
11708
-2622
-8155
-2622
11813
-2622
-2873
-2622
-3888
-2622
-6906
-2622
-8829
-2622
-850
-2622
-8905
-2622
-9941
-2622
1470
-2622
-97
-2622
801
-2622
-1165
-2622
-5161
-2622
7499
-2622
-800
-2622
-10826
-2622
8295
-2622
9899
-2622
3352
-2622
5620
-2622
1000
10850
-6913
10850
-749
10850
-5545
10850
11691
10850
-4171
10850
-14076
10850
-1320
10850
8323
10850
-10543
10850
-698
10850
3196
10850
4559
10850
-44
10850
746
10850
3256
10850
12570
10850
9046
10850
-79
10850
4786
10850
18251
10850
5302
10850
-9697
10850
2710
10850
5959
10850
-2293
10850
-5778
10850
5926
10850
9285
10850
-3802
10850
-3664
10850
-6555
10850
4164
10850
3482
10850
-2602
10850
1112
10850
4259
10850
-5839
10850
-3795
10850
11247
10850
-10212
10850
7421
10850
-991
10850
-13223
10850
-5252
10850
2731
10850
2096
10850
-9239
10850
3972
10850
-20971
10850
403
-4667
2497
-4667
-12922
-4667
-2239
-4667
185
-4667
-2594
-4667
-2322
-4667
-13742
-4667
-7265
-4667
-7159
-4667
-18572
-4667
-10767
-4667
13922
-4667
5434
-4667
2113
-4667
-2203
-4667
4266
-4667
-5222
-4667
4019
-4667
-8931
-4667
-8818
-4667
-1011
-4667
-10025
-4667
-544
-4667
11258
-4667
2008
-4667
2677
-4667
9539
-4667
9409
-4667
2036
-4667
-3840
-4667
-2005
-4667
-2185
-4667
7929
-4667
-4477
-4667
-2049
-4667
18428
-4667
-738
-4667
3388
-4667
-4788
-4667
-2385
-4667
9435
-4667
2215
-4667
-5859
-4667
-9257
-4667
-3137
-4667
-555
-4667
18246
-4667
8858
-4667
16014
-4667
4957
-5270
4799
-5270
-8820
-5270
9162
-5270
-4134
-5270
58
-5270
4213
-5270
8154
-5270
-1273
-5270
-1498
-5270
3286
-5270
-3996
-5270
5664
-5270
-10292
-5270
6777
-5270
7707
-5270
9500
-5270
-373
-5270
6508
-5270
-10183
-5270
2650
-5270
-4537
-5270
-9044
-5270
10780
-5270
3996
-5270
4590
-5270
8794
-5270
3412
-5270
8780
-5270
5554
-5270
5697
-5270
13664
-5270
-2660
-5270
331
-5270
-3930
-5270
7727
-5270
2356
-5270
-1069
-5270
-3402
-5270
-8286
-5270
8359
-5270
-5122
-5270
-177
-5270
6980
-5270
1210
-5270
6251
-5270
2633
-5270
3243
-5270
-2511
-5270
3680
-5270
21198
39
1977
39
1047
39
-3297
39
-3831
39
-13769
39
-8166
39
-13755
39
-9706
39
-998
39
1093
39
-4040
39
1222
39
7090
39
-1766
39
4412
39
7399
39
-6266
39
14771
39
-7448
39
3646
39
888
39
12941
39
1002
39
-3768
39
6276
39
-4076
39
-12118
39
-3043
39
-14254
39
4841
39
-9754
39
-4454
39
6429
39
8338
39
-2804
39
19379
39
370
39
5546
39
-3199
39
-5229
39
-2826
39
-1743
39
-4347
39
-1336
39
-18498
39
-4778
39
7425
39
2906
39
-28025
39
7633
-1526
-16861
-1526
2111
-1526
11372
-1526
8121
-1526
4239
-1526
15213
-1526
-15404
-1526
-5309
-1526
-548
-1526
-4568
-1526
-8400
-1526
-6368
-1526
-2288
-1526
574
-1526
694
-1526
-654
-1526
-3512
-1526
-11970
-1526
-7940
-1526
4322
-1526
3910
-1526
-775
-1526
-13245
-1526
6324
-1526
7144
-1526
3086
-1526
-1841
-1526
1560
-1526
3766
-1526
-5065
-1526
9095
-1526
5532
-1526
-5104
-1526
3898
-1526
1339
-1526
-6896
-1526
-5804
-1526
6768
-1526
-1620
-1526
23422
-1526
-343
-1526
-8153
-1526
14959
-1526
2119
-1526
-8338
-1526
-14694
-1526
-10283
-1526
12856
-1526
449
-1526
-3587
-2676
1664
-2676
-20367
-2676
-2879
-2676
6951
-2676
-18493
-2676
-11667
-2676
13535
-2676
5086
-2676
2208
-2676
-1076
-2676
-3489
-2676
6305
-2676
-8681
-2676
3367
-2676
8716
-2676
-1417
-2676
-13025
-2676
1119
-2676
-2170
-2676
5066
-2676
5067
-2676
-1131
-2676
8184
-2676
8345
-2676
-1493
-2676
8145
-2676
-17331
-2676
-11035
-2676
7896
-2676
-5175
-2676
4411
-2676
3722
-2676
-4080
-2676
-8773
-2676
7467
-2676
3316
-2676
-777
-2676
-5949
-2676
-5123
-2676
7470
-2676
-340
-2676
3894
-2676
9129
-2676
-8494
-2676
-11035
-2676
-4041
-2676
74
-2676
-6113
-2676
17946
-2676
1313
-9736
2997
-9736
-12924
-9736
-10533
-9736
4955
-9736
394
-9736
19834
-9736
2462
-9736
4860
-9736
-1368
-9736
6034
-9736
9390
-9736
848
-9736
6016
-9736
-12188
-9736
1205
-9736
10584
-9736
2536
-9736
7071
-9736
-5378
-9736
-10846
-9736
-4371
-9736
-3797
-9736
9095
-9736
4059
-9736
4659
-9736
4960
-9736
-789
-9736
-3223
-9736
292
-9736
10664
-9736
4970
-9736
-730
-9736
7545
-9736
4621
-9736
1432
-9736
-8739
-9736
-725
-9736
-13380
-9736
-2979
-9736
9128
-9736
13873
-9736
-4101
-9736
-56
-9736
-8094
-9736
9385
-9736
-1627
-9736
5812
-9736
3596
-9736
3261
-9736
-1874
-2087
-746
-2087
9474
-2087
-14703
-2087
-10383
-2087
-3286
-2087
4638
-2087
14462
-2087
-8239
-2087
-2184
-2087
6042
-2087
3517
-2087
442
-2087
9828
-2087
-3917
-2087
5791
-2087
-471
-2087
7876
-2087
5211
-2087
2841
-2087
-6800
-2087
2587
-2087
8221
-2087
2536
-2087
-10876
-2087
-3531
-2087
1101
-2087
-21793
-2087
-17599
-2087
-8232
-2087
1344
-2087
1275
-2087
-5157
-2087
278
-2087
5560
-2087
15012
-2087
-9590
-2087
3159
-2087
3457
-2087
-5669
-2087
566
-2087
4344
-2087
11442
-2087
8262
-2087
-3441
-2087
11919
-2087
6944
-2087
10879
-2087
3325
-2087
-9001
-2087
4313
2491
-6663
2491
11559
2491
-3864
2491
-21906
2491
-3311
2491
-2535
2491
-4914
2491
22677
2491
-190
2491
6178
2491
2230
2491
-5106
2491
9314
2491
-3765
2491
-3176
2491
16197
2491
241
2491
2018
2491
8413
2491
365
2491
-7371
2491
846
2491
-4608
2491
-1906
2491
-442
2491
2861
2491
-1188
2491
4709
2491
-14039
2491
-117
2491
-5434
2491
11208
2491
10833
2491
3374
2491
1826
2491
-2245
2491
1547
2491
3085
2491
-1437
2491
-4247
2491
4030
2491
-334
2491
355
2491
11798
2491
-8675
2491
7389
2491
1268
2491
9859
2491
5660
2491
-4440
1950
-2699
1950
-9139
1950
-11907
1950
-11964
1950
15481
1950
5504
1950
-2964
1950
7209
1950
-3502
1950
-3769
1950
-2168
1950
-1501
1950
3099
1950
10261
1950
7865
1950
1793
1950
5958
1950
14705
1950
1491
1950
4026
1950
-1039
1950
-1640
1950
11558
1950
-8280
1950
-4251
1950
-2048
1950
3063
1950
2214
1950
-7354
1950
6555
1950
-9980
1950
-5225
1950
-3482
1950
-2720
1950
-2336
1950
-8309
1950
963
1950
6876
1950
-5172
1950
-19
1950
3764
1950
8490
1950
-1058
1950
6077
1950
4925
1950
-7356
1950
5019
1950
-4041
1950
-10109
1950
-2266
-1743
-9282
-1743
-6495
-1743
-2411
-1743
-10126
-1743
6270
-1743
-9792
-1743
2767
-1743
-4487
-1743
-10439
-1743
4119
-1743
1896
-1743
-3870
-1743
487
-1743
7455
-1743
-17353
-1743
9071
-1743
6190
-1743
6870
-1743
2516
-1743
6258
-1743
6686
-1743
-4836
-1743
-6117
-1743
6243
-1743
20972
-1743
-6053
-1743
-3492
-1743
9036
-1743
-8888
-1743
9426
-1743
959
-1743
9265
-1743
-4080
-1743
-2591
-1743
-4472
-1743
-1388
-1743
-11717
-1743
-5445
-1743
4887
-1743
9742
-1743
-1149
-1743
19583
-1743
-2314
-1743
-6291
-1743
-5688
-1743
1545
-1743
-2606
-1743
-8335
-1743
-6666
-1743
-6174
559
6588
559
-14271
559
-17117
559
4696
559
-10423
559
5428
559
1540
559
-13206
559
15830
559
8061
559
-3032
559
2256
559
16852
559
-7147
559
583
559
4737
559
3014
559
-19593
559
-554
559
12476
559
-9687
559
4490
559
-2804
559
-8959
559
-590
559
-7530
559
26236
559
19268
559
-843
559
17481
559
8622
559
6239
559
-5558
559
-94
559
-4745
559
-1401
559
-12689
559
-1492
559
-4322
559
-9923
559
5811
559
-2455
559
11376
559
-17850
559
7387
559
-12620
559
877
559
-9037
559
-5485
559
-9227
4926
-10886
4926
21998
4926
133
4926
9239
4926
2173
4926
18455
4926
-15153
4926
6202
4926
395
4926
8439
4926
1305
4926
14616
4926
-7400
4926
-2854
4926
6081
4926
-5247
4926
3000
4926
-8530
4926
-823
4926
-13030
4926
164
4926
8013
4926
-5467
4926
1812
4926
7914
4926
1304
4926
-11999
4926
-13571
4926
-11579
4926
9701
4926
-1897
4926
1188
4926
6837
4926
1478
4926
13684
4926
-5159
4926
-7712
4926
3692
4926
23204
4926
-3370
4926
-707
4926
-13165
4926
4684
4926
-9976
4926
-103
4926
-2013
4926
-1888
4926
-12473
4926
-4057
4926
9422
9422
9124
9422
9708
9422
-8152
9422
-63
9422
-7082
9422
-15762
9422
-1359
9422
4798
9422
-3134
9422
1322
9422
6518
9422
7740
9422
-4752
9422
-7106
9422
-4250
9422
-21271
9422
-8280
9422
-2440
9422
-11613
9422
8618
9422
-6555
9422
8995
9422
-406
9422
2842
9422
33
9422
29495
9422
-4804
9422
4795
9422
-20022
9422
8530
9422
3646
9422
-4617
9422
-2301
9422
-535
9422
4662
9422
32767
9422
7589
9422
11718
9422
-7885
9422
3989
9422
7422
9422
9998
9422
9964
9422
12428
9422
5656
9422
3635
9422
-5805
9422
5137
9422
1728
9422
431
-3298
4280
-3298
-12045
-3298
-5763
-3298
13875
-3298
2050
-3298
23710
-3298
846
-3298
3696
-3298
-1599
-3298
-7174
-3298
37
-3298
-2015
-3298
11657
-3298
3176
-3298
-22741
-3298
-18249
-3298
-10693
-3298
3731
-3298
2899
-3298
1876
-3298
3572
-3298
6436
-3298
3265
-3298
6883
-3298
-1541
-3298
-14176
-3298
-4119
-3298
9514
-3298
-3761
-3298
-5305
-3298
352
-3298
-1591
-3298
-10244
-3298
-4975
-3298
2888
-3298
9544
-3298
3845
-3298
10763
-3298
8139
-3298
5422
-3298
9178
-3298
3024
-3298
8056
-3298
1878
-3298
13205
-3298
-10719
-3298
-4643
-3298
6973
-3298
2361
-3298
6457
10800
-1701
10800
14264
10800
2928
10800
13974
10800
6535
10800
-4667
10800
-4018
10800
822
10800
-6308
10800
-8148
10800
1776
10800
4511
10800
11338
10800
-2982
10800
2201
10800
-8985
10800
2001
10800
-3628
10800
18480
10800
-3802
10800
-5985
10800
-1257
10800
18785
10800
-9407
10800
9006
10800
-5169
10800
-1117
10800
-1243
10800
4069
10800
2600
10800
743
10800
8943
10800
-9090
10800
-2861
10800
-7514
10800
3818
10800
-9682
10800
5366
10800
-2770
10800
10247
10800
11178
10800
-5780
10800
-21696
10800
4288
10800
-11788
10800
4322
10800
-19567
10800
-1655
10800
-877
10800
-5956
-755
-4485
-755
5564
-755
9292
-755
1737
-755
-4634
-755
-4666
-755
-4130
-755
-2800
-755
-6076
-755
-5180
-755
6137
-755
3587
-755
-4950
-755
-2285
-755
3644
-755
-6715
-755
-15150
-755
12269
-755
-5623
-755
1513
-755
831
-755
-13406
-755
1237
-755
8924
-755
-6315
-755
-8128
-755
7173
-755
3269
-755
-23560
-755
-15064
-755
1090
-755
5957
-755
13
-755
5162
-755
1909
-755
1737
-755
-30
-755
102
-755
-7903
-755
-4032
-755
6518
-755
-4500
-755
-5964
-755
13725
-755
-4756
-755
5166
-755
15398
-755
380
-755
-6604
-755
152
-4353
191
-4353
1651
-4353
517
-4353
-8877
-4353
19836
-4353
794
-4353
5103
-4353
465
-4353
8504
-4353
-2330
-4353
16561
-4353
-3797
-4353
-1044
-4353
-1582
-4353
-5132
-4353
-2749
-4353
13695
-4353
1678
-4353
4362
-4353
16147
-4353
5723
-4353
5765
-4353
4768
-4353
-1756
-4353
12027
-4353
10137
-4353
1273
-4353
-606
-4353
-10797
-4353
-15914
-4353
-6623
-4353
2900
-4353
-751
-4353
4987
-4353
2716
-4353
3210
-4353
-10139
-4353
1266
-4353
-8452
-4353
4215
-4353
-6798
-4353
-7184
-4353
2884
-4353
-16421
-4353
9973
-4353
-10300
-4353
6162
-4353
10079
-4353
-8236
-4353
-12453
-3638
3942
-3638
-16469
-3638
1592
-3638
2845
-3638
13050
-3638
3984
-3638
-97
-3638
-10068
-3638
-4299
-3638
15328
-3638
10579
-3638
2493
-3638
1831
-3638
4471
-3638
-1726
-3638
1318
-3638
55
-3638
-8076
-3638
-2063
-3638
2642
-3638
932
-3638
5598
-3638
-2402
-3638
-2320
-3638
11754
-3638
4770
-3638
7711
-3638
-13265
-3638
-10062
-3638
-12403
-3638
765
-3638
-587
-3638
10084
-3638
6271
-3638
-4668
-3638
-1513
-3638
-4807
-3638
-12910
-3638
-3003
-3638
1576
-3638
882
-3638
-5915
-3638
-279
-3638
-11983
-3638
1451
-3638
5164
-3638
8784
-3638
8631
-3638
-2471
-3638
-6370
-8370
4672
-8370
3083
-8370
-6846
-8370
7663
-8370
7535
-8370
1668
-8370
-2066
-8370
-5040
-8370
11493
-8370
3015
-8370
-8828
-8370
5338
-8370
-9530
-8370
924
-8370
-7626
-8370
11869
-8370
1052
-8370
-4230
-8370
6126
-8370
7503
-8370
-1723
-8370
5270
-8370
4125
-8370
-5778
-8370
-7734
-8370
-13238
-8370
4831
-8370
-6168
-8370
-2383
-8370
-11890
-8370
-15296
-8370
-6632
-8370
9309
-8370
-2468
-8370
13118
-8370
7656
-8370
-821
-8370
3784
-8370
5445
-8370
4190
-8370
-3900
-8370
-5331
-8370
-2488
-8370
-4840
-8370
-11049
-8370
-19038
-8370
3255
-8370
3866
-8370
2793
-8370
-3887
-3203
3342
-3203
7502
-3203
1983
-3203
647
-3203
-11558
-3203
20792
-3203
13747
-3203
6708
-3203
5349
-3203
7507
-3203
18078
-3203
-5870
-3203
1384
-3203
5149
-3203
19742
-3203
-7127
-3203
-5619
-3203
-7815
-3203
-6500
-3203
9101
-3203
1722
-3203
3639
-3203
-6928
-3203
4146
-3203
-9409
-3203
5024
-3203
-9910
-3203
-8412
-3203
2724
-3203
-19302
-3203
-968
-3203
-7995
-3203
-1096
-3203
3294
-3203
4350
-3203
6163
-3203
3068
-3203
3442
-3203
-5610
-3203
-15142
-3203
3017
-3203
3833
-3203
4686
-3203
-11573
-3203
14358
-3203
-2686
-3203
6562
-3203
-3379
-3203
1395
-3203
12421
-4389
3593
-4389
-4510
-4389
-4356
-4389
284
-4389
-90
-4389
14832
-4389
-510
-4389
6234
-4389
3241
-4389
-6880
-4389
1646
-4389
2049
-4389
-7132
-4389
-1860
-4389
3758
-4389
-11710
-4389
17270
-4389
-5587
-4389
2676
-4389
-18857
-4389
-15494
-4389
-12652
-4389
376
-4389
1053
-4389
1650
-4389
-7778
-4389
-11614
-4389
6146
-4389
-3851
-4389
-4807
-4389
-2261
-4389
17794
-4389
22129
-4389
1974
-4389
-2923
-4389
10182
-4389
1690
-4389
4861
-4389
5017
-4389
-7934
-4389
-6321
-4389
19407
-4389
9548
-4389
9350
-4389
-4532
-4389
4336
-4389
1198
-4389
1646
-4389
2224
-4389
2113
3714
-1929
3714
-307
3714
4716
3714
-14711
3714
10814
3714
12173
3714
-11421
3714
11949
3714
-901
3714
15001
3714
2905
3714
3595
3714
-6883
3714
9553
3714
4031
3714
14118
3714
8040
3714
15156
3714
3373
3714
2910
3714
4755
3714
-2837
3714
-6654
3714
333
3714
-8649
3714
-2273
3714
-2373
3714
-15487
3714
-4682
3714
12169
3714
13638
3714
-3747
3714
648
3714
-18903
3714
-4265
3714
-6544
3714
-16000
3714
-3493
3714
-11222
3714
-5515
3714
956
3714
-11838
3714
5291
3714
-18154
3714
-4970
3714
11347
3714
-2249
3714
-8232
3714
-10565
3714
-10113
12138
3011
12138
779
12138
-3666
12138
-9533
12138
10754
12138
-697
12138
-13583
12138
-6873
12138
-5256
12138
1316
12138
210
12138
-9436
12138
3200
12138
14040
12138
4107
12138
3770
12138
-7075
12138
6033
12138
9534
12138
2580
12138
-4326
12138
1532
12138
-872
12138
-9539
12138
-520
12138
-356
12138
-7737
12138
3158
12138
14953
12138
-14503
12138
424
12138
-11646
12138
-2854
12138
-5086
12138
-11862
12138
8286
12138
12494
12138
11749
12138
-6924
12138
-13520
12138
8793
12138
-13645
12138
7595
12138
-3807
12138
10260
12138
-6072
12138
-3810
12138
2533
12138
-6740
12138
4894
-3560
-15246
-3560
-6057
-3560
-7964
-3560
-5628
-3560
-11100
-3560
-7053
-3560
3039
-3560
-6258
-3560
6520
-3560
3447
-3560
-11842
-3560
-611
-3560
-5878
-3560
-2331
-3560
-13831
-3560
15080
-3560
-4973
-3560
-18144
-3560
-9334
-3560
2087
-3560
1620
-3560
-13811
-3560
-13934
-3560
-10835
-3560
3557
-3560
2311
-3560
-2098
-3560
4576
-3560
2801
-3560
1454
-3560
-12556
-3560
-20218
-3560
-4355
-3560
-1623
-3560
1539
-3560
-737
-3560
408
-3560
1230
-3560
-12600
-3560
2460
-3560
-11934
-3560
-17646
-3560
8137
-3560
-118
-3560
-4493
-3560
-3917
-3560
20738
-3560
-2560
-3560
-3297
-3560
-10160
3475
-16541
3475
-19134
3475
16677
3475
5386
3475
7518
3475
-1473
3475
7593
3475
6886
3475
18262
3475
4618
3475
1600
3475
-13548
3475
-8916
3475
-4684
3475
-3754
3475
-8119
3475
5700
3475
4194
3475
-4860
3475
-3973
3475
10995
3475
-11620
3475
3976
3475
-9310
3475
1652
3475
3452
3475
-5663
3475
11436
3475
4763
3475
-7764
3475
6686
3475
-1800
3475
11161
3475
-1676
3475
-11511
3475
-8007
3475
-483
3475
-2032
3475
-3915
3475
-3496
3475
-5302
3475
-5940
3475
1760
3475
8854
3475
-7966
3475
2818
3475
12467
3475
1071
3475
-9428
3475
-3674
7535
-16387
7535
-2664
7535
4102
7535
-8461
7535
6395
7535
22528
7535
-6598
7535
10023
7535
6104
7535
577
7535
-6218
7535
-11109
7535
83
7535
4926
7535
5821
7535
-1597
7535
-3145
7535
9966
7535
9907
7535
-3965
7535
3043
7535
-3977
7535
1816
7535
3464
7535
3200
7535
-6823
7535
6335
7535
4409
7535
1576
7535
7780
7535
3122
7535
35
7535
-976
7535
2147
7535
1877
7535
-3138
7535
5898
7535
-1572
7535
-1852
7535
-2605
7535
-3465
7535
4642
7535
567
7535
-234
7535
-10595
7535
6345
7535
8779
7535
5286
7535
6384
7535
-12081
15063
-4677
15063
8966
15063
-13718
15063
-5367
15063
1403
15063
8843
15063
5721
15063
19233
15063
1437
15063
23180
15063
4392
15063
-4833
15063
8410
15063
-11197
15063
7008
15063
5340
15063
4609
15063
244
15063
-4028
15063
9002
15063
-2039
15063
-526
15063
-9223
15063
3773
15063
-7041
15063
3536
15063
7165
15063
7823
15063
-362
15063
-11281
15063
-3128
15063
12813
15063
6486
15063
13529
15063
-15485
15063
-8023
15063
17508
15063
-3693
15063
24
15063
-7727
15063
4415
15063
7622
15063
7502
15063
2006
15063
15477
15063
-4633
15063
-670
15063
3055
15063
-1059
15063
-10108
-11114
-6958
-11114
-2051
-11114
7554
-11114
-3034
-11114
-2799
-11114
-5622
-11114
-615
-11114
7521
-11114
-24904
-11114
1540
-11114
-11557
-11114
4027
-11114
5265
-11114
3897
-11114
5968
-11114
-16517
-11114
14868
-11114
-8932
-11114
4618
-11114
-4090
-11114
1562
-11114
-5015
-11114
2865
-11114
-16168
-11114
-99
-11114
236
-11114
6130
-11114
-3388
-11114
2089
-11114
6569
-11114
-2695
-11114
-5961
-11114
7293
-11114
-9205
-11114
4768
-11114
352
-11114
2712
-11114
-7576
-11114
1131
-11114
9981
-11114
-10310
-11114
6960
-11114
-4096
-11114
-4201
-11114
-2083
-11114
1486
-11114
-14739
-11114
-1857
-11114
-255
-11114
-1801
4447
-419
4447
-3031
4447
840
4447
864
4447
13625
4447
-276
4447
2545
4447
-5825
4447
2282
4447
5029
4447
6073
4447
8372
4447
-13888
4447
3078
4447
23072
4447
-7967
4447
14413
4447
-8100
4447
70
4447
3759
4447
9537
4447
-7218
4447
-13837
4447
-3174
4447
9257
4447
-2206
4447
-8150
4447
5375
4447
491
4447
990
4447
-7908
4447
-4219
4447
-1968
4447
-2926
4447
-2601
4447
-959
4447
3335
4447
-1232
4447
10782
4447
3564
4447
5982
4447
-20756
4447
-2651
4447
9282
4447
-11434
4447
9633
4447
-5912
4447
2593
4447
2820
4447
-8628
-8490
10812
-8490
8017
-8490
355
-8490
4893
-8490
10564
-8490
-2875
-8490
6457
-8490
5985
-8490
12996
-8490
-8453
-8490
4359
-8490
10305
-8490
-897
-8490
-11189
-8490
12446
-8490
-1756
-8490
17656
-8490
-1730
-8490
3534
-8490
4615
-8490
-7241
-8490
-1478
-8490
8293
-8490
-5358
-8490
-7128
-8490
3425
-8490
1127
-8490
-3891
-8490
267
-8490
-12821
-8490
-3352
-8490
-9271
-8490
-7549
-8490
11068
-8490
-15511
-8490
-10333
-8490
1852
-8490
-4501
-8490
5944
-8490
1971
-8490
1636
-8490
-5895
-8490
15688
-8490
-2566
-8490
3294
-8490
-3484
-8490
-2762
-8490
3359
-8490
-7983
-8490
12062
2757
10830
2757
989
2757
412
2757
2742
2757
-9303
2757
1349
2757
14916
2757
3937
2757
13144
2757
4607
2757
-8733
2757
11713
2757
-2924
2757
-2454
2757
-10727
2757
5107
2757
-377
2757
9377
2757
-9885
2757
-1006
2757
-754
2757
-4136
2757
-3266
2757
-338
2757
-11914
2757
4851
2757
8655
2757
-7915
2757
-19095
2757
-11102
2757
4724
2757
-429
2757
8145
2757
-4710
2757
10511
2757
-19555
2757
3231
2757
-11906
2757
4228
2757
-717
2757
-8734
2757
-10840
2757
4986
2757
-5497
2757
13022
2757
-7691
2757
4592
2757
3028
2757
-4946
2757
-7917
-6098
4628
-6098
-9097
-6098
-4690
-6098
-9501
-6098
4041
-6098
-3074
-6098
-2026
-6098
-3702
-6098
-5609
-6098
13861
-6098
19990
-6098
-552
-6098
-9173
-6098
-4661
-6098
-15762
-6098
5955
-6098
-9316
-6098
3061
-6098
-7838
-6098
-15831
-6098
15308
-6098
-10356
-6098
-7672
-6098
-9202
-6098
3
-6098
-1357
-6098
-2789
-6098
13635
-6098
2129
-6098
4869
-6098
-11404
-6098
-7849
-6098
-1812
-6098
9969
-6098
1648
-6098
-5713
-6098
-11189
-6098
11731
-6098
9766
-6098
9750
-6098
-4883
-6098
-2868
-6098
150
-6098
134
-6098
-6538
-6098
-2717
-6098
-4457
-6098
2483
-6098
-1016
-6098
-7162
-22577
19217
-22577
15307
-22577
4693
-22577
-8538
-22577
9379
-22577
6327
-22577
-2949
-22577
3449
-22577
-2704
-22577
-4260
-22577
-3865
-22577
-5011
-22577
-14471
-22577
-8897
-22577
2503
-22577
8103
-22577
-2913
-22577
-15531
-22577
3243
-22577
-1665
-22577
-3116
-22577
-5510
-22577
4077
-22577
-1008
-22577
-3360
-22577
-1883
-22577
5567
-22577
4357
-22577
4843
-22577
-8448
-22577
129
-22577
5355
-22577
6367
-22577
7937
-22577
-7622
-22577
-11144
-22577
-1623
-22577
10900
-22577
825
-22577
-12048
-22577
6470
-22577
-3636
-22577
-14363
-22577
5779
-22577
9376
-22577
7603
-22577
4107
-22577
2972
-22577
5111
-22577
3903
-1984
7663
-1984
-20809
-1984
1039
-1984
-2005
-1984
1784
-1984
3769
-1984
3228
-1984
1110
-1984
-5050
-1984
-4305
-1984
-17172
-1984
-5728
-1984
-9871
-1984
3811
-1984
-9788
-1984
-16426
-1984
10745
-1984
-2694
-1984
17729
-1984
-13703
-1984
-24066
-1984
4350
-1984
-297
-1984
612
-1984
-11875
-1984
5628
-1984
-8601
-1984
1915
-1984
-2022
-1984
1403
-1984
-8499
-1984
1554
-1984
4160
-1984
5714
-1984
-15559
-1984
13219
-1984
-15531
-1984
1297
-1984
-10189
-1984
-4265
-1984
-3561
-1984
2089
-1984
6594
-1984
-15180
-1984
823
-1984
1362
-1984
-4790
-1984
-13380
-1984
-13478
-1984
4039
5202
-11345
5202
3724
5202
8250
5202
5831
5202
-10254
5202
-13271
5202
-9248
5202
-8849
5202
1207
5202
10082
5202
7921
5202
-4503
5202
6667
5202
11445
5202
-1994
5202
-8583
5202
3935
5202
6276
5202
3481
5202
-3319
5202
-6510
5202
7847
5202
8555
5202
2036
5202
-5262
5202
5681
5202
-11634
5202
5787
5202
2811
5202
12078
5202
5588
5202
7719
5202
-3660
5202
9135
5202
8255
5202
-5065
5202
-7688
5202
9410
5202
-4452
5202
-1169
5202
6901
5202
-555
5202
-1387
5202
12454
5202
6308
5202
12536
5202
-10868
5202
-2174
5202
-5162
5202
6972
7731
2330
7731
-50
7731
-7227
7731
-12407
7731
3510
7731
-1623
7731
-5495
7731
-278
7731
-842
7731
4632
7731
-9110
7731
5318
7731
817
7731
-5769
7731
2131
7731
-8868
7731
-6078
7731
-1418
7731
22142
7731
14094
7731
-328
7731
-10073
7731
-4228
7731
-5067
7731
-1173
7731
-15554
7731
-7797
7731
-1540
7731
-119
7731
2830
7731
-8408
7731
1154
7731
-1821
7731
-10820
7731
-7155
7731
-5857
7731
2043
7731
-674
7731
-4784
7731
-3552
7731
-505
7731
-4131
7731
10376
7731
1936
7731
3635
7731
475
7731
-7303
7731
-10308
7731
-3459
7731
-3599
11101
-813
11101
2780
11101
3290
11101
-8388
11101
-2825
11101
9650
11101
9494
11101
2409
11101
9523
11101
1615
11101
1531
11101
-2872
11101
-13724
11101
10991
11101
-3188
11101
-9109
11101
-2331
11101
4408
11101
3850
11101
16009
11101
3847
11101
-3675
11101
-8519
11101
-13641
11101
-7972
11101
16716
11101
4698
11101
-806
11101
-7871
11101
11113
11101
-3721
11101
10512
11101
14450
11101
-2553
11101
19935
11101
-5756
11101
-1490
11101
8324
11101
5725
11101
7028
11101
5271
11101
-2977
11101
5156
11101
-12578
11101
2506
11101
-4898
11101
-2210
11101
5152
11101
4060
11101
-1133
-9646
1912
-9646
2946
-9646
-10833
-9646
-2099
-9646
-367
-9646
-756
-9646
-1056
-9646
23215
-9646
9094
-9646
-6882
-9646
179
-9646
2980
-9646
9730
-9646
10763
-9646
5285
-9646
1290
-9646
-4964
-9646
11458
-9646
12419
-9646
-14002
-9646
-3789
-9646
528
-9646
7181
-9646
3351
-9646
17577
-9646
5916
-9646
3328
-9646
16518
-9646
7749
-9646
-3148
-9646
6817
-9646
7675
-9646
9068
-9646
2292
-9646
-4532
-9646
10275
-9646
1521
-9646
-7890
-9646
6607
-9646
6400
-9646
-12236
-9646
5000
-9646
4272
-9646
5469
-9646
8327
-9646
-6078
-9646
-4509
-9646
-10313
-9646
14411
-9646
-5640
-2083
5107
-2083
1142
-2083
6395
-2083
-3308
-2083
4406
-2083
-16869
-2083
7184
-2083
-2338
-2083
1602
-2083
11841
-2083
3064
-2083
-8216
-2083
-4856
-2083
-2417
-2083
3686
-2083
4172
-2083
-3560
-2083
-161
-2083
-1518
-2083
-1516
-2083
-2409
-2083
-4274
-2083
14195
-2083
-233
-2083
-2747
-2083
-2915
-2083
-10310
-2083
6786
-2083
10307
-2083
-4291
-2083
7104
-2083
3609
-2083
2287
-2083
-4947
-2083
-15171
-2083
3757
-2083
-6804
-2083
-3732
-2083
-11010
-2083
-11221
-2083
-6697
-2083
-358
-2083
-2962
-2083
6214
-2083
-5861
-2083
4497
-2083
-8608
-2083
4232
-2083
711
-2083
9091
1429
3840
1429
-13149
1429
6718
1429
22480
1429
-5875
1429
-15790
1429
-1091
1429
99
1429
5004
1429
-13134
1429
-4074
1429
11825
1429
-483
1429
6465
1429
465
1429
-19168
1429
2799
1429
9189
1429
7443
1429
5851
1429
-11217
1429
-7393
1429
-8689
1429
-4187
1429
-3856
1429
3899
1429
6467
1429
10235
1429
1058
1429
5235
1429
-4088
1429
-6912
1429
2984
1429
-4820
1429
4228
1429
2363
1429
10453
1429
-5341
1429
12624
1429
-10478
1429
-10348
1429
-416
1429
639
1429
-7386
1429
1972
1429
9174
1429
-9606
1429
-16758
1429
-10045
1429
-8458
-13009
-7742
-13009
3414
-13009
-1619
-13009
8356
-13009
-21162
-13009
-12082
-13009
-10291
-13009
-11366
-13009
-5874
-13009
-4462
-13009
-1
-13009
-5478
-13009
2013
-13009
6873
-13009
-4476
-13009
-2356
-13009
4093
-13009
-6371
-13009
-14654
-13009
4296
-13009
-8845
-13009
-7366
-13009
-2348
-13009
3978
-13009
-6561
-13009
8145
-13009
1804
-13009
-7441
-13009
905
-13009
-2886
-13009
9252
-13009
-1721
-13009
-5700
-13009
-8073
-13009
-10687
-13009
-4822
-13009
10214
-13009
-6042
-13009
4649
-13009
-1016
-13009
6738
-13009
-8540
-13009
-7607
-13009
9125
-13009
-9763
-13009
18413
-13009
15639
-13009
-1953
-13009
-11654
-13009
-3525
1599
164
1599
6497
1599
-4040
1599
-9710
1599
169
1599
1565
1599
-4558
1599
979
1599
7825
1599
-1160
1599
-7428
1599
-1781
1599
-433
1599
5137
1599
15105
1599
-7000
1599
3431
1599
-6818
1599
-952
1599
-177
1599
-8595
1599
12234
1599
-4735
1599
1217
1599
-5075
1599
1506
1599
-11550
1599
-11702
1599
-14196
1599
2144
1599
4129
1599
3800
1599
4393
1599
-644
1599
-2917
1599
10621
1599
10230
1599
-7802
1599
-6790
1599
2434
1599
-1670
1599
-2370
1599
12224
1599
7676
1599
-10079
1599
11232
1599
-1899
1599
1684
1599
4052
1599
-7112
-2430
-1905
-2430
-886
-2430
14631
-2430
6948
-2430
-10407
-2430
-8176
-2430
-2257
-2430
-5188
-2430
-8632
-2430
1553
-2430
-8740
-2430
-2536
-2430
6846
-2430
-14648
-2430
-9068
-2430
125
-2430
-6748
-2430
-3846
-2430
-5003
-2430
4836
-2430
-10761
-2430
5648
-2430
3000
-2430
6595
-2430
8432
-2430
-5816
-2430
-19239
-2430
-14909
-2430
-5390
-2430
-814
-2430
-5709
-2430
-9513
-2430
13722
-2430
13184
-2430
-4073
-2430
-5273
-2430
733
-2430
-3437
-2430
6291
-2430
-3586
-2430
-5185
-2430
10400
-2430
-365
-2430
5485
-2430
-2255
-2430
-29
-2430
2103
-2430
-4502
-2430
-20
-2430
5859
-2713
6468
-2713
9740
-2713
-786
-2713
5516
-2713
-3410
-2713
10908
-2713
-5233
-2713
-5867
-2713
-13782
-2713
11230
-2713
2463
-2713
-6725
-2713
-6211
-2713
-7722
-2713
11445
-2713
-5754
-2713
-18194
-2713
3491
-2713
4300
-2713
5093
-2713
6274
-2713
-11567
-2713
3806
-2713
7714
-2713
-12428
-2713
-735
-2713
618
-2713
1120
-2713
1683
-2713
4727
-2713
-7484
-2713
5880
-2713
3894
-2713
-6804
-2713
4718
-2713
13909
-2713
11680
-2713
3572
-2713
14014
-2713
-27526
-2713
-12286
-2713
3912
-2713
18272
-2713
2254
-2713
16609
-2713
-1749
-2713
3098
-2713
-179
-2713
-5123
-2713
-4405
6097
13005
6097
-9973
6097
-11404
6097
-49
6097
-9847
6097
-15016
6097
1860
6097
5806
6097
-2469
6097
-5653
6097
5198
6097
1961
6097
-6854
6097
-9098
6097
-10443
6097
-9900
6097
-2022
6097
-9153
6097
-15770
6097
-1027
6097
9407
6097
-1786
6097
-5565
6097
-10697
6097
5683
6097
-12626
6097
-9005
6097
-155
6097
3851
6097
2675
6097
15910
6097
-3827
6097
-11224
6097
2322
6097
-6752
6097
-1153
6097
4394
6097
4181
6097
7624
6097
8252
6097
5102
6097
-4077
6097
-11440
6097
3575
6097
3733
6097
1679
6097
9701
6097
-674
6097
-7047
6097
-12112
-3183
-3776
-3183
2907
-3183
-6082
-3183
-15724
-3183
-1563
-3183
-4557
-3183
-2031
-3183
1656
-3183
-757
-3183
-1191
-3183
-7259
-3183
7657
-3183
10480
-3183
9486
-3183
7141
-3183
-2347
-3183
-10176
-3183
11678
-3183
-13225
-3183
3566
-3183
9272
-3183
-3775
-3183
-3828
-3183
-11130
-3183
2575
-3183
-10554
-3183
13689
-3183
2845
-3183
6768
-3183
6898
-3183
-6238
-3183
-6982
-3183
-12831
-3183
-1108
-3183
712
-3183
9108
-3183
-5399
-3183
1933
-3183
-475
-3183
-10593
-3183
-6198
-3183
-6523
-3183
7569
-3183
-1108
-3183
9255
-3183
-1541
-3183
-6246
-3183
-2525
-3183
-8163
-3183
2485
11360
-19853
11360
3115
11360
1045
11360
3656
11360
11194
11360
-2933
11360
-8718
11360
2153
11360
-3804
11360
6547
11360
3917
11360
9134
11360
-923
11360
9889
11360
15619
11360
5076
11360
-30
11360
6560
11360
1427
11360
-338
11360
1282
11360
14971
11360
-5839
11360
-6638
11360
-9726
11360
2304
11360
-7622
11360
3022
11360
15042
11360
-234
11360
-12150
11360
-1829
11360
19739
11360
-12990
11360
-8774
11360
-12318
11360
-7966
11360
1758
11360
2052
11360
15925
11360
4098
11360
1385
11360
16607
11360
-4443
11360
8901
11360
-6236
11360
-5324
11360
-14937
11360
17376
11360
-5213
962
148
962
20059
962
-2137
962
9036
962
-2260
962
-4770
962
-8238
962
-397
962
2798
962
8676
962
-3499
962
-7399
962
6940
962
-1473
962
6469
962
-4795
962
10954
962
8736
962
18240
962
12702
962
8172
962
-4939
962
6525
962
19800
962
11466
962
-8115
962
-2884
962
4955
962
1753
962
-6043
962
652
962
3027
962
-6180
962
-6306
962
7659
962
3144
962
2541
962
-6286
962
-3897
962
-19709
962
7502
962
-4891
962
3424
962
-1427
962
7439
962
-7080
962
7844
962
9252
962
9088
962
-5821
11338
12949
11338
-5570
11338
-6938
11338
1974
11338
-633
11338
-13458
11338
-5143
11338
11152
11338
-2797
11338
5493
11338
-6116
11338
-819
11338
-9391
11338
-4383
11338
12925
11338
3183
11338
-2759
11338
3817
11338
-3437
11338
3617
11338
-1520
11338
-75
11338
-2072
11338
-11778
11338
-7457
11338
5158
11338
-11273
11338
993
11338
-7639
11338
-1267
11338
8017
11338
-10112
11338
-7365
11338
-1897
11338
-1324
11338
-4735
11338
-7785
11338
-12104
11338
-6273
11338
11175
11338
-5967
11338
4578
11338
27994
11338
11162
11338
8967
11338
-4729
11338
13967
11338
-2709
11338
-6197
11338
39
13447
-5981
13447
11257
13447
-5057
13447
-2609
13447
11491
13447
967
13447
10310
13447
-4648
13447
351
13447
11302
13447
-371
13447
410
13447
-771
13447
10875
13447
-2020
13447
-761
13447
5586
13447
3728
13447
-2000
13447
3447
13447
8900
13447
9303
13447
2803
13447
-1769
13447
2514
13447
-340
13447
-8179
13447
-17807
13447
8841
13447
-1643
13447
4269
13447
-988
13447
2967
13447
-8119
13447
2586
13447
-9841
13447
-3336
13447
1211
13447
-10142
13447
-6954
13447
9235
13447
-7826
13447
7607
13447
12166
13447
6903
13447
-7049
13447
-278
13447
5878
13447
-3216
13447
9723
9968
5785
9968
-9595
9968
4552
9968
-2857
9968
-12599
9968
-5973
9968
-11137
9968
-6894
9968
8783
9968
12131
9968
10157
9968
-9431
9968
7654
9968
960
9968
7835
9968
-2769
9968
-9445
9968
-5026
9968
2982
9968
4565
9968
7997
9968
-918
9968
-16930
9968
23880
9968
-7965
9968
-2639
9968
4758
9968
1509
9968
4298
9968
-10616
9968
-5236
9968
-14513
9968
26671
9968
347
9968
149
9968
9831
9968
-6449
9968
10428
9968
19694
9968
1955
9968
-8048
9968
-4872
9968
1849
9968
-2907
9968
1431
9968
-3585
9968
-1992
9968
4287
9968
-1278
9968
4968
-436
-1692
-436
5390
-436
187
-436
-15398
-436
9624
-436
-2054
-436
102
-436
-10959
-436
6729
-436
-8584
-436
2474
-436
-11461
-436
-3733
-436
-4875
-436
-2624
-436
-8714
-436
8859
-436
2113
-436
-8462
-436
1924
-436
-1859
-436
1781
-436
-5281
-436
5348
-436
-3295
-436
-8916
-436
-6703
-436
12761
-436
-23180
-436
2899
-436
18650
-436
16411
-436
2437
-436
-16215
-436
3395
-436
-2054
-436
-3359
-436
-6775
-436
-9819
-436
3420
-436
3915
-436
3183
-436
13197
-436
-3663
-436
744
-436
-10325
-436
-5237
-436
-3398
-436
13080
-436
5787
-15604
7727
-15604
-1186
-15604
-2489
-15604
-4687
-15604
-113
-15604
3814
-15604
5703
-15604
-11500
-15604
-7233
-15604
19688
-15604
-17164
-15604
2184
-15604
-3803
-15604
2526
-15604
17844
-15604
-15663
-15604
-15587
-15604
642
-15604
3440
-15604
-399
-15604
-14278
-15604
-8593
-15604
7162
-15604
-5033
-15604
-2288
-15604
-7062
-15604
-4771
-15604
-15190
-15604
-979
-15604
-6294
-15604
-5141
-15604
-9823
-15604
-12885
-15604
-11713
-15604
4283
-15604
-7529
-15604
4033
-15604
-12254
-15604
-9279
-15604
5239
-15604
10385
-15604
7220
-15604
-3483
-15604
988
-15604
-7225
-15604
8682
-15604
-8411
-15604
-1415
-15604
-5338
-15604
8691
11184
6624
11184
-3577
11184
2379
11184
2367
11184
6291
11184
5517
11184
12134
11184
-7606
11184
-8857
11184
-7661
11184
-16036
11184
-2122
11184
13299
11184
-3435
11184
-3681
11184
12988
11184
3660
11184
17482
11184
-1179
11184
10184
11184
8151
11184
-9144
11184
1328
11184
-7489
11184
-589
11184
-8395
11184
4396
11184
-8119
11184
-8997
11184
-2839
11184
2673
11184
-5135
11184
-4115
11184
-8015
11184
3257
11184
-10420
11184
-8546
11184
8847
11184
-347
11184
-2156
11184
-2499
11184
8914
11184
3105
11184
-817
11184
13392
11184
-5960
11184
-1738
11184
-1165
11184
-6145
11184
18495
-23287
5143
-23287
-1908
-23287
7083
-23287
-10260
-23287
4593
-23287
5144
-23287
-6917
-23287
-7139
-23287
-13744
-23287
7332
-23287
23187
-23287
17703
-23287
18142
-23287
8108
-23287
-9387
-23287
13973
-23287
-8326
-23287
10659
-23287
10708
-23287
-5873
-23287
-11361
-23287
-12078
-23287
-7419
-23287
7983
-23287
1955
-23287
7875
-23287
-15644
-23287
-7618
-23287
4710
-23287
-3744
-23287
-20854
-23287
-17450
-23287
320
-23287
-900
-23287
-2205
-23287
4987
-23287
-9340
-23287
-1141
-23287
4373
-23287
-5505
-23287
905
-23287
-9280
-23287
16913
-23287
-7667
-23287
-6802
-23287
-6997
-23287
5217
-23287
-3464
-23287
-11769
-23287
7430
4794
-1329
4794
-9011
4794
-675
4794
18124
4794
-1801
4794
-691
4794
-6403
4794
-1394
4794
10124
4794
547
4794
3887
4794
-1828
4794
3226
4794
5026
4794
-5341
4794
1284
4794
6680
4794
13510
4794
6063
4794
414
4794
7875
4794
-3704
4794
-2269
4794
-16927
4794
-4410
4794
-578
4794
-7559
4794
-4921
4794
-1716
4794
3264
4794
-5068
4794
5115
4794
-7992
4794
8238
4794
3523
4794
1723
4794
3680
4794
3586
4794
1005
4794
10061
4794
-64
4794
-5440
4794
2997
4794
-3887
4794
22415
4794
-2293
4794
-8469
4794
1315
4794
-5189
4794
3638
-1289
1397
-1289
3583
-1289
7202
-1289
8991
-1289
-15440
-1289
-16849
-1289
8526
-1289
978
-1289
347
-1289
-9085
-1289
9587
-1289
14489
-1289
8053
-1289
5711
-1289
3578
-1289
10610
-1289
-730
-1289
-10210
-1289
-7039
-1289
8781
-1289
641
-1289
482
-1289
-6772
-1289
-15931
-1289
-3587
-1289
-309
-1289
1125
-1289
-7501
-1289
-3790
-1289
2462
-1289
15568
-1289
-1344
-1289
674
-1289
13532
-1289
1727
-1289
-1236
-1289
-11753
-1289
-6207
-1289
-5767
-1289
-21139
-1289
2427
-1289
-2555
-1289
3105
-1289
1142
-1289
-11971
-1289
15676
-1289
3264
-1289
-5830
-1289
2491
-1289
4928
-1790
-2937
-1790
13442
-1790
-6912
-1790
2832
-1790
1061
-1790
5639
-1790
7707
-1790
6549
-1790
1723
-1790
-1115
-1790
874
-1790
-10530
-1790
-19961
-1790
-3198
-1790
10015
-1790
7967
-1790
-10322
-1790
-10947
-1790
6576
-1790
4816
-1790
1855
-1790
913
-1790
7313
-1790
10612
-1790
5910
-1790
-14447
-1790
-976
-1790
-10616
-1790
3653
-1790
-6259
-1790
3384
-1790
-10209
-1790
11406
-1790
5404
-1790
-4394
-1790
4725
-1790
1233
-1790
2669
-1790
16902
-1790
-2330
-1790
-13390
-1790
-1005
-1790
-14546
-1790
3010
-1790
-15327
-1790
1607
-1790
-7337
-1790
-2233
-1790
4225
-1790
-15891
9641
-419
9641
377
9641
-2079
9641
325
9641
1978
9641
3093
9641
-15246
9641
-8212
9641
-9574
9641
4744
9641
-10040
9641
8100
9641
1612
9641
3254
9641
8225
9641
2538
9641
-5719
9641
-1986
9641
-5219
9641
-2271
9641
9185
9641
9103
9641
7722
9641
-3670
9641
-6590
9641
-2767
9641
-885
9641
7151
9641
-3046
9641
-3383
9641
-2340
9641
-1959
9641
-3582
9641
-2675
9641
-1846
9641
-14673
9641
6895
9641
-6010
9641
4007
9641
-6332
9641
-6626
9641
2927
9641
4488
9641
-15410
9641
-7704
9641
-11767
9641
-1313
9641
-10934
9641
-1389
9641
-13209
-11431
-7978
-11431
-762
-11431
7535
-11431
6594
-11431
-7904
-11431
-5609
-11431
-20627
-11431
937
-11431
-5273
-11431
-3007
-11431
-4403
-11431
1138
-11431
9957
-11431
12255
-11431
8231
-11431
14149
-11431
183
-11431
-4319
-11431
-2629
-11431
-10375
-11431
-2942
-11431
6225
-11431
273
-11431
-11574
-11431
5105
-11431
-3207
-11431
-3828
-11431
-3999
-11431
-11899
-11431
-10016
-11431
2327
-11431
-6253
-11431
-7485
-11431
8683
-11431
9980
-11431
2015
-11431
-6392
-11431
2536
-11431
-5145
-11431
-1956
-11431
7728
-11431
5494
-11431
-3501
-11431
1128
-11431
1544
-11431
13375
-11431
-12425
-11431
-11266
-11431
881
-11431
-8626
9553
-156
9553
-1263
9553
-11575
9553
316
9553
-403
9553
-8840
9553
6537
9553
-5149
9553
-4394
9553
-7468
9553
-8294
9553
10786
9553
4857
9553
-16573
9553
3819
9553
358
9553
2281
9553
-24340
9553
4872
9553
15406
9553
-12140
9553
10197
9553
5307
9553
-2857
9553
13127
9553
-3748
9553
-1241
9553
4738
9553
4435
9553
-308
9553
4903
9553
-10175
9553
10635
9553
-2469
9553
-2828
9553
3225
9553
-5820
9553
-1375
9553
-2657
9553
-2335
9553
-4484
9553
-15235
9553
-3668
9553
3881
9553
-7785
9553
2590
9553
-3905
9553
-2335
9553
418
9553
6132
1929
-12630
1929
1697
1929
6660
1929
218
1929
-9209
1929
-2492
1929
5008
1929
-5467
1929
6470
1929
-4596
1929
-5474
1929
9890
1929
4483
1929
2054
1929
-8513
1929
-2861
1929
6841
1929
11410
1929
-8820
1929
5234
1929
20738
1929
-9446
1929
7801
1929
-5691
1929
-2729
1929
8648
1929
-5581
1929
-3590
1929
4330
1929
1381
1929
-5881
1929
9614
1929
2
1929
-3105
1929
-2308
1929
-119
1929
20548
1929
3999
1929
3385
1929
11198
1929
-7212
1929
7551
1929
-9082
1929
15957
1929
5845
1929
6711
1929
-1766
1929
-630
1929
9748
1929
-4591
-3613
-7362
-3613
-3612
-3613
3926
-3613
-8501
-3613
2266
-3613
-7209
-3613
-8020
-3613
5502
-3613
7070
-3613
8130
-3613
-417
-3613
-4964
-3613
5825
-3613
7226
-3613
2232
-3613
11975
-3613
14057
-3613
-309
-3613
6254
-3613
3081
-3613
-11145
-3613
12521
-3613
13092
-3613
-6503
-3613
-8959
-3613
4017
-3613
-1920
-3613
6909
-3613
774
-3613
8515
-3613
15472
-3613
3627
-3613
1388
-3613
1339
-3613
197
-3613
5948
-3613
-3590
-3613
-4566
-3613
368
-3613
2006
-3613
-9805
-3613
7805
-3613
2128
-3613
1511
-3613
2508
-3613
917
-3613
-1648
-3613
4171
-3613
-1504
-3613
-2213
21667
85
21667
6704
21667
-9299
21667
5557
21667
-541
21667
11159
21667
-10626
21667
15011
21667
5778
21667
6920
21667
12175
21667
-9979
21667
-6783
21667
10574
21667
-1676
21667
1359
21667
10755
21667
-4714
21667
4987
21667
-3949
21667
1805
21667
3430
21667
-20061
21667
5589
21667
11654
21667
12781
21667
4806
21667
-2969
21667
7739
21667
3359
21667
3548
21667
4696
21667
-1012
21667
-4444
21667
-14105
21667
-2562
21667
845
21667
6694
21667
-534
21667
3547
21667
5943
21667
-7909
21667
3801
21667
5350
21667
1542
21667
-1452
21667
-10284
21667
-9136
21667
5278
21667
-469
4342
-8284
4342
-8068
4342
-8248
4342
-6272
4342
1110
4342
-1098
4342
569
4342
-9556
4342
3436
4342
-8462
4342
-2078
4342
2289
4342
14098
4342
-10259
4342
-3895
4342
10255
4342
17963
4342
2711
4342
8309
4342
-3684
4342
-1070
4342
2987
4342
15958
4342
8078
4342
6886
4342
-2346
4342
1796
4342
2817
4342
3963
4342
-7136
4342
-1056
4342
-3207
4342
-7447
4342
-2611
4342
-6624
4342
5961
4342
-1082
4342
-12178
4342
-9472
4342
-1941
4342
2636
4342
-2853
4342
20326
4342
13426
4342
-11667
4342
-1412
4342
-4279
4342
-5183
4342
-7169
4342
-12830
11991
8665
11991
284
11991
-4963
11991
5788
11991
-12133
11991
-12295
11991
-22218
11991
1879
11991
-757
11991
4556
11991
-6603
11991
2090
11991
-3495
11991
-15152
11991
15804
11991
7580
11991
-5117
11991
14285
11991
3212
11991
2270
11991
-466
11991
164
11991
11225
11991
-626
11991
6500
11991
-5306
11991
-5963
11991
5384
11991
4588
11991
502
11991
3461
11991
-3607
11991
818
11991
-277
11991
-219
11991
-5032
11991
1270
11991
-2621
11991
9159
11991
-3377
11991
-11818
11991
1894
11991
-4745
11991
-2603
11991
-3253
11991
-4834
11991
6227
11991
-5352
11991
-3976
11991
-4547
