-30261
23133
11554731
28787
23080
8931141
16729
28193
432386
10685
18983
3197806
15040
20696
47224
17213
2317
47894
3442
150
620069
135
-9493
659721
8540
18426
4495938
-14938
31141
1550477
21201
8825
64792
29266
-15543
9530961
-31771
-12414
8659868
18601
-9532
2284846
6373
-11618
6558508
14224
32206
2671704
11001
26424
192894
18032
25142
3703828
1190
-3849
473101
-21674
27419
261361
10999
32665
193917
-7649
-31372
5513683
-26177
-12688
15731119
3700
29761
1590836
16084
28601
40568
-27131
-14866
11551632
25168
-1482
13642832
-14688
7437
2398364
-16154
24774
495757
17356
-11741
44570
-18111
16434
2136544
-28143
10482
9463184
-9439
21947
4503988
3489
-8954
1337644
-18456
-25779
2278622
15968
13578
1867892
-13152
-2856
325804
31451
-18434
8665979
23401
22227
4896054
24779
26951
12590923
29266
-3003
9530961
27989
-31948
8421216
17590
-12465
244749
-12443
14923
840628
-3780
11529
23238
-8317
17237
4752313
-775
-21144
143854
9088
14342
4759640
-25250
-18554
12925091
16284
-16515
819834
5827
31655
2120473
-16180
30104
40586
-27920
19980
8418460
10080
-19995
7114836
-4913
-5078
32235
8647
17881
5409097
19082
22809
652859
20534
476
248837
19575
29642
714021
15272
2852
175230
-10194
13646
6392999
-24848
-31743
12588220
-22617
22103
6719965
31894
31019
9122921
-390
-32731
1639159
32016
23286
8402016
13746
32197
1175117
-5112
-10499
156898
2949
-9759
549688
7548
-25127
4731430
26682
-221
10570343
15684
-9263
47712
-19348
-32149
583366
22818
-27119
6658597
-836
6331
15086
12252
27852
313978
21051
30081
1108759
3462
-30301
1794089
10322
8180
2215521
-21365
-28472
587755
15907
5075
1346421
-35
-13535
265210
31654
-9390
8857725
4328
5231
152590
31656
-921
8531070
-4445
17461
285693
-19903
32614
1108432
-13189
-16981
582567
31104
15830
12058728
31797
-29236
8400740
-28212
-19278
9457290
15500
31165
570986
-29111
-28678
9588146
-19601
-14466
587223
-23805
25834
4240337
5548
17023
1076750
18271
-4117
2398483
-17059
21887
310242
12861
2902
1108822
26209
-2787
16515412
18566
-10896
2871337
17423
-2620
42243
1616
23853
3148816
-20595
-29904
575482
19626
5870
130607
21335
-24985
195857
23838
14415
4567075
5498
-23833
619015
-3506
753
1141971
-20575
-18614
313852
-31423
23632
8403328
8392
-30185
4365386
16059
1049
39807
26196
5341
15732304
-8324
-13903
4756150
323
-15901
6913
-30533
-4782
10509231
-261
-6648
5119
10130
-30859
6915673
-9503
-11101
4501948
-30025
22663
8551869
22773
-513
6330156
-15984
-27766
1606792
-31963
-31503
8666004
7678
-25640
5316655
27518
27021
9007223
-27078
3194
11618967
15903
12604
1343859
-27601
27167
8416647
-19752
-21502
456922
-27856
1649
8420500
28534
-6057
9131125
-20078
-12136
1689289
4782
-26530
97311
-10489
-7730
2281873
-25489
-15210
13116839
23939
-23601
5808937
-24994
-4552
13961395
-11428
11540
326290
27417
13576
8810866
-9660
-3263
5286576
-20317
-5749
318413
-29537
-121
9204139
-10471
21230
2544018
-25795
17300
12598198
-24750
24444
12656305
6224
31820
6294560
-9133
-9287
4239265
-11055
-12595
64904
4473
-5923
676102
19389
32712
60222
-15843
-29481
1352594
5072
30254
27672
-19976
32338
1229006
-2445
22278
3688405
-3876
-26534
285386
24722
-14598
13178441
-11872
-8741
1362060
-16811
20398
1085424
-26528
28068
15466660
23657
17115
4891942
-996
12845
271074
-325
31057
7167
17975
-24996
3312917
25588
-823
12592732
-335
-9053
7676
1508
-21400
1319436
-19910
31798
1174231
919
9709
664857
-30349
22660
11032485
-1568
-14046
3408108
23901
24837
4504354
-21123
18607
586726
-16676
11572
301818
-22736
-26831
6331604
-7629
-5781
5255125
-26992
30861
11031704
-24906
16380
12786877
11956
-31614
56956
-29145
9543
9849269
25909
-14613
12599108
-11909
-27570
578439
-19030
25010
1175247
13643
11273
65347
-18090
-3243
2333921
2218
-25630
2186799
25804
-266
12598858
21877
-17435
587524
-7632
21273
5254356
9990
-14886
6525009
22623
-23026
6588707
14408
10475
2264162
30545
-963
10509648
-19492
-22794
322266
-3182
-14797
616153
6594
-25093
7408169
-7682
27278
5308623
-7481
-26026
4340185
-27468
-8587
8421004
-26494
-7953
15274665
12346
29840
117319
-2753
3195
31175
-11417
10236
979349
-13654
23955
130751
-96
-7014
264444
-22392
27790
2807018
-31196
30078
11799188
23214
-2947
4308031
12693
-6651
1623880
-4541
-8981
1068017
-22214
-8394
2218727
-20960
-3673
1362164
-4548
-2416
1067766
-30302
-15432
11881133
30959
2472
10491247
-31795
-4074
8400794
-21364
4251
587498
-15772
-3128
1876628
-13579
1196
63420
21026
-28379
1436181
-18867
-9407
3198930
-6122
-23528
2311393
17929
-12625
3310866
5918
-31273
2445331
30659
-27383
10505049
-10599
2098
3068314
3762
-19592
89661
-21288
-9765
456938
-14615
996
2266526
-9909
24326
6332323
-1789
-30232
2102241
31935
-16220
8403311
-32205
18458
9449365
10160
-27863
6327388
28826
24641
9261643
-30372
11544
10771106
18828
20787
3720746
-9928
16976
6461606
-12870
-27561
1174191
17067
18470
48927
-24399
18135
4234700
-26979
3798
11293594
-8677
-16481
5538739
-30114
-16827
9791667
-13050
-9343
258209
8614
-24951
5736525
29190
-21244
9658449
20620
-31777
579082
-29206
-316
9529007
-5015
26612
681446
-19900
29947
1108688
15654
8001
505957
-21309
-31812
64489
29781
-14686
8417088
-10743
-1355
3327378
-11721
-9456
1240469
16538
-17267
889355
-16687
-19807
40440
-8344
-2183
4887734
-30476
5810
10507948
26135
-17851
15861073
-13041
17939
62883
-15572
-549
48790
-25438
21764
12925613
-5361
-29393
30195
2646
5666
1272881
7352
29376
4339758
11062
12061
261237
-25149
8941
13642665
22509
-3236
2148126
-10744
-4521
3327122
10196
31322
6327896
15841
-15596
1352044
25873
16152
12596544
-7868
27983
4201152
30684
26537
10766938
-8925
15474
4504485
15118
11473
111731
3029
9753
28472
-2474
-6579
3362001
-3929
3104
416205
-3056
9035
25792
-7036
-13534
4731592
14345
-6199
2262370
-24354
21265
4561099
-6603
13868
7344084
-17133
25017
47073
17247
-14312
309523
-19718
-31946
127711
6082
-6234
2181657
-23660
16995
4761304
-6468
6781
6298334
15905
-28486
1345908
-21651
-26626
587766
-12368
21210
52412
-6419
13587
6297566
19557
-28736
844580
8158
-4677
4524091
10797
-23779
1109878
25801
-12599
12729674
-23638
8032
4304607
20856
711
708614
-28745
26087
8539581
-17812
20549
1615606
31376
21628
8926328
-16966
4953
1157871
25763
-20823
12860237
13207
917
714073
2725
-13756
293692
12575
-1312
315715
-2279
18016
2511314
26662
12669
10963045
10538
-30267
2219623
20411
5708
52031
-16406
14328
100095
20140
-25881
56894
26991
27321
11031911
-17825
7589
1354227
24618
-29773
12652103
-27729
8474
8416671
27074
32521
11618921
187
-18640
6927
161
7686
268556
19508
-14135
60964
-9664
18813
5286064
29379
-18025
8420185
-13130
-23552
261293
-24290
-30146
4559043
8092
-12011
4981306
30460
-30854
10506846
21322
12722
130579
19161
-32040
457018
28093
-17352
9464686
15130
30569
373363
15248
-1605
566392
-20228
-7573
53966
11815
-21728
1493365
-16596
-25809
40694
8954
-298
4305503
24868
6822
12851780
-9979
-30775
6329248
902
6003
729113
-29154
29525
9781427
-8033
18182
4985291
-26878
6574
10572433
6892
10706
4208190
25719
-28485
13247813
-12968
19867
456866
-18051
11133
2659302
-9878
-1631
6919847
-9658
-31113
5482673
-27090
-13811
11619479
20074
-20115
1689143
-4007
29158
412098
14108
6345
2413138
-15693
-13583
49053
23152
-15563
5809204
-20849
-17673
579067
-5798
29432
2448099
11700
-30034
1109612
9802
-24338
7442003
30516
4411
10509908
21873
-24432
587012
8062
-31369
4788279
21682
-3119
130573
-10899
26690
587654
-2658
3363
1925323
18818
17375
3785257
20486
-5885
245761
-31607
13616
9057674
-1516
4466
1058544
26797
10517
10510190
-14380
-28266
2133656
32704
-20715
8390776
-21769
24117
194045
-26394
13589
15143085
29548
14163
8943190
-18317
-7999
2656229
6208
-8341
6293536
30841
-17033
11141478
30865
-3821
11015528
5479
-25250
946437
15193
9690
440690
-2980
-3944
289474
3554
17405
1401389
32745
-25359
8521086
-7949
-7644
4200397
-5073
28001
28135
-16881
11489
1082867
-10736
18606
3196048
24518
24683
4425785
14965
-28564
1615732
-20912
-23225
1101040
-2177
-30614
2642391
17061
7160
310044
-2251
13389
2121684
-4903
30416
424426
-5936
-16734
2120936
-16023
26692
693638
-13584
18066
62652
14374
-1724
2590821
25741
5385
13121354
-28377
-29702
8804741
-10986
-1065
259201
-4216
10424
673018
6784
-26755
4730936
-27870
-13055
8747669
24851
23100
12588865
-23355
-3980
4242376
-17879
28428
1224182
18607
6702
2153775
22187
-16903
2154271
20032
22398
1099824
29642
7579
8482395
-7359
-2229
4209104
16159
1822
299379
22247
-4395
2543901
1178
21239
864779
-19487
-11000
319964
17447
-3595
436485
24922
-31962
12917315
-30314
-3131
12272809
26130
9327
15795793
-19950
579
1173201
18852
11084
3459628
22298
-8870
2478611
9195
-16704
4237151
-2932
25930
554698
-14103
12686
2282926
23655
14790
5153061
-12277
-17893
51075
-10284
1113
2150040
-24346
2371
4690125
29917
-8028
8682314
-30629
-10047
10767267
-23877
-29862
4242399
29426
12327
8484445
21617
-8945
582916
-11767
17259
1238418
11400
-1799
717930
-18477
-19118
2150361
32349
-18400
9702258
23236
-18545
4241976
17374
26567
370715
-18356
1791
2133730
-1702
-28064
2431715
22728
14790
6462506
21292
-27526
65046
11689
17444
1240430
-2135
-21149
2248158
10400
-20302
2414700
32292
21126
9702004
-17910
5142
1156851
5935
23122
2120983
-31135
20724
12321172
-9504
6165
4501692
-14880
5157
1351820
-28328
-25294
8804482
7230
10913
4270119
27036
-28246
12337770
-32565
18115
8396683
26048
8772
13641800
-29728
28179
8675516
-25858
-21296
12660927
4319
10539
284939
-10854
-4609
1958539
-17296
-16096
566500
-25260
-6294
12598944
25551
24932
12594523
3220
-13933
554536
1828
22971
2365972
-15722
28700
767129
23976
-24287
5418030
19080
1346
717882
13659
-27989
326467
-25926
22150
12663487
-20449
-17636
311747
19910
19126
1304617
-12229
-14865
52103
-8268
-29786
4230844
12830
3180
1433683
22729
21273
6462762
-5800
1649
2513122
-5226
-7162
746745
14377
9843
2264422
13953
-18197
2675032
9829
4226
8160084
20169
-13867
187706
2685
-28066
1598262
23753
-5499
4373802
-4450
-26135
872699
8884
-25789
4243036
17791
-29449
569607
-11076
-20715
64142
21693
-25549
64270
15202
-18484
897653
21542
18266
518149
-18427
-24539
2130912
10312
5405
2280546
-12104
2922
186510
-5953
6358
2120175
-19668
6729
65238
4973
-25505
554774
21606
-3803
1040389
10656
23106
3459180
-18631
10318
2283990
14695
30748
3051877
4436
-21116
24064
-23466
11054
4435137
-22230
-14083
2219751
8351
-7291
5017931
-14309
-25664
2409379
-25537
10814
12593575
-2686
-2834
1663689
17065
-21345
179486
-8401
20931
4234679
1645
3298
3671830
6872
12109
4601914
-26939
2882
10509208
-1683
-7527
2627558
10237
-13599
6325086
15036
28901
47742
5164
19925
28166
-4611
17696
1074158
21882
12148
651783
-2650
31351
1534157
-2197
-31223
2643927
-28804
-29280
8934070
-15587
-12213
308114
-26434
2719
14751919
12115
6536
57201
4505
11645
1982730
-16768
-21436
561400
7418
-11170
4272687
-18439
20134
2277854
31246
-1896
9512051
-32560
28366
8395912
9066
-17093
4830807
-31601
15871
8926603
31318
-13026
9645169
-15160
14360
179338
-4032
-1749
18624
20480
-23052
49152
-26369
30999
14684591
26659
13358
10767205
-3746
-11365
350403
27654
13364
8609889
-13083
-14123
324524
11030
-5728
259185
-26048
12175
13641904
621
2507
1582870
10211
-30911
6587229
-31657
-491
8531329
-28677
8698
8405951
8455
-30213
4362561
18124
31090
2137626
12555
5355
55107
-19848
-21543
1761494
9617
20584
5809480
21941
15376
1109772
5968
5584
2120720
11173
17129
322428
29251
16817
9464657
-15562
-2944
244885
22808
-19936
6721570
-18998
-23665
1175243
-13615
-25494
64952
16931
28786
1354517
32130
31658
10035817
29855
20461
9204043
-32294
-16002
9767563
-20712
-8064
446706
-28503
3902
8543630
-30561
2412
11293099
-13231
7247
60832
-16033
29254
301443
8337
22218
4756808
12544
-4273
53312
25225
-17325
13251930
-9978
26345
6525089
18892
27632
3198506
-22449
-25683
2149859
953
-10955
141598
-16748
4510
562936
-9375
-32009
5026228
-2581
-28020
1075151
25837
-17420
12597070
31166
22524
11602031
32346
11588
9767539
-10358
-15466
2737819
-2744
-9191
163010
-31024
-14574
10493080
1531
-6335
1057551
28605
-8920
8407934
24298
30649
4298303
27127
-10996
11683181
-794
543
471277
10376
20744
2806890
-228
23868
266994
6281
9104
6952234
27211
13064
9465715
872
17142
668694
22883
23388
7115557
-10878
-14566
1696393
29704
19911
8545346
576
-4289
1058832
-5391
-26895
30204
-839
-7561
145902
-2327
-27153
2250206
32005
-11746
8401760
13299
-10917
59229
20427
679
53051
6645
22539
7341868
25275
-27884
12598111
-17906
-4498
1156339
15566
-32479
113771
1852
16816
2103830
-6095
-529
2117092
21076
-15780
1109520
23883
20628
4243235
-19760
-3876
64728
-7432
29104
4337886
902
-15384
729113
-16385
1977
33279
-3488
31395
1859796
-15129
-17654
438669
-6310
-23956
6626003
-7437
17202
4208605
8175
8586
4195647
25480
5976
13247578
13869
-14553
3198806
-27501
25589
8943497
17079
-3772
179485
-9574
8035
5092027
18774
25917
2350113
-16889
4242
1212913
18290
18108
2725397
-19268
21783
64206
-13016
3726
195750
32593
24218
8396144
19785
23192
195874
-26213
-31686
16516011
-12529
-1398
54707
3266
-12438
96809
10178
-29435
6392409
-2451
-26729
3688406
4356
11722
20992
25855
-1830
12595535
-14947
21239
1876874
-7789
-22684
5769161
23760
11855
4242472
-12093
19503
56201
31048
16754
10624098
6806
-23402
4928569
23244
17544
4243002
-31711
30891
8661380
-7356
21399
4209360
-9287
-16191
4368830
-29393
-21034
8420775
14901
12409
1093492
30539
-10469
10510163
-31675
307
8399744
-25993
12879
14296501
-32632
19924
9049226
22187
24348
2154271
-25874
-4758
12661951
3028
28531
28216
-32210
-5472
9514135
4268
-9897
24078
29395
-20052
8421209
-20605
19214
574457
8615
19405
5671245
-14401
12818
2132383
12554
-18491
120387
-31237
930
9446287
2959
32305
550203
-21877
30298
587771
30167
-16037
9596233
24620
14450
12586566
-17288
-28647
696550
-23766
-25426
4308695
-29688
22237
8545442
-22539
15158
6326236
7841
31378
4462908
-11655
-3844
1761686
-23437
7236
4761541
3863
19968
152881
-5182
12660
92921
26436
28570
14686800
-12452
-26508
318130
-7632
5133
5254356
25660
-15735
12593734
-2930
-28229
619723
8302
-10409
4817991
20743
23392
184577
11945
-7024
187774
21474
-22736
385565
10401
-14008
2414956
-26551
-8218
14814626
-8428
-7211
4232880
-9012
3648
4243114
31491
8215
8401777
20980
-13365
1099276
-4729
-10071
1729001
-24949
-1695
13113275
-25731
19778
13120438
-2758
31543
96967
-23858
-30198
4308187
15275
-12624
44927
2582
-2602
1270833
6779
20593
5776183
16126
23445
102527
-11524
-20741
62110
-32727
-8159
8523142
20033
16359
1100080
4891
32027
291603
-20965
21812
1360883
-13993
29093
2284961
-24609
-686
12847547
-14201
6599
2806185
22458
11462
2214431
-19117
32278
65473
-9997
-18707
6330285
-6823
30887
4602306
-7776
-19990
5507276
-3806
12702
350917
23907
-16961
5026597
-24335
1862
4232652
4457
28559
677126
-15490
-369
635031
21579
-14202
61187
-19322
-116
782537
4146
4695
85509
18921
-26856
3327278
-23792
26463
4240592
-18076
-16730
2921188
30817
19018
11272548
4521
-10315
1199374
-9858
-1423
6918311
7296
-23801
4730920
-31930
-9009
8599697
-7613
8183
5254097
28285
17374
9978742
32234
14141
9512559
30416
-32530
10509400
-6065
-32274
2117091
-5547
-25969
1077232
17350
9994
239641
-21375
-7517
586216
29712
24100
8414272
-12956
29944
848548
-7235
27246
4205534
-15164
-18729
47752
7228
-7192
4205094
-11566
-10780
130713
-14909
3486
1092489
-17801
1507
1746421
25264
-10040
12598364
22807
9936
6460705
13223
13124
452957
4235
-29333
546571
4583
16572
1458445
20231
-6507
184625
25655
-30443
12725573
-8841
-14319
4896165
-14266
17811
2345121
11457
-13893
63848
7325
24932
4993834
31159
-9892
11668845
24595
-22884
12584769
-3732
9189
546502
-32767
-18380
8388992
-32622
-25621
8984201
-25545
8076
12725669
29426
27523
8484445
-18680
14172
2282706
-26156
29463
15732392
10081
29081
7115092
5758
-15254
3751959
32663
-16245
9045369
-20373
-12475
575431
2155
-28334
2639655
-27164
15162
9724556
-3298
-849
356563
17902
25808
1156111
14640
5899
2137188
-15602
-7629
111763
-226
32116
332019
1399
-26043
668933
-28440
-25944
8541326
20226
15714
119345
-17337
29874
174561
-18480
24608
2149592
-6378
19892
6493393
11401
11308
718186
-25220
9272
13120166
-5711
24881
3165676
-8970
13900
4437165
25748
5750
13121096
-18026
-27609
3900649
-17033
-15536
701925
11421
19835
848746
-17222
-27162
113391
-14023
6027
2283942
-14480
-9293
2659476
-21869
29616
587769
-21001
-805
1238509
-2062
31097
2180829
16711
-31983
170241
-27040
-10031
12337300
18976
9671
1370164
-6462
-17285
6363865
-20227
-24781
54222
20513
-29029
313604
19586
22217
651817
3970
20319
606777
-31006
-20882
10818205
-20558
24549
118525
19248
27536
64564
-5608
-27845
1466610
8609
-23389
5540172
-28654
6057
8472193
-1660
-15596
3670760
-1003
-17852
10208
-20430
15969
118469
8516
24487
4233792
-3352
-10130
160990
13978
-17821
3002971
-12304
13079
50364
9621
6715
5809992
-3856
-8746
21708
-5566
-11769
1141489
-31857
-1355
8922523
-14596
6293
2134686
-23486
15437
4303553
-31733
8687
8398723
-29734
15786
8743611
-16215
-15826
171406
-4543
-15802
1067504
-4218
1138
737529
2198
-15633
2839593
-31397
-9604
8665987
18330
25466
2982427
-15382
-12043
108191
11026
31159
128625
-6679
-9501
5383630
-32146
18999
10036375
-4192
-2054
280828
11239
-9429
450941
9833
18608
8029526
-21474
-16551
385251
-12812
19447
1107628
6958
23877
4275255
5707
-32534
3165971
-4482
14566
1655031
-4135
7091
412154
6673
18361
5252400
29349
8888
8682332
-11317
1334
61339
31216
-18741
11535468
-26230
20046
16320171
24827
8724
12587855
-21568
26670
59640
18016
-17400
3964948
-5336
23517
163062
7134
4550
4532283
5597
-24866
1338122
4781
5606
32542
-23024
-3366
7374032
-3867
-32300
283596
30994
20282
10557025
-24669
13479
12848061
13080
24745
454738
-25807
-22743
12598708
19571
501
583461
-31104
-3714
11014296
1297
-20768
13568
10772
-25135
1107568
-435
-27091
1052658
12862
-6761
1173591
-11927
13037
710022
-9806
-6657
7442093
-14875
19816
1352588
18739
-13248
2154277
18563
15490
2675497
10583
-26422
2284897
-20540
-15252
51960
657
15970
537880
1348
1347
14848
18769
-25077
2153760
26999
3540
11162981
954
32225
76319
-13991
1329
2546082
-4063
-6068
281028
-30141
-27562
9464753
-1771
-12353
2103264
-4349
-13758
21489
-19776
18431
63704
6047
-4282
2900251
-4924
2749
31464
28222
18994
9521271
-10484
22973
2152082
25414
4531
12793937
6942
-18464
4534323
19628
-25722
65070
-24538
18445
4688069
-25738
4645
13317301
-27022
2554
12142229
-11072
20451
63624
12280
24215
180350
-24177
-29996
5801419
-24321
-18810
4231631
-25764
25861
12860082
-19586
9617
651479
-15993
-538
1737097
-4028
17639
19136
6798
-8048
4797499
11619
18874
848741
-21608
-1786
975098
1790
-889
2166815
-27300
27868
8682114
-20005
13090
1362891
13477
-11701
326476
-23807
-9880
4239824
22483
28412
2150169
-760
-21839
144610
29192
2973
9593938
8961
12403
4239696
-31694
28345
8466053
10218
1548
6391391
10275
-830
2411365
10819
21421
1108849
-22767
-24678
6329808
-13202
8064
648359
-16581
-16806
39927
2411
17718
2643751
26502
2798
15401049
14226
5651
2737753
-31496
19776
8532110
-31688
10165
8530054
31534
-12144
8469623
19324
-15188
586294
-8393
-13589
4365749
22107
-26370
3459859
-11363
11738
844698
18805
-7277
2676516
-29587
12280
8939430
30893
2560
10493806
-24348
-3967
4494028
1742
19111
2169883
-14773
-24342
3182483
-3936
29020
284876
20616
-4425
709642
22854
-12662
6527009
3537
27388
1076520
30621
17003
11289434
19262
-11264
129079
-26762
24883
11228309
4004
25338
281148
-32621
-16203
8918921
17894
7972
1548301
13010
149
130649
-15954
-17598
1150095
-12434
-31713
644279
5734
-19478
4145173
-946
11933
77027
-21381
-4374
582631
28769
-779
9191748
12400
17822
574532
-29075
-17091
9979830
-31821
-10633
8400797
11620
30117
848484
-17299
-1726
567270
5015
-13966
681241
6907
-14194
4207423
12922
-7276
1696343
-25208
-16297
14296234
-15521
11780
309651
-18664
-8186
2543826
23707
12469
5026603
9062
-481
5222485
-21115
26634
1631208
2997
-729
28476
-6513
11339
6821339
22866
26107
6397473
-6372
-5558
6558418
-14180
-31653
2937514
13401
23980
452930
393
32174
1705226
8774
4589
5482577
-2727
2808
424386
15798
16790
1289325
6972
-8515
4209206
-4442
2354
481533
9452
-12102
4240974
-26241
-14214
15208871
2854
27495
489525
-14191
-3375
2676136
5084
-14552
289306
22175
6574
2937115
32181
-11549
9449324
13157
6356
848724
11404
-26467
587370
30984
-8608
10622050
4465
-4136
546052
-11224
495
191622
12094
-26516
120951
8287
-27291
4491587
15596
13763
46702
9244
16814
4497986
21598
-24497
387075
-3653
-9361
1067983
9167
-12771
4238683
18697
-5107
2282786
-27608
5502
8547462
7231
-22257
4204839
-8483
-12319
4496314
9741
-8821
7374674
10679
-28774
3329389
7598
-19819
5319727
-19776
-24805
63704
7530
-2240
4797991
-7889
18177
4201927
3536
-21005
1076264
-22482
-13260
2215143
-23115
-28474
5287884
32398
-7846
8983675
-17559
-5374
701942
11997
-24532
318330
995
-14854
271133
-16725
27751
40959
25593
-17270
12722526
-28024
-24359
9073818
30703
-15640
10503519
19556
16009
844324
8429
-20158
4233038
6556
-3239
8127018
386
-5302
1638921
18010
5641
3508755
-31496
-8928
8532110
8576
10834
5800008
-7123
-16497
4206534
14695
30582
3051877
-4288
-24426
22768
-28188
-12705
9716364
-6438
8108
6626011
17071
21640
48415
13986
-6200
2480733
-20703
12489
317940
20944
-20637
1100808
31608
17420
9056374
1983
12159
2099487
-268
-27050
5884
23508
-27577
4238904
-7196
2097
4465372
-7346
9629
4275411
145
11479
529672
8252
-11979
4229702
-28073
16781
9596305
-28410
-26877
8605825
-2103
-31058
2248154
-9597
-4981
4764601
14431
-24266
2394467
-17199
14490
48616
-12061
7811
316301
-25654
30356
12660411
28635
-8761
8670075
-29247
-12476
9464232
-9137
-15221
4238755
-11902
5873
1688201
-16444
6225
35576
216
21815
399370
17408
25579
40960
5957
13940
2120464
-10165
25255
6328227
-6253
13816
6817753
29115
-20552
9456463
-4171
27973
20476
-20270
26826
122569
-14749
-5739
3965845
-22426
25032
3129573
-8505
-13289
4364729
3438
24307
619559
9811
5531
7376721
22953
-30189
7507246
23814
3763
4436001
24955
27306
13112135
-5979
6630
2382828
12624
-1095
56384
328
31411
138242
-11384
-2367
713882
-23971
13555
5549010
-15763
-9145
1615766
-27662
15454
8480413
1095
-24595
141569
-13651
6718
65470
-3289
-24679
424405
4789
-23545
32540
7514
19455
4536867
-13953
-15756
2675111
-29539
-5637
9204650
854
-2387
211985
-25712
-3345
13116600
-18080
13942
2920676
-4709
-32002
1860587
18075
6158
2921243
-10166
-26156
6393507
28347
-28503
8412031
17668
-24072
45568
-21562
5224
256249
16920
27138
1482770
-28698
23707
8863933
14781
-18868
3181422
-9478
-5202
4305599
-6628
21591
7602898
-24567
-25475
4359618
-15458
7771
893083
8460
16033
4232770
28157
-11874
9462638
9078
-8254
4961365
6932
-11137
4208176
-7554
-18177
5841111
27170
-29297
9792117
3132
24282
27174
-29812
22065
8939194
-18642
-27917
2219223
3115
-27356
28455
15657
-906
179558
15349
13089
42876
18364
11694
2132510
21933
-20387
1109774
-26978
21493
11358363
22594
18241
6392353
-13873
10867
3198379
1615
31783
3149075
-12109
-24308
57229
-29552
1444
8942760
22378
-16202
2741783
-28427
30077
8411020
-5110
-4407
91875
16810
-10673
1150479
31493
13416
8401776
-2516
-27698
3165910
3138
-31631
92705
-118
12700
591611
-14763
-30581
3182480
22222
19595
2219035
-7352
-6420
4340946
24162
13846
6128181
-21660
-18315
848628
-7323
28443
4994004
31647
26105
9183611
-30606
-30005
11093669
-19694
-32478
128721
-12074
-15976
253065
-31489
23989
8401295
-27399
-26467
8548750
-6244
-17556
7078618
-9585
5230
4765115
30538
30174
10575443
1624
20602
3541010
-27613
12195
8678277
-29389
2973
8421285
-12806
-30332
1172143
10724
29275
3457644
-22738
9377
6397143
21800
20278
195590
16425
-20682
167174
-17340
32310
43744
18980
-6553
1370676
16749
-5229
562950
-9325
30927
4761529
-29455
20520
8418732
13137
-28605
64848
-13419
22657
583608
-29457
32591
8418735
-2859
-11810
32712
3269
29393
31528
-19113
-11051
196033
30263
-6649
11685205
-32658
4222
8979591
-20483
31719
50174
-20307
30592
57294
32662
4689
9110649
-30446
-14460
10573473
12578
-27832
383557
-26588
30747
14944932
5630
-22455
1138703
-9846
23774
7964331
-14721
-10122
3703191
18366
-20740
2197535
31616
16506
8921208
12933
23031
586584
32644
-30005
8913528
-31700
-7567
8400518
30743
-11966
10618209
-29067
28890
9979828
-12870
30135
1174191
21150
-15386
913435
5674
8454
3231255
16432
8767
35844
-29334
30150
9008807
-28567
18823
9061766
-1222
21854
80631
-11728
30410
1109140
-3283
-8604
32726
16771
27951
1606409
-19214
-5686
128717
14803
27634
3182441
1187
8258
277261
-23558
4411
4301535
2927
-30567
554295
-19270
17872
129743
26388
4581
14685776
12499
5901
57161
26847
-13621
10770795
12061
4813
316274
-12020
-6454
54914
13111
1967
195925
12864
31409
1108048
-20192
14097
317636
-6171
4073
6554588
16888
-6798
1212430
9986
-6824
6394449
-16546
-26016
366835
22911
14101
6852903
13972
9975
2676312
-3628
26400
1068744
-21739
-32188
63472
-29949
5561
8418225
22091
29933
3198739
22080
8244
3196944
-19431
-15467
451010
-8409
-18848
4626869
-18484
-15476
2150106
-26663
22199
10897818
-30281
-14344
11685293
3730
-23549
611897
3742
20914
872507
19667
15209
65321
2007
4805
2231577
14715
-21144
2659175
12600
-26719
186438
10876
31118
1630838
4432
-5035
23552
28205
-19711
9457526
-9313
-29173
5022139
-31485
29548
8401793
26175
2952
15731031
30772
8699
10489444
21617
894
582916
1023
5100
8479
1145
21338
663814
10858
-2088
1697399
12314
6834
377411
11465
-16306
195946
14503
-2663
2529645
-22134
20217
3786475
6674
18441
5318193
27943
-26271
8812901
10231
-6873
6456669
15685
16003
47968
23673
-21606
4890918
7214
-5689
4271143
-14991
4500
570756
-18370
25472
2197735
25256
6784
12729438
5208
12638
419842
-22575
28991
6327768
-2021
-7593
2360291
27153
5061
9463152
14588
-32190
2134638
32345
-26252
9832818
-18797
-10395
2676697
14454
-20255
2851941
-25387
5085
12599208
27283
-28805
8943481
-17251
-1558
832490
4119
23639
148737
-20532
-12682
52986
-17596
30097
47856
-16262
32095
623239
32318
27985
9504887
20121
23268
971066
-18032
1630
3704040
21464
-30058
452634
-14289
-2822
2149799
-28739
3790
8407998
18888
-6707
3329066
31252
-492
9447024
16389
-19339
33536
24844
-8814
12588610
-23894
1989
4308703
-6246
-6634
7144155
-1391
20976
538104
-11022
25647
128653
16084
-31486
40568
2233
-30988
2251054
19741
30046
324386
10202
10124
6654555
11788
26032
1099378
17543
13033
700681
19423
7466
321851
10200
7679
6719578
-4230
2532
611063
4103
-23461
147713
-4175
-20423
19964
27472
1750
8420464
12305
23553
50496
5520
27814
1598472
-10432
29299
2152592
-17193
-19038
179689
-1741
-16088
2105317
-11003
-10050
62336
-14898
21390
1158283
19676
7591
326186
-14998
17796
636551
18378
1661
2199067
9108
-1655
4761176
-15608
9949
177298
27389
24846
8418174
21085
9347
1370898
30552
5109
10901586
-12606
29115
121529
-9806
24922
7442093
-2005
22717
2101223
-10813
32543
1108873
9180
-15646
4500058
3184
-15931
549924
-31433
15966
8535429
1120
27193
794628
-32605
17746
8657805
-17025
31906
569831
16829
15789
1084174
21118
10547
1695767
-18572
-2610
2676436
20631
-718
709897
17110
-24460
244761
10138
-12669
7176795
-24825
-22522
12718513
8905
-4479
4373850
-23518
2772
4565701
-16970
-4276
1289453
2311
29180
2248993
-26080
19905
13904052
31921
7560
8404332
30194
-18396
9528909
32574
-25977
8460407
-22688
-9433
7114964
28508
31867
8673906
2789
28377
291644
-8871
29624
4635042
30234
-2563
11878995
-22759
-8181
6722002
30845
3957
11010918
20779
20131
57095
-3447
-8013
685530
-443
11037
1051632
-5236
21180
550650
-20317
-5242
318413
4341
-20616
22284
-23658
-14881
4957401
11558
2039
522341
12041
7299
185714
-2054
2809
2179807
21467
-6720
322331
13687
21759
718149
-29069
22088
9979829
13450
15059
652875
14650
-15792
2202215
24152
16448
5670962
25675
24106
12595011
21500
-728
57886
-13599
23442
324028
-25735
8856
13250998
15425
26925
43360
14114
-3674
2480725
17651
-592
46861
-26111
5222
13640112
-2765
24542
32709
-10035
-28161
6332330
29200
-32700
9462864
22458
21670
2214431
-18718
-2494
2478813
-19272
32330
194766
-11650
21151
1695895
10380
27270
2676330
12787
24733
1099597
27448
30713
8550518
4141
10376
20230
963
13326
11033
-32593
-22610
8396175
17570
-24346
375309
-32667
-26203
9175940
26835
25531
10510185
21413
8488
322332
-10432
31791
2152592
2100
-57
2117156
-20055
-17440
1232334
-9491
-17911
4241342
-28695
-12968
8537534
-3553
29898
1335763
28873
-19665
8543562
-12901
12512
1893291
-19568
-8939
582872
6492
-21348
6560290
-17642
-24702
242929
25321
12206
12727646
24451
16357
4752185
1697
-29263
2365724
-11501
15624
63377
-16395
20976
34812
25945
-18194
12990786
-11499
-8117
63376
-3287
-3977
163286
-24735
3662
13373876
-22892
-13645
6854360
-15981
26767
1607561
-7928
23999
4330690
11943
408
448893
27271
10224
9073017
29922
29258
8745549
23538
32300
4302397
8732
-28821
5546578
-13375
-17366
59832
-23652
-775
5022426
18604
-28709
2154030
29433
-1443
8548702
21218
7468
389661
-5733
-16986
3949547
-24035
12421
5546962
-22496
-31323
2410724
9217
27024
4235584
23709
-19132
5026602
10777
-11746
1499506
-30007
-6841
8551866
2789
1142
291644
-3313
3521
30163
26457
-21015
15079762
31274
1230
9514615
-5078
-8794
93927
-26318
3756
14753445
-29022
-25865
8739517
24815
-31585
12588367
11450
-22556
129647
-13398
22862
126655
21608
-22622
713734
930
5440
338461
-18127
-24683
2137572
12967
28913
457053
-4170
16543
216317
-28398
-29016
8476289
29447
32418
8548689
-27832
-9240
8551570
30654
23891
10569823
21929
14524
1240334
859
-26611
277267
23691
-1945
4765483
-30059
-3350
8943544
-31573
-9181
8404879
-23562
14942
4433117
25556
12400
12594776
5846
3382
2317337
-1001
-30265
140769
-25209
-26840
14295465
-32098
-31925
9253019
-3681
-22729
1851851
25419
18830
12599123
19277
2053
65330
7222
-8414
4402213
804
11186
277012
-31588
-7372
9187978
8881
-28976
4242780
27317
17930
8421244
27535
30917
8938875
-17971
13030
3182570
32726
-25554
8588409
31491
30163
8401777
4440
-915
415746
23542
-21475
4432957
-23121
13990
5287375
19097
-29990
979258
-30764
-5461
10489496
21198
17974
130075
-12968
15076
456866
21922
-16342
1436173
3276
-10806
32298
26895
-9203
10507619
30999
-1789
10622305
24469
-18011
4753208
-5651
-28577
3164142
24151
18529
5410097
-25061
-20024
13894579
-11585
18148
63903
17466
28258
109063
30069
22147
8943428
-5604
31986
1336050
6813
-13870
4993850
-16628
7030
38642
-27713
4943
8415647
-16261
-13043
557959
10605
12300
2676582
7376
11530
4209704
24426
-25544
4822583
-13310
17996
123553
14538
6895
2203243
21095
5778
2023701
29164
23475
9455182
-5987
-24971
2905066
29552
24733
8942676
6076
-24961
2116126
-20903
-8050
1493490
-18122
-6865
2333925
29519
19214
8420691
-7718
5818
5573323
-10591
-11448
2415004
30184
-28818
9593934
-32266
-467
9634957
-16718
-15505
106237
-3012
-14364
27334
3462
880
1794089
10485
27087
2152300
-18286
-463
2725609
-21420
14111
61152
3558
-236
1531949
-8642
20897
5343415
1989
-23814
2099992
12640
-32617
839748
-8916
24553
4243110
-30634
-3453
10701985
-10150
16355
6654627
11281
7796
58720
-24581
-24268
12583871
14546
12452
2203241
-10827
-4829
1109900
-743
29273
405986
-3766
-2573
89795
-20551
20700
182782
-25296
-16603
12598436
-311
-21935
138746
-93
-20479
265213
2853
19418
293684
-5810
-23148
2186467
-20787
-3223
57338
24155
27881
5540659
16991
28438
1354003
-15885
-3781
1083277
561
12965
1060116
8007
21122
4331825
7809
-25198
4723000
-18662
-27561
2478803
27085
-15207
11554666
7839
18160
4985147
30399
-6840
10508639
-1864
-12052
2234606
-27932
2353
8680092
32230
-5691
9904237
-6914
-7380
4272335
-27404
-23836
8418956
24740
-25290
12851788
-11119
-8080
587144
-13490
-29349
130227
-29068
30244
9979572
-27925
-32546
8419231
-29429
-5544
8419235
-12042
-26728
251021
7078
-3782
4663357
23389
21148
4504370
-15007
-29983
831876
15221
14127
571252
-23367
-5387
4372942
-5823
-560
2120160
-22873
22480
6724061
-19810
-30756
913627
9690
22778
5614155
-7923
-32146
4200386
10286
-1963
2215015
-8056
23138
4854986
7674
8784
5317167
-6324
18592
6299346
6027
10009
2639643
16929
-20438
1354004
-161
-20124
268787
-28903
-29341
8802738
-16269
31935
558981
7478
-21588
4406309
24088
16654
5668914
-2908
6365
293580
-29562
29134
9138345
-26776
-8419
11162774
24392
-12127
4365362
22344
-15529
2284562
16654
7560
103427
-2158
9299
2705113
1904
14033
2626580
30989
31087
10491746
-535
21250
1189358
9074
-9998
4830805
5924
-11011
2382356
14682
23881
2464355
-18365
-30544
2132961
26035
-32473
13643597
-20148
-22875
57026
-12553
5546
185789
-9241
26616
4628925
-28980
18467
8412858
-12855
31213
1240490
-16037
16571
301955
-26188
-13513
15732396
-5647
2981
3163628
7611
-28724
5253935
-9796
15540
7375534
16359
-11898
426365
24620
-6750
12586566
-13495
-8081
196018
19542
1606
257057
921
-6787
925978
-26130
24683
15795375
16822
11786
1281037
-23381
11038
4243407
26834
11049
10575465
-5519
15947
1598964
-19468
25598
59100
-27564
25003
8416896
-9934
5783
6397605
24466
16433
4818489
-20844
13191
579320
-14352
-14186
2131100
-7089
13975
4206019
7488
25694
4208672
23289
1223
4370750
26636
-28989
10503778
28228
18421
9456240
-28841
30119
8543665
19164
-26609
326202
1895
31785
3019029
9692
4231
5548618
27961
21324
8550758
10038
-24622
6528085
10425
-7112
2283886
10455
25470
2284905
23569
26703
4236576
26448
14951
14687312
30773
1383
10489700
7550
10037
4796455
-22971
-19152
7375824
-6236
-20894
6556380
-18122
-10604
2333925
7056
-1869
4727864
5079
-1421
159001
10058
30446
6397523
14134
-6705
2350165
-10771
803
1107854
-17462
29052
110331
-10662
-31143
3525267
-22452
945
2150114
9474
2712
4305473
-13627
-11736
64440
9001
-19589
4373846
12058
26627
381555
-9295
18234
4238780
-31377
1213
8926599
-24466
22812
4818119
-31492
-22791
8401550
-10129
-6677
6849959
-29600
-31716
9199780
-6422
-3653
6362847
-25792
25411
12597424
31135
13182
12321131
-18581
-6500
2676695
-5666
-4466
3492075
20957
-20013
1362698
3010
12657
92729
-27662
28656
8480413
-5549
27710
1077233
-2027
2410
2099168
-18
31765
66815
17695
1337
307459
24526
15615
4295739
-8774
6353
5352111
13322
-30438
124483
-13074
1602
128175
-327
-16601
137726
-29095
-23748
9849266
-20156
-4975
56000
-26019
14536
13904818
-28590
25660
8474241
-8530
-26246
4299967
31357
12638
9970550
653
9197
538394
10040
19939
6461526
-13041
-10008
62883
-23965
-25854
6071253
-30639
1070
10505632
30986
26027
10557027
-18829
19106
3721173
30400
-23598
10508376
24593
-10789
12584256
-25488
-9050
13116580
4322
32707
348685
15704
-12114
440418
-23085
25610
5287881
23486
26672
4302911
1845
-6367
2105108
-714
21377
212197
9189
-10021
4498268
-26361
-29179
14815649
-28128
15179
9726100
30087
8520
10117449
27245
15023
9987958
-10796
2834
1109640
-28408
8547
8541314
22297
-17345
2543890
-27098
29472
12011669
-7934
-31812
4264641
-17954
-25116
3508459
1132
-24432
534022
-20907
-4475
1101808
1050
1899
336387
-2118
-31916
2181855
-6190
4723
6360793
-24495
2934
4230592
-23410
-6562
4830411
14480
-10905
2659432
-2201
-8694
3035605
-3991
20601
673222
-20417
-3339
51655
20850
-14566
644613
-9155
-9476
4238246
-14149
14394
2153391
-16920
-25956
1221870
-6684
18481
5513932
-16479
23646
297468
-17596
7988
47856
-3018
-25903
224453
-31334
11190
10297995
-19229
19910
324557
25133
22066
13643606
24224
20193
4495420
-29322
26702
9139365
28984
29617
8542278
10442
9440
2219627
5569
-30706
1075464
-30009
-21932
8550841
-8580
-18545
5800630
30086
-30511
10182729
-29742
-9838
8482489
-22490
-15041
2607333
-26933
-14261
10510235
26393
-10813
15077714
25448
-786
13251670
11476
10270
65128
-21115
-25984
1631208
16483
-17211
819973
-10074
12795
6789293
-13409
-23524
844219
3743
-6692
807227
-17723
19811
48120
-16219
3269
301964
31913
22460
8535406
22909
14555
6853414
-13969
-27790
2676135
-7652
17071
5513938
-17767
6166
963066
-9515
2434
4243384
-13191
7670
713126
17112
-4356
440346
2661
-8626
1860404
-29766
3028
8481471
-18722
13072
2480347
-23854
13559
4308697
23313
-10582
4240688
19380
-22759
60988
-21197
4045
65509
20014
28932
1166391
27475
-4017
8421233
-29682
-29400
8479907
14100
-16618
2152016
9069
-11991
4765526
-22759
-29048
6722002
23258
9580
4569659
27994
13505
8747619
21164
9051
65054
24087
16422
5408049
-30635
20590
10506144
7015
8050
5124405
15777
22716
1354092
-30253
-30042
11554729
16048
24290
40060
608
-19239
1843220
3880
-29832
154678
-24026
-7667
5744853
-9440
23769
4503732
25921
14558
12597568
952
24669
141342
-15547
-32675
48016
-3873
9910
285131
-27294
19472
9269893
-10059
-19552
6332332
5731
-19069
3949333
19390
-5295
124991
24113
-27600
5279028
-11151
30072
583044
13870
-7929
3263575
10243
-30112
2147169
23871
-19068
4241703
30407
18747
10639705
-11605
-30517
65439
-2094
-12238
2182873
12345
-24670
182598
-8628
12075
5279410
-2182
-14004
2708183
-964
-13993
10982
-13972
-4534
2676390
-17841
-29683
1093107
32043
-6418
8404839
-14092
-24620
2152108
16095
24652
301435
32335
22742
9440627
-10194
-20802
6392999
22824
7765
6462502
-2313
-16305
2250205
18123
23472
2137883
-18205
3749
2397165
2479
19818
3165487
-21404
30939
844516
-23574
-3751
4302559
-28367
-18161
8412548
27891
-3608
8419181
-7270
-10318
5055195
23407
31095
4764983
21565
15770
60166
12808
4415
1238098
20425
17382
183610
22724
14186
6330920
-825
23051
145897
12425
-21039
709962
-4549
3569
1068023
5646
2612
3228691
-7274
-26580
4924633
7091
-18186
4206397
28622
21328
8473723
-18668
27173
2152144
1528
-2824
1187854
30840
18197
11141222
7337
10760
4341038
23759
-13254
4242731
13707
17846
1632075
229
28829
267020
-26806
4723
10575507
-23250
-29440
4308167
-1743
-27000
2104804
-22238
5215
2480869
28710
-24250
8865861
-17442
-16269
370939
560
-3703
1059860
27973
-10236
8420192
-30385
-20414
10509731
-24640
-6810
12585144
-14281
15075
2280869
1604
9362
3148304
-14055
31312
2544034
2636
8281
1076786
-32541
10911
8655757
-11267
-13045
58270
-24049
-20970
5285331
22472
3083
2280474
-14110
28945
2478765
24182
28542
5997621
-1437
-11567
1844213
-14833
13555
3179923
-28723
-5755
8409018
32005
-20439
8401760
-32657
-20065
8914311
-7885
22236
4202437
-6043
-13702
2900964
28028
-23493
8942182
-20549
-26147
52223
14300
-10356
2411098
-18052
-9796
2659046
960
-31568
10264
28552
19230
9061498
-10503
25657
2281886
-17989
-19456
3181551
26705
-13132
10505568
19964
18678
1106478
-7627
32426
5255124
23064
-4167
5677106
24387
-23515
4234033
6806
-10244
4928569
32230
-3757
9904237
-7000
17208
4340942
-17041
-2462
570855
-10902
5334
652935
10017
-127
6592852
-14265
15473
2279841
-15533
31288
49041
-13310
-28836
123553
-24294
-4421
4559555
-6405
-3335
6296543
9321
-18760
4891974
12045
20357
55154
-28829
31814
9196469
-18762
16740
2350301
21327
4424
64787
-8610
4284
5605555
-594
31376
1125615
-23099
28342
5286856
-16569
29820
170481
24216
29629
5148730
31142
-32703
11995245
-8684
19379
5277360
-8485
-18074
4496315
-28104
-17208
9595030
-10196
-27043
6327974
-8937
28450
4371873
-12611
-14528
56254
-22686
6112
7181013
-8502
-15123
4300475
24910
-10395
12655683
-28697
-26441
8798653
27624
-8451
8545406
-12232
-14448
182406
-21294
-1901
130793
16376
8606
163966
-18894
17598
3264213
-1685
21211
2627559
-4214
-31099
607995
11920
17830
578680
-32103
31091
9318810
6692
-28546
5515828
3101
-1043
287522
25045
2145
13635400
-25188
-19272
14426794
-24229
13624
4496323
17691
-28875
307971
30300
30536
11815506
-16105
32332
169345
29078
8984
10175561
-24065
10940
5276111
27395
-3360
8418161
25947
-21611
12860227
-24139
-157
5279692
-30651
23967
10505120
-26230
-29281
16320171
26487
-22629
15340885
20088
20935
1753142
-5093
-28889
287715
1523
28531
1058573
-12497
-27477
56759
-3623
-25118
1460682
8690
11578
5342797
-21773
18860
63485
-4182
-29109
85759
16852
-30015
1084936
16233
-22472
693622
15830
21040
1289321
8182
21123
4391997
30984
-29712
10622050
-24257
-22533
4233671
17947
-21884
3441427
-29222
20882
9792171
-5304
670
163058
29656
9674
8808538
2871
-5601
163125
25650
13867
12660293
-29851
-13657
9204660
20790
-14662
252933
-13304
792
189602
-19930
15519
1566933
-1806
22210
2168557
3294
-17046
358443
-10662
-13675
3525267
3754
-2151
89663
-30893
-30826
10493841
-21876
17415
587514
20313
-17258
448818
-23911
10655
5157338
-6347
-28554
6299604
-16279
-8634
689542
23789
-4667
4241198
31275
31428
9449335
-8793
14002
5679533
385
6811
1573128
-21226
-5151
259297
-3894
-19676
89803
21591
274
191745
-32052
11883
8404634
-15391
-3587
303516
-24704
30681
13107384
-13290
-13997
255137
17115
-63
310043
-18198
12965
2201327
10950
-31723
260217
-16619
-14580
38896
-23957
-27776
5810135
13356
-14162
60998
25099
28536
13641555
-13630
-18835
129721
14740
-17066
3704424
-31601
-18858
8926603
-24294
16147
4559555
-10431
4264
2152848
17340
30936
43550
-29142
19607
9522871
5542
-12127
1533965
-32001
6576
8401311
12660
15774
579140
-32676
-20856
8653442
-24572
-4994
4227776
-1705
29740
2235873
-24623
-20607
12586424
7761
9012
5246256
-14168
6869
2284718
12830
-22879
1433683
11574
13752
261221
24630
13197
12782661
16495
-17020
558343
-15497
25815
701845
27766
18798
9135205
-3829
-14306
22467
-7091
-9322
4206530
-9606
-28142
5874359
14009
21784
2283870
9695
-143
5548363
-18479
-18634
2149848
-934
11394
338659
744
-10838
144414
-10890
-1970
783493
-19319
-1815
718282
-19072
-29205
1630408
5333
2475
32520
8890
-13931
4307551
-17340
4316
43744
-30836
-17595
11011738
22409
11301
2802970
-14378
-31719
2329753
18907
18184
3459883
23826
23056
4306465
25271
16948
12729693
-32386
29531
8982663
-15424
13889
43160
6360
-19773
6690858
-11889
26740
1623435
26352
-387
14685276
-30747
-7383
10748828
1291
-29297
14083
21861
20107
848644
9395
12538
4243277
2917
32602
815924
-18276
11131
2921194
4335
32576
21775
-12153
-8439
709001
22351
27268
2153747
23414
-22249
4961333
-1652
14573
3671786
24274
-24623
4300345
22559
11069
6586659
5607
10788
1466637
-1679
30367
2627044
7856
18156
4201532
7778
-5744
6095413
25867
10689
12597059
652
29505
538138
-8147
17061
4198342
-26180
-12572
15731374
13436
-17783
582214
3010
-7408
92729
23991
3428
5418285
28848
5400
8412236
-11785
23550
1230221
30145
-26652
9464136
-6995
28791
4210638
-26797
4636
10510225
10952
31109
195706
-33
-698
264699
-29748
-12064
8416954
13336
-10207
450626
-26495
-11056
15208872
-23242
-3416
4439237
-14681
-4331
2529693
8494
-11890
4299847
10262
-21476
2344033
-18388
-2235
2133734
13987
-9165
2415453
3571
17202
1074989
-22776
9627
6460626
-23352
-13899
4373706
3072
-24642
24608
-8098
17625
4524227
-751
-20318
13792
3840
32656
20528
-19334
-19047
647879
29053
5717
8934214
929
-201
272668
-11491
-29443
324498
28385
31720
8671612
17574
9199
505869
21368
20098
716822
-4925
9923
31721
2095
1518
2116903
26066
-31477
13708873
-24013
25697
5287893
12690
-2125
1689161
14521
28878
2267502
29998
16690
8485959
8034
7924
5050933
-1338
-4617
211193
7608
8324
5384238
19566
-6030
648231
-10892
-8552
587396
18444
21160
2147874
-10559
12237
2152856
9445
17070
4502348
1208
31040
145422
-4682
3299
1273069
-15395
5173
306074
-17867
8289
1093620
14600
18824
2266210
-5002
-17690
746725
8965
10621
4240208
-7206
-13620
4532955
-21056
-29173
1108200
21926
3584
1566733
-17514
-10605
763129
-17794
21523
1679607
13563
9369
62287
-26964
-27
10509982
13421
32663
583494
730
-10372
342555
24407
-9477
4365617
-28371
-24937
8413062
41
26641
134406
30525
-24442
10509142
-22440
13667
2541794
-5073
-4564
28135
16010
6331
628347
-28701
2924
8668093
-24330
-16736
4429005
12050
-31918
120433
-8689
4343
5277107
31564
-14361
8404594
-10193
13600
6327719
1734
-29997
2299929
2052
6252
2114080
-4298
11355
220405
30900
28671
10493548
9349
10002
4764488
4352
20386
20480
8520
-22410
4365378
-14508
-9035
2137744
-6883
-28824
4469698
14796
-23740
3182186
-25930
-10463
12795069
-22408
-26512
2801894
2112
15051
2115616
27927
94
8549729
-556
-14736
1060584
-25353
-27866
12727725
27214
-28845
9530483
29343
-32167
9204059
16459
24366
36611
22843
10071
6331175
-31678
23161
8465025
-29638
2572
8481447
-23919
30571
4765144
-6281
-10283
6952405
9464
26247
4370510
20798
15382
120839
31526
3371
8861813
14208
-1132
2670680
-28145
-22089
9463187
-24029
11084
5549013
20713
24347
185614
4850
26553
95773
214
-32014
203785
20674
-5698
121353
-26462
-10716
15014573
12171
-7082
575355
-18689
5562
2150879
23233
-32642
4241720
-18311
18582
2785766
4738
23350
619033
-26947
-6189
10509214
-27664
-25830
8414364
4990
-6367
618519
-28102
16316
9530007
4984
28697
684054
14644
18437
2137700
19115
-13812
65343
-21
-14945
2047
-8969
-12037
4371885
4065
-25408
278844
32512
-14324
8392816
8513
-32673
4233536
-14240
2298
2932900
-22290
-473
2217199
-29651
16162
8417190
-28735
-5113
8407480
5801
2958
2252062
32453
-6938
8395640
5079
-15003
159001
21981
-4535
1370890
15607
-29392
177517
12833
-5579
1370452
-3932
-9990
285388
4509
18866
1852170
-12173
-17730
575365
28780
-4555
8930886
-116
1981
526074
-27088
25203
11553940
32541
-13966
8655730
16766
1067
626695
28331
-12645
8413055
11148
-13346
583290
-22268
-15281
2151136
9124
8311
4500060
-7041
-23260
4727239
10201
13924
6719834
-28706
13106
8734907
12120
-20342
448626
17661
12221
45838
7298
3848
4796969
-24496
-20701
4230336
1713
1338
2104604
-28553
-31873
9061765
-3252
26552
32466
-3657
-5547
1199565
-19128
-16098
195778
9204
-21743
4236892
-3555
-20569
1336274
550
21510
1517589
-19040
-22361
1370316
-4786
-21695
97507
28838
4336
8869965
-2290
-10893
2184403
-31124
-29448
12060310
18440
-26367
2278434
30529
-22089
10508624
-27459
-32147
8420238
10585
-2112
2546018
938
31637
77343
12631
18522
187713
3105
-4909
289060
2096
15332
2116644
15013
-23585
310140
-25510
-24018
12921507
22347
21618
2154259
-2039
13509
2229730
28221
6379
9456502
-3959
-30898
677322
-23158
12087
5875403
-18480
-21714
2149592
-31224
-2187
11666578
-13763
-18040
1108918
-32012
12606
8402588
-18457
-5046
2539997
-30219
-14048
11552684
1896
30473
2757654
243
-6265
5901
7550
-7195
4796455
-21395
-12804
583654
23494
-11218
4433977
-10532
11566
2415258
25825
-26926
12857676
-5542
27459
1403635
25488
21872
13116504
-8445
-7875
4232113
-9959
-4239
6721954
1767
16547
2494749
4588
-18439
1066510
13127
-7456
194897
431
-28870
1051919
13625
-4400
194886
1836
-24015
2104854
17757
-23540
310018
21834
6524
130563
4697
19165
1468690
11
-32750
1795
-27093
-28254
11554711
-4272
-24141
23792
5221
-8911
811780
27264
20586
8941688
27221
28936
9465712
-4494
-19476
1656565
-10536
-23045
2545818
27772
-29064
8938086
-2151
17825
3031514
2100
-25710
2117156
-32735
9676
8653188
-15890
-13728
1148047
951
-16101
142621
-25731
-17524
13120438
-27073
8688
11553175
16005
13835
562040
-11684
7577
1370770
28530
-8313
9000565
-12816
-19526
1107116
-1057
10751
272891
-15990
4110
1672843
21557
-7998
61188
-8039
-6929
5116362
-15846
-15917
1417875
11363
-12655
844645
26425
1452
14817622
31842
23435
9249381
18251
-24460
2137875
-23292
3261
4240064
23098
20807
5351991
28784
-25247
8930372
-27090
-25527
11619479
18896
-3736
3197992
9149
29903
4238174
29606
-9150
8874077
-4977
-18498
554475
-21867
28322
587768
-2494
-32243
3230417
-27656
-9778
8544414
6282
16128
6886955
19114
8613
130623
17289
17150
697626
13734
-6952
1566797
21492
31740
58908
15881
-6929
1213810
-18901
25307
3198935
10210
-20598
6652509
-10442
-21625
2350229
-25268
24999
12598946
4431
-24955
23811
-20868
23732
1622774
-32751
-31118
8390016
14330
-31243
2212447
13013
17617
65368
10242
-9311
2212449
21377
24225
581912
-27962
-11986
8616089
-7392
-20971
4470996
-32485
16840
8655747
-11312
-23250
60568
-3860
29327
22222
10376
10289
2806890
18599
-14930
2545965
22355
19619
2154257
-24728
25102
13243574
-7938
25452
4264143
927
-28864
794907
-21996
-23837
1107696
20844
-1107
579078
-25876
22831
12596926
-27625
19206
8545665
-29294
-24731
10053289
1591
-15335
3280149
-19275
24340
65484
1651
-3019
3671829
682
18163
81439
-4438
-30408
89855
-287
-31544
266748
22608
-25452
6327328
12745
-17181
1232202
31231
-25498
11534703
-26100
26608
13641394
1188
9009
277004
7210
21697
4271655
22530
11032
6390305
4947
-10132
32529
13949
17008
3720022
704
-27196
14360
-13135
-26756
64940
5967
-8835
2120979
-27317
-21239
8421251
25098
22822
13706835
6242
26373
7143973
14222
31088
2737243
-19025
16122
1109455
-13594
-28578
520381
9988
-6630
6328912
27832
-14692
8550510
31097
-31452
11145574
9767
25712
7768405
7031
-7815
4863285
-13440
13457
581816
-24517
-23657
4230087
21392
-12893
582680
22448
-15607
2149404
-15995
8609
1606536
10654
-27788
4046955
-6930
16706
4273359
-30728
412
10616990
-2727
-4713
424386
18347
-4732
2133791
23834
29178
4567587
20745
27132
185602
-29658
15089
8874149
-29242
2124
9660585
-12373
12311
53183
-6551
-19615
7996886
-30602
-12660
11224229
-8564
21662
4757178
-6556
23637
8127188
25396
7133
12598868
-20293
642
56271
-18066
-21156
2725095
14899
14001
1093493
-17230
25534
114413
13670
-7031
1044549
-13153
19137
848299
31893
-28024
8927080
-18430
10237
2196193
-19256
7199
195786
-6363
11445
6560724
24022
20774
5483561
23666
15992
4826661
-4796
26777
31456
-27788
-19948
8943252
16485
-11184
819972
-23914
2119
4961497
25672
31890
12725314
-23178
-7959
4961477
-8489
-9895
4365753
23086
-8359
5352503
-705
-17127
14823
16483
-6652
819973
-27880
-9793
8810642
22744
15680
6723626
-22242
-30726
2478307
-4177
28274
19967
15445
-1789
44896
26741
69
11028324
-14604
-15231
2135708
-32053
17605
8404891
700
-2577
14878
27316
-9050
8420988
-4222
20734
606969
2082
-24051
2443813
17001
9505
1746198
-26414
4900
14753449
18905
-15880
3590442
-17403
7174
41952
-25930
-5572
12795069
-6201
-29817
6425049
15462
-20260
1024101
31159
-28685
11668845
-18544
-31510
2671832
-10754
20213
1171599
-23270
10423
4567747
15092
-32619
46716
-29027
-8342
9196474
-4188
11265
281340
-26376
-19251
14815406
-331
-20213
8188
-18819
23415
3720150
-18728
1959
2545882
-27758
-9892
9004697
-22815
23798
6590940
25557
32689
12595032
-27122
6821
11617427
-7397
4861
4469715
-21121
-7138
586215
-29901
18299
8421301
-24645
20427
12585919
-20517
-27779
314363
-23117
-29517
5287885
-2854
-11153
359115
-7650
947
5578963
18972
14027
1368626
-23316
8667
4241102
-6945
-2799
4471243
11326
-29767
125031
21560
-7604
190470
-16045
17396
40833
30843
-27421
11010919
-19151
-8555
64964
-24869
18671
12852155
-24370
9197
4299979
27995
-8031
8682339
9761
27586
7637332
-21786
7093
520445
-30425
5109
10901925
18888
13241
3329066
10588
14923
2415202
24342
-26088
4428849
12119
-20007
187761
-19052
21805
1631944
21579
-3837
61187
6431
-1836
6557987
21784
-24086
454658
9608
6945
5940298
-10602
26017
2872473
-17464
11934
175354
-4206
9615
607993
-4413
-12121
23545
15721
9920
701798
716
31668
15898
-26641
-20682
10503583
-25383
30476
12990890
-26596
-9300
14942882
-5672
-18113
3557610
8346
-15823
5083723
-22754
8808
6656211
9865
-24500
6985050
31439
8598
8404347
9303
19635
4369729
-29705
6474
8545725
-26521
6456
15597989
-28457
2708
8543625
-29669
31096
8676259
22474
-10699
2215451
-10504
-12045
2281630
199
29665
137481
-8741
43
5548971
18769
-13631
2153760
-2779
22433
293828
-26910
-8176
10834589
-16870
-18204
1409779
7343
-18208
4209967
1476
-26376
1059336
-24444
-1966
4756168
-26021
-14272
13904819
6489
-569
6691106
28323
11465
8674173
-19272
31170
194766
-3874
31711
350411
18424
29493
2261022
-6400
-16990
6295760
17963
-27704
3182359
-15732
-23104
571034
-19407
-4892
60868
-11712
-28778
1108112
-15873
-2332
1081743
4588
30986
1066510
-3339
2493
30684
-22594
14993
6392031
9375
-16612
5026123
2567
-8308
1204529
-10436
13662
2153110
9811
8862
7376721
-18139
-15492
2399204
-14487
-11815
2790806
1982
-28288
2164767
26431
7278
14686551
-31918
7020
8470161
26659
-8315
10767205
-30394
-3351
10705057
-5817
-1803
2251233
21546
-13344
126471
-14020
-25318
2153126
27171
5513
9726837
-5624
-14987
1205490
7348
-32125
4210220
16844
29767
1084938
28462
4242
8477815
22357
-6249
2154256
-7639
8586
5385686
-14089
-24754
2282925
-13513
-23441
196021
17352
32639
175130
-30010
-7635
8616121
-584
-21133
1190126
-5759
-461
3686888
-5944
19985
2252010
-16936
-27425
1485034
8340
29169
4757064
4426
-320
89603
20164
17603
55864
-14472
6547
2789526
-16207
30808
40332
28717
-26599
8408902
17423
13526
42243
8386
-25289
4299337
2645
832
1077040
4988
8754
553494
17647
26870
46351
-25357
17352
12597165
-331
16062
8188
30433
5011
10768732
-29764
-27126
8415934
18097
-6942
2137372
6203
18747
6294311
30648
15072
10635358
11886
15578
1688695
-6259
5060
6817754
-32314
-27980
9635977
5473
-1040
815364
22415
2550
2671899
14397
13472
2132838
22375
23321
3068181
-18242
-8385
2201839
-17429
3489
43007
4293
26757
23304
22005
4396
1107724
24850
-3089
12654145
-6288
-21288
6821076
-12412
2456
574136
4178
-4702
85505
2253
-15962
2121514
6378
-19184
6362671
16609
-7143
299276
-5393
26600
30207
-320
-28070
6392
9648
24871
5286988
-10517
-20705
2152351
21045
19104
1109780
8825
23249
5939542
32632
7495
9048182
24197
-9052
4756280
-8488
-26369
4626618
17964
-23019
3182102
-18668
-267
2152144
-27972
8230
8419998
-2272
-20513
2382036
32237
25713
9447278
-6713
15618
5384649
14309
-27481
2409308
12467
4570
57165
5578
1417
1142283
20540
8685
51718
10394
18495
3002987
-20605
12467
574457
18383
-25734
2133275
-1845
-3416
2105323
14725
17576
3703656
-5078
-8398
93927
115
-22857
526085
-25554
-23466
12659879
-5933
-29239
2121705
25757
-3731
13382474
31750
10629
8593505
4066
32132
344637
14382
21071
2198631
31290
8284
9513591
10419
-24283
2154349
-19181
4671
63425
-19133
-23561
64449
-30035
31553
8421310
20092
-11242
1622582
9497
-14302
4632898
2936
23410
684086
31742
1831
8462463
-16280
446
689286
30738
721
10552929
27658
16166
8480355
22134
-28761
3916821
-27261
3173
9986953
20429
-12264
53050
30369
-31618
10770780
29987
2745
8682309
-18577
-16373
2676183
-20545
-15767
51711
-9381
21645
4504499
-19493
9005
322523
952
14111
141342
1607
31986
3279121
-16842
-6441
1281269
-4873
-21535
161261
1355
-7171
16131
-16854
22883
1150711
-1891
5565
2888682
2172
885
2638374
14270
21460
2213983
19894
-6348
1305645
-29650
-3032
8481959
5274
-12650
881163
-15066
30236
505989
-31187
-20630
11538326
-362
-3112
726265
-9657
5355
5417393
6055
-518
2509085
-4541
4234
1068017
-30167
-19596
9596342
-13561
12228
192945
27499
-14962
8943479
17945
9939
3571986
18818
5805
3785257
31908
22235
8665708
3234
29765
358957
146
-3311
595465
-11961
-26104
186753
29790
-14478
8742979
-11265
-13068
57759
-31679
-12139
8399232
4202
-32350
607751
-15092
-18711
46722
-27101
-31720
11815829
14212
22474
2671192
-17738
5684
244989
3397
2032
31520
3265
38
31016
-15105
-6688
45455
-31883
-11845
8927124
-14798
13791
3247765
-29033
15414
9065913
10263
22940
2278753
23180
19673
4765242
-17028
31555
570086
15143
2243
440693
27974
14792
8616033
5444
-31040
31232
7920
25014
4199484
-7941
4276
4199375
-28291
3902
8934278
-1031
-9125
139774
-31215
900
11535760
8455
32187
4362561
24631
20183
12717381
5303
-26321
163085
3797
2985
24376
23593
20347
4369702
7942
19013
4395057
-3330
-26908
94431
3654
-11405
1263665
-28476
-32200
8411784
-24128
16644
5277896
11932
22426
840314
-9660
-24492
5286576
25945
10059
12990786
-19059
19715
1632202
20400
-10009
52284
29909
8006
8421192
6176
23586
6555684
-26900
-28948
10507934
-28539
12510
8934280
3243
28271
32559
6445
15820
6299430
-26326
-19022
14753447
31392
-12582
8665212
-18090
-16270
2333921
27628
-19593
8414846
-25234
29333
13186215
-20603
-22238
574456
1310
12985
339971
-25485
32158
13117349
-28136
668
9855122
-20847
-19444
579064
19825
8940
587044
-4533
-24885
1069043
-17766
-20875
897787
-5672
-10961
3557610
18516
8492
2149920
-13558
-27765
128691
4256
26718
284684
-19035
30915
1371084
-8584
-3574
5931190
20618
-27754
644619
28845
-12071
8413006
19779
14468
64289
10102
23114
7050325
11457
-29634
63848
-20381
17954
836549
-31357
9597
9970569
9721
15030
5415246
15362
9629
107105
-29724
18262
8676028
-778
26140
210157
-30744
10000
10618014
-5287
13442
424434
-12031
-22954
53632
-32101
-27536
9188251
5913
-22936
2511122
7995
-29350
4201271
-7716
21646
5507786
-521
-15040
1189357
-27944
-1893
8812698
-16681
-19275
171513
4452
23936
807428
-16025
-20863
954757
-30698
-5536
10699937
11984
-22937
56440
-31020
31237
10493592
4956
-510
293394
-4612
21770
1073902
-22980
-22913
7375574
-6666
22990
5448909
3101
-5725
287522
28391
-17945
8802685
30796
-10950
10489442
-2154
-16555
2835673
23784
-2786
4371502
18426
-7313
2195999
-22314
25563
2350313
-10624
14353
2674840
-7153
15068
4203971
-13812
16761
1107634
-13073
-9368
62895
22839
30655
6462757
-4606
17328
1131249
-28189
12386
9716621
19122
-8286
130621
-913
30390
533991
21760
30554
61440
-13970
18086
2741415
-32450
-6511
8460423
10829
156
1109874
18878
-12382
3262511
-13179
8104
586664
27139
18211
9462641
26110
-25705
13705295
2707
-9195
554809
-21692
18735
64240
-1521
-10956
1058291
19758
31838
130087
-31842
-31348
9248923
30549
8613
10510160
-22045
-11753
3458029
-20876
12518
1623796
8430
-14647
4297807
3177
-20955
681254
-22658
24825
6918359
874
-9568
603671
-28865
18623
8411575
3380
-22186
32292
-23501
17268
4239301
18586
-23404
3002923
-6336
10315
6297808
-25006
-23136
13700785
31553
-11197
8403312
16260
-20637
557688
-19732
21129
63198
30051
-8185
9204549
11685
-32076
1370988
-2706
29404
619719
-4748
-31870
554724
25240
31677
13512794
-7014
31797
5059275
29783
-30172
8547649
-32650
-7844
9110661
-11079
6716
194958
-9111
26000
4892070
3384
-32083
161830
2135
2977
2247969
-27780
-22462
8942230
19380
29824
60988
-25413
-18598
12598191
11768
-28458
1237102
5362
11910
95757
-24190
-11748
5866185
29709
-5617
8415042
31005
-2247
10752866
-26040
13130
13774002
-21571
27444
60414
-15379
13548
42910
-21050
-5496
1304809
18005
1329
3182352
-29835
23413
8943540
30701
1637
10504030
-15324
-19170
305796
-27137
8112
9462159
12347
-19472
52039
21787
11354
324355
13282
-6168
385629
-10859
-23528
1632136
-25387
573
12599208
-25316
-7390
12858018
-23540
25086
4236994
1160
2797
668682
-8709
-17467
5284783
-31244
-18476
9447052
-466
-30669
1117431
-24415
5843
4495820
28788
-21195
8930884
-31819
30592
8400796
-11823
-32334
1101192
-28023
28088
9074074
31176
-16787
11668586
-4673
-19611
1075695
-18432
17962
2130144
3553
-19327
1335596
-26949
-6037
10509215
-16762
582
758009
-3079
-6105
156126
-19047
4953
2023882
6192
30888
6294564
-17526
15920
632571
25900
-15222
12598854
-29282
-12366
10313899
-8602
27068
6258869
2301
19283
2118446
6121
-29952
2245918
-315
32563
7160
-15521
30606
309651
-30676
11013
10505894
-7672
-15704
5383378
-22899
-16860
6854618
12894
-9997
1435731
-21890
-6887
1695991
-11312
-14337
60568
1406
24651
602119
16344
-16735
428154
4331
-22720
22287
14799
-31114
3181931
-20422
-4953
117447
26453
-92
14688080
12516
13684
315980
32699
27539
8391551
-11356
11815
322204
501
-3248
1050380
11273
28547
189794
-10749
-10541
3195793
-20261
-2171
318411
18142
10967
2463771
12077
-2351
57206
-21868
-1359
587512
13259
-1102
61275
28036
-18781
9986664
20820
-10865
56832
-24221
13339
5018565
-9477
909
4240319
-15320
-18207
175238
22093
-8777
3198738
22396
19427
2675222
-29339
-24727
9204644
-24629
-8101
12586939
-2970
606
1007813
28802
-27460
8999497
-2109
-28422
2116569
-6003
-18830
2643946
27166
27974
9789555
-24830
-7907
12653233
30321
18369
12076372
-11218
-2974
126087
-23396
-21711
5026506
-9126
159
4565667
-15017
5839
179585
-8144
-31455
4197572
-13431
21316
714170
-630
-15911
1648363
-12749
-19997
1101749
15532
27191
48750
-20412
3327
51904
-24336
2858
4232396
3875
20582
285493
-6407
6065
6427102
18899
-6742
3198761
31399
28986
8796541
13031
-16202
455005
-23830
31844
4306655
-25386
22308
12795049
-7676
17802
5251792
-10951
3853
194950
30117
9639
9726796
-11287
-21937
189854
11219
-12009
61305
16410
-15868
360963
12925
-32177
1631062
21294
-21245
130071
12163
-28259
574329
25661
-826
12593990
11494
-18378
520301
-31911
11074
8796562
-25384
11368
12990634
5249
-18926
553224
25943
-22333
12729665
27105
2069
11813228
31302
-26851
9644145
-29331
-21809
8943526
1194
16709
81423
-10503
-29175
2281886
-5023
-5441
811492
2985
5289
159038
-6939
24068
4469708
14486
17986
2856041
-14190
-15666
2741929
-5485
22538
555001
26252
24619
15210074
23217
1398
4242748
-16678
-28842
367355
-3862
22947
87759
4955
32461
293651
14825
-789
3310958
16115
12185
38781
5092
21305
287260
-29647
22532
8416676
-664
10995
668902
-716
28670
16100
1717
3230
2105116
-4704
7747
1337580
-16848
25057
1084660
10171
8727
6327135
32469
-12947
8396664
-24639
-30336
12585400
-30401
-32046
10508711
20872
-15291
1754122
-9370
-5666
5222581
3329
1048
28960
10067
-2350
6332241
-16585
16873
171509
-4791
31350
163298
9356
17620
4765258
23655
31271
5153061
7561
13708
5907754
-7499
-8663
4210652
13914
-9230
3525203
1907
-25381
2627349
9475
-29601
4240193
20292
-19292
55856
31487
18749
8401279
12343
24013
183621
9951
-17292
6592859
-26027
-9826
13643696
-30301
-7779
11815853
-23779
11150
4502482
-29914
25450
8878261
-18005
-6892
3182575
-18123
13818
2138084
24404
22974
4234800
20311
-10255
187697
-8995
14971
4504490
14640
4942
2137188
-22580
19183
6328026
-22170
-6458
3133669
-16317
13230
35713
9489
-10689
4240704
-14878
7182
1417869
-12076
-24984
56968
-1820
28853
2364140
-17998
-26385
3247853
14317
30382
2148190
-28737
26106
8407487
11337
-29236
191842
22903
-3823
6984997
-3072
27738
24768
-14624
25510
2396316
32548
-727
8657524
-87
25075
134654
-28211
29535
9457546
27199
21825
9464183
-28599
1153
8539522
29499
-27624
8420183
6305
14118
6560044
23331
20812
4504373
19187
-7489
63293
21288
17446
195606
-16480
-26665
297212
8026
3135
4528691
18580
-32601
2676264
9827
5407
8160085
-12324
5647
314042
-26573
24380
14684069
10285
-2673
2150246
31659
25019
8400767
3302
-15615
487469
27297
32642
8681852
27032
32180
12468330
24332
-7949
4232754
31564
25549
8404594
-21310
30739
129769
28188
29688
9716338
-2586
-25937
1532109
-10849
-32672
1892747
16357
3829
295804
3330
-15859
94753
24809
16824
12719438
13770
20888
1175115
21380
28765
582168
-18752
6551
2152664
11723
4261
1109867
-32379
-18661
9962376
28430
-17679
8475763
-888
-17208
668906
-30082
744
10051767
-10219
17911
6326176
4505
-954
1982730
-21514
11436
255229
-2659
-8742
1860554
14354
-23533
2197089
8873
-24290
4373854
13716
-13786
1631816
-27904
-27818
8417424
-10306
21258
2214047
-20561
9817
52735
27709
-28244
8416102
25630
21184
12918851
-12658
31750
644283
-32631
3430
9049482
-7769
-7746
5638605
-30941
25750
10754965
11809
10687
1362292
-1585
30189
3149291
13370
-13489
125511
-10301
19164
2149273
-32142
14412
10036885
27999
-30682
8681827
-22246
-21692
2478819
6858
-24319
4275771
-22785
869
6328799
-6835
12372
4210626
-3780
-9237
23238
22256
-23294
2151452
-22062
23749
3264233
-10131
24978
6850470
15280
-10328
44156
-15892
558
1083022
-4106
20356
214269
-340
-11965
7934
30244
1988
11815508
23580
9027
4497954
11789
-3966
1099634
-21281
12256
326123
-4704
30983
1337580
9344
23114
4763720
21183
16692
63775
-31259
-13037
9708428
-18367
21237
2132448
6348
-28806
6299178
2643
31433
1077041
164
349
268812
13741
-27378
1109838
-22845
-85
6331353
-32066
22354
8468639
23063
-13193
5416241
-12518
27984
381619
-4350
-20560
86769
-4890
-583
487661
16544
-31608
301068
-31731
24307
8398722
-4602
15683
1261809
-1257
31260
144881
1584
-26395
3148820
-11802
27558
1556621
-20479
-30612
49600
31767
-16425
8529249
10132
15362
6850136
-30283
18337
11554732
21172
-6093
65052
-21846
-23022
130815
17990
-32270
3377169
-16014
32114
628357
-27416
-19646
8549518
6489
-8887
6691106
-18957
-17315
1107917
-7479
14671
4341210
29766
-3710
8611905
26445
15964
14688082
6879
891
4471099
-27766
4557
9004699
-1025
2053
8703
-26388
21549
14685870
-28695
11849
8537534
30109
-17493
10249034
-23794
-13649
4306131
5692
19541
3164694
13389
19414
61250
-22375
-20723
3068394
30695
8333
10895709
-1483
15056
1060852
24722
11369
13178441
-13741
29582
1109937
21480
-16242
189470
-28899
-28230
8672178
28974
25389
8477767
24480
-19796
4491324
21476
9738
320028
13594
-26822
389699
31400
28105
8535166
-13435
-20263
582584
1910
-24326
2823189
-8659
25957
5279670
-19872
18511
1892564
22280
-12955
2282514
-10018
26856
6658219
-21533
9974
320509
31732
1447
8398460
-29885
9843
8420273
-4366
14254
87805
-3017
3494
159173
-4397
-25451
24569
31803
27462
8399719
30572
-11969
11032150
23823
18839
4240675
-30441
-21382
10638753
-29616
-25412
8416416
5296
9277
31756
21234
-11406
128541
13196
-11583
583258
-7148
29586
4204224
23836
18057
4502050
1920
-29929
2621464
9284
-25965
4237888
20486
-25058
245761
9735
2803
7504209
-23540
24730
4236994
3815
-13727
414013
-12649
-30419
710073
2814
-11103
94271
2392
22228
2512930
27010
19346
12141161
27462
-3352
8616049
-18133
-8790
2138087
15413
2467
44900
11657
-8886
1762666
30241
-15486
11815252
908
8952
534042
6665
-27931
5383474
-5416
-16223
424186
-18123
4257
2138084
-1105
18637
11775
17142
15572
242717
10706
-31046
3264105
-5575
4210
1206774
-14571
-19706
2135952
16371
-29124
34685
-14002
10979
2219171
-5040
5073
27872
-28010
-1950
9139353
12852
-13911
1109588
22181
31094
2415388
-14928
-28979
1092748
-20440
-11400
183494
8353
-1312
4495692
18557
-17821
2671398
-17881
-13068
1485301
13462
22030
783433
-5781
1720
2643943
-10614
-328
2741915
-31502
-18218
8468109
25254
-20857
13056093
-16113
20321
38275
-26270
-27044
15536805
-3247
12812
32208
-24676
-30401
13370042
19921
17764
1109288
-14756
29336
3443346
-29215
-10597
9724332
3794
-17121
89657
-32142
9754
10036885
19235
17680
326453
-6726
-17491
5319375
-32554
14858
8592521
-32007
3260
8532382
-9820
-24896
7637676
-12449
21594
317875
30279
-6310
11684177
-2028
-26828
2098912
-22395
-746
2675688
-23065
20165
5677517
-24263
27923
4364742
5780
-25257
2643480
9841
-13033
7898452
-29498
-15115
8616105
4393
-8601
154886
3867
3511
283443
18218
-12930
2203159
1757
27770
2366234
-11052
-5749
65160
-1492
15429
1060598
-20936
-28526
1231094
20773
21740
318212
6222
-21503
6360099
22533
-5927
6325024
-24404
4364
4234958
-16141
-4843
38797
2815
-21384
28991
18538
748
2737703
15187
23279
49009
-19712
-1024
61648
-4279
27941
155122
30026
17072
8486467
-2043
20290
2098144
19387
11689
60223
-8781
20587
5287853
26275
-22927
14949213
29531
-20458
8682323
-26256
-30167
15209636
-28612
-27362
8407686
11989
-9818
57208
19140
-10629
64056
-18213
6709
2399211
-7951
20411
4199884
23918
11587
4830247
23761
-16681
4242728
3644
28772
1067574
32001
8408
8401248
-19082
-4963
783557
16517
-2645
561928
3544
7641
1468458
-24270
2743
4300485
-26418
29690
14752939
9667
-5163
5286729
13515
-29621
65355
-15665
-28612
48539
3562
-26082
1140271
25218
-26433
13185625
4036
-30251
19000
-27134
8981
11616913
-12496
-22833
56500
-13602
20949
391355
-24823
10832
12719538
25236
4535
13121112
16700
599
39430
32741
-32050
8651644
-2203
-22375
2905044
29219
-20303
9726805
28758
1433
8604737
-32005
16470
8401823
-24372
3207
4234954
30990
20671
10556515
-22955
16876
7376848
12661
26973
579396
26323
1829
14688089
12792
8565
1228878
16787
-25451
1607433
-699
-18279
15328
-25717
26124
13117371
-20465
23446
50627
-21713
27974
65015
9137
-32302
4238684
18081
25332
2398492
-20520
-5219
444666
12652
30757
579142
1608
24032
3279890
-22976
-31438
7375056
13477
18512
326476
29227
-17216
9465687
3998
18365
868411
-5435
-31194
31736
-15547
5620
48016
28787
-14103
8931141
-29784
-28559
8547518
14953
-29794
1746294
5689
-135
3295510
19061
-22253
1632052
-26850
-21983
10834067
27718
-129
8611937
-23051
32351
5285836
-24119
6918
5410250
27041
-5298
11815276
-3569
26184
1074643
-17391
14110
42464
11778
1906
1163889
-19335
23378
713158
20997
-28729
1106704
-27898
-21478
8614033
-18181
19535
2135023
-5324
-15807
32500
-11615
25080
326044
30278
19933
11749457
24792
-7578
12982346
-6823
4717
4602306
13650
8006
130625
-9390
-17939
4308657
-4463
21532
546296
9956
15668
6591068
-24377
12458
4364745
-32232
2285
9838738
-17575
-19569
440818
21491
-17507
59165
23693
24499
4765482
23701
19488
4765480
8431
-2778
4232527
13653
-23693
65344
-20859
-4920
578552
-23730
15429
4308179
-2008
-13819
2231526
-29367
-23984
8551842
24392
1928
4365362
4318
684
350219
26855
-8181
10899821
22468
-22868
2148888
24350
32601
4558899
18998
-2764
1305653
-27772
15690
8938136
13739
22257
1109839
25495
9630
13247833
-21125
11753
586727
-10631
-25883
3850646
12820
-6642
1107536
-29756
23901
8415928
3265
-5031
31016
14195
16022
2676565
-24884
-13845
12590778
7938
1772
4264497
-1890
-16278
2953451
32013
21440
8402786
-23364
-18964
4242126
-30344
20509
11161766
-5190
649
92927
-5915
18124
2380780
-9946
-7983
6789285
-10274
-5618
2476187
-31436
-23733
8404612
5596
-26247
1337866
11075
-13279
64369
22667
-19928
6854443
162
11824
334349
18068
-28775
2659864
27418
-14287
8745587
13222
-30563
518237
-29375
-30736
8419744
12574
29211
380995
29705
25391
8545602
805
-14550
277268
-11220
-24868
61062
4506
-11405
1917451
-1919
-16350
2626024
22626
8471
7176741
9238
2537
4432961
3281
-29718
32040
23047
18294
5415217
-12756
-4570
1101494
21918
1235
1957899
-20685
-32198
57333
-5289
28999
163313
29151
21367
9718091
-5351
6361
422386
-8789
-8903
5287855
-26594
4531
15007907
2770
1390
97849
9696
-11851
5546060
-26243
-22363
15209382
-7108
18058
4205254
20961
16483
1360140
28676
-14772
8405568
5852
-5328
2382362
30726
-14354
10682465
-21441
8571
59879
3356
-4146
291362
13059
13714
62289
26789
-19112
10771308
4601
-21174
1196302
-13769
24297
1240501
27312
-18371
8420476
32366
-1010
10028151
-17839
22519
1093104
-13784
-6998
1240246
24208
18568
4756536
-26018
-8967
13969587
-19558
3458
910043
-25005
-23565
13635505
27232
6429
10248308
-8840
15134
4894886
27483
-4973
8682355
-3079
-29085
156126
21935
-5709
1109263
4978
-23287
620053
-28322
-16118
8738947
-29301
-14890
9988011
28678
5610
8601665
21039
-11604
1109271
28084
-10146
9465452
-24291
-1872
4494274
-21818
5166
260345
22220
-32383
2154010
1841
26520
2104596
21405
634
844570
-10541
1225
2154393
24022
11233
5483561
8896
14883
4241496
-291
-15790
269306
-21281
21324
326123
6013
8922
2642710
-20068
-14592
1884874
12818
-2001
1173073
8256
26974
4229184
20620
-24167
579082
-14219
1194
2672548
4263
27455
416013
14553
-25363
2529642
29511
-10036
8550737
-2995
-22274
28610
-7733
-14127
5246923
-16118
18379
104067
21536
-17692
321540
-17764
21173
832250
-26594
19583
15007907
-20371
-4024
575430
16292
-3810
297596
-8450
-29187
4296895
-20083
9749
1624010
23990
-24453
5483565
6812
-28
4993594
-16618
27668
234737
-3587
30134
1065934
19384
-416
190526
30121
-28823
9596238
21042
-2227
1175061
-21066
11585
1305837
10600
-17620
2806886
12056
-16004
446578
28213
-3562
9457524
10831
7942
1109363
-11561
-22316
195993
-27783
15020
9073046
-19107
-31156
326594
-7100
11280
4205248
12071
22912
448885
-24174
26863
5867209
-16995
12639
1876970
29473
17038
8681812
28685
6371
8406850
26702
12763
10570851
-32370
3155
10028171
-28036
-1147
9986710
14528
-12126
2136168
-1542
27397
3212015
-12984
11927
195746
27029
-9654
12076904
19081
796
718138
16666
30169
365059
-10344
-21414
3063962
-19831
-5670
718298
28009
-12787
9074022
1700
-10588
2365980
27636
12009
8414844
-27189
30292
9465739
-31840
22369
8661148
22504
29092
2278430
-17467
23474
44024
-24261
16644
4234183
21267
18101
63249
-26938
25196
10705049
14390
2291
2329701
-21369
-6940
717289
-13413
19162
844731
3341
-15656
30498
9166
9437
4303963
14788
-22434
3181160
27874
-64
8745581
1440
20398
1320972
18981
-29832
1370932
-12792
-21073
1230002
14074
1169
2216543
-20046
21163
1167053
-22983
-10026
7506390
5850
14840
2447899
3240
-24222
162862
-4780
-19797
32480
-20620
-7692
579316
-4788
32042
32482
31579
20750
8665971
24605
6002
12845890
-26800
-9825
10509456
-16383
14325
33152
10549
2865
2154340
21407
26450
844059
23547
7613
4236095
21305
13946
194838
19811
3171
848677
18043
6972
3703575
7565
-4972
5777194
-28827
18058
9196468
22684
-21411
7115306
17334
-1256
240669
13624
-2363
194630
-8411
30149
4496308
13204
32383
583256
27444
-17061
8420980
6849
-32735
4208952
14951
23594
2007413
-19010
-415
1173711
-3007
-9782
27072
-5633
-19082
3162607
4651
-2862
1077015
1119
-30888
272643
22433
12506
2410780
-2366
30198
2185945
-7184
13967
4203740
19176
-2567
193598
-24012
-9432
5287636
11264
-15731
57440
7029
31647
4732724
-21962
4355
1305845
-573
-15064
1059817
-9313
-24843
5022139
-21306
27205
260329
20781
-15252
57094
27277
-27425
8943482
6580
-10518
7343660
10854
19744
2089077
2544
-21210
3163180
-14041
7318
2546085
1588
-12886
3149332
-19049
-27830
1762761
21253
-6475
62224
24006
27316
5482537
-21771
8843
63484
25639
-940
12986693
12406
8846
771141
28327
1247
8804733
-31405
17714
8404865
-22354
-1226
2219247
-21186
25184
129255
11626
-26161
652903
-26526
-8821
15532709
24791
-139
12721481
-16936
23033
1485034
-29299
-12453
9988010
31643
-8108
9184123
-7401
5972
4339153
-16591
26130
40436
-23771
6241
4504532
11113
5431
718198
-21245
-2707
62433
-31843
-14513
9184154
-19723
5863
63452
-11852
64
1101452
-21850
-21841
522493
-9674
10907
5483701
31530
29384
8470135
5150
31613
352259
-16117
23825
38787
4452
7445
807428
644
7824
537112
1057
-20338
272644
-4530
-25304
1133811
-980
21718
12006
4040
-24813
150586
7933
-2489
4199230
-28606
-31863
8473217
22985
5648
7507242
30383
13054
10509663
-18437
-13537
2147295
-9619
3202
5810102
-24460
5157
4753092
-10708
9418
3198614
28821
-26470
8935240
-31258
1703
9904269
-24466
-16077
4818119
-9699
28717
5546930
-21115
-13714
1631208
1712
-17045
2104348
7432
-629
4338722
-19955
-26759
1107922
18049
28834
2658584
-11714
-2671
1173655
10825
-3334
1240434
-21889
14053
1630711
-21313
707
63983
13725
1719
1893194
14905
18962
1223030
14209
19569
2670936
-14767
27321
3181968
9413
-21167
4242248
30115
-19125
9726797
-28064
-6101
10248340
1447
-2059
1452301
-30660
-2688
10504870
5880
-16202
2248734
2940
28499
553526
-15180
31691
48780
12254
12295
379003
-10422
-19570
2219667
-19952
15635
1107152
-4733
1989
1598441
-14377
29404
2264473
-20239
30359
54732
167
22435
399629
10231
24799
6456669
2916
109
815668
-19029
-24353
1109967
24325
-24258
4231984
-18561
17044
2675159
20277
-17411
57140
27766
32598
9135205
16722
-24657
105985
-5774
-23268
2709221
11900
11438
1622646
-7182
22924
4269789
24928
13185
13373508
7394
-15064
4534829
-18982
-1364
1436363
-31550
13556
8469129
17146
22719
111135
-15300
24944
43654
31114
-7977
12125803
6444
21313
6299174
28017
16171
8942948
-9435
26150
4504500
17564
24445
832010
7693
15771
5244722
-16356
-2153
295554
-10264
31758
2278558
-10901
-5365
587655
-21695
-12127
63984
-9701
20458
5546931
30425
1223
10901850
-20060
6041
1362636
27234
-1610
10314357
26071
-16836
13774153
29544
-15442
9073750
-1769
876
2233825
5162
11077
93703
-32664
19309
9045126
-26999
5687
11163034
-3900
-3840
23240
14504
-14521
2268270
-26496
20772
15208616
24884
-9279
12590660
-2777
-13703
424389
19782
31068
260129
10595
-29225
2937701
-20946
-4150
1166583
3262
-14990
96303
14174
-6994
2480211
5
28489
768
10571
5830
2154339
22909
-14500
6853414
-23210
11773
4439233
22337
9890
2152720
-11611
2541
326556
7278
-13012
4793383
21716
-18417
65032
4433
-29293
23808
24582
-4136
12779585
558
31319
1125399
20360
12303
705594
28812
22537
8934986
9585
-11048
4764996
-302
-24022
73465
31034
4750
10558055
-2446
22625
3753685
-17593
24663
178673
-28263
24673
10371466
-977
23263
11751
28548
-1858
8929912
-4998
16891
615143
32757
18132
8390524
1252
-1041
274956
19130
-307
129599
29114
14868
9521743
-428
18954
1052400
-19197
26090
62401
-2836
-29361
30414
19011
-25986
1108785
18219
-29481
2137879
21098
-27736
1697303
16722
-28326
105985
8875
9409
4243295
22427
23453
2933531
24268
13023
4234810
23150
-23399
5874743
-28673
-25144
8405439
8481
6810
4495684
-16719
-6318
40444
-27630
9726
8480385
-22979
31781
7375830
-3101
-114
287709
-4176
1485
19708
5536
4527
1337356
29508
21594
8419920
-28350
29053
8477313
30075
-17037
8942407
-7224
-24476
4336858
28735
30509
8407367
-32521
-24750
8525197
-13805
27412
1107889
-24341
-30273
4233167
31394
1886
8731261
-8161
2386
4456899
5611
-12046
1074959
-28457
-16335
8543625
-12186
-10288
1032325
23044
25546
5284400
-16420
18683
297722
-23859
-27090
4243418
-21186
7456
129255
-25999
-3786
14165428
-5889
-21912
2118127
8780
8212
5287506
7189
-1800
4204320
-11332
-4696
60062
-18842
12364
4178133
-28673
-27219
8405439
-32084
25764
8404638
-20789
-21106
57339
-10569
12473
2284957
-9240
15015
4367550
19628
-9217
65070
8524
-26162
4234818
22450
4114
2215453
-30077
-15749
8942521
17582
-6130
113679
14247
-7158
2541917
4519
-20509
1460493
31003
9863
10752867
-26127
14003
15730092
12016
-27990
54396
19070
21516
1695799
-32425
12254
8527233
30965
22556
10491756
-7314
10918
4797655
7706
-32329
5571123
-23558
-28545
4301535
-23643
-20027
4500444
22861
844
6332194
2767
28289
32059
28186
22176
9781875
15671
-7901
179557
-12537
19501
184753
-18078
-19426
2986725
28196
22156
9718388
30697
6916
10634590
4044
-6717
20026
-14249
9814
2280865
1394
-23407
603653
16837
-17855
1084168
22461
-7035
2149150
23347
6185
4243253
-7748
-15478
5245646
-26957
-25487
10510237
9135
-6317
4238687
19208
-268
193586
2733
-15478
32574
7882
-7307
4267579
-31330
25889
10297483
-29223
-27620
9857450
-24361
-599
4365769
8765
14152
5286742
-9919
10366
6330784
-31481
-28912
8532353
25702
-23599
13574213
4819
29659
32537
-26770
-9594
11097239
-30552
-20701
10640558
18651
-21735
2415403
13637
9986
64320
-5597
15241
1338357
18568
-11633
2806826
22023
27283
3326225
-2262
31251
2186967
-2874
28790
227529
-23849
17646
4373977
22534
-27923
6520865
-24426
-3779
4953289
-113
-2537
525819
-54
-8132
69371
-17367
5098
175590
-26116
-16788
15729326
6096
-32757
2116632
27419
27440
8680307
8364
18023
4234830
-2653
8551
1338317
15522
9137
375405
-24454
-32253
4817607
32287
-12649
9699699
5101
31849
26398
12089
-14699
186742
-26438
-29737
14752431
8778
-12412
5353043
-3221
15636
554967
-8108
-1140
4198080
23940
-19641
5808680
2916
-17811
815668
-6317
-16955
6299601
4133
-18042
281348
22961
-7660
7376172
26147
-12200
15993685
28904
-25663
8541262
-7187
-18353
4204510
13667
3024
848709
-8884
-30162
4243106
-29837
9305
8943541
17061
14666
310044
-23891
-4346
4243422
-22365
2381
2415597
-3572
14235
1074898
3431
-5834
946469
24531
24230
4230969
-14802
31602
3247255
18798
24802
2741287
17698
16243
375301
21381
21521
582424
22027
-1328
3196691
1462
-30612
1256461
-10644
-7027
3720854
-22323
-26587
2154474
-29139
-29173
9457590
5704
-27939
3296274
-8110
-20374
4263617
-10911
19162
848260
-28022
-18507
9008795
19567
13833
582951
-10668
-21750
3198608
7956
-3445
4199984
-3605
-22063
1066959
-21829
-6666
64511
-24726
-9162
13178551
27411
-13394
8419185
16644
-31820
37376
-32723
-21163
8392582
16879
-17093
1082639
-12917
-10284
1632171
-5263
22683
554484
30742
-21500
10683489
2437
-15751
3687208
-808
19522
407786
19134
-30886
129087
-5716
-6381
3165934
3790
-16568
89147
7295
22147
4727079
-31831
13930
8531358
-3358
-16560
357085
27407
-17839
8418675
-13089
-25739
326059
28871
8620
8542537
7423
31898
4206895
21475
7712
320285
1168
15648
537608
-30923
-23839
10493844
12606
467
120903
13300
17224
58972
-24426
15810
4953289
-32142
-18915
10036885
5940
-29768
2121236
-1416
25467
1712374
-31635
5166
8923014
29007
11824
8412483
11094
12913
261233
29274
3879
9792083
15832
-12669
1484906
-25734
5343
13185719
11990
-3164
253049
23836
18476
4502050
-1706
-24181
2301153
29235
-19716
9465685
-11425
-9194
326035
1147
-8744
533255
29411
20925
8680285
18822
-26188
3915817
-28386
10583
8736899
-23298
-12916
4305103
30819
-2883
11273061
20604
-5480
573958
-30951
-6658
10883474
-8736
-16342
5546156
-2331
12938
2380764
-11060
-9221
65162
-17176
21517
177390
6679
19541
5383473
4840
22536
160798
-10793
-16287
1240457
8129
-26524
4196664
17663
19340
45327
6699
-20987
5254967
-3602
-12822
1131727
24373
14282
4235060
-15188
-12706
48782
-31774
9526
8725149
-13911
-11977
3329454
-10524
-14642
2413212
28055
7921
10118505
-20287
-21260
55752
12666
-2334
643655
28365
18456
8413050
-17521
-3628
566779
26994
1897
11097701
-32677
11146
8653699
-18454
-15500
2213599
-22767
9179
6329808
-30996
27866
10491550
27320
9648
8550526
-26102
13064
13706931
2306
9589
2183713
-15941
-23424
1084303
12430
-31282
644171
23451
-30175
5022523
1192
32147
146446
-15376
-11850
42140
-28903
-4812
8802738
11404
-2822
587370
-6826
8194
4406465
-14128
-32019
2153640
-20626
-29336
644343
-13820
-13063
1106608
-16054
-9245
106115
8785
-690
5287248
4530
-23230
1134093
1528
14578
1187854
-17384
-27144
434402
-5708
-13596
3165932
-13288
21692
450722
-25154
-30274
13707439
-10793
-15338
1240457
3281
-28916
32040
-23259
-15153
4504516
22180
15912
2415132
19205
-30446
62256
1252
-44
274956
-14178
7914
3002539
-12615
-14365
186814
13024
-5803
323676
5107
-10175
26397
16170
-17917
106103
-13937
27005
3720619
26146
-4847
16058965
-25386
31722
12795049
-21023
5646
1368556
-10793
-17891
1240457
28137
7662
9594222
17248
5346
831508
13208
16936
974938
13969
27825
2676056
2151
4222
3031333
-9796
8611
7375534
-29640
-26010
8546470
24106
4891
5344823
24207
-27695
4756795
-4258
-19142
350451
15129
-3120
438642
20061
25278
1362738
-31319
-29467
9579918
-7194
-30960
4661469
22222
25946
2219035
16494
-26831
623623
27474
-14778
8486513
18977
32390
1370420
-11771
-15628
1106832
2874
29406
96823
-9199
-29622
4236704
-17304
1025
697574
-19343
16279
583108
-4342
3941
87795
32158
-30408
10297451
3200
31065
553000
19823
-12217
587047
25010
-29048
13700685
-15607
20739
177554
-12849
22172
1109419
13291
7412
59231
31451
-31398
8665979
10576
10123
2153568
10893
11750
587642
29067
-147
9979723
-30667
-20768
10506148
9509
21918
4504388
13847
-22460
3327313
8503
-13861
4365637
-22622
14342
6654685
12620
2405
56898
15483
-27204
566119
-8364
28177
4234928
-22061
-26848
3198953
-20747
-31657
55292
-15572
8968
48790
263
-9218
135425
-14190
-22776
2741929
-14453
-22951
2656155
-26450
1353
14752943
-12410
22950
770233
-29818
-6689
9134265
-31057
25900
10493343
28744
-23595
8539202
10366
20177
2736231
-2423
-992
2774490
13758
20469
1173583
17925
-28149
3179280
17812
11650
1615368
-12969
31114
196001
3996
16177
803386
-8018
-7523
4267215
-8145
-25809
4197831
-10447
8192
2153876
-14231
14767
2803110
-605
19998
1321965
2438
23699
3883049
-9710
3320
5351089
8887
7234
4373853
537
25890
1450258
-17329
29104
44515
-20458
5359
246977
29807
-24535
8938823
-3130
17937
223449
-25486
3336
13182629
-28648
11352
8798338
-17858
19028
1157367
20765
-14284
316162
-15254
2669
632455
-31451
26756
8665988
1195
9530
16143
-4638
-24567
1401581
5177
9464
157958
22617
5702
6719778
18193
32619
2135312
15867
-5771
1090415
5230
11566
615431
12144
-31516
578676
-30801
-26107
10489247
589
23630
1060626
7134
-353
4532283
-10125
-291
6850469
6378
-10709
6362671
-13486
-22415
130737
-9441
-10074
4501939
3472
-18002
1598504
-11272
14213
188574
-20085
-13353
1624011
16010
31593
628347
-4170
28638
216317
18191
25864
2135315
-32534
-23155
8459919
8903
-27190
4372825
-19767
14148
196058
339
-18648
7937
-22711
5674
6462930
13376
22818
59456
-2531
-31432
3425234
-32383
-4452
9961864
21511
-21461
188673
-1222
10980
80631
-10923
27433
65408
-4115
-4752
18430
-20790
-31212
122619
-5001
-28862
681445
18088
-11581
2268190
10880
-21810
585848
21102
-17913
1696791
9452
-8310
4240974
20581
-17108
836356
20457
30939
181566
-3200
31019
549080
7628
1367
5254698
18696
19899
2282530
-9565
18711
4504509
-15962
17130
1542285
-20502
27689
116479
-23009
-22993
7635411
30731
-26789
10487651
29219
8963
9726805
-19084
32631
587460
-19517
-30855
60377
21938
27707
1175053
-16550
-2690
367347
2620
-10839
1075766
-12140
233
579208
-22488
15207
2280678
-17494
5855
110335
11415
-32724
718185
-4581
20202
1328115
5424
1997
31748
-12825
1703
1499565
-19172
14299
324290
3772
31479
23102
20584
25772
705542
-28121
24745
9857429
-19476
4566
59102
31138
-7823
11864685
13345
949
321860
27402
10402
8484467
-7348
19281
4210386
8327
-32701
4886857
8961
27864
4239696
-6425
-411
6689245
7883
23221
4202299
-30431
4489
10770852
23238
-17647
4438073
-31230
-116
11600529
-11332
19277
60062
11559
-2355
457061
-24294
20381
4559555
15316
-1848
44664
23454
19840
5087291
-26232
-25515
16385194
-13730
-7621
1435827
-29423
-24022
8418720
-13843
-6297
3196846
27125
-23015
11552620
-1322
-17376
212217
-11331
2255
60318
-15811
-26222
1092502
24979
8386
14157641
1771
30371
2103071
-14428
-645
2394780
17665
14243
45312
-2768
8197
31940
10534
16197
2611301
-16420
32586
297722
19808
-7833
847908
-30116
6890
9726642
27028
23209
12076648
-30865
-6087
11015575
-3997
18510
803781
-9936
-12350
6331556
-29753
-17975
8546745
5841
-903
2120984
-20993
2373
1106415
27046
19941
12011629
-11211
8568
61316
-26050
1451
13707447
-17802
1716
1811701
-15511
-18562
701846
-20733
-19458
54257
6098
-1516
2182681
-10301
-3717
2149273
-32061
-17175
8403865
-32419
26776
8657794
-17490
-8011
109823
-8349
-20087
5018549
780
3131
13842
6370
20693
6623789
-28758
-13632
8474303
28693
-2351
8406848
-6514
12761
6886619
23424
-7882
4759608
17895
-23856
1483021
22400
-16993
2670616
-20717
12486
55281
29076
14468
9979464
-10615
30983
2807194
-26087
1825
14033330
469
10821
1052424
3345
-20465
29984
-11213
-10989
61317
14355
-14761
2131809
12196
2530
313980
25652
-5201
12594756
-24537
-31597
4622789
25216
-3271
13119576
-31117
-1882
12060565
24145
-6072
5279024
-7585
12297
5515731
-20018
23092
1166539
-25210
-7026
14360745
-8482
15920
4561083
10368
-31158
2674792
1931
13556
2623259
-7197
28541
4465629
-10658
-12152
3524755
-13899
24375
3198892
1100
-12367
11778
20367
8787
574779
29351
8647
8812893
25648
22650
12594244
-16979
26371
1093614
23774
3963
4569131
-7785
8332
5899721
-28865
24512
8411575
21539
28284
322309
-30865
22510
11015575
-2480
6405
3165392
15606
19278
242797
29543
-8854
9335125
-28869
-15735
8412087
-2233
8022
2251217
25232
26144
13120600
15090
-9888
112253
24344
29620
4624434
-1456
-30895
1060080
20805
4209
56064
-12557
652
55229
-8601
-4775
6193589
-6812
24298
4993732
19714
-12316
127521
3751
-1129
416061
15890
-16402
1148529
30285
-3713
11554642
-17567
30167
831988
-32727
9712
8523142
22163
20615
2676505
-8638
22087
5343921
-20287
11221
55752
18057
20976
2790682
-26871
-26562
10638738
15405
-11379
44902
-5268
32603
554742
8737
16812
5548372
-8756
-14501
5287594
-2907
-6354
293836
27045
31066
11815788
24866
28473
12917317
-20586
32624
771321
19478
7510
255009
-3901
-20749
23497
6804
-1323
4732472
-1770
-15283
2299105
4229
-8020
545544
32448
9601
8394872
23264
8591
4501564
-14588
21985
2134672
8439
23462
4363597
-31191
22487
11668886
-14509
26317
2138001
-11523
32486
62366
-22436
8039
2411234
25172
-10988
13643344
-1436
-22414
1843956
-14529
-17905
2136471
10993
15984
62844
-27645
-9227
8414081
-16116
-25857
38530
-31393
-21361
8665475
-8003
-11526
4201422
5393
1469
29952
8994
-4783
4569685
25082
17881
13697615
16574
3416
104463
28345
13751
8542590
-8609
29037
5540275
9422
-5647
4308043
-32295
23535
9832842
-13868
28197
3198632
26852
20112
10769004
-26707
28995
10506142
25154
-13129
13707857
31259
9592
9708403
-15904
18076
1343628
-6294
-12294
6887127
31029
3302
10493796
30903
21698
10624365
10967
-16419
195961
-21903
-11344
1631732
12314
-30200
377411
18675
-2813
2152237
18572
26693
2676266
27724
-8846
8416866
-21891
29207
1631222
15857
-9504
1090924
29939
-9655
8419149
28019
-6983
8943461
-18877
-15936
3197905
13624
12393
194630
19259
-1620
64311
-22544
23799
6325468
-22203
10664
2153440
11947
-15485
57215
-3903
5091
22984
-1843
-23335
2105322
3448
-32295
684070
-23728
-20740
4242640
24194
-2578
4821561
-17439
30715
303612
1324
7153
15878
3501
6550
1077038
8916
13485
4243032
2192
-30500
2642984
-22988
-3779
7376596
-28169
-4273
9586061
-15308
3971
44676
-529
-27323
1058287
31205
-21794
11797356
-18310
-5154
2720487
27817
3751
8551790
2399
-11923
2382115
21746
27377
128525
-2228
17428
2121426
29873
-21731
8420684
1256
1629
144398
-14797
-20943
3182485
27659
-19726
8415075
-20508
-22556
312060
5039
9539
27935
18292
-2377
2659860
881
-24804
537876
29921
27189
8679756
23638
-6157
4434977
10602
31102
2741863
-9666
-28114
5351607
-1011
71
10210
-16176
10473
40072
-28919
-18916
8541618
-30056
25810
9334970
-19704
-28095
193746
-9577
2614
4896185
-14637
-15478
2138009
-15078
26410
373379
27238
-16554
10444917
-5170
367
93435
5247
-16936
549127
-27792
30209
8942740
-18534
-24257
2999003
32613
-3412
9180020
-17792
-1988
569592
-26717
-27848
10767261
16713
-12610
171266
29214
31400
9789523
16606
-27053
366603
27354
17939
8747643
9856
-2411
6852696
-13121
7546
63919
2657
-17747
1859892
-1133
-20200
534521
-524
-19344
1058540
-8746
26589
5483689
31942
10924
8599657
-1061
20991
273403
28664
16161
8536190
2558
-6294
3227695
-18845
4659
3982293
30412
-3117
10509914
14108
-12008
2413138
-20723
-4656
55282
27756
-32046
8939110
948
24769
11804
-1254
-23948
340723
-15333
1688
304003
-27775
-5704
8937880
8528
488
4234304
29875
-5058
8421197
-18605
28197
2154449
-23659
18062
4761560
-25995
-26805
14165940
-4148
-27523
20218
22423
-15150
2802969
-9278
2588
4303545
-27603
17714
8417158
32134
28829
10166377
8665
12576
5671242
19160
-16716
456762
30635
24675
10506079
-13833
-24365
3327405
8339
-2728
4757321
-9886
8080
7180965
-32239
-5034
9446800
-24861
-3688
12850109
-15664
4045
48280
13435
-3021
582471
-5091
-14267
287714
24369
12308
4234548
20238
6236
119859
-24793
-30615
12982709
-27486
-17149
8747661
-2399
23087
2382300
12107
-30378
57203
-14307
-5312
2409378
26619
-30403
14680927
19164
4322
326202
-24723
6101
13113270
-25210
-21060
14360745
27034
-12148
12403307
-24215
11335
4888006
21780
-20984
62976
-15339
-16074
42880
16552
-16375
171022
-20724
-23304
55026
-23962
-24067
6267093
24189
-29293
5800758
-8266
-15200
4426941
-8537
-29515
4626877
-11446
30671
130707
10831
-6058
1109363
-26402
16476
15014059
-22267
30862
2151392
-1025
-31545
8703
21584
6921
60416
1558
3919
3343377
15130
-6169
373363
-1240
-18871
146678
18889
-2924
3329322
-909
6803
534501
16269
-32581
558970
-5318
-11755
97015
-5545
-4162
1207793
21221
-6581
324380
-1570
14000
3475691
19115
-30513
65343
-3664
-11075
1068236
-22136
-10811
3851498
-3044
30844
287426
15136
20513
309364
4407
12993
154885
-9418
-4419
4439221
-6492
32429
6560476
-9379
21298
4504498
26932
-20459
10509924
-18932
-26070
3196626
-11256
11623
189570
-13886
25419
3263145
21377
-2137
581912
18120
20820
2268186
10897
-11802
587128
-2793
-11163
161217
23001
30847
7768362
16140
15561
38514
-28221
22207
9456521
39
30241
395525
13805
-25978
1107790
6309
-18561
6560556
-1052
30222
271100
-10577
-24044
2153887
9202
18031
4302429
-16262
19087
623239
-13126
15075
129711
3124
-32134
28196
7120
9893
4205624
4627
-20880
1074961
24053
-4290
5285676
-18080
1067
2920676
23883
-18286
4243235
-527
4073
1058284
-2247
-30253
2251222
-26207
28352
15993260
-27468
-12294
8421004
3823
17918
21823
-10199
15224
6458790
1757
-13669
2366234
-8187
-10546
4195264
15167
-31810
47479
12776
-16570
1229902
27519
-10441
8941943
-23945
26749
5940693
-6995
29640
4210638
26205
29643
15993682
-17249
-4174
831979
-14053
5592
2413475
25587
11017
12592989
-24432
-17703
4756680
-21071
30898
1109484
24823
15256
12719437
15843
17632
1352557
21367
-26331
718101
20649
-4623
187662
-10971
-23355
326532
1261
14329
14094
23590
-28592
4696101
-15478
16620
632475
27492
7401
9204340
-31867
11879
8922008
-14650
13918
2332825
6483
2283
6299425
-17823
-22583
1876468
3087
-13847
25891
23581
-27800
4498210
-4378
24553
479485
-2770
12645
97479
26553
29886
14813534
-18575
-6726
2676180
10432
10581
2152552
-10157
2220
6328225
-18862
-20405
3264209
-1270
-15377
79603
290
24944
334341
-28315
-28623
9196420
6166
-13572
6489121
3675
738
1329971
-12230
-5274
117383
2955
-1958
550715
-4532
6320
1068786
-15175
-15949
178574
17438
18505
368643
-28841
-3597
8543665
10514
31282
2217569
-23671
30676
4892122
-18639
28813
2153940
4451
4058
807685
-14627
5674
2399130
1500
12954
1321482
-9563
-26998
4504508
24780
31892
12590666
-10518
-31101
2217631
-7137
-23094
4465091
-9361
7628
4765111
18876
1029
3197486
32696
17216
8521854
-19636
-6822
65234
2319
-26577
2118947
1200
30982
15372
26337
-7041
14946652
-30208
11863
9461936
-19724
-8560
63196
-24188
-23264
5800648
-24630
6551
12652219
-9146
-25789
4434081
1956
-11423
2361884
30196
27856
9463372
12466
2265
122445
-5732
17257
3949290
15630
-30580
111715
10194
6233
6393433
2268
-17764
2382378
21941
-2063
1109772
-13841
22579
3196335
843
-18407
16147
-8645
-3476
5278647
-17210
25179
243945
10298
-9104
2214503
5357
-18972
30478
-13247
-10464
59808
25705
-9556
13247814
-21217
6010
324067
23467
-15935
4239167
-8069
-3577
4719559
20588
9704
574982
19081
-11453
718138
12978
-28961
130653
-26068
-11023
13643446
32035
18498
8665957
-25921
25938
12597695
-30744
15826
10618014
-20848
-3119
578808
-17421
-10679
43005
14017
26669
2152792
14952
-8614
1746038
27272
7667
9073786
31912
23149
8535150
20630
-28493
775177
-16186
21185
235657
6969
32229
4340022
-15233
-31363
565639
-1629
2355
3410925
30027
25593
8421187
1035
-3065
9987
-13046
-9633
128675
-7577
28676
6169045
15251
15327
567161
-18367
76
2132448
32422
25873
8853629
6374
26602
6754349
24103
-26012
5671221
-22160
-19541
2675940
-6586
5572
7538897
-13722
30628
2089141
-9972
-14589
6330018
-21521
15135
58879
30460
-20977
10506846
-11775
18875
1106320
-12367
-8867
52668
12971
-28300
65375
7338
6134
4275759
10484
5379
2152044
-30980
-1305
10490526
5878
7041
2315293
18443
-17516
2148131
-4137
-5826
151033
1927
-5546
2752793
29307
-23970
9986903
-14776
21728
3312786
-25499
-29780
13378468
-27514
-9118
9138313
-1737
13422
2235877
9657
-192
5417294
20791
14812
187653
29732
28959
8677956
-6931
-7345
4208590
-155
5784
791540
4846
31476
95263
-7125
16244
4206535
-17261
21266
571369
-23653
-6509
5022683
29830
-13392
9138249
-18205
20646
2397165
-18677
25593
2152403
9853
1007
7897942
19334
-21639
778297
-18724
-20079
2415322
9787
-6642
7375703
27611
-11976
8678267
10996
-15673
63100
-3075
-5487
25566
-31476
2111
8402562
-31354
-4427
10166409
13863
-23308
3590485
-2847
-13488
291276
27022
-24641
12141675
21588
-691
60928
31232
6788
9445488
11876
28264
1884788
28158
-19407
9527407
-6623
-14671
7604692
-15003
3714
832388
-27439
27695
8420744
13560
-28439
192590
22960
21006
7375916
-4158
-3518
84729
6820
-10603
4471356
-17703
29039
440826
-15793
-18470
1093011
-8349
5085
5018549
-17913
-28436
1221105
6202
-30918
6359591
28997
15858
8411968
-21228
3271
63200
28039
19971
10117481
7936
-16868
4198448
5890
-27400
2183697
-2544
29792
3163344
-1759
4145
2365924
-3382
13962
98011
-18650
28305
2611413
22023
6810
3326225
12375
6626
183617
20545
-61
51456
14859
10188
1091443
-12025
7735
184705
-3467
-31016
1599444
-21952
-13819
1108208
-29288
-650
10379434
30259
475
11554645
15327
-32455
305531
1476
-12839
1059336
-6329
-22019
6429137
-28080
-8059
9464976
-20492
6165
50940
19993
10970
1491250
-18225
-17469
2137579
-15923
18264
1085322
9347
-21984
4764489
7093
-32438
4206396
-26339
19110
14947234
28620
-26187
8408698
-14507
-9091
2138000
-7613
25199
5254097
-15663
25501
48536
-20481
8388
49663
14686
-11658
2463843
5860
-2222
2380316
28195
988
9718645
29286
-1697
10444885
6664
-21798
5383218
-1253
-8998
275443
23526
6314
4694077
25805
32706
12599114
5558
13882
1272845
-1116
-18227
273148
15296
18546
43128
-28523
1700
8935304
-2546
17751
3228883
-13946
21596
3915945
-2071
2576
2246110
-10822
30730
1174159
-17448
22950
436474
-24089
10564
5669325
28767
-5698
8669507
-28414
-7047
8475265
-3089
-13149
26079
10396
-24322
2937450
-32622
-1909
8984201
-10159
19597
6327712
-13318
21609
123583
25199
3392
14165335
-7708
-4279
5505740
23223
-22441
4373821
-3661
-23352
1069005
-16622
-13791
104177
-4261
-9614
285683
-5166
6345
93945
11705
-3835
1239406
-11433
2323
195985
3715
-8446
545593
10617
12065
2806118
678
6910
473117
29682
-20381
8480349
-27884
1010
8418960
29753
25491
8546630
28103
-704
9595241
25530
16831
12659295
-26154
16253
15928489
14007
22407
2284893
374
10089
726021
-23419
-2724
4764616
30171
-1951
9726795
-17715
24011
49146
24591
-4849
12584259
30903
-17592
10624365
6037
-32302
2639640
14467
15349
2659177
25774
-21175
12663887
-8165
-18528
4457411
-17228
-9119
48876
-20026
-17214
1296585
-32058
-17782
8599705
1639
9223
4063509
-24079
-25292
5277132
23176
-8528
4895802
-23821
-25210
4241373
22937
-12080
8290602
-12298
-31428
246973
7568
-21416
5776424
-3479
-14474
1730006
26984
-2935
11162726
21451
-7673
61211
-3852
-20806
22220
-21769
-5897
194045
18274
-25443
2986517
-4919
24002
163306
32734
-16433
8718459
20067
18862
1884981
25454
-29371
13186135
22509
24175
2148126
11145
-31943
714106
5357
-9748
30478
1143
18974
664837
-7852
-18485
4202176
11793
-6765
1099120
-9921
25338
6330791
-4977
-15281
554475
-13782
14126
1175223
3094
-16437
222241
15173
-21728
47984
-8340
-17751
4757174
-7403
22460
4208592
-19792
7171
64732
32676
5761
8653436
-7500
-29560
4210396
-4307
2405
24566
24541
32333
4492090
14895
31330
1092983
22933
14238
7898920
7034
30964
4796983
16879
-2573
1082639
-3177
24165
681433
28796
16022
8929862
26832
-493
10509416
-27971
5702
8420254
31207
-22623
11927917
-24770
-13535
12654775
-28359
6691
8542598
-21799
13751
457210
28232
-27398
9587826
19068
5489
1630774
3165
12221
289570
-5942
23987
2186987
-25688
-23204
12725438
24958
31686
13176903
-6390
-16129
6362835
24330
8779
4298291
10813
-10466
1108854
-16337
31908
36231
-22173
-27757
2937829
-17112
20981
179430
-6194
21215
6360283
28273
-11132
9979252
140
32385
529930
-14255
-27086
2149792
15102
7110
110719
-4871
5326
160238
-13434
-20230
778425
29367
22422
8551773
-4467
10468
546810
18254
19403
2202643
16503
26029
689413
-23454
-20815
5087941
12176
27154
574584
-25664
19319
12593336
29760
777
8415296
17701
-29008
310020
11936
4590
317564
-31642
32122
9379973
26163
-15171
15732565
-11904
-886
1622152
27846
15629
8616041
-5237
-9580
550907
23117
-31345
5287730
-3474
86
1664215
-11758
-17478
1173137
25777
5304
12598604
-8377
18037
4364721
-13993
21100
2284961
28891
10099
8674123
9258
-19553
4304455
-9291
16288
4239292
10895
16067
587131
-23280
9835
4240576
-17926
-24538
3244783
-16655
19435
38396
-8333
-12540
4757429
-2078
6291
2441949
12641
-5701
840004
-16150
-10279
104079
5764
29553
2642456
24467
20014
4753209
2536
15551
3294254
-29118
-9631
9521841
-1470
19251
1125105
-27547
-23541
9200516
22994
19741
7441961
-25654
16329
12660411
-31670
-10212
8466051
15823
3383
1092971
-22187
-3807
2154464
-21093
-12645
1893355
6394
-31248
6361647
26773
-18903
11032424
6871
5596
4341049
-7086
-31381
4271809
-29345
22170
8681891
22826
-3272
6397479
31136
23068
11798636
-30473
-3626
10638765
-30120
7573
9857202
-8806
23496
6136491
30382
-32285
10574943
14361
-17210
2523490
749
-28485
14110
-30405
24342
10509223
735
2559
276763
25133
18898
13643606
-7427
16237
4207582
4488
24654
1721354
13553
20563
62796
-3883
-16674
24520
-3033
-18074
420293
-16707
-8930
39934
9971
-28523
6330205
17961
18088
3312918
-18751
-24865
2152920
5254
-23107
749577
-19582
20316
647897
666
-23228
864795
-25823
-28460
12859828
-12587
-12119
57272
29894
-22723
8616009
4029
11349
19262
21916
-9653
1892874
-23538
-14787
4302019
-24575
15627
4227520
3637
-15150
1068852
-9031
-24203
4372910
-6483
-21927
6299614
15286
28510
240765
-16841
30588
1215989
15524
-16568
309868
29552
2955
8942676
-28273
-3396
9979275
-28714
32233
8604857
9924
-14011
6330968
-28669
21381
8405889
-7861
10964
4202435
27179
9098
9465719
30009
1774
8550726
-7488
-4424
4208856
5057
11466
26904
-18093
-7788
2138081
14272
31428
2148440
-24400
21114
4234444
16556
26106
40462
-16537
26589
954869
27300
-16760
8682108
-22379
30660
2676712
23604
20500
4238884
11114
2008
652919
30311
-12057
12468565
-9845
-6424
7899051
-2116
8985
2116318
22700
197
6331950
18952
-17772
1238066
6696
-9371
5385270
31820
-15972
8400482
-25286
19
12663463
25461
27488
13121364
-13206
-14959
648871
-14234
6658
3129509
-10992
32509
62592
-1322
-14958
212217
9210
7807
4301407
-25049
-6123
14027189
-30843
-361
11010968
7474
-4855
4275749
27796
-9563
8943208
5737
25390
3818774
14841
6757
3309934
-14335
-28612
2146720
24887
-30464
12721477
7727
-26192
5246263
29248
-5136
9463888
-19876
18119
1370834
26263
-14966
15340889
-19617
-26622
326099
-2399
-29613
2382300
-1120
-4558
272636
25464
-4507
13250646
-7181
-32500
4204509
19485
3525
320290
6674
-32523
5318193
20168
-23941
187450
8744
28043
5418070
12402
9609
640581
-3255
-27420
163282
-5820
28646
2120416
-20799
-3074
55800
-28005
-22758
9204635
-10100
32666
6854314
4471
-22342
677125
19719
-3295
192801
-17740
-17072
48892
16464
3991
35840
1309
-10243
275202
15922
24288
1150581
21519
12313
58627
-19099
5565
848836
-23915
-29847
4765656
-32104
-9035
9318554
493
25741
1050382
-32689
-12098
8392067
12909
29069
1632086
-27129
13616
11682193
-26408
-27504
15079594
3399
29980
162081
644
-32085
537112
-18372
5652
2132710
26334
21164
15013979
13002
-334
130651
18177
25605
2134288
10546
-12785
2219621
-7921
-23806
4199875
-6345
-10083
6430165
22995
28509
7376681
-11268
-29458
58014
-21366
21595
653035
20928
-30278
1099784
6378
13617
6362671
29364
-32104
8420956
5397
-26325
30464
-13232
11453
60576
-19128
29876
195778
-23258
-127
4700357
-27409
-26297
8418703
-28758
12733
8474303
-5866
-6125
2315489
15906
-15463
1411701
10794
-1633
1175159
-14947
8731
1876874
27716
-18676
8415840
-16446
-29215
101113
-2928
-14171
554184
20804
17206
55808
15515
3765
832363
-6636
27333
7341776
26708
-11569
10505824
-13797
28293
1369011
-29771
20208
8417212
-1032
14723
139518
15367
-26517
172385
14468
-14720
2658920
-25167
1032
13643180
1824
4036
2365460
-4668
9868
1075944
-15919
-14432
1084808
-23492
-7965
4238022
-13961
-30439
2807205
-3166
8456
355037
-9262
-10496
4304569
-25143
-18199
13774250
-29717
-4550
8415167
-30904
8412
10624146
31090
5047
11081317
-12946
31264
652455
-27214
-25081
9531021
19704
-11312
192558
-24272
-12711
4234436
-29174
30297
9520819
8073
-14104
4851002
20431
2123
52539
-267
4696
6140
6049
21530
2378012
1011
-21763
10013
12850
-14514
1175125
7785
28844
5899574
11898
22868
1688183
-7709
18554
5505997
-28081
19618
9465235
15833
2769
1485162
-10109
32280
6853545
-18249
27099
2268653
-15423
1252
43416
-22827
-3840
6332376
-23437
-24227
4761541
23147
-12677
5809975
-13497
8529
194993
-1682
-13129
2692327
21062
-24581
1304593
-2621
-31027
1076169
6467
-12607
6298401
3119
-20233
27943
-12888
4688
1240238
-19931
-28252
1371092
-23973
-4387
5549011
-1
30352
511
-6944
-11280
4468940
32132
29111
9970280
-297
2844
138745
22792
30228
6460450
-31209
29558
11666833
25566
25886
12920923
1939
-3359
2623257
-15430
29443
109215
-10822
-4
1174159
-6579
-21164
7344082
26144
-28109
15992916
-18531
22953
2933722
-3862
-18043
87759
19139
-14649
64313
-24123
-12860
5278664
-12892
-10661
1370796
-24638
11026
12651193
22851
19888
6331169
-12251
10097
314244
-11302
-87
387739
-27479
-2724
8551822
15136
13238
309364
-22238
2909
2480869
24884
19338
12590660
-13534
-15211
391861
27194
-27409
9529975
17088
-32083
47128
18368
25445
2131992
14787
15087
3181417
22841
31007
6461734
1326
-24108
80903
3438
-1471
619559
-12644
26371
840378
15091
8206
46973
-23439
-21297
4761028
8048
7175
4723764
8969
-22711
4371794
-19936
-17844
1370324
-9097
25685
4892069
-32518
14766
8458895
-29232
22687
9465000
17447
19150
436485
-249
-30493
135665
12374
-12669
248897
-9519
-32006
4242872
10618
-12316
2740839
-9201
-24361
4236707
29452
7079
8418898
18775
-5956
2284833
-2230
20910
2186963
10072
-255
6723666
6045
20839
2900762
13308
-5879
57950
-24821
-25102
12588979
6465
12443
6297888
17288
-24569
697370
17080
9679
178206
3532
-7418
1076778
9403
6647
4242255
15388
9218
303714
-5140
3309
26366
-13970
-10637
2741415
-9385
2506
4373937
32298
21147
9506423
-1712
20050
2104544
2918
18486
1011765
-2303
-16870
2118096
-25683
-1254
12595134
-32384
16496
9961608
-3226
-6005
1011925
-16454
-4146
101119
-13630
-31665
129721
-5142
13526
91903
-30641
23568
10505635
6675
-25535
5252913
19132
19392
64062
6858
-6351
4275771
-14239
-30901
2933156
-1106
11383
77055
-20792
-24530
187642
9256
2661
4369478
-249
12499
135665
19292
-3467
326194
4738
30922
619033
1329
24408
15620
10799
25282
1109367
-24202
6595
4953285
8553
26001
4887878
8444
-25619
4231758
10103
30650
6985045
-29904
-12882
8420532
-9816
10431
7507118
-1114
-16323
469245
8161
18411
4456764
-18129
-23965
2137575
24438
25135
4953141
32176
6798
9448556
2569
-19737
1205554
-3906
15124
88271
-8861
117
5026725
14406
22068
2328673
4024
-26168
149566
2948
20152
549432
18829
-5707
3721002
-26979
20054
11293594
11879
10519
2015605
-32494
-8686
8459905
13342
17588
385091
-31790
-27395
8466073
11760
-28208
1107052
-27276
23652
8943236
13339
21472
320323
1188
6583
277004
-21122
-4138
651495
27721
13220
8547682
22825
29714
6462758
649
31367
668954
-14492
-1037
2921108
-25477
26896
13116327
30817
-31608
11272548
-11049
5708
195977
-16475
8309
297980
28068
-30393
9726572
26406
-13734
15145045
-31989
-26878
8402835
25837
30463
12597070
24586
-20995
12650051
14613
-25196
2135904
-21511
10012
188926
-18865
19703
3198419
-4144
17550
19704
-27953
15243
8420763
-15249
24081
566663
14459
-1071
2655079
-14710
-24645
2725531
16406
-31822
230401
-18447
-1031
2147804
29869
18634
8421198
-14031
7087
2153892
-13309
-23404
58273
23584
10152
4499492
-26975
28008
10770844
15184
-19893
48240
29342
10493
9269339
16840
12868
1215498
17533
18310
566022
6509
8249
6821670
2774
26349
228409
-6156
20378
6293212
25149
27343
13642582
-30195
-14246
9463730
1157
-27342
537352
-376
23985
660730
-17811
-1338
1615862
-32292
-30663
9702026
-28337
-21120
8412547
-21058
-30007
1173743
30347
-4483
11032411
-5547
-25390
1077232
5060
-31779
27160
-28719
-6968
8408504
5439
13498
30983
2822
-7206
225329
-27262
-3097
10052233
-16688
31144
40184
-2742
17004
97987
8820
5715
5809748
9592
-14402
4894790
31751
2152
8528225
3916
-17065
24114
30989
-18379
10491746
9205
-17928
4237148
-7439
-20038
4208092
-32742
11153
8716931
21860
6311
848388
8333
-2973
4757322
21124
28752
586264
-17657
10258
176625
30203
11795
9462607
9285
-4439
4238144
-27815
-8661
8812946
-27690
-17313
8613017
1680
-28164
2626584
24126
24334
5343287
16780
-7861
1607178
11379
23386
583525
-18661
-16162
2413523
-7445
-31866
4208607
10589
3282
2415458
28924
-13956
8409678
5979
-4966
2382611
-16796
-25386
1868532
-13578
20906
259261
29112
-777
9586766
-14055
-17981
2544034
29178
-5386
9519695
-10010
-947
6787245
-4512
-9416
1851636
11991
22933
187769
-31988
-17165
8402578
-29388
-16240
8421028
523
6706
1058579
15985
19419
1607028
19850
27513
1697323
-4146
11091
85243
-2606
-9958
1142473
-6152
12335
6422750
-7728
13123
5246152
20638
-15885
905227
12650
21115
644679
29485
-6317
8421206
24222
-8492
5083195
-31988
-3619
8402578
20722
-5593
120333
6138
-9366
2179615
-4115
22207
18430
-12356
30185
51902
18557
-23323
2671398
-5308
-22032
31472
20630
-21961
775177
-20085
-12023
1624011
-2037
-18111
2099171
-264
-12042
135422
8551
9310
5148997
19684
5424
324140
-19336
-19133
712902
-27459
-13782
8420238
-32154
-28079
10428565
1922
-15895
2687513
28870
-3848
8607817
-30244
-5643
11815594
-19603
-16215
587734
337
-4974
7424
15755
20838
1615723
-13085
-21764
324525
-12390
2791
901819
-10239
28127
6324640
-31204
3618
11797138
-1662
-20968
3736297
-31669
-23913
8400771
-24097
-31777
5540299
2111
-15777
2115879
-15969
-26976
1868171
-13909
-6271
3198895
-17513
17331
697849
28805
24336
8934216
2577
-13295
1074480
3815
1727
414013
-7538
27689
4797659
-27613
22052
8678277
19686
-32647
520237
3686
-2403
2048053
7990
5476
4398133
7484
-24469
4209190
-3620
-20777
1329866
6209
22364
6293792
-5214
-19933
355069
13848
-17224
3588178
-13295
-410
58784
-6029
-26634
2639845
-7227
-519
4205528
3004
-18446
27198
-31634
-32764
8987783
18743
1518
2284837
-22370
-5499
3002603
-16394
5011
230653
21439
19791
59679
4843
-22940
30495
-4458
21424
742649
16239
16992
562551
20942
6025
1166347
-12552
-4171
184510
13581
20936
63298
-15915
2846
1085320
12776
-18723
1229902
12808
29002
1238098
-4681
-8067
1207789
-28445
24481
8672141
20205
20433
55102
-889
-29955
668137
1109
-27734
12032
-23062
-22889
5351119
-14762
-22903
3378321
4593
4904
1066252
-4297
30187
155125
-16828
7680
1084144
29795
26284
9200453
5798
-1807
2578461
-27020
-8973
12076692
-5972
-6473
2121454
12228
8128
51832
2602
-9890
1142327
-1553
10385
3147247
3155
19912
28449
7415
-22836
4338989
-5301
-15705
32755
1922
636
2687513
-11000
-18558
193666
1701
26037
2366236
5668
6699
3426836
7206
23666
4663333
-24732
9856
13374132
8901
-7138
4242264
-25984
-19164
13119672
-31249
-32214
9446799
-14554
-32754
2594965
7210
8107
4271655
25019
23205
13634383
-27698
-3162
8481947
20106
-23405
644667
23952
14794
5809192
-8089
8679
5112261
3446
9064
750629
26042
-30387
13707855
-15315
9701
44934
16521
-8590
693514
30166
12701
9661513
-5034
10444
224481
-26815
27448
10508688
25828
-11759
12857932
13731
-13178
1370957
28504
17713
8804466
-14663
-1736
2267550
6850
-2716
4274745
24413
-32146
4496178
21166
-13569
130079
-30168
-19283
9596086
-5406
20673
357117
-3147
31200
28636
32242
15116
9512557
-7522
21532
5058779
8544
17601
5017668
13457
-21094
587080
27438
8609
8486007
10217
26475
6456670
14731
30866
3704683
-28990
4424
8477369
-13599
1793
324028
-20360
27695
704710
-31593
-15506
9057673
-742
13949
340707
-30370
-32495
10836131
30308
9981
12337748
18013
13249
3443474
22580
-21545
6327844
3940
27032
807476
-19809
9994
848347
-1147
27048
533496
-17041
-15177
570855
-22427
25507
2933732
-9646
-5275
5353137
21357
2513
587542
-30697
-27909
10634657
4496
-20591
1590280
-27616
22783
8677508
-28683
952
8406972
3838
-17108
86079
-29648
9257
8416420
-2567
22805
1204686
14011
32121
2153311
20482
13632
115201
-14009
-19578
2283937
-29550
-12789
9008809
28376
-30779
8804474
-31253
18286
9447311
-5771
-6101
2643940
20071
8020
2015541
-1663
980
3670504
-27777
7017
8941975
-16513
-9851
561655
-405
-6742
1574903
20994
-15612
1171985
-6473
23721
6430173
8107
-24857
4198207
12970
-32416
130655
10215
30758
6717789
30583
-22766
11162965
-27825
19638
8420755
22140
-30929
3719702
6700
30356
5254710
-29591
-19142
9069990
-14039
22486
2284966
12473
16876
186702
-12925
-10758
1631145
-207
27920
7668
-17535
23258
565752
-29866
5639
8617137
9037
27016
4243282
-10658
-8716
3524755
-27101
21308
11815829
-4582
-20668
1393395
-27136
-483
11550864
24099
-23639
5540661
23729
-6650
4242732
-17911
27919
1222130
32047
24022
8404327
-2835
29553
30670
6960
-28989
4209716
-31467
-22560
8402816
-8537
-26963
4626877
30551
13234
10640721
7195
18083
4465443
28454
-16551
8870005
-26455
5296
14818734
32055
-14531
8535397
-29398
23413
8486567
6778
-2466
5841463
15651
178
310117
-14153
28454
2284973
28133
27424
9724780
-3599
20960
1066444
-31960
-4722
8535190
-24352
-28833
4493516
-13936
-32371
3720360
280
-18482
397314
24885
-20797
12590916
-28556
-20681
8930948
-563
23991
1060842
-28
16063
262908
11730
-28778
1175145
-26734
17236
11093657
30240
4631
11814996
8340
-31488
4757064
5051
-15923
27423
2212
-3617
2382380
-24126
22808
5343945
6092
3767
2117146
-276
-13908
5886
-8472
-4430
4363454
-21098
28091
1828073
9126
-10046
4696157
-17414
-15495
107263
26619
20713
14680927
-25365
12982
12597167
1526
8449
1254413
31101
-10123
11015014
19182
-17839
128063
-22885
358
7115739
9962
-3927
6395487
-1767
-16909
2494946
19396
4874
59960
12800
-4111
1106000
-1064
7486
403706
-3126
13150
93915
-23066
-26871
5742797
17269
-31659
571156
25115
31392
13902675
-27738
-12878
8874141
-28034
-11617
10051735
27323
11696
8420223
-29800
-26325
9330874
-31281
-31543
9448843
-24915
17748
12591038
4076
7626
17982
-17929
23312
3311085
-19438
13393
124609
5386
7720
95747
-14282
-3134
2346149
6994
18048
4275761
-22296
21124
2282734
-13752
-3369
1240242
-8215
20450
4359614
12428
-21961
579146
-21471
29225
322020
195
6754
6921
29725
2194
8676162
4070
-29686
475197
17492
-5170
44544
-20994
27070
1171695
5812
6439
2121244
5337
-1871
424202
15309
13093
44922
5505
20817
1597704
19474
7870
124449
3207
7478
684329
6095
13537
2116891
5937
-20576
2120980
4103
-2144
147713
4875
1962
30483
15044
-20568
47736
14360
30835
2523234
18494
15088
2213927
23689
-8916
4896042
9229
-31090
4237122
-20616
-10267
708854
-24563
28938
4229058
-29605
-8907
8678307
21514
10592
124419
-16714
-5304
236797
30506
-23241
10575447
-263
13770
135678
17609
20745
179466
31609
20068
9056630
-9281
15878
4237759
23341
8329
4243254
-30785
8751
10488223
30078
2500
9007175
-19606
-5222
653015
23910
-5531
5222437
26439
-13462
14817617
-1503
14233
1321460
-988
-32331
273124
3854
29157
87091
-30580
-13641
11032234
-23289
-23176
4370881
-8059
18099
4723656
-9624
19846
5940406
14921
32128
1224050
23116
-32437
5287474
9040
12362
4242512
8903
28294
4372825
-22835
-27800
6332378
-27253
15944
9987979
-12173
22707
575365
4881
-26126
29968
8178
19020
4261437
-3329
12836
29151
-715
28366
16356
-14271
-4915
2148768
25452
10873
13121110
-26103
-14755
13772210
14225
29604
2671960
-2380
8988
2121436
15226
29667
635511
-6316
12567
6299344
-1796
9757
2101998
28571
-25741
9192315
-5635
4188
3163118
-23630
-13971
4304605
-6516
728
6821594
-8125
-8900
4197313
11645
24662
586598
27798
-22764
9139305
-25964
7663
13121208
7317
-12654
4732712
-19587
29403
586710
19061
1225
1632052
6982
2695
4405297
-9763
-15569
7637930
-22064
-23283
3198184
6311
10603
6691117
-3788
9762
24260
-32762
-10351
8585345
12035
4590
54129
28063
-25650
10248555
13066
-16058
128595
17643
4521
46863
27628
16635
8414846
-21669
177
326643
13081
28236
454994
-12208
-14897
52352
-19242
-5740
261321
-4511
-16957
1851892
16825
14507
1214734
-3906
-10626
88271
13406
20242
387139
17751
-19640
179457
-18099
10387
2138082
17905
-22814
1090828
9426
-12047
4308553
27902
-23757
8482927
-93
-17716
265213
-28155
-13553
9462672
-8218
-5390
4686013
-21606
-28126
910075
4187
-25407
281347
4957
29817
293650
-21515
-2911
59388
-24426
-17713
4953289
-3110
10220
355035
25918
29063
12662855
4001
22843
280892
23691
16556
4765483
-23182
-29340
4830917
20435
31512
53049
7882
26326
4267579
-30195
8429
9463730
-16898
-5918
1155311
-25036
-9529
13635252
-23991
11240
5418450
-20106
28296
775365
27665
26949
8414560
-1883
29598
2366444
-31357
-24400
9970569
21154
22039
391709
-9586
4584
4830395
-16134
-10787
103055
-2267
28702
2382804
9730
-25493
7438929
-22393
5073
2806249
-20886
-13247
1689335
32236
26858
9447022
21605
9768
844548
-7210
-21870
4402393
12280
-24389
180350
17846
3752
1289229
-14639
-5477
2137496
-26798
-8637
10575505
-27967
-29955
8419736
-12337
3431
52667
-17704
-22970
440570
-4235
-7123
546804
1641
13346
3802390
11991
24287
187769
-23841
-9602
4504027
20929
-29099
1100040
-17021
3670
1614825
17793
6461
1614088
7784
-30180
5899318
-10188
-19651
6327972
-2118
22693
2181855
-753
20330
13795
-19348
384
583366
-7376
-10292
4209876
22715
-20457
6331183
-7033
6817
4862409
4689
20214
1076496
-23127
-9391
5418446
-25199
3118
14165416
-6654
-13008
7406289
-10636
-30632
3720852
3098
16761
352803
-13759
-3623
1108400
-30845
-738
11010969
-15511
-28530
701846
3734
-19974
742457
17809
1890
1615112
-16201
-20463
171405
-981
13368
12263
22526
-3095
2211871
-18870
-11673
3264211
10996
-21869
63100
-26092
-29134
13641392
22846
-15466
6395943
-4310
1226
89847
-21790
-24918
389885
-32130
1277
10035351
5222
-9961
1007621
16561
377
40204
-19198
-11254
127681
30008
16439
8550470
-16516
23385
561910
12874
13864
1175123
-23079
-7424
5679562
22813
-24880
6591266
32726
-7445
8588409
12444
15409
840266
-18580
-4518
2676438
-32647
-27904
9044358
8042
-19702
4789815
-20275
-6119
57290
-1651
-29015
3672042
26064
-2740
13642824
8046
28617
4789303
1867
15678
2105107
-22156
-7684
2676452
-31940
26395
8403606
9989
32435
6329168
-12463
27427
56752
9505
-7649
4503876
22729
-20282
6462762
-18585
-10007
3068373
23099
-13681
5286711
-8970
-1651
4437165
18765
14955
2154274
-24672
-25236
12847292
-3035
6764
289732
-10528
7627
2412700
-3819
-30499
22464
18648
8919
2545706
-10769
-15622
1107343
-11620
-28910
848538
-31203
6444
11797394
8610
-11524
5605965
-6370
21355
6623443
-26384
-19565
14685356
29432
13997
8548446
-24734
13658
13439669
-5280
20809
815348
-7121
3269
4206023
20375
-14430
705849
13869
15634
3198806
-8938
-5075
4437153
-16408
-32745
165118
-13681
22383
587195
23735
21568
4373805
24964
-15074
14156360
8337
16496
4756808
-18734
21057
2219737
24355
-18337
4496181
-26974
-4565
10836637
-2918
19234
881355
712
-10209
146458
-30283
-3523
11554732
-9196
1363
4236960
-1360
-6258
15612
-6035
16624
2639846
-3180
-7554
550616
-5648
-1174
3163372
-25396
7069
12598954
29936
7400
8418380
18920
-19492
3327022
27740
10785
8677986
20224
14447
53296
1520
-166
1057804
-2503
-32201
3295702
29287
12944
10379605
13572
-29759
62016
13322
9075
124483
-15333
9670
304003
30084
7171
9986632
30436
-15646
10768988
-7032
5256
4863178
-13434
32671
778425
-18522
-21312
2607325
15374
-16149
107619
24982
22433
14353481
-29642
-10455
8613029
-27002
-28658
11227289
6335
25904
6297903
15943
19144
1214833
11342
-15030
126051
-14257
-17822
2149795
30296
-27262
11946066
-9072
-22151
4764840
-22441
3701
2280929
17021
24884
1614614
4729
27565
1728790
18713
-20084
2543906
-26412
-16094
14687912
-531
6791
1058798
27345
-29203
8420728
-5315
-32672
31734
-6588
29496
7342800
14107
27882
2413395
-3810
26027
348355
8844
9414
4765274
-26045
21836
13642673
28243
6781
9457521
5677
-19813
3165974
-32551
30095
8788362
3009
-7655
26936
30105
12416
10379594
-18781
29219
2415581
-26190
12417
15797933
-5356
-15798
30448
-10490
-17030
2347153
3298
10587
356909
15188
13979
48752
22372
-170
2937364
1638
21724
4128789
-8804
-5706
6070954
12009
-18238
185726
-21768
-2066
192766
12329
-8408
183622
-5690
-29329
3361001
-31190
-16004
11603607
-25520
17148
12594336
-6530
-5520
7930071
15180
-24605
48754
20036
-24539
1100336
15908
31808
1346164
30592
-7326
11026520
23488
-5946
4237368
-26816
10236
10508432
-24301
-21246
4233153
-18438
8700
2212575
6678
14133
5448753
-17417
2679
173565
8230
28604
4687941
418
29040
1378829
-288
-23824
266492
17405
25223
41758
-27553
29220
8677763
-11566
-2313
130713
32152
8044
10362986
-6281
-24250
6952405
10613
-8906
2676580
-23120
19561
5287116
19165
29347
326458
17486
32458
109571
-9398
-18802
4308659
-1150
17934
598777
-5820
5878
2120416
25556
-3860
12594776
-21120
-5587
1630440
19333
3051
582456
4465
28829
546052
5905
12789
2118928
-10372
6429
2675350
22675
17311
6854441
-24482
-23325
4556995
-15438
-20918
110237
-18340
6584
2394850
-22977
20554
7375319
-1312
-5686
274684
2092
26619
2117158
9412
-9174
4241992
11635
31164
587621
-17308
30023
828132
-3997
-17183
803781
-17276
2406
570088
-18933
12450
3196883
8473
-18661
4624706
13977
12282
3068250
30070
17308
9139269
1455
21579
1060111
-13617
20226
64955
8065
32088
4718904
18343
14632
2525469
27331
30484
8420217
3565
-18644
1074990
-32560
-1754
8395912
-26624
-17751
14680224
5892
16192
2118160
20212
19351
54844
-26504
-7397
15335590
-28979
-6310
8413114
32600
-24899
8788082
-8793
-11721
5679533
649
-18371
668954
6116
-11797
2376220
-17876
6608
1093366
-20684
-8330
57076
9727
-23546
5284175
-16901
-29630
1090543
-23434
7151
4957381
-28372
2600
8412806
-9972
-8967
6330018
-29252
1885
9464494
-12093
-1382
56201
-30881
-9995
10754451
-20928
22909
1100016
-16187
26325
39816
3095
-821
156961
-23834
10255
4698333
-27233
20415
10248587
-26938
7871
10705049
8469
8095
4233024
13774
7124
1174603
-10364
-17673
2671256
-22403
-13182
2671590
1558
25484
3343377
-12453
-23960
318387
-14166
25255
2219695
833
10196
14608
-7040
-16622
4731080
-27622
19615
8741507
-23199
26958
5026244
-19634
21493
130259
-18706
-13906
2217183
-7240
-12040
4335838
-12159
8816
577928
-32700
20167
8391296
31213
-15630
11536238
29389
20092
8421210
-24474
-5288
5210309
8540
-25842
4495938
27763
-29334
8939365
-11163
4625
844676
10954
-23928
130683
-9442
14608
4567219
-17805
15504
1615861
4474
17293
610823
22866
-30133
6397473
27478
27282
8617073
11634
29782
652901
-12473
24729
186801
7840
21394
4462652
8563
22012
4757317
4817
-27460
32024
12425
-26162
709962
-490
12541
1246449
22404
-24065
2671128
-23204
-4234
4504258
22554
19820
6652451
24261
-19781
4234040
1380
32063
799236
-31434
-32068
8600709
16629
3294
38668
6477
18591
6299426
7665
-22047
5252396
27907
-4036
8418145
-15377
14288
42399
-16941
15342
1093609
5985
28029
2904340
-19358
-17734
910021
9690
-25540
5614155
-676
-27419
277218
13078
2118
259153
-19777
11321
63967
24855
22403
12719425
482
14776
1376781
-910
-21889
599781
-7476
-12303
4210394
-22741
-18458
6332375
-3738
26005
1003717
-17328
-21121
44256
-29445
16543
8418223
25595
-18321
12591967
-4466
8418
611579
-8568
-26717
4887738
3410
-23896
97825
-12384
3419
313532
506
-4551
1114639
-26132
-32088
15730350
-30589
-26778
11031465
5050
23105
92703
3654
-12508
1263665
-19231
-17800
324044
24099
29404
5540661
-29830
20962
9007799
-24213
-18060
4757447
-31459
-20583
8663938
-29432
14406
8549538
1993
-2456
2231578
5316
-14892
31240
-31051
-16703
10493852
18662
29652
2609197
-20221
-13807
54209
-3339
-7033
30684
25801
-15651
12729674
20781
-27224
57094
-19368
-5584
452802
-24815
-31627
12588464
10010
23298
6656595
-19543
8826
191966
-24434
-12377
4822219
31074
32484
11342437
-12588
23772
57016
27336
-12959
8551546
-3591
16800
1196494
-29539
19796
9204650
-12299
-8670
51132
-15639
19093
177566
23764
-19727
4242984
-13042
-5192
128163
-15095
-15021
177538
-3091
29335
26590
8945
-1072
4240732
-2771
6831
32710
8234
31173
4296263
2029
27817
2098974
2508
10025
3165738
17402
-5058
107039
-23983
-17834
5287376
-24781
27770
12591029
910
20283
599067
2873
-9302
162102
-17582
22204
114417
-5812
7876
2121442
-22324
-27750
2154218
-23678
23972
4825817
17211
24952
47895
-14255
-30289
2149792
6135
-1952
2245917
23544
-2203
4366398
8644
4639
5278280
-13477
-2384
326579
11839
-30657
1100151
1597
-31899
3148566
27191
-25361
9596277
21660
-3260
848394
27431
21223
8812917
-32199
-14676
9578902
-3751
15664
416194
23590
-27819
4696101
-10806
180
1175179
-5767
-27999
2773478
-940
-14671
12000
-21096
5499
2023658
-16516
-5256
561910
3432
-21291
685094
-9587
24009
4765626
-28327
-5432
8804738
-27529
-24167
9069957
-8233
29070
4361657
30306
-9382
12403285
-25764
28745
12860082
-18832
20548
3720404
5145
41
418050
-16797
2896
1868789
11555
-3275
326501
30802
5327
10554977
4250
584
872971
27018
14122
12142187
-25861
-26162
12596159
-24337
-29179
4232655
18635
-4404
2154283
1202
19484
81421
-13212
8545
844452
-13263
32230
60836
-22798
31332
6395613
6030
-31301
2704411
7527
2482
5124389
1888
-18129
2887700
15990
7928
1803381
-15137
19320
309643
-20814
-24067
122621
18459
1064
2409251
-5411
-10456
293882
-26955
-29159
10510236
-9462
-351
4306611
9145
-30831
4368734
-12930
-21322
651431
5861
-1948
2380572
-32238
12226
9512593
26697
-1467
10636642
-576
-32104
1059048
9201
-21451
4236636
14918
-1530
1288305
18240
15231
2136080
-6686
29523
5579469
-5443
-1845
31742
9763
-24260
7637845
-7504
-18870
4209884
-31975
-21237
8794514
-4618
-31431
1271021
2232
-18863
2250798
-15510
9092
636567
-27832
-12504
8551570
-20704
-26389
317684
16041
-26700
171390
-11090
30353
130191
-24422
12847
5083851
29744
-30341
8416324
-2566
-9689
1139407
21287
17366
456981
6105
-3463
2509082
-9303
-15143
4369854
12840
22825
1240150
6196
-1516
6295076
8274
-5737
4296257
-78
-30440
69373
-8971
-5123
4241324
27729
1029
8416608
-14889
6667
1224073
14506
-3925
2203247
-22672
19185
6853844
20766
6532
380931
-28088
4315
9596050
-32621
19288
8918921
30667
-2839
10506075
2354
-20759
2186789
15207
-8660
962933
-22851
-18000
6331358
-9931
24083
6332324
14020
24759
2153048
15086
22912
111743
-30598
8491
11092647
-3930
6545
481485
-1484
19433
1060596
6670
-30176
5317683
-26882
1788
10571935
-17910
29047
1156851
-3348
-19071
30430
-114
31482
591099
-23352
-28654
4373706
28629
-26697
8408952
-3088
-4357
25820
18093
-30697
2137886
-27047
4850
11946386
20305
-30520
56624
464
-17188
1051656
-9686
-12740
5353143
-23810
-19060
4305119
-32710
-1285
8456839
-3154
13851
93407
-29593
-29502
9331109
24549
-25809
4490044
-12910
31124
1697449
-19857
2103
1631703
27343
16046
8420731
-22586
8072
6523097
-17151
26768
45536
12249
-28196
444794
9419
18170
4243275
32156
15349
10232426
-14282
20856
2346149
21715
-2046
65289
15677
-25317
47974
-10830
10532
1175181
-31278
27633
9514633
-32077
-20842
8404893
7188
-26433
4204064
-6003
29072
2643946
12574
28875
380995
-26081
-13563
13902259
-9395
27021
4243378
-29445
20172
8418223
2622
20815
1140791
-27836
-26
8419984
-19149
-11586
65477
-32461
12725
8396677
-32008
-9516
8532126
-5089
-21836
287203
-13688
-22889
718010
21364
18525
587284
5950
16387
2185239
-13687
-31871
718266
-3756
10168
24256
-9040
3200
4242604
13594
26194
389699
28747
-6767
8408899
-1629
-2884
3410925
2300
20951
2118190
9581
-20396
4765510
22390
4154
2872341
-10496
20257
2150544
-28571
-23838
9192324
-14140
1858
2153128
-8001
17625
4200911
27651
29143
8414049
-17075
-29161
49122
13240
30962
190558
-16551
1368
432626
29095
-30050
9849165
26377
-25040
14816594
11061
-496
65396
32374
-18567
10159221
-25307
11974
12860324
25444
7545
13382228
15926
-4199
1281141
-3276
8961
32468
15134
-18609
372851
18817
-15843
3719464
-28900
11955
8671922
2987
25707
28479
24598
18582
12780609
17943
-980
3310865
12638
25487
383043
30571
18406
11032407
-25508
5552
12855970
29309
-1233
9986902
-10378
-28365
2872469
29674
7108
8480351
-31199
-30
11798932
142
18865
594955
31956
27881
8404584
32500
-32712
8394364
-353
-16871
791035
32486
4581
8851581
-3405
-27200
32733
29282
-19219
10314325
21
-8214
1792
-3243
7395
32720
25301
-9809
12599128
4355
-9993
21249
-13114
-27848
260265
-30602
-31394
11224229
5753
-20385
3817750
-22900
-6376
6854362
-3986
629
607431
-3286
17967
98007
13860
20850
3459668
-14967
12890
1746314
-16092
-15696
301700
-11939
-17315
318338
-8334
20892
4822709
-7399
11791
4600274
7524
-12938
4993572
17998
-23146
3247123
-25982
-369
13185721
165
16788
269068
-25908
27853
12598970
-30318
-27130
12142249
9044
-15389
4243024
7666
1683
5318189
6724
-4126
5253680
-28870
3315
8477367
17050
8368
897563
3280
-30701
31784
-11892
32112
1623690
5058
152
92697
15979
-21772
1607543
-9473
31283
4239807
-24858
-19928
13045949
-7788
-13411
5768904
27624
-12686
8545406
22225
25471
2153752
-14194
10322
2741419
31799
-22726
8531301
25057
-17390
13893964
7682
796
5308977
-505
-5313
1180145
12150
27297
775285
14637
21131
2137958
31407
-14788
8404351
18235
30247
2136855
-6763
7246
5777352
-9329
13366
4761019
-14280
27236
2279590
-29315
-14627
8942502
13540
27381
324172
-11682
-3682
1435795
8504
-22920
4364358
4109
-1267
18178
-11091
-5616
65422
11058
-22612
130677
31532
-20274
8404598
17743
-25204
48387
-22121
-30476
3851753
9316
3448
5022276
-479
-8968
1313268
28699
-6625
8667971
-5293
13805
32753
7268
-19332
4989476
28195
-10551
9718645
-16421
24858
297979
31891
-26072
8927081
-15292
25619
43648
-9191
-31404
4628898
-21385
11787
714213
7807
-10996
5767479
2722
-13334
358973
23974
-21310
5744685
-28567
-27021
9061766
20604
-12210
573958
-15205
9723
832395
797
-2763
275218
-24611
-18744
12848058
-10472
9649
2543762
-17749
-12856
49151
-11734
-15285
1175191
923
-7293
795419
7376
-13034
4209704
-12818
558
1172655
-15158
21816
114315
30644
-26284
10505820
-22835
-1273
6332378
-19065
-25178
1761737
5876
25351
2119196
-25471
15666
13119912
22502
19984
2605085
-11314
-19462
126107
477
14807
1313546
14125
-3777
2154326
14794
21232
3247723
23816
2678
4371490
-8110
30132
4263617
-23993
-29674
5417425
-6741
15812
5255119
-9492
32529
4241086
-66
1812
67839
-13664
20029
325820
24381
25612
4234038
-20243
-26298
55246
-4238
-4570
612085
-15185
-26953
48527
7421
-2454
4207406
-19728
25974
62684
-4954
-8001
489709
-12232
-7417
182406
-8043
20629
4724680
17074
25761
114205
18391
8304
2264345
-6788
-14456
4731590
26857
14276
10638702
1171
20896
538377
10875
-2198
1631095
9474
-16504
4305473
26042
7841
13707855
-15609
-25648
176529
-2115
10141
2116574
-27035
511
12338068
-5919
2974
2380268
1231
-31809
15627
3350
-7815
226337
-31408
-1488
8404096
594
21559
1125905
6818
-27550
4536893
-8951
20901
4371874
-29638
-1128
8481447
-29315
-4570
8942502
-25713
12414
13116859
14717
-2671
2659174
-19880
-25145
1501394
15543
27186
179565
27426
2422
8747637
31696
18110
8399992
6903
30646
4339005
-24436
787
4757194
-9468
-17168
4240048
-16396
-14649
34556
2949
30465
549688
-8522
9887
4431037
25997
5090
14165834
-11544
32617
193694
9872
-29825
6853720
-31806
10882
8465049
227
-18083
267021
19846
-9389
1826857
-22521
-31090
2277857
19534
-1631
125987
31500
-32722
8402546
9770
-23336
7442007
3707
15153
1590071
-20175
8493
56772
522
16418
1123859
-6072
30865
2247906
14116
-15725
2415188
14424
-18568
2525282
14105
16446
2543954
-12067
31393
318346
21788
-15956
324098
25389
-1229
12599126
13951
15257
3719511
10281
-30216
2280806
21255
23120
192785
-4802
23393
96487
10585
14692
2546018
-15700
-15768
48798
31490
7752
8467057
-10018
2246
6658219
32381
29806
9962358
-23
1032
132606
17649
-28651
46348
-27961
-6432
8550809
13606
32114
522309
-26332
8449
14949028
12736
-13111
1099848
23062
3313
5481521
-27535
-4222
8938884
-20046
-32654
1167053
28744
14269
8539202
554
-24844
1125911
-24648
32646
12716222
1406
-7200
602119
-19017
-3153
1240525
4281
26141
153870
26445
21580
14688082
3599
7177
1066291
-17353
7353
175589
-14637
-12610
2138009
-840
-18856
145646
28404
-25941
8410748
17371
-19116
305947
-16119
16783
169346
8012
-30138
4202034
-9824
-31734
7637164
-14862
12309
1156749
-13387
4437
61372
10500
-7505
2151008
21324
24112
65042
28862
-32457
8476751
-356
-20673
791290
-5031
-26860
420322
-11401
28154
718229
6485
8022
6299424
28392
20492
8541310
31023
-403
10493287
10551
-463
2284901
-9927
13161
6461862
-24449
19958
4751815
-29251
-22124
9464750
3647
24640
1067319
6878
2807
4536379
-21572
32071
60158
22337
-8216
2152720
-12711
-26544
1493426
16332
6565
36474
-17982
-29291
3246825
-3734
-7802
612039
-9895
8216
6724002
12331
18879
53063
-12485
-7041
56247
18893
30589
3198762
4459
-14451
546567
26231
-31854
16385365
32090
-2359
8731235
25755
9251
13382475
21102
-2193
1696791
30398
-25627
10573919
13345
10594
321860
-9211
-9539
4236192
-26374
3111
14750383
-30106
-28106
10444981
-27056
268
11553936
25743
-23557
13120843
12345
31576
182598
1149
-31689
533254
-20582
16912
901883
30361
-21722
11424090
-4394
9520
220409
89
-32120
395522
-25787
2852
12598192
11806
-28059
1425523
4392
-20531
154630
13525
-21403
65352
-8463
11709
4232636
-6415
22907
6297052
-18588
26255
2937556
-4185
18830
412157
-3823
16861
21952
10076
26537
6593106
9769
7704
7507286
-2020
3246
2360034
-14338
20687
2195615
1826
-28188
2431509
25601
-20623
12591424
-6067
15008
2117602
8483
-3131
4496197
-5755
30921
3687400
29348
31965
8682076
-4205
-9557
542713
-16092
31157
301700
-27114
-14213
11748497
28429
25120
8410994
-3609
-31575
1458637
-2660
-10975
1860298
-3368
5121
424154
-17298
-17124
632039
28297
19589
9065850
-6791
31130
4862406
-25244
5286
13382308
13697
-1740
1630536
-20717
-11671
55281
-21041
-26477
1109483
27284
3614
8943224
10061
-30338
6332242
27719
6208
8546657
6485
21386
6299424
-11342
4455
126621
-8705
-28106
5284271
-27583
7228
8415616
-7467
-12532
4210648
-9852
-8728
7897768
-30031
9687
8420796
-28112
24931
9464980
-1672
-27084
2756838
-2778
17015
489669
31669
1466
8400764
-2007
-26884
2231782
-4551
6731
1198582
29932
-7010
8418894
28912
17511
8410188
-12277
-534
51075
7663
-23403
5252399
4484
-6135
1589768
16427
11589
36615
3742
28638
872507
-5931
26940
2121704
28748
5095
8408642
-7417
29396
4338129
22277
-1698
2151184
-10355
9695
2672538
10020
-7323
6593108
26900
21641
10507872
-30690
-19470
10829987
-18150
5293
2462435
-10693
13558
3197847
17035
-19271
571163
2085
18238
2378532
-13810
22428
1172659
-24779
21238
12591028
4230
23369
741385
13515
31802
65355
-12647
-16501
971194
15834
23166
1419883
-31043
-16411
10492830
18816
-16800
3719208
-6929
12204
4208079
11415
24183
718185
-18647
-4943
2285014
-7534
11435
4798169
21592
12372
452610
-21558
-30718
126715
-2316
-8012
2119388
15959
-12159
1215857
-3509
-3751
1077203
29848
19361
9334858
32379
8943
9962359
-122
-26572
721145
2266
-2981
2447915
30317
14157
12076886
-569
17051
1190377
-13131
-31364
65452
2410
6257
2709031
28719
-3550
8408391
-13457
-14510
587191
-565
32596
1060843
-21161
-26847
196065
-25003
-1148
13635504
28762
-13172
8735299
-22907
-23503
6853592
30593
4538
11026776
8613
-20795
5540684
-15198
27360
375437
5068
-8619
28186
-9139
-21642
4239266
-20387
-29425
314306
-22815
-2618
6590940
-2442
14745
3884245
11696
-7422
1109100
7625
14145
5385514
17521
-13547
566532
-6343
5018
6429142
-11424
-11851
848020
18842
13773
4047403
4739
-22296
553753
-18259
31328
2138094
-20448
-26580
313540
-4331
4700
22512
19679
32488
325931
-25911
-16153
12729786
27112
-32350
11682926
25037
17065
13635402
12457
22767
187726
-22488
5792
2280678
26888
-15417
10638434
10351
19919
2671975
-12784
1331
1098928
-1881
24707
2497005
391
-17401
1704201
-10593
23743
2937243
-1897
-9458
2758121
-26430
19640
14752425
16103
25561
430461
30264
-10668
11683926
11285
15145
59232
1367
8362
146689
10841
22904
1501554
29092
-14045
9718348
-17142
12446
112355
-25383
-27351
12990890
-23370
17974
4439245
-2394
5325
2578653
18067
-29554
2660121
-1350
-32757
80639
-22473
8008
2280933
10345
4539
2803046
-25725
-26466
13116345
14894
31720
1158263
2067
-28905
2115361
-19185
-24802
62915
3855
26070
21811
5816
-26491
2250782
-16340
-19718
36486
10234
-27990
6390367
-25822
-1434
12925621
-5294
-17404
98033
24326
14138
4427825
29432
-27388
8548446
9516
-29827
4243014
-17021
-24743
1614825
5199
-11432
27907
860
-19325
277010
23301
-7196
4240176
-29021
23322
8674237
-29157
30395
9716659
18787
-23040
2937637
2256
-432
2120744
21474
7306
385565
-24736
23989
13373620
-4160
27244
18680
-23057
10785
5285327
16688
6155
39940
158
32563
856075
28965
-7022
8674116
5764
-12852
2642456
-30552
-14213
10640558
11958
21561
253053
3599
14781
1066291
14466
19268
2724457
6472
-15778
6429730
-4798
-20103
96993
-17011
31634
1615850
16122
13707
103039
-9432
13906
4373686
9209
28173
4366686
31919
25528
8404335
30962
-31071
10557037
7873
8780
4200760
586
-31785
1125907
-30305
-5835
12337579
17408
25862
40960
-22035
26966
3196910
-17190
-6463
375531
6129
27436
2114844
28238
-11414
9522291
-12993
-23233
63911
-12135
-11202
971146
12676
-31038
1622600
-14037
11169
2154407
6855
-13083
4340025
-19068
19076
1630920
-22458
-28244
2345185
-12667
-27637
578488
-9700
19740
5546674
24994
10269
13961805
23649
24045
5021988
21630
-10131
647175
-10407
-30734
2546066
-5619
20503
1075186
-765
2141
13281
19289
-15503
457010
-13006
29784
130725
20315
-13377
318259
-623
17729
1582568
4690
-23420
1142289
26084
14227
13902412
-22105
-9965
3590637
8158
31008
4524091
-25422
16047
12664493
-12685
635
1623989
-23492
15608
4238022
26203
566
15993683
3718
22616
741433
-4643
-16696
1338346
19808
-3921
847908
23315
-15363
4241201
-29110
-13031
9522867
2136
-11643
2508834
20229
-21585
54064
30273
-7174
11553104
23922
-30946
4830757
-5701
32392
3165167
1155
-12102
537353
534
855
1254417
8115
23870
4198205
28275
-25953
9979765
13831
29065
3326289
23285
29888
4241212
24947
23956
13113157
-5925
-11284
2382827
-19941
1836
1369043
-25413
-28866
12598191
-24808
32177
12980402
-32694
10138
8457859
21608
3717
713734
16294
25198
493693
31391
32506
9187707
-26305
-19150
14686631
-25409
-17984
12597679
-7133
-25808
4467653
-17611
-9961
49140
-9914
12013
6527137
-19405
-11432
61381
-31466
-8070
8598657
25258
2561
12664415
-17318
15713
371427
24492
19587
4230718
-9625
-6632
6201781
28725
-6958
8408900
-21509
30554
58367
9947
18941
6593371
-30722
22246
10551455
28737
15873
8407360
-30203
-4397
9462704
13922
-13745
4047445
-23434
18412
4957381
13893
-3815
3197776
24272
21950
4234296
-29667
12356
8676258
10458
9743
2480747
27580
-2326
8415870
-19833
-8790
717273
15566
-32509
113771
-755
2640
14306
-12875
11685
1109932
-1908
15804
2627306
20393
-25093
183614
-24484
-11252
4491970
25397
7349
12599124
31497
30323
8533362
8503
-30514
4365637
6135
3218
2245917
32598
23953
8592497
-31663
-4189
8400256
27433
-25142
8551798
-15924
-2380
1085066
24298
-10181
4298303
23109
-24593
5286704
-30355
-29882
11032486
-9885
-19866
7115685
-16002
-17676
626823
-7087
-6659
4206016
4316
6519
285194
-7468
3916
4210392
30781
10028
10488678
-25124
30788
13904554
-29636
16426
8415910
-26554
-11043
14878881
11169
28805
321916
-11252
-13512
59010
1382
-20034
995333
-9488
27693
4240572
31777
-17294
8661348
20685
25219
57098
27515
12414
8942455
-26187
8775
15732652
8123
6144
4197183
-20133
1808
318403
-27391
28990
8417664
29128
-2522
9587786
745
-6743
144670
29489
-16473
8420692
-31509
-21151
8402831
-30982
-1519
10556063
32246
-4350
9643117
3817
8714
152894
27824
8874
8420460
-3439
-15362
554456
-5758
4314
3752681
11477
31235
65384
23
6970
132353
-10153
18397
6458785
-6507
-29558
6821848
16546
22994
367117
1614
15384
3214355
31396
-11698
8665724
30099
269
9987913
25582
32735
12657759
12750
26245
1166411
11596
-18152
65122
25591
26138
12723549
17370
1680
371227
28511
-16495
8673651
-16252
-11054
561800
22074
-6311
3262999
12630
16975
252993
7409
29184
4207916
27662
26563
8479843
31236
14134
9446000
27831
25133
8551789
2223
-10743
2121007
-10510
-14079
2217629
1042
21593
75265
11928
-9635
970874
9285
-23561
4238144
-32242
16884
9512083
27374
14427
8483967
-13683
1232
587706
-8862
28360
5092005
-32235
15933
9447312
19486
-7250
385059
6364
-19839
6560298
11048
-2906
195702
6922
-19399
4273715
-17513
-14517
697849
10539
-5001
2154343
-2243
10455
2120662
-9438
-12697
4569781
-31535
-8604
8404360
5776
21529
2642968
-12453
24529
318387
-19365
11541
322499
8011
23875
4202291
22470
9989
2344985
-20057
16211
1493453
31959
27090
8535401
-28592
-32742
8408192
-1435
-10835
1844212
-21670
-32636
391923
16891
16736
1082127
-10851
-31238
1893258
24710
-10597
13307977
12195
27684
314237
-1179
24892
799732
-13885
-4993
3197865
-16350
22951
363141
-31431
-29295
8534406
31448
-14512
8796282
-15561
6560
179605
7467
-6865
4210471
-9106
16518
4826279
-8766
-22810
5352105
-1657
18898
3801577
14920
22888
1223794
-17433
32225
434685
9826
-10236
8225365
4972
-16388
554518
16547
-17469
301837
-17865
2199
1224181
1114
12541
338435
-20909
-28483
1101809
-4927
20685
31208
-17683
-19572
47102
18754
-1793
2218529
12384
14369
835652
7145
-14950
4334910
-12311
-9667
181694
-8999
-657
4635050
-3110
-4909
355035
16475
30597
297731
-3015
-17980
158150
-9767
-8285
7768490
12187
-13726
836475
31023
-28757
10493287
-7606
32147
5320403
22259
26291
2152221
-3075
2014
25566
-7434
22048
4404445
6562
-580
7670317
11157
-11444
583544
-10245
-6822
2147231
22666
22102
6919723
-27295
-20740
9204100
-14165
-13963
2154415
6031
-31783
2639131
7997
-7655
4201270
-31865
-25498
9052569
-16391
32152
164350
5589
530
1077000
-14356
-25328
2131614
26011
16137
14426955
-20634
-16261
1036533
3207
25440
684329
-6718
-29693
5319369
9905
27637
6331740
20167
-23531
186681
16862
-8649
1411083
17061
-16259
310044
17029
-1878
570136
16375
30716
165245
-19237
4927
326603
-16416
-31221
295164
-3530
4441
1273045
-14048
-22890
2414756
25891
-11123
12860229
-25232
-17082
13120676
-21642
526
783605
-18860
-32247
3198672
31249
-13823
9446768
28045
1286
9987946
32424
29640
8526974
-10500
30269
2151070
-21254
-28355
127727
18821
-14427
3719976
-10080
21370
6592684
31711
162
8661371
-18640
21867
2153684
-21954
-9980
1173751
12655
-21918
578887
-5182
20511
92921
24417
27207
5017908
32681
-8390
8523134
-31521
29771
8665483
-16620
17344
38640
-31656
28929
8792194
6842
-32538
4274751
16939
8176
1093399
13514
9368
130635
31145
28175
11668846
17051
-24295
832283
19340
-26972
583226
-32569
-20713
8526217
-17907
21721
1091570
6319
23066
6298927
-425
-18178
1183217
28360
809
8543354
-13396
-28574
61118
-25275
-4249
12598176
-30187
-13625
9463728
-12456
25067
448690
3598
-24245
1131571
16067
-7904
39801
31878
-14325
9121897
25627
32632
12854083
-32693
-30364
8392579
-13779
-12574
1109942
419
-5212
1313549
-12665
27831
709049
-28783
22704
8930744
30777
-25638
10619238
-10889
4930
718213
-11553
-27798
326043
-17230
2696
114413
4272
-1101
23564
-3686
25415
1917643
2613
-13368
1077044
18974
32677
1433651
16970
-13495
1158675
-2172
-6268
2638552
11075
-16197
64369
-25834
26121
12793009
763
-3734
13087
-25463
-12040
13252010
-26172
-30515
15731368
15348
-17604
42620
11345
-17613
60768
32051
-22450
8404837
-9207
-2208
4367778
14950
19012
2072693
19282
28285
130609
-4201
785
673273
-28606
3963
8473217
20340
32390
579124
-17036
22459
571108
25134
-3862
13708375
23747
-25559
4242217
-20043
18798
1101772
29984
-6752
8681540
22118
-23728
4177941
2099
-22619
2117413
13370
4882
125511
-23995
19784
5286864
13574
-31817
258113
12165
4470
574328
7495
-3551
4340001
-19721
21468
194013
-14629
7750
2399131
-2632
21739
1206478
-26424
24373
14818474
3764
-11143
24124
26334
-7424
15013979
25299
-9291
12599129
-19237
801
326603
17261
-10725
571158
4469
-30312
546564
-25405
29453
12598185
262
-22629
200705
-10339
4110
2933658
24009
30384
5418282
-4228
24325
545526
26818
15781
10574441
-171
-28635
8176
-19323
-21948
586696
21123
27444
586521
16492
18175
558598
3037
2395
289594
14334
-8058
2211935
17056
-9027
309276
12797
20113
1098574
13392
-23967
60480
22901
4823
6854436
30525
-7286
10509142
-6680
6446
5383374
-15288
20968
175234
7397
-5780
4469548
8573
11391
4756294
24145
-24380
5279024
-28278
-5235
10045067
-749
-26345
14305
-11740
17391
1370772
30547
-18561
10510161
-3029
-12009
28615
-5722
26504
3623149
19890
-18137
1175085
1274
-18148
78351
3507
15700
1077037
9910
3225
6528093
17144
11523
176158
-27046
-6399
11881107
8982
17022
4437073
-2649
12633
1468877
-22252
-5866
2152160
-7910
-4832
4526787
9013
-7265
4243284
-8970
-29491
4437165
14026
32609
2219611
-21742
-28623
128753
-28322
-22585
8738947
-10328
29450
2280606
-8587
26448
5801908
9860
9164
6853208
-12941
11658
587685
428
26875
1052174
10137
-15932
7242074
17666
-8031
111105
7127
27813
4336953
30091
6783
9987915
-30252
-316
11554472
28068
15971
9726572
-18305
18685
2654695
-18663
-28906
2544082
20357
18171
574264
8467
-20476
4233025
1609
-28894
3280146
16122
25913
103039
-12249
16965
444805
26200
3343
16123986
23285
12216
4241212
9886
6026
7180379
18689
-18566
2150688
11729
12759
1109352
-28664
16925
8537218
-4708
24175
1860330
1686
2508
2823193
2097
-14647
2116900
2538
-23381
3229231
16620
5378
38414
14222
-13236
2737243
-21714
1914
130295
32315
27080
9440119
-29722
30111
8872125
27174
8726
9922677
-18874
-2715
3393745
-26820
1966
10508950
-1359
-23864
15868
7738
-7120
5311031
8333
-4319
4757322
5949
-11966
2120470
31384
-8073
9318522
16235
23693
563063
28823
-26616
9065801
-3738
17130
1003717
14325
31287
2148188
6409
4409
6427938
-21713
-17723
65015
-2464
24027
3948756
14749
25952
3965802
-19224
9687
193742
-15345
-21907
42371
20330
4598
644663
23752
17670
4373546
27551
-29632
9199995
-6337
19694
6298071
22448
-326
2149404
9258
-12206
4304455
-8079
15972
4720068
-32394
16936
9114757
-12642
4824
905403
-12951
6416
718246
24350
-4538
4558899
18354
-25085
2199069
-17233
-16303
48623
32405
4278
8918904
-16427
5346
36856
-25305
27906
12990885
24043
-8430
5285679
19448
26810
188478
-3789
14247
24517
-3171
8394
811994
-25307
6491
12860324
-22423
5304
2803174
2562
14526
1139249
190
29818
71695
-1297
-13283
13823
-3624
-18974
1460426
-26487
-29211
15340970
20319
-21522
317747
27814
15831
8878189
22186
-25796
2219551
31701
26993
8400760
653
-8430
538394
-14878
-23723
1417869
-14708
23746
2659994
-19846
-27615
1696471
-30236
-19594
11813548
-30277
1152
11553711
26966
-14653
10706017
3096
-20525
417826
6011
7317
2642711
10995
-25403
63357
28186
-30086
9781875
-14783
29833
3180944
10723
-14390
3457901
-27875
26614
8680338
15294
657
108671
-28226
26293
9521295
16682
11784
105991
18245
-16481
2136848
25301
1271
12599128
-21243
-12312
62432
29631
29173
8415583
-6671
-21038
5252556
18188
-17732
2135570
-2100
-17903
2117338
-19723
-25526
63452
-23685
630
4764631
-31155
14900
11538322
13280
21765
319580
23442
-26786
4826681
-24971
-13536
14157748
7992
4686
4331574
-15775
21202
1876372
-25176
-16208
13773998
10342
-4609
3129445
32697
622
8522110
-1019
29061
9184
-23372
-15445
4243148
28417
-17172
8409456
18664
-30235
2282542
-30158
3815
9531061
28800
-27292
8933448
18337
-7270
2394396
-3048
23711
417986
7452
3543
4469282
27921
-27377
8418656
-18167
23303
2266594
6317
-7100
6299438
-26890
-15897
10704029
-20210
-17169
120003
6236
-11274
6556194
-22176
-27609
2937060
1765
3426
2364188
-10937
26444
194945
-32004
29559
8401566
-18981
-5164
1371083
-9585
3211
4765115
-255
9729
4592
-2338
-30220
2447579
-14710
3790
2725531
-29790
15053
8743613
-19528
-25189
190686
8163
1377
4457277
12872
2528
1240146
-31362
17091
8990855
-15998
-19758
1671817
28340
-9720
8412796
-11156
22741
583302
5601
27434
1335564
-25284
6273
12597926
13047
-11150
193885
-15940
15183
1084046
561
509
1060116
26748
-18433
11027046
1876
-31067
2104848
-31502
-24236
8468109
-4055
-29029
150982
26419
16597
14688085
30096
26895
9987144
-27327
-6221
8419712
-27790
-8327
9008789
22481
30454
2149656
1728
-15138
2103320
-3419
27427
293852
-3413
7857
32735
-12793
-6401
1229233
23721
-10443
4373806
16712
-4432
171010
8508
-25633
4233798
-12879
-289
1109420
14878
8612
1417331
30397
-30496
10509150
-26585
-11717
15075749
5227
2672
550663
2865
-20349
32052
247
15760
136461
16046
-6582
105599
-10180
17940
6326950
-15696
-15294
48284
18945
-9490
1106224
7337
30745
4341038
-10508
27088
2152092
1167
13015
537867
22796
-22779
6329890
-26914
-20276
10836123
32297
1717
9571702
-21250
-26532
127215
-27402
-4948
8615053
-23248
-4899
4242628
4249
-28516
938250
-21589
-20291
61439
13389
31980
61250
2436
22239
3686952
-2218
-32275
2317521
4620
6655
1074706
25182
15886
13969491
18067
-12900
2660121
30426
-32068
10836571
25762
7187
12925517
13323
7507
59203
4809
-2724
163098
-27194
30802
9660553
-19064
5751
1762506
32429
18511
8396670
2336
31273
2381860
32571
-14984
8395639
-15136
21008
307340
5587
1916
1077001
7458
30242
4536869
-2791
22002
422338
-31231
-3869
11534736
26202
-6089
16058963
32280
19903
9830514
10195
5820
6328153
-13669
-4678
848827
21974
17935
1305609
-13687
-23941
718266
-5851
22689
2382820
-12081
29389
56715
19327
27203
586039
18345
-12780
2264350
-11399
-10560
717206
-10316
23718
2150044
23061
-5678
5285680
29932
2991
8418894
-30789
27444
10488735
-6077
-31970
2116577
-21028
-3481
1370858
934
8326
469021
-28549
9461
8930183
-12632
-9732
187582
21773
28383
63234
-13819
-31904
1106864
-32137
-8460
10102165
16581
-20594
39688
-29149
-31345
9718709
-6101
-16810
2117607
-6934
-17828
4273871
-17495
22238
175614
29854
24761
9269323
21713
4607
64776
31775
-7805
8659299
4205
-22359
542470
20277
27235
57140
24960
24810
14155848
-7834
10067
5181637
-21532
-25884
320252
-23933
4785
4764633
-13639
26544
195006
-14862
8152
1156749
-1463
8662
1191410
346
31113
334339
-28024
-14285
9073818
-16808
17432
1476850
4113
-18415
17664
-3228
-20640
815828
8943
9206
4240735
27453
20748
8420214
3422
-10744
358435
-21647
-12482
587252
-2549
12497
3164115
-23449
-3582
5153221
21899
7391
1632011
-27171
6643
9726858
-15273
12137
175489
-22492
-5926
2411236
23710
-11233
5091371
8460
-32528
4232770
-19658
30625
261333
-22447
-23158
2149856
-3136
-6131
26840
26700
7216
10505826
21474
27974
385565
9139
-9471
4239197
-9790
-14560
7441065
-26096
-16432
13640880
-14685
-28786
2399133
4789
-19512
32540
23599
-1616
4238631
-29644
-8013
8416932
7700
31998
5244464
14969
32707
1745270
-12643
-3552
840634
-13234
-8865
126115
-20336
23332
578760
5078
-19863
224281
21234
-16077
128541
-12748
28644
1101492
8666
24309
5605963
-29421
-11642
8419233
-10221
-14504
6326177
317
18992
6918
-14763
31131
3182480
-30758
10674
10816155
28567
12366
9061753
32178
-32582
9514605
-24614
30793
12913339
8538
924
4561475
-27250
22866
10052747
-9606
-5285
5874359
-24377
-29097
4364745
30354
-30767
11097689
16898
30569
1155601
-10325
-15523
2150303
29465
16307
8810834
2851
-31031
293685
16490
-11505
624135
27581
4083
8416126
31577
11463
8796530
30998
8203
10687585
-13737
-7009
1240497
29468
-31110
8680018
-24795
4550
12852148
32496
-5960
8393852
3754
-20693
89663
11328
-4031
59488
21656
-16557
978954
-30151
-7539
9595318
3992
14807
933946
2400
-29705
2904100
-28893
24055
8674229
-3676
23311
1329868
768
982
12304
-15741
-19410
570265
966
-26392
206873
27323
15708
8420223
2426
-22119
2708007
-8141
-20880
4198341
-21059
-7869
1108974
3736
-30193
938042
-29954
24991
8483007
-29492
-10486
8421034
17815
30253
1746185
757
32157
14108
1243
19917
277259
-30143
16697
9464240
8676
-13797
5538380
3356
-1086
291362
25318
-3717
13054045
-10869
-24400
1632139
4180
15863
19968
290
-25108
334341
19626
-2264
130607
3402
1695
97827
-4940
31480
32492
31053
-26256
10493794
-18460
6332
2409180
5204
31696
28160
8648
-28700
5409866
-4327
-22160
414194
17678
15456
111619
25112
-24232
14032978
-9970
-30606
6395043
-20235
3884
55244
-12454
22695
383667
-16091
-830
301956
16488
-194
689158
12375
-11678
183617
18264
3431
2529298
12321
-13118
313668
-19757
16859
65497
-1315
-5085
277498
288
16798
268292
-2391
13209
2252254
32308
-27412
9440884
-29992
-20324
8812730
14564
4860
2396780
23667
-15334
4761381
28049
-3337
9987432
-25661
-24445
12594105
2305
-10624
2117920
-16659
-22319
38910
1819
24730
2364179
-26696
-24842
10635422
-16329
-18064
167301
32064
-29259
8403040
-31873
-10578
8925591
-16848
10112
1084660
561
14254
1060116
5846
-12526
2317337
32394
-12635
8984187
23282
-30325
4306493
-13843
2082
3196846
-7905
28280
4460995
22716
-11237
6330926
31176
-28491
11668586
-25174
-8041
13708975
-31722
30944
8594561
-19588
-15912
586454
-27410
-29978
8483983
-5388
-113
30460
-4992
28552
553192
-2264
6548
2251990
-1879
26204
2235886
19423
-18527
321851
27218
24426
9530993
-11949
12950
57217
3044
-32720
287292
-10945
9578
63879
20285
26064
56118
26962
-10634
10575457
-3065
138
156097
-25706
-4585
13313209
-10635
-230
3721108
-27007
-26363
11030936
-16967
2813
1223150
14113
18074
2414932
-771
-18287
13294
-27487
14883
8681868
-10630
27663
3785367
-23579
29419
4498396
-1643
6598
3672040
7823
-31331
4724027
-9248
-31558
4497596
-29761
-21846
8415679
13088
-7190
325716
6830
23789
4275263
-19801
-16050
457181
-836
-17421
15086
19509
28123
61220
-25431
-22527
12729774
21302
-15359
261141
19569
11054
582948
19778
2311
129569
4309
-7116
24328
4644
22722
1337876
-17741
21871
49149
-3256
-26406
163026
-2166
7922
2705115
30979
-22673
10490721
-3630
-19246
1134281
-4797
26162
31713
-18224
-772
2137320
23604
13962
4238884
-4174
-20425
85757
-16613
-20964
300019
21418
30458
126495
388
-2211
1573384
30198
9575
9659469
23374
-16547
4308019
-22661
18964
6853591
3720
1149
676922
11094
27521
261233
24465
-6879
4752696
-32697
21993
8522113
7577
-27816
6168874
26236
-21592
16253526
-22103
22199
3329518
-15901
16943
1344397
-5870
5637
2184929
15195
28240
310131
5063
-20737
157977
-6896
2098
4207808
19117
22550
65342
31868
21857
8921702
-4652
-791
1076968
-28874
18343
8608949
16000
-31304
561272
-7077
-31171
4467651
22851
-5492
6331169
19540
16414
60960
4627
32652
1074961
10081
-28141
7115092
19749
-6613
326436
-8487
19525
4626874
9950
29846
6658139
28915
27185
8410957
23817
22048
4371746
1685
22002
2627352
-27764
-11324
8939162
12472
-20437
186446
30478
4981
10572883
438
6414
1248269
-462
16255
1117941
3480
-12626
1990698
25544
24224
12725338
16170
25033
106103
-24444
27078
4756168
-28561
7377
8930695
8585
-28027
5932362
23366
13503
4438065
-21189
30637
64487
24994
-31096
13961805
-8459
-18637
4233148
364
-23499
529926
-13605
-20553
326587
-17001
28581
1746409
14817
22815
3441004
-11228
28431
322180
2288
3438
2118700
15028
-4520
48764
15711
-2092
309603
3828
26722
22076
-13299
23650
59298
20573
23228
314114
9566
22519
4569155
-4249
-19956
938485
32409
13762
9310586
-1741
-29046
2105317
13915
-24940
3459923
5217
-10864
811268
-9337
-13514
4891065
31780
10711
8661604
24899
-13171
12589889
-15783
-11745
1485202
-5901
-14565
2119661
21350
29979
1044501
25698
-16527
13443653
10749
-22777
3195758
9422
-19184
4308043
-24107
14319
5279688
-29431
-28937
8549794
25169
13496
13643088
-18402
22930
2457827
-15606
-29504
112275
-14620
-25527
2396828
-31720
-25469
8790146
-732
24244
277220
-8602
-13904
6258869
8475
-13330
4494147
6528
7088
7864360
-3917
10483
24525
-26004
-21631
14165686
30294
-6971
11750481
-8309
9141
4753339
-1587
13128
3149802
-17261
-28245
571369
-14385
-7301
2133403
-18736
12063
2153688
-1185
1863
276979
31934
1543
8468591
25509
14390
12856156
-19563
-7865
583640
7808
24831
4722744
7121
16225
4205880
-24191
-22479
5800392
30451
-10596
10508125
-4467
10821
546810
-21960
16159
1239286
-21927
22947
1501682
-30612
10728
11028134
30757
8056
10750820
-580
1896
1059566
-7725
-31221
5246921
31920
29612
8404076
4236
16908
546314
-14381
2098
2133913
3666
-21173
1134129
16800
-4796
1345548
28998
18129
8607809
-20760
-21497
185598
-27344
3492
8420484
8073
-22190
4851002
19067
13165
1631031
26446
-23896
14752851
-30652
-5054
10504864
27494
-31631
9400437
4369
9211
21760
32730
-27907
8718971
26814
-28444
10573935
-14517
5954
2138003
18023
-26314
4096277
23491
10988
4238137
15377
-30579
42336
23526
-11512
4694077
19075
-15364
586553
-1962
-23047
2297057
-28887
15172
8543670
17623
24746
179465
-21375
19414
586216
10891
23028
587643
-25961
12646
13252025
-19625
-27678
196049
31239
-14137
9576817
-32001
-6302
8401311
-24268
-19129
4234948
24787
-5832
12590921
-28048
26603
9987220
-12102
23939
121487
-23477
-4369
4239299
-30760
18092
10881178
13514
11042
130635
16103
-10804
430461
28772
-7448
9192004
-22525
-3194
2147297
3870
27258
348211
-16502
21751
624379
-8725
7902
5285807
-31549
-4557
8403849
-14122
-20114
2350249
-31158
-24633
11603603
1676
24688
2627098
25792
706
12597320
17454
30642
109575
1951
-17489
2883867
-20320
-23152
317644
21116
20155
1630742
20036
30980
1100336
16531
837
562953
23179
-7173
4765499
23310
31774
4305971
26897
-30173
10507616
28074
-6777
9530991
17958
-2851
3639317
5539
1685
1338125
13675
4034
587591
24484
-4664
4491836
24869
-16694
12852036
17619
23906
48905
3723
23964
546619
24480
26336
4491324
-19164
9309
326340
24227
8304
4496189
-25001
31294
13766065
-26568
31320
14813350
-14437
21354
2917275
-14131
17646
2154410
10212
22981
6586972
-2393
28379
2513373
-24919
-19470
12721598
-29812
-2051
8939194
15777
31769
1354092
-1335
-32361
146938
-9369
-12087
5157301
24959
-22727
13111623
6860
-31293
4210234
3351
-25122
161057
19730
7715
128545
7382
25309
4406313
-8322
-9032
4821175
-23362
28931
4307151
32042
-17128
8470119
16937
-31076
1223958
-30375
-21560
10901922
6758
-31586
6234165
18656
18284
2412588
14300
-1260
2411098
-3802
10202
481477
15320
9458
436346
4640
-28888
1337364
-24931
16089
13374394
-5564
9680
1075952
31917
21688
8404846
4987
6607
553751
30935
20700
10624361
-1409
17984
1581559
29901
-4762
8421194
10199
-5584
6458713
-15532
5495
48784
27083
28991
11554667
16517
28729
561928
4312
8928
415754
14134
-23179
2350165
-32743
22119
8782210
-5542
-13272
1403635
-21301
11377
65515
-17373
-15232
306149
-12534
-15901
120499
4737
-31342
553240
-15126
18799
112271
-19988
14510
1099470
7995
-16610
4201271
-24089
4386
5669325
26946
-16235
10574433
11984
-25065
56440
29666
31635
8741469
-32390
-29606
8983175
-18844
-32553
3982036
-28174
10776
9520781
7135
17980
4467003
18010
-12421
3508755
-13601
1447
326075
22984
-14068
7506986
-1450
-27543
1256689
15074
16707
373373
14950
-17567
2072693
3905
7813
22832
-1901
-15357
2627561
-23587
22162
4500442
266
-769
71171
14655
-32125
2136423
25271
21715
12729693
-23582
380
4563677
-4654
-6678
1142505
-12509
28794
318389
-18769
-11995
2153951
9355
14936
4765515
6269
-28088
6816550
22357
-31616
2154256
-2196
-5777
2643670
-18239
-5232
2136552
22017
-7684
3195152
-10810
-30759
1304713
-782
12760
79597
29259
25795
9465683
13795
30818
1368909
1261
7705
14094
-2156
-1277
2639576
5156
-675
289284
32277
12991
9439088
-3061
12925
26563
32368
4410
9962612
-17242
13056
506093
-14915
25224
1092494
-30926
7756
10559125
-13338
23275
516285
-14279
-24812
2279846
-16853
25677
1085431
-8340
9494
4757174
15873
-11370
1081712
-30986
-8650
10687645
10064
-23599
6331472
-17315
-6405
306146
-19335
-32521
713158
-16078
-13657
106117
-692
30191
16098
-5043
-18270
28642
-29828
30719
8942262
-21263
3966
62956
-9382
-7629
4569779
730
-12254
342555
2171
-14513
2638631
3197
15371
549670
22981
-16540
7375656
5687
-15172
3296533
-13197
3186
583589
12313
-32230
442690
-7142
9466
4530883
-14925
-20874
1093517
-12998
6900
129703
-23971
-10310
5549010
18305
-20411
2654488
18325
647
2656024
12372
-16694
52800
-10915
-30947
326530
-27626
13135
8610945
19294
-7501
391219
-15351
19401
173442
10810
-10581
1174135
-5984
31342
2382060
18731
-11833
2154279
13881
-18426
3328342
-32654
-6186
8980101
-581
-16816
1059823
29893
-5231
8420168
-23601
-18737
4238811
28867
-25413
8411977
1763
-25685
2364189
2232
-26661
2250798
27176
2828
9596022
-31643
-29757
9184132
3029
17621
28472
-8122
10795
4393153
15868
8888
1090158
12474
-21901
121423
7917
636
4200254
126
32126
589831
24445
-32262
4756278
-650
-5354
734437
32077
8958
8404834
-29882
27295
8616113
-19702
14341
128723
-10299
-29207
2149272
-16316
27405
35456
-5378
12003
94463
28482
-8689
8477297
-2231
-17014
2252242
14743
31955
3835241
-3375
30745
32216
-119
-175
656890
20489
-7276
181506
-23208
-857
4634818
17425
-19523
42240
4997
11891
549656
12829
-445
1368914
-5184
3210
26872
-23154
30219
5874891
11254
16295
255101
-7216
4906
4205784
28650
-4817
8472191
17483
28041
44803
22836
19940
6331940
-6362
-24793
6756565
-5502
-17665
619257
31791
16105
8400231
6049
7075
2378012
-13528
-1579
195766
-23638
-28867
4304607
31671
-19685
8531325
-28591
-32474
8408448
24724
-7516
13112904
30175
-31324
9726283
-30602
-32342
11224229
12681
-11024
1754442
5775
14549
2643227
-14078
20249
2216609
701
-13202
15134
32169
-28137
9579886
-29018
12396
8870077
-25390
-1486
12664489
-27383
-16327
8549762
25430
-17827
12794961
1278
19969
77839
30199
-30686
9594189
-11549
9956
324509
30986
-5270
10557027
-7850
6432
4398273
-29958
-19936
8483519
26275
-17817
14949213
-7826
-5897
4789447
10342
-5885
3129445
846
-25619
80915
25879
1670
12727617
-11532
20821
63132
24577
18884
12583232
-2978
-8168
354499
-4358
27763
86783
11332
10244
60000
-31847
17638
9314714
1240
-10590
407562
-11147
-7632
583556
11538
26219
128609
19946
-734
1173039
13323
-21655
59203
-16685
-17775
40953
-28686
22626
8472253
-24972
-2095
14157492
10770
9744
1173105
1186
17791
342541
-17992
16754
3311854
-13091
28463
326570
4291
-24520
23305
-27144
-9250
9592974
27921
15434
8418656
-6999
-3817
4341198
-23565
4535
4237277
-2919
30349
946634
-14986
22942
767109
-17541
-11395
570359
-12179
-12424
575366
16826
16793
1149455
-30033
-1765
8420799
18785
11360
2937124
23438
-25681
4826171
5562
-32554
1141263
15741
2830
570214
5677
19107
3165974
18849
-9319
3459372
-21398
-32461
648935
13312
-21036
57408
3530
13249
1142315
-20487
26225
180734
8135
-7228
4327737
-6089
-20434
2248165
8976
-28045
4240464
19224
31086
454706
15551
-18999
47471
22954
-22370
7441967
-32333
-24839
9441165
19908
-19592
1108520
-11977
24032
187781
10438
10747
2349161
19460
19220
57888
-22453
-25315
2150371
-23238
23551
4307655
-14376
-14931
2525338
-19424
31385
321732
7772
-13597
5507634
-20023
22774
1232330
-9774
-23501
7442089
-21865
-25681
718329
-5749
10734
3688427
7500
-29292
4210210
14933
25798
1093488
-11564
-3027
65176
-6831
14175
4210112
-25624
-1890
12723390
-19227
22202
324556
14021
15124
2153304
-7368
-14432
4339926
7547
-11694
4731687
-30518
-32468
10575531
-2115
-26775
2116574
-10805
-29897
1109899
-7911
-28350
4592066
364
16055
529926
18490
-29232
2214439
-15894
30256
1148559
13238
-24203
257117
21528
-22801
450562
-18069
-2298
2660327
-6249
-25990
6948313
16573
8577
39694
-16179
7710
40842
8421
28524
4494156
-6399
13771
6296016
-16002
12199
626823
-19342
17135
648901
-23689
-21351
4896213
-2521
28651
3557845
5626
24293
1139215
-2690
-21696
618695
-21517
7619
59389
-9940
-5329
6332070
-17811
30837
1615862
-7646
31496
5581525
-1983
13295
2099680
-28894
20351
8739509
-13749
14565
1109939
2963
28165
550713
-26935
-87
10640794
-30327
-20204
12207530
-31834
20928
8857757
32466
-14138
8461945
-2775
9837
163270
-1453
5502
1060849
9690
22108
5614155
-26584
-16149
14814374
-2711
-30713
685510
-27941
-941
8682395
-22224
22152
2153700
2628
-16176
1075760
7746
9688
5311025
28249
-8975
9849202
27487
5218
8681843
-3274
-31625
228565
25651
-31470
12595013
5584
20353
1076232
2923
10297
554807
-27721
-19707
8547741
-2058
-20931
2311389
-28857
23023
8542641
8424
-11235
4363342
-31245
28667
9447309
-6268
29094
6816472
13412
19609
844356
-6860
27395
4210372
-14226
-13334
2737319
27113
-13160
11683182
29627
-24545
8416095
-2819
-29184
29646
-23038
-16488
7439057
9522
23850
4308549
-25056
-5059
13895860
32040
-12571
8535142
-26612
580
14681762
-15259
26442
828292
-20435
3390
53190
25567
17107
12855643
-8270
-7812
4296381
-16306
-24257
101507
-13842
-21248
3261615
-22056
28806
3590378
-10693
-11175
3197847
25099
740
13641555
31337
-19441
10102134
30611
-7107
11028313
-19188
-32741
63170
-21103
-12127
1631720
-10
-10204
197885
1640
249
3802134
7145
-25168
4334910
-7960
-16999
4330702
11571
-32700
65381
28304
7870
8934520
12711
3367
1493325
20160
-8690
55352
-7279
-10804
4728280
902
-25076
729113
-17827
29920
1354738
27672
-32172
8806498
-23008
29886
7637204
-31961
-28616
8796565
14497
16007
2398572
4004
9328
281148
-18222
13045
2203369
2141
15159
2378530
-14040
-30753
2284710
11893
28394
1623924
30315
15259
12076887
16556
-6198
40462
-25693
-7602
12856253
25809
-13348
12598600
6371
6202
6558509
3593
-29242
1197362
3380
13564
32292
23085
-17774
5287734
17145
-22917
176414
-23963
-13840
6071252
11875
-24871
1885045
-25035
-3521
13635508
-23383
-11569
4373966
12245
25765
53112
-20826
-28146
514301
21470
31007
387099
19012
-3328
1108528
3638
28136
1264693
19864
7569
2023466
-32685
-25556
8392577
-25062
9177
13959859
27340
9200
8420986
28231
-27342
9587057
-14411
-7326
2133916
25941
16049
12599104
-14866
29403
1156239
-21922
-19661
1435891
10322
29036
2215521
9513
-24742
4373830
-29365
13476
8421283
-7244
-10746
4206300
-24231
8681
4626882
-2611
-16043
1077194
-32371
14210
9963402
-11754
4261
1303697
-27845
-28337
8420247
-26021
-23881
13904819
17565
-8928
832266
10943
-30553
63871
11121
-20484
587124
30670
8130
10570843
-17447
20369
436730
9637
-11681
5548876
-5784
-5185
2774246
-23630
7345
4304605
-573
27956
1059817
-7059
390
4728774
-13070
13885
128685
-19736
12147
193758
-694
7229
81635
-3661
19876
1069005
-16631
29735
169458
-15917
21296
1085321
-7590
19133
5581523
54
-4585
199685
-30525
22090
10509225
15263
17381
827771
30002
10874
8486469
-11613
-14871
326557
172
30706
7694
8208
-20412
4228160
-21466
854
518373
-24631
9446
12717498
30294
31775
11750481
8125
31554
4197182
30103
-24251
10118473
5064
22705
158746
-32013
-8077
8402845
15325
-5855
306042
12832
-31816
1370196
-21549
2369
61433
-24634
-7592
12781753
16330
-6675
102011
-1745
23083
2104807
13191
-28607
713049
-1682
-27148
2692327
-8002
31493
4266191
-25656
-25010
12725434
29791
26512
8677699
23452
-8388
5022266
24241
7992
4234556
9861
4555
6853464
-15572
28516
48790
-27611
21538
8678276
-18486
26160
2215643
24971
-30301
14157643
18397
1824
2394906
30116
23570
9726540
-30098
-5271
10052791
2562
30463
1139249
-22686
-9245
7181013
-32259
28394
9438094
11021
32144
63346
20605
-19972
574214
16994
9433
1942037
7230
4288
4270119
-11898
-32663
1818761
7447
-5284
4338977
-1584
10792
3149032
14834
-27387
3245677
-31491
-26599
8401806
30512
1822
10509396
-1086
-21280
76537
-11167
-10053
844164
-30919
31529
10623382
6597
1062
7342888
23269
21397
4502332
1057
8355
272644
-32636
6156
8917640
-2213
3912
2382803
17554
-2365
636425
-20305
-32441
56783
-21778
4283
128255
9589
-12320
4765508
19491
28189
322341
12066
-28114
383605
-29662
-13804
8743589
-1320
15401
407802
-17159
24314
176622
-4649
-13236
1207785
6077
-10907
2116382
-27482
-22240
8878221
-28966
341
8739515
18459
-8054
2409251
19047
26249
2023733
-3334
-4469
94943
-26289
26803
14687651
30811
-31195
10750819
-27549
-27335
9200517
-32656
13750
8914052
-10604
24550
2676376
-5444
10398
31486
-32699
21504
8391552
14029
-14895
2154330
59
-9288
2823
29078
13738
10175561
-12540
-27506
53936
12620
21214
56898
-23835
26118
4502492
-29812
2467
8939194
-19339
-12401
583620
5820
9264
2120222
15919
6133
1084791
-30958
-2639
10557073
7292
-19106
4727334
-29085
1775
10240949
15663
-19241
48487
24338
-1830
4298289
277
-16094
5888
-25137
-20104
13643179
42
5226
69127
-22057
13359
3329513
21727
-3886
325899
-21844
-27165
65278
-16710
18060
105215
29884
5275
8419918
28542
15776
8999031
7535
15216
4732199
-11535
-9461
62876
-10061
12086
6332333
-14015
14924
2152864
1679
28875
2626843
-10291
-14128
2150298
-24005
28845
5286871
32553
1881
8527222
-7999
-20300
4200904
22658
-217
6918697
28097
-5715
9464168
640
6304
536600
8654
26906
5344331
17510
32445
1024005
30874
-15368
11342443
11310
-25265
126055
-406
32660
1640183
11233
-4302
319868
29415
19631
8810845
-25396
-21289
12598954
-21056
15278
1108200
18331
-15036
2917147
6014
-12306
2707479
12366
16257
117827
-19874
19017
1435859
19235
28964
326453
-24530
-18935
4295879
11844
-4436
1100400
13335
11783
189761
-7488
-2079
4208856
-5655
-28502
3294702
17610
-29790
114187
-28343
9115
8543618
-30420
-3330
10509990
-9855
-3890
7897512
-23339
24935
4243400
20936
22290
1231882
25402
-11140
12663383
-14415
11281
2133404
-25591
21441
12723618
-9280
1383
4237496
-24430
20169
4822729
17504
-28667
827396
25040
17269
13634632
-25418
-19051
12795053
-17145
8289
176609
5983
18646
2382099
-24621
-1822
12586937
-12601
26323
186809
868
-20117
799252
21496
-674
188446
-9929
1042
6462885
7201
-13375
4466980
21973
-28855
1109768
302
-1384
72711
14893
-16847
1093494
4752
23696
554008
30651
11281
10505055
32007
-6489
8532321
-26484
-17805
15210154
-29946
31822
8614065
11806
23137
1425523
27126
-25128
11748461
-17008
-9528
1615080
16418
-7760
363013
868
26920
799252
28391
-25220
8802685
-15612
-15358
45712
5067
-2210
28443
-4881
17505
30191
-186
3206
202993
22552
-13583
6717474
-11911
-30494
708998
11294
28815
385123
-16650
1197
234749
-16733
2859
302077
-1301
23830
14335
9092
29633
4760152
16022
8595
758905
28827
-25508
9196363
-3692
-8135
1590984
16352
-21606
295036
-13036
16173
63136
2409
-3234
2774310
-3889
22764
24011
-1016
32418
140514
-26953
8411
10640797
-10520
-24922
2282654
-12513
-28574
315827
-1678
-27392
2692837
-29357
9637
8421281
-30862
1052
11081365
-14893
5239
1093513
21603
12392
844549
6479
18052
6298915
1432
-2640
1974282
1057
-2133
272644
19445
-8538
59196
22001
14866
1107212
10881
-8914
586104
21246
17684
127007
-3753
-28700
155073
-18061
-27815
2660325
-15208
-3684
962698
-23235
28242
4242374
11703
-21742
1240429
-7756
20396
5246668
28987
14289
8411975
26488
-13813
15339606
-26253
-10769
15210405
1932
409
2623002
27964
-15516
8419942
15558
-11401
243817
2794
-22069
95807
18932
26370
3196460
-16059
29116
39808
21802
26959
130567
15040
-17737
47224
-18156
-13905
2135776
-5004
-26068
550628
-19777
17284
63967
2204
-14895
2904618
1980
12211
2099742
-30292
-19155
11554478
-16521
21912
693749
-12941
18792
587685
-31039
-13303
10492312
-31515
20266
8663948
-17629
-15264
310261
-22567
-10740
6719962
-10520
-11291
2282654
27616
18081
8675452
4408
27871
153606
19771
23753
64295
16448
9170
34816
-17907
-27062
1091570
15650
-6864
375397
24350
1978
4558899
21935
22480
1109263
9761
-3086
7637332
-15770
8184
2072725
-21489
-30512
58851
21683
2057
65293
18347
-10118
2133791
6649
10623
7471406
-2914
-19962
880843
-19869
22195
1893333
18012
2225
3443218
24284
-16966
4495930
5533
14574
1860362
-19399
20862
190918
1315
-27386
277253
7782
24110
6225973
-8871
16938
4635042
24361
-21815
4365622
22599
-25791
6457633
3949
-22437
546614
-17889
4091
1352179
-4805
-26417
31719
-4448
-7515
284924
-31360
26768
9969800
-1446
-26976
1387251
8133
-21301
4197176
-20895
-28749
1884660
-4361
23318
153085
-25613
12407
12593085
-9940
-5813
6332070
-5878
-6213
2184931
30194
-609
9528909
-531
20954
1058798
32431
-12366
8396159
29674
-24923
8480351
-27024
-31943
12076180
-11488
-7089
325780
-4712
7153
1990890
-7346
19316
4275411
22868
-27757
6331936
-2678
14406
1664715
14080
19981
2150480
-2030
-15695
2164449
-24761
29260
12720561
16582
-4980
235529
-27256
-14557
10118282
14966
-25883
1811573
9588
8250
4765252
21397
-5278
583448
-1828
-18123
2366186
-11152
-24566
582788
-18971
25216
1369036
-20577
-32365
836091
32726
1880
8588409
-5040
4747
27872
26317
6632
14688090
-11648
31053
585880
1082
-3337
76295
12452
-9948
318028
-26380
12015
14685868
-28219
-28215
9456520
7504
10801
4209696
-32696
-21836
8522882
-28830
10321
9261749
-17388
-14703
42720
-18414
12800
2197217
20297
5911
187698
-29939
-18516
8419250
26422
-16717
14883925
1157
-582
537352
-4265
12554
155121
-29554
-11911
9008299
-4374
6711
87807
-29436
24112
8417952
13459
31712
587593
-27923
-11745
8419230
6466
26325
6363681
-17201
20751
48619
2991
-15370
27967
-16180
24696
40586
26508
27225
15205978
-16678
20408
367355
26478
15679
15275095
-10683
974
3197840
16298
-16632
102015
-19771
-20760
64472
22121
-29600
3851542
23021
28488
7374638
-31541
30027
8404875
-19481
-26758
451037
28100
25444
9464424
-22385
27994
2676203
29947
13643
8418127
15479
1459
697701
10639
-10680
3720555
16242
17461
628341
16419
17856
297733
10410
26641
2219631
-9282
-10404
4303039
6238
-15403
6621219
4636
383
1335826
5172
-20472
28164
-5866
14080
2315489
-16563
22401
40946
25440
8966
13381716
-10735
26270
3196304
9128
-21937
4369502
10837
-15029
1109872
-32698
30129
8587393
13647
-58
64835
-31473
-9723
8402307
-5306
-1431
227569
7526
-10977
5189669
12010
-669
120447
12163
8382
574329
32001
26941
8401248
29609
-12456
8547678
-13295
8935
58784
664
10645
929818
23515
-32112
4500283
-3702
-29284
1656523
25193
20428
14296406
23671
14726
4891941
-16109
12032
38785
16495
-32371
558343
-13221
5517
322467
-7027
-29811
4732874
18686
-17341
2215983
-22049
12174
3459563
9641
-11262
5418318
-13992
19796
2545826
-16627
547
38898
16659
1049
38657
-19937
-24579
1368531
8723
17771
5285713
-23163
25516
5809096
16958
-24222
1157143
16428
4652
36358
46
-16323
68615
-2923
-11267
554952
7862
14095
4398141
18950
-20410
1302577
-27068
13862
11553424
13805
-21066
1107790
30549
12457
10510160
25532
2426
12593758
30900
5794
10493548
11950
-22596
121983
23294
25617
4304959
-20755
14006
55294
-16179
-14337
40842
10895
577
587131
-27620
3768
8675970
28396
25965
8410750
19685
6161
324396
-16124
-28448
37504
-3436
-14413
554712
379
-13711
529159
27325
-17973
8420222
10410
-25429
2219631
12337
25258
52548
8379
32345
4234063
-15688
-32417
178334
-18516
15296
2150110
28668
-24800
8405630
13132
12362
65106
-13151
24440
326060
28872
-28118
8543306
31015
-9337
10885477
-15305
31444
175493
8796
-13179
5548626
15173
-17861
47984
26374
25029
14880849
-20972
-20161
1099504
-27567
6812
8416640
-17553
32495
570871
-6862
-20792
4275909
15796
-25150
1093228
17392
14981
42012
3134
11096
92199
-3157
-21590
28639
14979
12843
570233
27163
14629
9724787
21756
12025
61966
2788
25797
291388
23659
-28813
4761383
10029
-14622
6332246
-9519
7693
4242872
-21530
-10154
516349
2
-8594
66049
-8084
-30077
4720326
1428
1521
1582600
16262
14812
753785
29243
-27396
9464663
1480
14913
1190922
2542
-7284
3228719
23944
921
5940266
-13885
9611
3197865
-23629
28668
4239325
-25885
-20447
12858301
-26272
4295
15470756
17383
-16575
434461
-2370
27920
2185439
11571
-124
65381
-15825
-8049
1093015
11818
28395
1166967
-5986
-28002
2969835
22979
2113
7375657
-7779
-23521
6030282
10830
13373
1174643
2784
6844
290876
28375
-30573
8543609
-27409
1182
8418703
-31590
-16232
9253515
27262
-6750
10051703
-26945
25458
10508703
27307
20196
8421247
31326
-20545
9775219
23870
-4502
4306983
29935
3665
8418639
-27951
12775
8420760
9818
-24247
7703123
-1705
-30248
2235873
2214
-15220
2578477
15195
20178
310131
-28197
14150
9718667
-938
28508
208097
-8086
12404
4785863
-5534
8645
1925877
13428
18665
583236
-17370
16447
501989
-22997
-17618
7376855
-28205
-23822
9457545
26984
11165
11162726
-10659
9433
3459986
23528
1701
4367422
22222
19224
2219035
-15567
9193
48532
3077
28558
25376
25931
-12587
12599107
-19307
-6631
587720
8561
-13142
4756804
10121
-25235
6980954
8881
-10596
4242780
-675
18202
277474
22230
45
2350105
26114
32024
15794769
1409
32729
1581320
-9915
20583
6331296
-20471
1670
181698
15227
10482
570231
-6692
32024
5515978
-1099
-16944
12284
-27977
-4170
8551837
24501
10876
4230972
7092
14186
4206140
9500
-7742
4502082
4309
-31690
24328
14987
18742
571259
21100
-1880
1631766
16924
-8657
1352210
-7273
-18375
4859353
-26696
-12060
10635422
-12263
-13679
442754
-15145
13777
179593
29919
-31874
8681803
26898
-5184
10573409
31647
-1608
9183611
-14940
-23651
1354380
-13770
14661
1305781
-22731
1507
6332372
25088
-11159
13639760
27687
10067
8808805
29215
20892
9724243
-8309
-30167
4753339
27590
427
8611961
14482
29435
2725481
-1306
-21418
471293
20017
14765
1101108
16616
6358
168974
2124
-12478
2117154
-5289
-16792
163313
-27872
1133
8681620
22609
7430
6327584
-3905
4743
22991
-31866
-12055
9117849
14289
-8081
2149720
14468
-27899
2658920
14698
15421
2725479
7516
-30418
4471330
7062
27982
4924473
16425
15678
167174
22932
28201
7898664
11517
-5202
62318
-8608
-26876
6062260
11785
12895
1230194
-9807
23414
7376300
-28406
-20671
8476291
-10494
-30501
2216593
-13997
8188
2154401
-214
-32605
73463
-8030
-532
4528845
6656
-31699
5251120
3274
18813
97835
7608
8962
5384238
10957
31312
65402
-31501
2496
8402829
-24109
994
5279689
-20130
16670
383171
-12761
24652
1493429
19182
24895
128063
-9421
-2507
4243381
-24128
10922
5277896
23649
-4552
5021988
26249
12319
15340890
-15415
18599
175514
-4603
-32068
1065968
25252
1545
12859996
20468
-9251
50748
-13922
-8137
4047019
7348
-30747
4210220
-24697
1221
13238713
25328
-2344
12596316
-3968
2176
544968
13642
-6554
130627
-10960
15326
64644
-19861
-8463
1632215
12976
16743
64604
-5559
-20059
1207794
18383
27496
2133275
-23099
-10462
5286856
21189
-32750
64280
-2196
-17902
2643670
3451
30700
553767
25984
-13771
14164040
29581
24738
8939354
-2255
-22426
2121172
-27168
-5314
9724044
31668
-11960
8400508
28809
29928
9065802
-11364
23077
844442
-19162
-27508
522437
-200
5150
137462
-32032
-11555
8663196
13588
-22898
63040
-13307
-9710
58272
-29096
12856
9849010
-24781
1322
12591029
17863
737
1222921
1940
16266
2623000
-22841
-21603
6461913
4803
8931
31513
-11008
-4115
61568
-30498
18147
10836139
3406
5883
97315
-3255
-15668
163282
-5835
-2132
2121700
7272
9668
4858918
26055
-5246
13773129
26907
-14795
10769251
28586
9582
8474239
20129
-15191
317756
-22577
-20119
6327771
-3296
-27242
293076
-22021
-21880
3195887
-26601
2967
14812577
-22599
-7606
6457822
-11807
-32294
1360268
3004
1852
27198
-3015
6521
158150
-10705
4677
3198359
138
-4844
595467
13811
13548
1107789
7421
-8114
4207406
-25043
22029
13635510
20095
-18995
1622327
-13825
30082
3195311
30748
13611
10748514
-14513
-1364
2137491
5891
-18627
2118417
-12270
7169
116353
-2998
-29901
93891
-15598
7874
112273
-28252
12184
9718412
-30678
8597
10571431
-31889
25785
8926615
-1824
-6957
2363628
3016
8263
158778
20922
-11771
1165839
1410
11193
1647113
-30391
-26389
10640802
31096
-25387
11145318
-9538
-10333
4307135
-20113
-5791
579015
17455
-24639
44295
16007
-30326
692601
-18721
30994
2415067
-19515
10357
60376
21852
-7543
326146
-24203
20956
4757444
-25651
-17741
12595130
-5547
19076
1077232
22162
16042
2741785
-4643
24247
1338346
-14439
-32016
3047834
9507
-30248
4504389
-20550
-14424
117503
4568
4102
1460234
-6296
-31578
6952150
-20707
-17377
316402
-28794
29452
9126073
-22254
-10077
2217697
-5553
-5772
1076723
-20763
5818
316412
-16472
-17510
167166
-10188
-17286
6327972
1745
26584
2104600
26453
19082
14688080
2693
-7340
553784
-14815
-26881
3443092
-2323
25676
2119646
13350
31414
518213
-19610
-4309
1044693
17036
26898
570906
-27969
-15991
8419743
-20788
-25553
57082
-28751
-30098
8408508
-16402
-26254
99583
-14000
32331
2153632
9292
25427
4238914
-19580
26587
582360
1598
3188
3213335
20103
-3327
708921
23950
32216
5874731
17170
7931
112145
4296
32282
154634
28092
24956
9464430
-29400
18817
8551590
-6548
3665
7866070
-26533
-29325
14945187
18273
-14356
2920724
-12497
9903
56759
-20653
32533
57329
-8515
7212
4234174
-27458
-20757
8485007
-30366
2267
11358885
-30234
17243
12009645
-17213
-18503
48105
6283
-24593
6821675
-13915
-28575
3460012
32168
-25775
9579630
9826
-9615
8225365
-21838
-20078
130813
-3607
-455
1197518
-3923
-21727
24526
-15837
-15381
1354645
-24493
18511
4231105
11374
29528
648295
-29406
22631
8747685
-871
-10647
930282
-12006
18696
381571
-8931
32105
4502434
-22611
21965
6328286
-5856
-17642
2382052
-10703
-20166
3198356
-27769
-10446
9068953
13084
-22675
324178
31574
-1912
8600689
18220
22415
2137622
-1313
13445
276987
-12925
23351
1631145
-22080
7813
3197160
-17690
14446
504061
25562
-18216
12921435
-28750
-8811
8474301
3655
17423
1198385
7194
-32673
4530723
-13013
-8573
65447
18015
19345
3442963
-19115
21684
65472
482
-7601
1376781
5982
15194
2447379
-21238
15559
128739
-31132
27494
12321428
-17587
18966
49138
-11418
32166
1044629
-26722
26520
11354267
17200
1074
48148
7428
24674
4207136
-16318
25279
100993
27056
-19367
11553900
15820
10171
1093226
-2868
13174
32458
30021
30531
8420160
-6851
11524
4209606
-13776
487
1109172
8159
12972
4458811
-14204
23773
2675368
-16009
-16367
693637
17135
-26629
46367
6554
-17707
8192555
-10985
21798
193921
-11408
2271
586900
-22237
16867
2415589
-4730
10733
1794281
13859
-13635
3459925
-18273
30972
2920939
-10965
-15879
65415
-11381
-30308
583579
-18938
17356
3391697
9135
-1144
4238687
9372
32263
5026378
-10860
32319
1631880
-32125
18927
8926105
15922
4728
1150581
25698
7815
13443653
29680
-6249
8414300
-9227
8977
4237244
31987
-14196
8402797
-17575
25275
440818
13417
17499
714054
665
-29056
930074
-30450
-2834
10572963
-23132
-23810
5548748
-26035
18030
13643698
2755
-18695
31545
6064
-30974
2116636
12098
31662
121457
-28775
25547
9322938
-9690
19520
5744821
-23926
29317
4830939
-4393
18171
155129
18957
-21607
1107762
30967
-928
10622317
-3715
-30060
545734
25854
-25681
12660815
24232
-8193
4365374
-24725
-20432
13113271
-23294
11013
4305601
26788
32483
10771052
32628
-28543
8918644
-23380
-10678
4243150
31625
8210
9053562
-30439
20293
10899874
8349
-1772
5018442
1019
24470
8991
9939
-1107
6332249
5182
-17817
92167
-9870
15131
6919845
-22076
20926
3197672
-19514
6084
256217
27928
6297
8810594
20117
4840
579384
-23377
28093
4242895
-6374
-23514
6623955
7782
-4170
6225973
24735
4395
13373771
-4251
-19245
807924
23710
7675
5091371
5129
-12256
156930
2500
31743
3164712
-8732
23740
5546668
-30069
11403
8943547
-8770
-1368
5351599
-17227
22416
49132
31353
7039
10101110
6970
30677
4274743
-32692
16475
8392322
-31433
-19530
8535429
-30518
5789
10575531
-6021
-20554
2638823
28580
7540
8669820
-23304
4834
4370638
29989
-20965
8682308
30635
29221
10506079
11790
-22140
1164403
28683
-21553
8406851
16943
6194
1092887
1289
16111
144642
4665
22864
1206550
15061
-23127
49016
32195
32549
9448297
7567
19579
5776683
16367
-5543
34175
5089
18086
287004
29166
-13656
9520207
24426
-6838
4822583
-13500
14632
64176
32165
-17945
9710444
8164
17585
4457020
-5711
32564
3165676
20105
-18323
709946
-11228
-26376
322180
32190
-26746
9513071
8322
-19947
4821577
-28863
-4149
8411568
-6841
-961
4340161
27304
7238
8551550
-4729
6828
1729001
-1900
-14686
2627304
26409
-24896
14818646
-1123
-30334
795642
-31332
-1058
10232458
-31176
2722
11667606
10908
196
848506
2627
21978
1076017
1928
-17126
2753562
-21989
-16568
1369075
15188
16072
48752
-21222
-22532
389859
-7999
-18024
4200904
22527
-23537
2146591
8949
-10358
4241244
10461
-16312
2415466
23999
-15619
5286191
-30410
22804
10706085
12975
-4395
64863
-29327
31659
8943012
-15001
-30222
962949
32481
-32596
8655228
-4838
-22158
357091
31989
30248
8402796
-18570
-7221
2872533
23863
26427
4373797
-27656
-17912
8544414
7863
-19922
4332861
-16882
13452
1148147
3629
-10070
1068854
16398
-23065
99331
-15830
-28543
1158807
571
13556
1059607
-13280
32650
321700
22658
18018
6918697
21870
21957
652295
-17002
-17349
1811689
27167
12972
9724275
-2127
22062
2117084
7881
-23682
4332858
22727
-29724
6461737
31146
-12121
11603567
-4876
9485
30444
-10499
-25274
2151326
17825
1245
1353996
-9582
3363
4830905
19888
-8945
1109036
-4753
-6826
554471
24831
-32419
12587343
18156
16
2135582
520
-25982
1188882
10154
-22429
6393439
24166
-2680
6258741
29730
-21940
8743493
19847
-2900
1761577
-4279
15019
155122
3404
-11637
32290
14044
16430
2415194
7243
-26542
4206371
-3510
29670
1142483
-4673
23229
1075695
-32311
7211
9571722
-3686
23016
1917643
-16765
-24503
562169
-18926
-29594
3262161
13266
-11853
126553
-30348
14132
11032228
-9416
-1181
4372662
-29855
3296
9204148
-17617
-3124
48631
-30182
598
9790131
-14033
18633
2153895
30981
-3295
10490720
-20713
-3304
185841
-32510
-23087
8458881
-17172
-4221
46830
21973
21422
1109768
26576
17822
14683224
3758
20428
89151
-22367
17531
2415084
-1457
24970
1060339
-19754
2920
261337
30386
-18008
10575453
3087
2580
25891
23588
7611
4500004
14743
-22719
3835241
-24233
22764
4365761
-12524
3492
54960
-20410
30266
248001
-22784
15616
6328528
-9118
7126
5087909
-17228
-3559
48876
31520
9591
8665204
-6483
-12716
6299614
-24245
-26417
4235203
-15311
31802
44420
-31058
27883
10558623
13826
8314
3261009
6611
-23315
7343913
-24419
-15197
5018570
-28805
-9792
8934327
18718
-17321
2478115
-5703
29334
3295726
-8109
-8856
4198337
14814
12665
3508331
12276
-22909
50812
-32148
18464
9971350
31291
168
9448311
7018
18590
4798007
-31469
23789
8402817
1156
13401
537096
-19801
26089
457181
-31933
8663
8403857
18096
-9073
2137116
-15935
-14719
1083784
-14816
30770
3442836
21316
14216
64016
7986
-15593
4267573
27303
29552
8812925
27181
-32021
9465718
25043
-16758
13635401
25730
-2190
13185609
22703
29723
6331695
-13859
-17590
3460010
-29793
17031
9200059
-22769
-5194
6329811
10470
4136
2609261
-2046
-20891
2163425
-6964
-3449
4210378
-20962
24000
1425651
-23582
3537
4563677
-442
-5855
1247473
-21036
-2870
1109736
-16428
-31947
36600
-20752
-9785
54524
10045
-14880
6331222
18997
28258
1109812
-23040
21747
7373008
16715
5765
40707
7543
10290
4863269
-21550
-18276
126713
28183
24336
9586033
-698
-25540
211169
-14472
-19202
2789526
25184
11015
14426196
15640
-25669
438370
13954
-21471
2740825
-15016
23435
440450
31323
29362
9710451
-6457
27651
6429145
9997
12456
6330194
-472
20798
1182966
25216
-19691
13119576
-6282
-27519
7017685
30867
32432
11016041
26814
-25720
10573935
6704
12153
5254196
-19085
-24757
587717
29558
23501
9139285
3070
23907
90175
-9173
3647
4239271
-31804
31402
8399512
14983
26268
700793
-11974
6983
121479
-15732
10153
571034
-25648
2522
12594360
-20207
-2983
54720
-31224
-26786
11666578
-30510
-6149
10575529
-21641
-29473
718325
12425
-30046
709962
-21702
30883
129783
31147
2126
11538287
-20414
-27599
117441
-23791
-24419
4240848
30732
-32078
10487394
-20869
-24932
1623031
27789
14239
8943466
3406
-20494
97315
-4998
24667
615143
-29239
-4790
9596330
-13032
-21038
454818
7376
8616
4209704
28948
-1771
8410688
18047
3548
3703063
32066
-25270
8469089
23047
-28186
5415217
11185
15298
60796
-18295
14724
2790890
-17484
1577
44796
-3736
-13816
677062
-17389
2499
42977
-16767
10956
561656
-8653
9230
5279669
1407
13502
536839
7660
7252
5252654
22160
29228
2675736
2155
8570
2639655
12926
-9321
1695831
-22777
-5999
6459857
18110
-5152
2201631
2792
4078
160830
-28954
18877
8868029
-359
-22755
922106
16659
9611
38657
6850
28084
4274745
7151
-20610
4203839
7415
-6027
4338989
-12411
-30123
574392
12907
15513
1632087
2983
-5737
420157
-28658
22128
8471683
27747
-18303
9200485
-23689
-32207
4896213
17883
23346
1354507
-13722
15066
2089141
9066
28979
4830807
-12240
-24927
52356
-24543
10083
4491716
-22437
-10548
2411491
-29500
5543
8420008
14218
9582
2737755
-17521
25248
566779
8996
-13315
4504148
22635
26170
6850343
15541
-18282
49004
21334
-30311
261137
-13530
-10660
522421
-1068
-8756
12024
22262
-25954
2348061
23674
1058
4825639
-30803
-31221
10489758
-340
11040
7934
-20137
1212
187841
3014
21103
223289
-620
-6329
1582824
17139
9375
46877
31018
-17961
10559079
4321
28350
282892
3222
-8302
750633
27495
-24790
9335157
26420
-7251
14687828
350
-13097
333827
21900
805
1631754
-19434
-31967
255169
32581
-5859
8395632
-3342
1670
95965
29161
-3431
9585998
-6719
-26906
5253576
8912
-18859
4242520
-23317
21024
4241359
531
-27436
1058577
-5956
-16722
2120430
-24626
-29665
12651707
17664
-490
45056
-1837
-9407
2105321
-29055
23095
8933816
22408
-10071
2802714
1307
-8478
275203
6690
-16077
5581365
18724
-30415
2415140
-9943
20628
6462886
6009
18454
2773270
5920
29865
2381844
-18463
10901
2408924
27560
-21823
8547454
-12719
31067
1101232
5348
7247
291340
-12896
23597
1370284
20197
-17500
316220
-26957
28729
10510237
30322
27250
12142165
-11122
-19435
652427
15505
-29053
570728
-26033
23116
13643187
-15901
7029
1344397
14941
-3596
1354610
17592
2563
178190
23648
-19827
5021732
-10968
-7855
195718
-2782
27558
359109
14408
-10562
2264162
11127
11939
718197
-5658
28238
3621101
27958
3202
8617061
21379
-25688
582425
-3013
28204
27591
5181
-2934
27398
-28284
-7184
9978504
-22429
32380
2933733
-23742
-18395
4307665
11339
-30337
61283
-10341
26176
2933659
7381
-24848
4210472
12600
-20334
186438
-23421
-27359
4764617
14203
19051
2675543
23468
-5691
4238910
-21026
11950
1435883
25546
-15973
12660315
-22484
-28647
2150118
15262
23731
893051
-15495
14287
700822
-7486
20861
4274905
9101
12716
4761434
-10172
-4871
6326944
-28537
22867
9064841
-13740
163
1109680
22690
5645
6658605
14446
111
2720871
6971
16043
4209463
15424
-25301
43104
309
9545
7940
-16843
6307
1085428
-28198
25909
9783947
-2760
11975
161990
15894
2273
1279089
-2982
-9618
355011
21404
-8677
844314
29466
24630
8745555
-21501
22285
58337
-4482
-32619
1655031
12092
-5158
55926
3000
17146
157758
-20719
-32189
54768
-8069
-26865
4719559
2100
-27160
2117156
21278
-14768
389139
-24416
-22471
4495564
-16923
9804
1352684
-13842
-27650
3261615
30480
5403
10507344
24398
-18515
4299827
2905
-9878
424242
23928
-25464
4894758
-6040
7339
2770150
-17865
8176
1224181
19691
21499
63279
18329
-28108
3047706
9308
6439
4500034
2574
18125
1139763
-18484
14008
2150106
20032
28029
1099824
18495
27883
2148647
-5279
7567
815604
-418
12270
1378547
20764
-26371
315906
18030
14524
3769367
29037
-20410
8935238
-8495
-22404
4234680
25302
-19109
12794969
-18269
23832
2399213
6586
-4404
7408175
4299
15241
24331
-8392
3202
4364470
-31300
-4333
9448078
-2359
662
2252250
-1876
21675
2105070
17050
-2115
897563
-25345
-26368
12595631
6503
-8768
7213349
13120
29805
63568
-23933
12472
4764633
12331
-26180
53063
-5412
16329
293626
1441
-31312
1321228
-14456
-24613
2786458
26567
21803
14813529
13388
25638
60994
7219
-23693
4206373
-29873
-21044
8420787
-16438
4440
102139
-21545
16361
191993
-15067
26348
310148
342
26809
203777
32186
5537
9513583
30036
24553
8420928
31695
29552
8400251
21416
-22992
191518
524
4086
1058322
-17244
-29130
309996
22493
-29320
2411290
-24699
-18988
13108152
20350
-31716
643127
-14633
-14042
2268569
-28648
21806
8798338
15009
-16626
309628
-28684
-20395
8406716
18707
-111
2152225
-12546
26255
118975
-8643
12073
5278646
-1754
1377
2562277
29632
10033
8415320
32735
5956
8653179
6260
22122
6817316
-29653
-22101
8417191
-21119
-15604
1630696
-5858
-3607
2445539
-4833
28000
291299
-23435
-6695
4761540
-24254
26822
4299457
-14258
18920
2215075
5770
-18499
2709019
-6552
5594
7996630
-16358
-24116
361091
-16118
-26045
104067
-11597
12689
65437
13211
23320
844635
28972
-29541
8412742
14423
-23470
2264417
1050
1780
336387
10700
-9039
3198570
14938
287
1419891
-27732
17829
8416926
7531
13420
4732711
30890
-10845
10559087
17757
24696
310018
23932
21746
4764198
23913
-17248
4896038
15482
13936
631399
-5609
-22127
1205745
19270
-21708
260145
27161
1132
9855346
-20549
-16963
52223
16427
19550
36615
-14358
-19183
2197151
-24829
16821
12587953
30778
27387
10553959
-9276
-10892
4238008
-7471
-25333
4210136
29750
-22121
8612933
1078
18733
207877
-6698
13607
5450953
24942
15884
13177927
-20282
9186
252105
20721
16610
54540
-2928
-3421
554184
-17688
-24171
177406
-23950
-9751
5875413
-26059
-31541
13643700
24647
-19648
12716353
23921
-13152
4764964
-28145
30867
9463187
20291
-16278
56113
-15384
-14386
173214
-31227
22778
11535248
-13010
10412
130215
4823
11949
163097
-24826
1546
12783793
32646
-12802
9109625
21844
-25623
65024
30068
24105
8943172
26355
-12062
14686045
-21873
9796
587259
-16295
24701
428418
23958
-288
6005801
-5660
-14320
3425004
-29434
-28715
8614049
-31417
-3458
8534401
5068
-31466
28186
17839
-6750
1092879
-26059
12584
13643700
-17958
-12017
3508971
17612
21531
48650
24657
-4796
12586304
-2828
-3383
30412
5675
24643
3165975
14677
25067
2137952
19837
-31626
586534
-14864
22280
1090700
-10532
-7756
2415258
-30936
12940
10624150
15109
-279
45936
-15218
-8518
636043
-19557
13270
844763
-26478
2503
15275689
21886
3950
651271
-15160
17280
179338
18337
-21583
2394396
4104
26475
148482
-221
-28260
269301
-6727
-30793
5384654
25795
21522
12598089
14141
23509
2153302
-8119
12414
4328898
9363
-17614
4765513
4086
14786
214077
6965
-22054
4210484
-26664
29122
10897562
13228
10330
61022
-27073
5990
11553175
2592
-22216
1337396
9696
-25733
5546060
-30049
-15481
9204155
-18288
-10777
2659560
-1304
-11736
144638
-23547
25687
4236224
-12566
16172
120511
-26782
28607
11358869
10467
4358
2413421
26272
6883
14948444
6736
-22757
5254192
21609
-32371
713990
20300
-15372
56882
5837
-29370
2121498
3574
9435
1270829
-24326
-15054
4297423
10284
2662
2149990
-16054
808
106115
23155
10839
5809973
-7878
1772
4266695
-21032
28651
1501418
21956
19194
1108488
-13484
32539
65200
-16412
-2052
295676
-19408
-16192
60612
-11535
28378
62876
22716
-17576
6330926
28347
22134
8412031
3615
-22772
1327411
-2561
18136
1073615
-7948
-21694
4200140
30828
-27311
11011686
29909
18440
8421192
26683
-9800
10505063
-7913
25055
4330945
-27723
13180
8417180
-16695
-9050
171514
18446
-17877
2212899
28616
-15067
8539258
-32584
7157
8525966
5091
20045
287517
29910
-6218
8617033
-1789
-17603
2102241
10258
-25705
2213473
11576
-56
194662
-24652
16947
12586684
-21201
26919
64999
-20954
-680
1558773
2510
12381
3230763
-15835
-10938
1354644
13791
28992
1370443
9836
-5967
7898710
-7907
-21236
4461506
27238
17132
10444917
26568
8774
14814298
14954
18556
1681015
8745
-5867
5418326
15119
21949
46451
5995
25852
2643735
23363
25333
4242225
26211
-26360
16515925
-3460
12201
1598166
-4934
-12223
97007
-28358
13921
8477319
23851
16732
4243239
2545
26862
3163436
4593
-3692
1066252
23309
-28082
4241202
-32082
30744
8469663
-14172
-8238
2415276
-813
-20734
16361
-7448
6121
4338910
-19927
-20243
1240534
-2027
14703
2099168
-3404
-20499
32476
-6366
25693
6626005
-25135
-9833
13643176
-32007
7010
8532382
-24501
-30349
4231107
21629
-21596
582406
7800
-8848
5898294
11065
28798
194934
14672
11511
2137184
4072
-3383
148542
-15361
27114
41375
12750
-14937
1166411
-8805
-451
6071211
3701
563
1591092
22601
-26056
6458658
-7092
-16011
4206274
-7308
-16706
4732628
-10671
9870
3198352
30670
3416
10570843
-8339
-6165
4757430
-188
-6876
6896
-2049
-32633
2114015
-25825
14385
12857779
-16150
14960
104079
2387
27689
2121505
-26218
10758
16450729
32174
12566
9514095
-30527
9405
10508712
2785
12934
291132
-20030
27559
1166025
-3246
-26163
98001
-1718
32080
2170595
-23197
17026
5026757
-23369
2508
4373965
4367
4817
21763
8977
26193
4240720
20689
-8870
56584
967
-32678
141593
4725
-5264
1599252
10615
-19752
2807141
-31786
9636
8596633
585
-7322
1191186
-2900
-2990
32462
24043
17398
5285679
286
29413
331779
13920
-29096
3981396
-14268
17648
2149024
25102
-13379
13706323
9732
1555
7373392
-32264
-26697
9568398
10932
-11870
65148
6603
-13147
7343915
-713
-9416
146917
-24737
19767
12851635
-13486
-1617
130737
-32549
700
8657803
-19550
21413
387805
-7612
-16261
5253840
7821
5991
4724538
-24141
18980
5279693
-10444
22202
2154132
-14514
-25459
2202771
-5674
-18358
3362025
-19071
-5616
1630664
5315
25270
31497
11246
-4703
124031
-1435
-22488
1844212
-10781
-3949
1368973
30890
4357
10559087
12222
19230
116863
11154
32293
648825
-16353
-24820
295299
-5273
-16157
946677
28319
-9636
9195899
27463
3455
8550769
-22187
4422
2154464
12453
3075
318284
31239
-30557
9576817
-6798
-20031
4798149
-17576
-30709
440562
-13681
-30991
587195
20811
-24660
57091
-25955
-9377
13382586
14532
26084
2136680
-22019
12017
3195886
-4743
-30332
684518
-18526
-21531
2476765
32701
18719
8391550
-414
6577
1901301
11973
-9702
56184
-19683
-2070
324562
31413
-19956
8404860
9074
-12467
4830805
-2533
-16609
3425235
9454
-31734
4305999
-10745
-2924
3326353
32470
-25415
8592505
3612
-3451
1327666
-31998
6187
8467089
-12105
19206
187789
5378
-22896
94721
8934
-11548
4698205
-21089
32043
1892843
-22659
-11292
6853590
3446
1277
750629
7104
2839
4204600
17654
3386
242701
-22519
-15504
2278882
4422
-9527
219137
-20599
-5942
706042
-7682
-9930
5308623
25242
2503
13447771
16886
11712
1278989
23165
-31061
5808950
27168
-14923
9726068
-6251
-3545
6817752
-8686
15770
5342897
-16380
7026
33408
-15352
15017
173186
-32234
-10578
9643153
-16332
-31776
36484
6490
13040
6625827
4461
-7881
546566
31573
16757
8404848
-26017
-21452
13904307
5881
-11145
2248990
-24589
13705
12584893
-19870
16079
1958613
30664
10797
10636378
-8563
17379
4757434
-6821
-19925
4471747
-1613
-28068
3149805
3812
29669
283196
23808
17357
4239392
-31510
-25571
8468111
-9320
9999
5152954
-29301
24057
9988011
-18636
-14801
2154196
21938
25207
1175053
2530
26746
3490349
1001
-17113
140574
-15865
-9773
1221009
-20503
14181
181758
-7693
-26130
5244877
27296
-22291
8681596
8572
7760
4756038
-23235
-5907
4242374
-27898
-6230
8614033
-822
-13059
81643
-22762
-18311
6526161
21988
1349
1368588
-22753
28745
6590931
1952
-22687
2361372
22006
-16742
1303565
25451
25889
13121367
26405
30868
14949204
-2947
10863
549830
32225
-25752
9707884
-25215
26949
14164392
-21614
18398
648953
-1824
16710
2363628
17439
-23806
303363
25797
11175
12598088
10341
-30915
2933604
21384
1510
713754
14746
-28427
4031083
-28291
-7439
8934278
-2616
1563
1207498
14684
16517
2398818
-3543
-22980
1207766
-20838
15577
905979
18697
-3355
2282786
7598
-23575
5319727
10875
-2487
1631095
3446
4935
750629
30401
-23931
10508632
-4185
-22552
412157
3010
28050
92729
18617
-1943
2283822
7893
-12250
4202296
-12912
-10832
1631400
17433
-20021
434434
4102
23557
212993
-9767
7155
7768490
-30159
6663
9465268
-18443
14528
2148316
26232
-19244
16384086
27481
-10208
8812914
8578
-11025
5866057
23766
18401
4439081
17830
-8172
1550349
29996
7817
8420934
20166
31740
251961
-1476
-24292
1059574
-8301
-16977
4753337
12595
-31122
57157
-16449
5678
35327
-5038
-32318
93921
-21153
-3109
326115
-28576
22375
9191556
-29730
-11278
8743099
-9057
-6742
5026219
-32116
20380
8926874
-16107
-23345
38784
28734
-13546
8472647
-32511
-23257
8393088
-25223
-415
13250982
-15517
22246
832405
30458
-19282
10572383
-7142
-22252
4530883
21209
11702
456986
14360
1736
2523234
-28248
4654
9587854
-15290
21802
239745
-29165
-3592
9455537
-3026
12261
93383
-8019
25066
4202446
2248
-32517
2251818
-11227
-15739
322436
9405
12839
4242254
15466
2803
632423
-7931
-17509
4199360
-10912
7238
848004
-24441
5205
4886985
6435
13236
6560549
-32373
14236
9963403
30603
5729
11028315
15149
-105
49014
-9426
-18566
4308151
16611
-9523
299789
-14112
3427
2412716
11883
-1284
1623927
-13561
12695
192945
-3642
1280
1263817
-8427
-24556
4233136
-19377
12821
60867
-28496
31130
8412300
27929
-19339
8810850
17715
-23333
48901
-25631
-16102
12853692
-13372
-29540
60088
-3737
971
938437
-23394
-6094
5091531
6030
-31251
2704411
-24610
27018
12912827
-5599
-1224
1337844
-16949
7632
1093611
-2679
-20982
1729994
-5072
15425
27876
11415
-26177
718185
-24212
17828
4757190
15973
-16273
1868660
27321
346
8550782
17705
25111
179462
23869
12814
4242214
10889
-9343
718202
-26742
-9716
11093659
-3899
-13182
23496
29827
22462
8942409
1969
6846
2100508
22948
9672
7637548
-5948
23100
2120424
-28318
-1223
9261701
31600
-3825
8926324
27198
30677
9529463
-17379
15608
304098
27866
3599
8747627
411
-10244
1835787
-808
-13190
407786
7706
14042
5571123
17831
-25709
1485069
3781
-23652
23352
-6165
-10757
6293471
-32392
3067
9048198
15154
-17821
114293
-13190
18542
647847
-16987
-28026
1354732
12909
22837
1632086
29944
12643
8548430
14643
25058
2137957
-14597
24323
2134943
-31194
-25222
11995285
-4282
-18672
219377
15591
8405
438637
-4407
14339
155130
8293
31289
5014340
16701
26164
39686
-30728
-21414
10616990
-28860
1157
8411824
31808
-10494
8398944
9713
-19842
5285196
-23077
-12523
5549003
30315
-11928
12076887
-17373
28309
306149
25544
-22144
12725338
31925
-20151
8404844
13787
-16939
1370955
12071
-7870
448885
-32497
-10729
8394115
-15504
-14080
570516
-7143
-10049
4596162
-27039
-30623
12337556
29250
-23370
9529937
-23129
-1363
5679565
11161
19727
975226
11547
-22633
324451
-20687
-16913
56820
-20224
24567
53440
-7509
24764
4210655
-12215
-12673
183682
10682
21942
3263087
-6988
-20074
4210380
17299
18431
567065
-14064
18544
2151584
2609
-21824
1076532
-31660
-19261
8400512
-8059
15284
4723656
30960
4939
10490988
-4006
-19932
346819
19795
17443
65313
11174
11036
518269
-16126
-23319
103041
-3623
28951
1460682
20420
-10518
51768
17328
1070
44060
9254
-15090
4696133
-11513
29383
192913
1133
-10891
534278
8066
-24651
4784697
-4009
-26313
150977
20953
-18535
1493258
11271
28133
188769
-15614
-25999
111249
-26446
21865
14753453
-5738
14243
3884265
27534
-2558
9004155
-26169
5749
15862185
7644
-11327
5515818
-22055
-11117
3590634
-10276
-24953
2411162
27662
29337
8479843
12076
-23528
56950
-960
31803
10464
17458
21661
110085
18368
-9551
2131992
-29225
-14640
9596329
-17201
-5250
48619
31768
-10322
8790114
10753
13459
1106288
8980
-4059
4240976
-4251
-27502
807924
-10373
-23178
2675607
31535
5509
8404343
-24585
-907
12715453
-12931
-24196
586662
8650
-32163
5344843
-12800
-27182
1097904
-143
23806
529908
-28333
25096
8413057
6607
5223
7343403
4780
4721
32286
-1400
-5150
668922
-25907
8377
12599226
18409
22271
2262302
6367
-23069
6560043
18067
2877
2660121
-4183
15767
151038
-16160
15330
299148
10636
19092
3720810
29291
-26723
9987927
-10947
29008
64390
11340
-5092
61026
-11758
29636
1173137
10546
19407
2219621
18411
-14698
2131743
-21146
-26600
1044709
14074
29507
2216543
31393
15264
8665468
-9670
27999
5352119
-1793
31307
2101743
16543
-2225
823563
-21990
-13779
1434355
-24897
3049
12589503
-8593
1015
5801399
16701
-14497
39686
5670
-17741
3622933
2345
10471
2252070
-32650
-23046
9110661
-25876
28982
12596926
-32094
26747
8731293
10325
18262
2150240
-2405
-18244
2905051
26026
32641
13708879
27940
-20084
8682084
14541
-9844
2137962
-11213
26597
61317
410
3655
1901067
8007
-19864
4331825
-20098
-24783
643271
-992
5830
272612
-22483
11254
2150374
5964
24153
2121234
-16546
-17715
366835
16230
-32185
1020021
17343
-23918
43295
-14352
9713
2131100
3546
-9500
1403435
29252
24068
9464400
19660
-7890
65066
-20385
31291
313795
-13162
13924
783529
-11442
-23069
130195
-28900
2894
8671922
26603
3764
14681951
-27064
6217
11685010
19729
-16979
62752
-13745
-28509
1109427
30421
-23390
10510168
-2182
-21658
2708183
-21395
-18122
583654
9870
-26366
6919259
-11738
23095
1566869
-15252
26653
566918
-28822
-6477
9000631
-26103
-8176
13772210
-23294
14769
4305601
-17061
-4551
310243
-3446
-2593
620251
24011
22999
5287723
4700
-11276
1337874
-8750
-20772
5353129
27628
-16025
8414846
-11186
11052
126083
21101
24686
1632022
-25671
-30076
12724670
-10849
-21987
1892747
-30440
17651
10899618
-8902
-21272
4307623
-4008
19813
411842
-30017
-9936
8419775
1396
-20452
538116
1416
-20895
1713162
-10142
-3712
7176869
-32258
6252
9502863
-5734
-8251
4014827
-28018
7477
9008283
-13150
-825
391853
16857
2531
1476874
12715
-31750
1101647
-7978
24467
4398281
-10327
4794
2280862
12995
25534
64345
7144
11287
4334654
16300
-10275
36478
9887
-28640
7115099
-20924
3216
1100528
-12858
-25756
1304745
-5386
-17427
226557
-16290
2166
362627
21995
31847
1107727
5082
-30076
354843
7628
-4360
5254698
-10580
13175
2154142
5516
6374
1598986
5444
-24303
31232
-13024
-21421
325796
20672
-30836
55304
-10005
19063
6330287
11323
-2905
60263
14147
25479
2153297
-15561
22941
179605
3564
-10813
1074734
-29084
30589
10240692
10321
5213
2149728
12079
-17891
56695
7172
8474
4203040
6525
26168
6820646
21657
-25560
979210
28297
28428
9065850
30723
10128
10486625
8628
-11590
5279308
-4314
-23368
481525
-3197
28337
549849
-1038
17203
75517
905
9573
664858
-27760
-4141
8938648
-3073
22360
25055
28617
10825
8539514
27045
179
11815788
-6022
-18705
2704103
27200
30107
9463920
5970
28729
2186769
-15105
9189
45455
12202
296
118399
-994
-30680
336099
-3355
21032
291804
-12770
8831
1425587
-7035
19700
4731848
17198
-19217
113687
4457
21561
677126
-8684
30491
5277360
26234
11618
16319063
26453
16736
14688080
26429
8240
14687062
10728
-30566
3327086
-6047
8823
2900452
-10789
-28002
1371019
28412
-24316
8409726
-29540
27316
9204394
3321
20853
160046
3666
22776
1134129
17523
28900
567045
17910
364
1287181
-7797
22996
5769163
8082
-20784
4785721
8007
-173
4331825
13003
-23260
65371
-25739
-15610
13121460
17107
-23172
48921
15865
-11000
1220974
8593
-990
5801288
502
-818
1246221
-26559
-10063
14682528
-4458
5870
742649
-19631
31949
64976
18561
-11974
2674984
9662
-32690
5351503
13740
-18184
1109582
9564
26446
4504130
17807
21274
1615115
-20642
32435
383219
-31142
-31591
11864723
26112
13543
15728720
20341
25241
579380
26728
-5394
11158630
25959
23410
13513029
-10952
32596
194694
-914
12642
599271
-22878
-22676
6658781
-6174
10641
6619869
-18341
-3857
2395107
-30466
-21476
10571951
11796
-6810
1099376
25098
31492
13706835
10951
24442
194937
-21236
32512
63202
32277
-1865
9439088
13594
6507
389699
18198
-3307
2331665
30022
23397
8616001
27454
5187
8484983
16874
-9807
1148431
11181
29770
61310
-32223
2948
9709972
-4647
-22190
1468906
-4494
-18141
1656565
