8944
1080
5243916
-6842
-4924
4405441
-9826
-8360
8192107
-14391
-14941
2263448
-3735
6642
677318
-6284
-11170
6947018
3394
-7066
1132560
-6306
-317
7143627
21451
-1018
190745
3059
6252
2163740
5409
6217
291072
-9450
-4701
4404337
24316
26362
4231742
-427
-891
1052656
-9502
7670
4534396
8341
16966
4720384
6657
10692
5251376
-3987
6845
607429
-9633
3686
5515635
2503
-5063
3279113
15718
9248
2064469
-5218
25
876795
6140
2007
2114078
-10298
-6693
6490201
-12159
1764
4718912
11408
3160
4727840
486
6830
1507341
6014
6149
2703375
-3497
3185
1199553
-7485
7448
5310664
-10402
18928
7143499
-1643
9734
3672040
2598
-511
3604497
901
-12542
533272
-7363
-1277
4792525
525
3814
1115137
15425
-1302
43360
-10648
3048
7996502
17736
-8963
178176
-411
-8918
1836020
7831
-854
4855097
4274
6295
607236
3149
17195
2165761
5045
11976
157978
4061
-6708
344117
874
23544
599567
7432
-1328
5373968
-1254
-12572
340723
-1937
-1951
2622951
-8715
-5757
5374298
5899
-7878
2248977
-3704
-1795
1720520
-1039
-9245
9724
1195
-1842
534279
-14472
10179
2785422
-583
-11510
1182174
9688
-13263
5644294
-6352
5500
6557904
-13532
8991
2396816
2647
-14020
3280145
-11468
8403
4857930
-4470
-4539
741625
-16026
-3733
1020037
-10766
14040
5317708
8322
409
4784128
-11280
472
4203612
297
15927
397570
2157
-8171
2688005
-822
-5445
729313
19811
-11168
1949716
17499
-5590
305923
-5431
14349
162296
12353
-249
4196608
-6039
-245
2770406
1597
3357
3213333
-5311
2744
549352
-5111
-7303
156128
-17552
2272
566508
-9299
-2739
4271229
6875
817
4469559
14170
-3470
2982443
7545
1576
5898518
5921
-1309
2380048
-5007
267
550372
-1481
5782
1190387
14104
-107
2527282
9181
6509
4530197
-18742
-6837
2332857
10185
13904
6424856
-11926
12576
4789831
440
-1817
1181710
-3327
-1682
1065408
828
-7622
533006
-2008
154
2490594
-6230
-11068
6360799
606
-2949
1378307
6553
-1143
8257834
-5788
5444
2904804
1151
-3874
532743
-10535
-9933
6689110
5938
-6422
2445328
-3756
3042
24256
1544
12235
3276816
12946
-6101
5833736
-155
-3528
787436
4228
-5179
541184
15394
-5080
368736
13549
5304
2200621
6068
-2713
2246682
10888
4971
4862008
-3004
-1863
2099872
10009
8069
6689042
-11647
-4620
5767496
4199
-5532
934149
-6087
6279
2247142
1732
4109
2103832
-273
17613
5631
-8732
-4025
5505628
-5561
-2357
1206769
-5166
-4903
352500
3252
-3799
2752514
8990
-8971
5570563
-5321
2800
680427
1547
1608
3277073
12229
-6426
4197176
-962
2496
76007
-19
-2383
66813
-1124
7288
795386
8574
2168
4788231
3424
-1287
1851412
2070
-10305
2294785
-3168
-1209
2361532
-1176
14848
664814
8899
-5543
5310472
6052
-2564
2378268
-5046
-1292
223457
1268
-8422
143370
-20736
-2528
53488
-472
-3009
1442034
13448
-6360
2785312
5929
-14838
2511122
-14019
3677
2201733
-3934
-15769
868548
10645
-13844
7866152
3282
11608
1392660
1272
2319
143374
-10123
9270
6947170
7751
-3652
5376305
-5039
229
28128
-14010
-4683
2332801
-1152
5292
532728
-7543
5631
5898696
661
-1677
1574664
-8025
-6133
5112261
5273
-8199
942338
-15057
310
307587
-13753
7563
3312017
-6011
-11112
2638816
10390
12341
7013409
-3149
-2587
2165948
-10513
7084
6296927
8111
2501
4197695
-6926
-3651
4273356
-63
-7398
2552
123
7915
525063
5122
-7012
90112
81
5053
3328
-3294
-872
1392832
-16482
766
884987
-3007
-9693
2099616
8331
970
4849921
14894
-14630
1417331
-16102
6434
365187
-8119
6549
4327872
2355
-2155
2428928
-888
-5144
663776
4290
-18659
606208
-2385
-281
2104767
6796
2689
4862008
18126
3180
2461719
-21765
7425
62463
10985
13029
4339006
-546
-16328
1376471
6821
5278
4471612
-5118
8531
90336
2657
16962
3932436
-284
2662
267004
-2810
-5345
2298017
-8858
5095
6226005
12990
-2636
5310479
6118
5531
2572317
-829
-7060
598240
-731
-14801
1311696
-3308
-2797
1066688
-9023
-13285
4727136
20731
10453
54031
-5275
-15411
812012
-13448
1438
2785422
650
14084
1769481
1027
6682
73728
4865
1875
1065216
-546
-5209
1376471
16639
5574
37135
-706
-10879
1116375
-4452
-2653
807674
-5326
-2218
356592
2337
3835
2363648
-13621
-4714
2267545
-11194
-10307
4401217
-8444
-2837
4199024
14724
-5607
3703400
-16442
8104
231673
16962
-3484
1148928
2385
-5035
2104576
1368
2978
407554
2219
5215
2623239
1186
10196
860164
7261
-7381
4532257
3016
-8725
2230296
1754
-6083
2429463
3924
-4028
542248
1380
-3121
799236
19808
-1828
1884180
3754
4929
89663
-12408
-8962
4849784
-10554
6659
6494297
2350
4854
2428931
13271
6295
2523445
-8595
7408
5833845
-339
1163
72957
13972
-6671
2659896
12619
3332
4331777
9795
17591
7407632
-2384
13077
2104508
13116
8047
2654766
11499
22748
5244703
-5359
-3066
30192
9463
18402
4337931
135
1575
655617
-6795
-8476
4862402
-15332
-4457
303746
13385
361
2263328
-8980
7350
5244510
-12228
2338
4196934
7949
917
4265009
-6310
-11250
7144139
7512
-2157
5638162
9768
-1298
7733266
11846
3019
5441585
-10081
8243
7078243
-4618
-6449
1261787
6222
1772
6360099
7290
7222
4792871
-20899
-10867
1427697
4531
579
1133580
-4997
-4856
549863
13475
5300
2981924
8137
-859
4327736
17243
2973
828171
2092
8535
2359810
-9760
-6911
7602284
7110
-5724
4401209
-6448
15977
6557908
13535
621
2396455
-15489
2233
565647
8093
14302
5046329
-2623
-4264
3148200
13301
12220
2261306
4788
11327
1198090
156
1494
786946
-2402
8402
2953403
4630
6416
1262593
7198
7782
4530211
-9940
5790
6558306
9739
1589
7471377
-2626
9430
3213487
-3396
9233
1067726
7052
-1958
4857912
17218
6584
630792
-2375
5199
2234814
-4112
-2576
17660
1532
6963
1057294
-4196
-601
803578
-7314
2509
4793551
-5623
-6933
1204720
-8736
875
5505116
6167
13525
6423841
8234
-14350
4522499
-4989
-15000
614624
-12592
-8260
4460660
1447
12150
1452301
4434
-3485
89088
3056
20718
2098204
7017
9254
4859182
-1321
-2597
406005
5107
-1554
91164
-2487
3173
3279280
-6226
-5970
6360287
2814
-3391
2166815
5437
3928
96261
1863
-7592
2752777
2068
6457
2098688
-1305
-17018
406013
-10050
-7961
6881383
6486
9627
6495265
9085
-8920
4792333
-7741
-7983
5310664
-2741
6648
2234785
2626
-1482
3213328
3923
5686
607272
-541
15883
1376476
-7471
-9941
5505476
-7729
5127
5505479
-11389
-8155
4792408
4788
4528
1198090
-3302
1152
1393347
14517
-167
2785634
6979
-10902
4792360
-926
21059
860388
4516
5826
1329676
1568
24907
3407888
-22150
18929
2740967
4657
-5726
1327360
8103
976
4589885
-3518
12534
1132736
308
-4119
137218
-7258
5022
4663517
7556
-5763
5767704
-5077
13335
287715
2217
320
2753798
-5863
1641
2511330
4742
3813
1785865
9941
-8438
6558484
13454
16721
2720803
6259
-4983
6882340
2369
-3108
2103552
-7651
-6934
5570753
-715
-1440
1182162
-1777
4348
2102755
-4853
-7793
1196497
8218
756
4522499
-6260
8959
6947032
-7439
1695
5244364
5996
-4737
2639374
6992
-10969
4727848
-5250
-5063
614639
14070
-10197
2330683
5703
1976
3295505
9418
-11967
4923393
13963
-9732
2789689
6136
588
2244638
-4311
14566
414194
2981
7356
2362140
-4332
13289
22256
-5479
-4643
946682
-17074
-4744
1150163
4721
6590
1590532
-4081
-5962
17859
1198
15295
599047
13537
1076
2396460
2216
2843
2753542
-11153
1949
4728135
-1107
-4362
77053
6809
-11758
5124410
20426
-2644
247865
3328
2140
1064976
-4635
-13782
1328092
2489
8727
3279118
14602
-1689
2330721
6970
-1298
4792879
11090
4743
4793384
-2848
-545
2363564
-5039
12383
28128
8271
555
4197635
6676
11594
5252656
816
6372
1310720
7068
-3428
4989498
2081
7181
2359552
-2031
9340
2098656
-6278
11379
6881999
3245
-2969
2688005
9194
2016
4269599
7149
4661
4269117
-4567
5989
1458674
-17780
-6629
700664
-692
-5131
1181904
13107
-8743
5570560
-20594
-12028
640251
-11193
1023
4335937
9825
3703
8126740
917
6379
534296
-15664
16
1343620
7381
19237
5505812
-923
-5434
795620
-10092
-9582
6817376
8481
8086
4460800
-3474
-6376
1656007
-7649
-2271
5505475
3047
-8033
2490653
16654
3402
103427
814
7782
1376259
-1960
5484
2492642
-3311
4430
1066432
11394
-2979
4792352
-15988
-7099
1736840
5427
-6922
356352
10125
-7225
6882329
-12662
15371
4919417
-15406
-15729
368788
1834
-997
2429459
723
-1583
1376260
514
10078
1114112
6611
-1507
7667748
16972
5032
1214464
-2868
1144
2752672
8996
7791
5505536
1289
-13186
143616
-8939
-13761
5244752
12582
11972
4657153
7762
-4743
5311536
2012
5468
2359830
-5154
-3556
352503
-4892
2700
1327836
-1732
-8061
2104038
-6801
-3946
4732359
152
875
917506
15576
-10134
1474646
-17952
-11101
3440876
9806
-8511
7408659
-1569
3272
3408359
-279
10069
136702
-6635
-2846
7342032
-4319
-5543
283120
5156
-2543
287232
-1714
-8548
2170083
-5265
-5175
550383
9473
-12175
4206848
7135
6171
4464951
2927
5450
2622735
934
-17848
469021
9898
-530
6364703
5364
13244
159754
-2962
-461
2688167
7275
1020
4728615
1965
4299
2165789
-4324
3975
283378
10371
-11095
6881312
9227
7077
4333825
-13738
-12122
3378321
-6986
6352
4923587
-1161
13488
664043
-7079
-4511
4598210
-8353
9737
4981099
10751
-2373
7340335
-3102
4944
2425020
-1710
3141
2170080
-18412
-2583
2131680
9574
8267
5189637
-3819
15177
22464
4825
-12530
1458438
-150
-4998
591599
-4932
-4559
549606
4326
5000
479245
-2665
-639
3802537
-4173
11554
85244
7744
1706
5244976
-2061
-10492
2163900
6285
-7212
6882337
-4208
9411
541944
-2483
-13427
3214513
-698
-3351
1247441
-2342
4234
2429623
4781
-13472
1133581
-4208
-10506
541944
3747
3852
350268
-11585
4568
5245263
6106
7741
2441751
-3765
1911
154049
8328
-1803
4849664
-5928
4564
2511078
9854
-14294
7929879
14009
-8341
2267454
-9894
5521
6625891
14478
12837
2720867
-14206
-11114
2719872
-14537
-820
2785675
5572
13317
1075720
-9783
13847
7473512
-20273
-3126
315847
-14182
7405
2982531
1508
5283
1319436
3387
-8923
1067799
-14323
-669
2196609
-7495
-482
5376462
-2957
5805
2688164
10598
-3602
7278629
3301
-3006
1327900
-3
-2162
65789
4911
-2652
1327363
-1215
-18934
532968
-4696
-5185
1199326
1711
595
2104607
1779
3030
2167836
-2322
1363
2167999
6154
5025
6488097
-6892
-1870
4208320
-1634
6165
3997931
-13945
-5674
3834249
-1101
3502
77052
2649
-12021
3541266
7785
2825
5899574
4902
-5241
1523713
11349
-16049
4206368
-5181
9606
92408
6130
-2269
2180124
13511
8444
2785569
-1655
2826
3801576
-2470
-19428
3476147
10969
-967
4600118
-13209
-9115
3047813
-4163
-1448
84221
5433
1962
162054
2179
15947
2686976
-2493
2335
3213488
-8182
-716
4391105
-7173
-9893
4203487
-1068
6705
271092
-530
-2354
1115359
-1577
11345
3539429
-6348
-3254
6947018
-8245
9385
4327801
-12879
-4782
5246300
-1363
5394
81149
-13026
11482
5570643
-3204
-9738
2622126
1611
12625
3279121
9212
-8277
4203038
6715
-15713
5253943
-2871
-10503
2752928
4607
777
1065231
-9131
-14093
4206432
-3706
5647
1786057
-4077
18585
83136
13043
-5425
5309452
5860
3538
2380316
-1309
-3620
340220
-4820
3337
1327826
13407
-2385
2394403
-9810
-6709
7408751
8933
8345
5505804
10671
598
7343407
-10282
10801
6750293
2512
3486
3407876
-3575
4346
1196480
-2104
1406
2230456
-1788
-7233
2101984
3804
-2888
283190
5606
-6904
1531917
-7380
-1029
5505730
6781
8437
5840949
2943
10450
2621711
12301
-4989
4260865
2034
-7043
2163740
-517
17378
1049567
6878
-9495
4534327
6006
320
2834443
-2815
6356
2101664
-5627
4758
1074160
2193
-2578
2622720
-4332
-6937
22256
-9055
5172
4989284
-2000
-6348
2359520
-6629
6171
7603155
4163
-822
83968
1181
8319
860161
13087
10160
5505283
16047
7484
40319
3767
-13595
153915
-8507
-2966
4201336
-16903
516
1212894
-8155
434
4457408
3513
79
1198366
-12477
-12994
4784232
6168
-1988
6684706
3275
-3151
2752769
6295
6511
6948129
-6446
3569
6623444
-3746
1417
350403
-18586
5910
3113133
-2549
1999
3277233
-220
4821
266992
-1076
4899
141560
774
-379
1245185
3646
-4495
1132599
-2115
-499
2164925
7604
-6057
5376026
-8349
642
5046380
-12173
245
4785220
-7831
-7582
4855238
4286
-2648
606215
6209
520
6293792
1515
4838
1058575
-10608
4560
6820952
1997
-12179
2424853
2455
-5455
3802377
-8008
-5443
4849862
92
8509
264706
-5806
12447
2186464
-7362
10177
4792527
-9363
8706
4793453
-3939
1901
868545
371
-6118
594948
2118
10161
2295809
210
5224
331780
1778
15878
2167836
-4
-4730
766
13450
-4918
2850849
9909
17174
6428954
-9204
6184
4333664
-3785
11477
154051
-11043
-4007
4534341
-6937
-8696
4600269
3865
-4019
414002
-7202
-12366
4530391
6265
86
6947110
2825
9394
2232592
-10308
-6474
6294110
8746
9269
5571075
9862
7094
7016473
-5099
-1219
26592
-21313
3782
582119
199
-4129
655617
-9516
-9411
4469364
-24433
1609
4752835
-7210
-8526
4661461
16719
-8497
40195
8108
-9415
4197950
-5970
-5079
2704615
-4242
9718
607471
-3352
-2813
1197262
-4414
-7478
88312
-4131
3864
344309
-3004
7411
2099872
-6168
2101
6423774
-9343
-10704
4727160
-6333
5364
6881480
-2150
11913
2949819
-7428
3226
5243598
904
-494
663576
3625
5292
1458482
7496
11047
5376016
5728
923
3948564
-1977
9331
2230753
-1761
-15221
2363875
4272
-9208
541700
1073
12208
270592
5414
6217
487425
22367
11742
2933003
40
-4687
393218
6808
-3793
5124154
-3721
10998
676291
-4087
-6728
147904
5446
-7802
227329
-17759
10765
309756
9541
-9265
4209408
6644
-12554
7471146
17511
11039
958725
-9984
11514
6295648
-1029
110
9215
10007
3369
6427921
-6999
9858
4859334
-10905
7714
5124421
-10405
-999
7078731
12798
4390
5308431
5553
-3161
1076492
8275
-4979
4262912
696
-249
1181710
-6301
-1670
7143628
4144
8070
278528
672
-3551
1312780
5817
3836
2251038
-6591
-13319
7342544
4709
5703
1852164
-10222
-12032
6358112
-330
-1181
203003
-471
3298
1442290
-13121
1560
2654599
-4148
519
149752
-883
-7509
599265
11309
-10236
4530209
2959
592
2622747
11906
4372
4788280
-13409
7409
2916763
-14224
16003
2655364
-5161
-15313
418293
3066
-227
2163231
-3651
10100
1132749
9784
-8972
7473174
12805
-8190
5243648
936
-11531
142366
-4430
1387
89340
130
-2499
589824
-3258
-5750
2818217
-2792
-3165
2494626
-8018
-11070
4785351
-1896
4510
3014882
8004
-1755
4719144
-7920
12287
4199616
-4390
-10544
348919
1875
-4031
2688008
13962
4289
2854969
-2914
-4218
2949283
2702
5861
2692123
-16611
-12878
364785
-9043
5733
4793445
-2016
-5171
2359520
2236
-1694
2621958
5443
1909
96256
2290
-1939
2167820
3803
-20269
283447
-2722
-3734
2431139
7468
-7700
5505554
6341
-2400
6816544
-17042
11254
1672407
105
170
656646
3096
7510
2490370
-10929
-9530
4209987
3755
2384
24383
-8857
-3675
6160725
6189
7642
6619169
-6390
3443
6492369
8303
6370
4719879
-7886
-13036
4526272
3004
-3924
2099742
2963
8735
2688024
4625
3250
1066240
11554
-10977
5570576
10095
-1102
6817039
-2658
1202
3997867
1284
-6133
12800
-13099
2678
5505876
146
8278
590848
10229
12629
6422810
17853
13420
1157133
12409
-3900
4849926
-14866
11627
1156239
7973
3659
4461360
-4690
-7935
1133791
-5174
4008
223481
3110
6084
2555905
-571
-703
1051608
3197
8368
2686981
-8067
7335
4784325
-2566
-8810
3211951
138
-462
720897
-9949
-11502
6623328
9135
-16487
4205855
2857
9550
2494738
16849
-16162
1343748
3979
-3736
672057
3688
-6933
1721398
7780
4728
6029876
13598
-1716
2461731
8214
11480
4391937
-12879
-16478
5246300
14501
-11673
2917220
-3753
10394
155073
23639
-14555
4369697
6303
7264
7078179
-2898
17179
2688167
14860
-5623
1220720
-1171
16174
599277
-5564
-12436
1075952
16713
-2512
170240
3889
7448
282928
3096
-6393
2490370
-1084
1490
11000
-15769
-2955
1999237
-11073
-3881
4727111
-3846
-3718
86735
-12348
4381
4196984
5006
6110
615451
-6258
-8960
6882523
-3568
5830
1066176
-14943
5892
1354124
-4940
381
680162
6061
-18980
2182173
-345
-5651
399869
10335
0
6555939
291
240
331776
8536
3080
4593666
-3695
949
1590728
1037
-2355
74753
6337
-6501
6816032
8736
-2321
5505024
560
-4248
1310720
14938
-5635
1419891
5935
8712
2380051
2311
498
2232577
1055
-5611
270595
-5735
4956
4080106
3550
3827
1392663
-4631
-9013
1197534
-6214
194
6359775
2358
-1132
2299907
15701
-2132
1085264
2839
2590
2233617
4729
14985
1720582
-16364
-13517
34432
-9126
-3763
4532835
3568
-6064
1066012
-8421
-1805
4461427
300
-5055
266754
9789
-3024
7407637
6661
-409
5251888
3922
990
607272
-2092
3432
2359988
4444
-16707
285186
-6465
-1767
6298079
8423
10120
4591885
12808
-9092
5373952
2523
-2381
3408647
1183
11935
794883
-17331
16795
109793
11074
417
4792360
-5585
4344
1335795
9484
8699
4337664
-1339
-1382
15352
8571
-7507
4723463
-7131
3949
4465600
7223
4628
4335907
-8007
-12781
4850118
1825
-5137
2363664
-5570
12722
1140983
6653
-837
7405613
-2298
-3562
2298033
2028
-5604
2098718
-17261
-8951
632032
-7632
-1122
5505216
-6180
14289
6554326
5540
-7748
1337868
10191
8876
6553879
-6299
12676
7078860
4685
-14142
1133569
-5883
-9125
2118624
6734
24642
5319731
283
4361
267011
9411
-2801
4792320
-8862
9706
6094932
-9949
-759
6623328
7614
1115
5310495
2951
3000
2752793
3313
14974
1066268
-4126
-844
344316
2121
-5190
2230528
-4211
-11208
607481
-122
1154
721145
-2108
-7667
2099896
3155
3474
2165760
1922
-6953
2687000
245
740
135434
1166
5728
599043
6633
13663
7472430
-2643
2132
3214509
3917
5556
607273
-3289
-5801
1458625
9727
109
5251343
4139
-6341
279299
6580
-8543
7473194
1332
6636
145410
-13884
2296
3181192
-11859
-9406
5311565
-3320
-5248
1196224
6356
5061
6558244
11501
-1493
5309469
280
-8789
397314
-15357
13124
106624
5386
-1020
225281
-2196
6169
2623150
12826
-12522
5571075
6327
-2074
6947107
5091
2567
352284
5978
-7039
2966027
11998
4907
4526135
2628
-9529
3148304
362
-8591
595463
11194
3881
4270655
-266
11070
200955
-5604
-817
1336050
-217
3498
397809
-1368
2410
146686
10710
-7642
7798821
3842
-14061
86064
-9294
-4157
4271228
3929
11698
934186
8029
15805
5046313
-7184
-3744
4203740
9734
13209
7536657
-7986
8701
4526279
12943
4064
5768459
7886
5237
4526135
-243
7710
70897
-4820
-3918
1327826
2203
-18859
2884355
4108
-4659
147456
7965
-698
4526129
-10921
3099
4341057
5796
-2116
2382364
6675
8415
5317680
4534
15147
1263627
-5688
-1477
3295464
-2760
-3748
2234534
11930
-2861
5050939
3155
14919
2165760
-4329
3553
153073
2540
10562
3147278
228
-9745
266764
6811
12394
4993851
-1900
-6265
2623200
4678
-6591
1263617
85
-2658
3840
-2487
-931
3279280
6100
1724
2376212
-3131
-3654
2100152
-3344
-7449
1066188
8531
-479
4267008
-11371
-2921
4728664
2894
386
2688011
1067
-12250
271107
-11228
-5431
4465216
-16027
-13041
824196
1090
-3518
75776
8356
8676
4981252
1301
6656
14080
6155
15156
6422817
-11970
9405
4266055
1504
-6075
1318924
849
19920
533768
-9357
2239
4793452
6077
4264
2181149
-11232
-13395
4464704
-6282
-11348
7012555
2533
-7977
3408652
-5957
-593
2638823
-948
-9001
141536
2820
-5727
2101776
-7651
11315
5570753
9950
-13501
6623255
6382
-3183
6362159
-5935
-723
2380260
12169
-7685
4849976
-2969
-1159
3015077
6398
2614
6361135
5691
5465
3164951
-891
6603
533472
-5788
4157
2904804
-12363
732
4327802
1653
-7880
3801362
469
-4267
1311492
2186
-8040
2818049
-6739
-2771
5319885
-5455
-14886
32252
2509
6899
3473413
-6314
569
7013577
5091
-3632
352284
-13647
10474
2137500
14910
6373
1157239
1430
-14231
1778697
-4663
3072
1198552
4584
-544
1197070
-6315
-1277
6817736
-7777
803
6029771
-6138
-5202
2310369
-2578
-8217
3212463
-355
132
856313
5543
5640
1468685
5926
-4458
2576401
-28
3967
262908
571
842
1051399
14437
-1548
2917220
8990
6653
5570563
-3527
-6399
1198534
-14747
-7434
3965844
-10576
-9029
6298716
-16412
-1044
295676
6448
-3535
6557728
11815
2114
5636401
4850
-11283
1131532
15694
-7969
1150035
-12194
-1112
4524099
-2506
-8795
3344563
1014
12237
204827
-1617
6597
3149295
8137
10054
4327736
12133
-4153
4981548
-4060
-837
279232
-8883
-5169
5311569
2950
-2422
2818073
1018
-13851
74271
-3947
5798
542656
202
8788
720897
-2035
14070
2163937
-7710
-7726
5570764
3071
9516
2097439
3151
-8148
2100483
2580
9454
3147280
7444
398
5244432
-176
9356
525544
11366
-2171
5185573
-10645
-2517
7866199
5103
-5761
25887
-3652
-6888
1067726
-1831
5273
2494950
-794
7009
1507549
-1094
-4282
76543
-1798
13064
2167535
-20171
-8431
186818
7246
8956
4271139
4341
5180
151818
-7427
209
5308621
-4801
7889
1067479
-1193
5488
665065
-1474
-10077
1124599
-173
7321
591080
6809
-10489
5124410
7235
1944
4270112
-4672
9845
1067224
-15383
9126
173470
5699
-11063
3229712
1996
4147
2230296
4238
16970
607235
-24414
-1333
5079236
-1856
-14836
2621664
-6799
-13970
4732356
-4932
8777
549606
13676
9779
2659878
15491
6218
630880
-2057
5450
2228667
7256
-8341
4597794
4736
-4368
1589256
9217
5828
4202752
15188
-10076
566888
1225
1661
663808
-7352
-5825
4858056
2012
5095
2359830
5699
2375
3229712
3236
-2887
2884100
6240
6040
7077924
12974
3002
5311503
9032
-1777
4857864
-5602
4112
1401075
4553
-3455
1198344
-101
5485
787451
11042
-1114
4534320
5827
-11107
2185240
4854
-1461
1261579
-2620
4582
3148456
8061
-4419
4784173
4206
20177
607239
12640
-846
4984836
743
-12005
1442061
-1808
-6676
2102508
-9218
-4038
4268159
-3345
4219
1066447
9579
-13930
4732679
13037
8570
5309453
9871
-11723
6821147
-695
7296
1182160
108
8473
525830
2127
5921
2100483
-1030
-5151
74495
-7466
15008
5701829
-2923
-11716
2623392
-8533
13910
4202367
7862
12154
4397115
12148
-3598
4849706
1966
-1421
2165791
-2212
-13487
2884266
10024
-10277
6688786
2451
4948
3736584
-2566
3098
3211951
-225
-4686
266739
1939
-1838
2688024
-1830
367
2429671
5424
7963
290816
10776
-7571
5644338
-1636
-14304
3932906
4767
4740
1851659
6635
-12688
7341871
4106
-7650
212993
11709
-9405
5310493
-5965
7556
2704612
-7016
2642
5120194
-13567
-9215
2134416
2788
-11384
2363932
3039
-1812
2359575
1772
8748
2102814
-439
-4328
1182192
15293
8271
108669
11249
-6410
4203836
12417
-4833
4718848
4288
-15794
540672
3307
-11482
1066783
5088
6876
286748
-5561
-3647
1206769
-1421
723
1647860
-9244
4230
4465276
-1589
8714
3279337
4796
-4770
1067534
589
11230
1117185
4094
-4124
81983
-11166
-3839
5054532
-2551
3357
3277232
-43
-2254
263156
-2986
-5416
2296993
4151
1715
149763
448
2820
1050632
-871
-10516
926178
-1569
4167
3408359
7686
8164
5439537
11024
1720
4207664
-573
13989
1116376
5381
1893
29440
18460
-6622
2392578
-4385
-6096
283127
193
844
524544
-16614
-641
365299
1209
-13733
663814
-14843
-9698
3179408
-7709
1658
5570764
-9996
-6781
6426730
-1935
7566
2622948
1530
-1302
1122831
792
-3704
1441794
2412
4939
2627078
-2327
1381
2233790
-6411
16405
6427098
-6845
1538
4274368
2619
6270
3148567
-4346
-2908
217329
1418
1193
1777673
-11189
4820
4335937
-8952
-18116
5374032
-2053
-782
2098111
15886
4216
1148019
433
-7411
1051916
-13316
21211
2130590
-3093
1768
2099135
2241
-870
2621696
-7187
4312
4269277
1929
-11159
2752792
20439
-6223
442677
-943
12167
11744
7570
11543
5833752
-6121
-1117
2246113
1455
1480
1060111
1000
-5416
140318
2778
-7287
2429463
3650
6502
1132592
1494
-1677
1515525
-2069
13653
2099135
2895
-10710
2622731
-5674
-9255
3621093
-2487
3567
3279280
-7263
-3538
4467164
-2692
-8104
2626214
-8464
10822
4199548
15617
-9679
1081680
5888
-6772
2117648
-9272
-757
4335736
16584
-1042
688128
2369
-2799
2103552
12713
19456
5377294
776
807
1179648
-17857
7992
1092087
-373
-10808
659961
-23
-2511
132606
2800
9076
2102300
12172
-10149
4849720
4074
8236
83519
-636
8156
1573592
-11137
-1162
4727111
-1009
1524
9699
-4979
-12666
615649
1246
-921
339975
-1071
-3007
270836
-6031
12500
2639332
-2493
2483
3213488
7589
6924
5507868
-4580
-11279
1327858
-7101
6857
4270272
-3169
-8668
2884027
-1692
1126
2888420
16497
-4312
558340
4654
-11890
1392643
8586
-3827
5963785
3440
5414
1590292
12344
-6477
4327430
7267
5577
5054500
-4041
-10116
149955
-17885
-13567
1417456
2973
1986
2949145
-11962
1252
4397121
17178
-7119
1409539
-7288
-1106
4858072
-638
-2403
1638616
7658
-20512
5309983
15006
8089
897147
3232
-9569
2883588
3710
7037
1654839
6535
-6616
7995689
-5824
8159
2119904
-12822
75
5310047
16782
860
1672203
9484
-4604
4337664
976
-4600
270356
3852
-2496
151600
-3622
2255
1393351
6709
-6719
5384498
1448
-18624
1190926
-2864
-17098
2363556
-12492
12434
4849770
-13652
1722
2137758
-13394
10578
2198687
4891
7763
1327875
4051
9260
344116
-6426
6192
6754525
1940
-11823
2623000
-327
-11644
137726
-5793
6745
2382307
-570
10003
1247449
13107
-14949
5570560
-3185
22555
2622907
-3683
-582
1917129
-7117
-12552
4530368
2151
-11739
3014917
-3774
12984
88256
-3594
5507
1261771
5222
8038
1007621
-2241
-7053
2621871
-12387
808
5046393
-3370
4203
1523909
6589
-4186
7407661
-3619
-6118
1392837
5543
16337
1468685
7135
2393
4464951
7082
-598
4271679
580
3303
1051136
752
-1489
1049612
-13233
7433
2133379
-6866
938
4534467
4242
-349
607232
6437
15097
6558496
-2280
-3592
2494642
1499
451
1319687
12009
14623
4330814
-1465
8080
1190385
-10167
11382
6424928
-1732
7387
2104038
7288
-1118
4857894
13049
3893
5374222
4923
-4299
549647
5427
-8064
356352
3549
-914
1392661
-940
-4934
12000
8952
1558
5373966
4059
-7744
279351
-6478
-6550
6364380
-5304
3140
680168
-303
6183
266740
-19477
11885
2131903
-8682
-9970
5440625
-3952
6452
541888
-13852
-10099
3441292
8478
-12376
4526083
1511
-6598
1450253
-9837
2316
7930984
2496
7302
3147784
5870
3480
2184223
-9370
-6811
5185645
-826
3769
729313
8648
-181
5376008
-11766
-3088
5439553
-5035
-7496
28640
2098
21598
2424832
-7302
2014
4793039
9371
259
4989699
3614
1167
1392691
-2880
-2132
2621600
-7703
-6109
5375438
16405
-5383
34560
10322
9498
6360096
6578
-7031
7408684
-1295
-3296
13820
6830
6079
4275263
12203
12347
4198207
-12723
274
5311601
-7919
1848
4199872
-9583
-7767
4732280
-5606
2745
1401587
-3778
2274
88263
12986
-7098
5310991
-12115
9506
4785221
-15334
1116
369283
-8977
8972
5244255
-4720
1884
1590488
-14343
-8801
2261406
4783
15498
1068303
320
4808
6144
-8676
8929
5505650
-1399
-6148
668152
-10393
7490
7209293
-12881
-6830
5246303
-4810
-7284
1263827
757
-22728
1179914
-5117
13682
90336
-6337
-48
6816207
310
-3054
202755
5191
3489
157953
-9229
4364
4269180
-10868
2630
5906504
8708
15939
5243392
3273
-2340
2752768
7745
5988
5245232
-31465
-3981
8533377
3440
3539
1590292
7299
8422
4792352
-7486
-3059
5310664
-1960
-7651
2492642
-13234
10919
2198659
-190
-15814
590056
335
4224
7427
-3407
-6234
1068492
-15432
4069
174238
-2115
-7952
2164925
4306
-9571
348164
6574
-654
7408687
-653
-9019
1639636
2016
-10066
2359324
4336
8535
21516
464
4821
1310724
2572
-9036
3276816
-3148
-2829
2230458
3495
-2320
1460509
-6129
6379
2115043
-7908
-6308
4461250
-3616
-1815
1327308
-5557
5324
1206769
-3248
2029
2622632
1021
8119
73757
438
12752
1247243
8754
3683
5570560
-1501
-10804
1384688
-19383
-13266
2263456
11556
4626
5505552
1943
-9372
2753817
5931
-2303
2380563
2727
13120
2496797
13137
-2778
2655528
-6551
-11531
7996886
8856
2940
6160394
-3245
-18868
2688168
-11142
1381
4792903
10887
3675
4862265
12591
-12674
4460803
-15788
681
1085056
-2263
-4543
2494898
-13824
1686
3178640
631
5117
1704195
6339
-8417
6881312
-1533
7987
1122544
9850
-2698
7930391
4820
-5369
1327620
887
3462
663819
2457
9575
4063498
14087
6575
2265393
-8315
-14304
4719480
-714
7282
1247443
-15
-5846
1532
19006
-1886
3246103
3324
9963
1065502
-842
-1719
729315
6883
-2877
4534332
-6366
-4116
6623440
-16306
7145
101507
11161
-418
5120314
3608
-7442
1458226
295
8462
397569
11697
4100
5246236
-11477
12582
5505859
1051
5911
271107
7823
-14740
4724027
1133
8503
599045
7788
14923
5768758
8367
27
4719879
-16795
-1644
1868788
8075
6444
4849977
-6883
-9280
4534465
8682
-7646
5309967
17005
-3289
1672197
6503
-2968
7213349
-18942
5110
3244208
-8532
3459
4202110
5776
-2172
2642968
3213
27
2688001
-9331
8326
4793465
2564
12
3146256
4878
-6668
1131523
11892
-2499
5898290
11024
-6308
4207664
42
15535
328195
-2141
-3366
2427068
8071
-11625
4849977
1521
1313
1058060
3308
4618
1066526
-14989
2830
636036
4046
-14578
344119
4603
-2119
1065743
14243
-4647
2459708
2434
1484
3735560
-7039
10623
4727232
-386
4744
1638647
-11245
-4979
4269120
6169
6163
6684962
2853
-3810
2364176
1666
10492
2691096
2934
1189
2818059
-7733
-4206
5376457
5678
14216
3489811
-6763
10493
5777352
-6886
1857
4534979
-8357
1419
4981611
-11206
251
4270663
207
-1967
266503
321
-3020
6400
-168
-1999
917738
-11397
-4127
4727631
-3264
-7568
2621608
12345
-2962
4327686
-4122
11019
475389
806
2859
1507329
-11597
17117
5311564
-5207
-4723
159230
-8469
-7771
4200319
-2336
4112
2363580
6308
840
7078436
1516
9474
1058318
8179
5166
4260924
-299
5076
267252
-345
1895
399869
-2004
-22154
2360034
-2360
3859
2234552
-14732
7573
3834002
5452
2882
161792
9571
-12918
5058564
12331
5033
4457219
-7640
1427
5636290
1927
-19
2752793
-437
-9372
1182193
8564
-10691
4853762
-8271
841
4197756
937
-6088
142622
11144
3388
4857912
152
1627
917506
805
4974
1311488
-5699
6547
3229933
-1017
-11666
139745
5634
-1943
3227664
13611
1641
2396963
2040
-11761
2228254
746
-517
1115663
7682
4012
5308464
-5447
4112
162302
401
-7219
1574152
934
-11655
469021
-3146
-9898
2295995
23505
-6143
4497716
5420
-5763
291330
-8939
2290
5244752
7143
6132
4596029
8737
3148
5505280
-10551
-14694
6429016
-6073
-2418
2247137
3898
-7527
606767
1303
-3135
144641
6725
3352
5253936
7423
-6574
5243167
9910
1327
6494235
5443
524
96256
-11898
10210
5963849
4098
-2041
81920
-2649
-3181
3541421
5888
10334
2117648
-9762
829
7667815
4139
3539
279299
-14968
-349
1745032
-2551
1117
3277232
12431
20035
4719875
8447
-15123
4198671
-10687
9632
7342416
-6651
-5026
7341008
-6778
254
5972169
7550
9631
5832727
-2179
6219
2687149
6973
-1675
4792365
-2966
8036
2688679
4266
1539
607751
-16959
-13340
1083864
-6735
-873
5254604
-2474
8703
3345585
2572
8716
3276816
-17599
7135
565736
899
-2655
598040
-5006
-1296
615652
4428
12967
153600
11117
-6683
4793389
-10112
-4985
6815840
-2887
10083
2752934
2317
4165
2167809
-3229
-8888
2949292
7281
-8207
4728100
-1277
-14020
78064
4257
-16268
803076
15029
14556
178554
3958
-11654
737323
10282
12495
6619683
6853
-2071
4209464
-3728
1041
545988
1088
-5919
10240
5526
-5110
1795081
10575
-4334
6298915
4044
9198
149560
2636
-1450
3278864
-8315
12001
4719480
21885
-1870
651269
2765
-4250
2428949
-5256
2184
680174
8522
-9133
4397057
-6156
-3080
6422746
41
-2929
393474
9386
-2827
4793863
-9690
-11793
5709937
1373
5828
342017
-1040
-16868
9468
-4312
-3662
413938
2069
16694
2098944
-9298
6071
4271231
-3073
-11684
2097599
-7656
-8203
5636290
5951
-1133
2638095
40
-17202
393218
-10450
7779
6623315
3137
1558
2099456
-9549
4182
4275324
4759
-10743
1721609
-17628
3712
307952
-6952
-6708
4600006
57
-6128
133382
-4640
11489
1327324
-1396
3553
667896
-4132
1154
279286
-1078
-7861
207097
1511
4442
1450253
6149
1451
6292256
5031
-2075
420125
13060
-13914
5243392
801
2169
1310976
-16086
-1945
365187
13910
5211
3378225
2585
-3698
3539218
1889
312
2883852
-107
-13310
526328
13605
-11634
2396960
-241
-398
5619
3168
11639
2883588
3716
5707
545336
773
-5602
1049344
-13646
6585
2202780
5033
5746
159006
4929
2385
549128
85
3168
3840
-6987
-13591
4858306
7659
-8533
5244703
7536
-3710
5768212
2646
6630
3345425
-1419
-14630
1712626
-6254
3111
6882520
-5107
-6129
91361
-2026
6816
2295009
-6045
-268
2965732
13730
9517
3508268
1798
-11444
2297873
6111
-19479
2375959
-12852
-9893
5376088
-2993
-1566
2100643
-4120
4014
148734
11768
1823
5373982
10839
-3391
5385521
8984
-28542
5636098
-7727
-3690
5505476
-6831
3729
4210112
-2068
5455
2098878
-4944
10346
550116
4570
-5970
1393159
-8706
-3111
5308511
-118
-10678
721145
-11163
-1227
4989764
-15275
9410
44928
3085
5937
2163713
-9431
-92
4600178
3517
-1589
1132573
-16778
5611
1802483
-11843
-8369
5310541
-1688
-13992
2757862
7219
10513
4530208
-6929
-7547
4208079
-5466
-10478
489725
17527
3218
696579
-21447
-8173
190950
-12180
909
4720198
9294
-2617
4271107
2687
-4738
3670295
1981
-294
2164765
7180
-2698
4333600
-5598
-12799
1401072
363
-4697
530183
-15079
-3008
438658
6159
-12913
6292771
3050
7476
2164255
-846
19161
599268
7408
2440
5243932
10373
5011
6816544
-12016
20524
4199488
12217
-10456
4327742
-8120
2906
4327616
-5700
-3476
3164910
-2691
-7279
2691237
-19107
-2829
2463905
-7433
-83
5374411
-7054
-7752
4793540
2284
6461
2102798
-15149
7399
372868
655
-1820
1574155
-7773
1718
5572812
-12262
-703
4522563
590
-1882
1117187
-9445
1205
4469619
-1362
-11598
81151
12622
-6967
4267011
6085
-3615
2116376
24700
-7845
13107782
9880
-5668
7213082
-6070
3709
2312417
-11391
-3411
4727128
-4779
-5326
1069008
-8610
-1034
5572723
-8792
-308
5377118
-8793
2748
5638493
-671
-11742
1835476
-12406
-5112
4915321
4274
3267
607236
5198
4397
93187
-4112
-4183
17660
484
7099
1311244
-3039
3778
2359712
16184
-11004
688238
9688
8736
5644294
1584
2825
3407888
5534
-2726
1925131
-6181
12661
6554583
3737
5928
938298
8146
-9007
4522036
-4802
7361
1132759
503
1054
1179915
-894
15351
598240
15158
-1138
761963
4732
2453
1589766
2400
-11635
2887684
5297
810
550148
10156
-1688
6295070
438
-11294
1247243
2742
-15518
2299931
9759
7893
7602451
3118
11196
2424835
-11730
7455
5570627
653
-3560
1639433
-6608
-3286
7602384
11613
2900
5572625
-5104
-1934
25824
20669
-1784
638981
1262
12951
78863
-4856
-8699
1196240
6
7888
196609
-491
7663
1050608
-3041
9677
2359715
-24559
-3853
4228544
10941
-2796
4274237
-462
6015
1376496
3559
-2045
1458461
-9514
-8864
4665461
-2512
-1677
3408048
3761
15474
23868
5013
1017
550680
6309
-8634
7078692
-5695
-2288
3164648
-6386
12227
6362323
5509
-15350
1598216
-4940
-54
680162
2625
-208
3148048
17611
-4026
696577
-18599
1592
3047850
-2416
1855
2626744
12918
-4768
5963779
6131
2231
2180124
-8067
8611
4784325
2579
-8294
3212304
-4679
-7445
1198558
-5923
-901
2445541
5405
-4490
356353
10014
-279
6623251
1797
570
2102032
7446
1684
5440529
-8934
-1942
5571155
-464
-6943
1310960
-18658
5058
2461875
1173
-12316
534272
-10119
-699
6947174
-4582
10550
1393395
-2334
-461
2429116
1120
-5063
794628
2104
1809
2230278
2728
-984
2235422
-10257
-7147
6292831
1334
6126
210947
735
-542
1310983
1919
6280
2621711
-431
3048
1052144
611
-4794
1900548
2280
5150
2233358
8888
5978
5376014
-3679
2365
1329612
6209
13229
6293792
4220
8642
541190
-712
-4370
1181910
-1663
2015
3670504
3331
10040
1130512
-10842
8855
5711949
-16466
7697
101631
-980
2434
271074
-1110
-420
77567
14469
10977
2655072
-13707
-2424
3834258
-7246
4987
4271324
-7037
1290
4792512
-1334
-497
211193
-187
-3318
525288
15294
12413
108671
7567
-8439
5768475
4869
-948
1065728
10122
-1924
7012377
2913
3315
2883852
-8268
2608
4327546
-7808
12731
5767368
-10608
-6760
6820952
686
-17052
1117199
3860
-9562
22064
-5240
-5216
680184
1833
2449
2494738
-648
-5288
1704150
-13028
9322
5505618
5686
-2969
3360787
-18131
742
2461921
-6666
3591
5447883
3454
-3910
1654807
4440
-17520
415746
-9172
8586
4465250
-1843
6052
2429157
5814
7936
2316315
1316
6213
274944
-1526
-797
1253617
-721
-10894
1311187
5802
4628
2186783
2732
-6953
2104862
-4669
-7047
1132760
-984
-11572
401634
-12579
9400
4526197
8928
5531
5505036
-7268
5094
4989658
83
-1744
68608
-13635
17002
2201757
3537
-6057
1327380
7494
3900
5441553
661
-11758
1574664
-13187
17441
2719877
-6198
13376
6490329
-9835
-107
7866216
-5794
5773
2447587
-2896
7129
2622628
-11311
5915
4464980
8479
1114
4460803
-15773
-2176
1933444
7875
5968
4266040
569
-2917
1181958
2163
-9197
2688004
-10219
4703
6293344
8065
-6485
4718904
-13262
15814
2457728
-15626
6391
1278091
3447
18360
1720595
2318
-290
2167811
-13102
9700
5570644
-523
-3651
1180122
-8363
-8499
4720488
-6011
-9223
2638816
-20265
8925
446917
4656
1177
1327104
-11371
-4257
4728664
7033
-1201
4858158
14126
1808
2461747
-901
-3649
533479
387
-9683
1638408
-8858
7048
6226005
5866
-10935
2184735
3084
4960
2228224
-5943
-13681
2769376
1773
-2240
2167837
6842
-9512
4274751
-7157
-9037
4334017
-14721
-10859
3703191
205
4443
331781
-3522
-1752
1132743
3844
-8516
21040
-2569
-1270
3277227
-8673
3555
5505395
-9668
5040
5253750
-15109
7802
45967
458
4119
1247241
-8259
-1879
4262013
3500
-1680
1068574
-6563
-4749
7669969
2885
-9727
2622216
13817
6517
3309870
6819
5747
4536380
-4211
-3154
607481
7474
13859
5570576
7426
-4059
5308432
7036
-4359
4727342
2276
-7350
2363916
-3461
-10666
1590215
-2429
-6984
2691256
7872
-12084
4200504
-2368
11021
2103480
-723
-8363
1376465
-5299
6552
615657
11732
-9069
5505556
3396
-680
1067536
10306
-4273
6359072
3821
-5191
87101
-2528
9110
3408048
850
2338
599048
-5772
16321
2773218
7247
6092
4205859
-3741
753
872644
12925
-16856
5832709
15723
-7962
1607511
13109
-4599
2785578
7230
-5095
4270119
-705
9611
1051095
4641
-6440
1327360
3868
-7567
283186
-9198
11923
4269152
14435
-1755
2981988
-7434
-5097
5439691
15490
4552
630880
5278
2590
876547
-3209
-649
2752939
-13574
2673
2200223
-4135
-338
410102
-2907
-4861
2884516
1677
3139
2692121
-24695
-1232
13238712
-9095
-15097
4858214
-6379
7235
6297552
10969
13739
4600118
-17061
1192
1346515
-751
-12764
1050064
8548
-12490
4985348
-9248
22059
4464764
-3432
-3015
1982666
3175
1410
3014917
-653
4385
1639636
-7514
-4061
5703885
-19012
3904
3181230
12697
20503
6160650
-1212
1594
533224
11480
-4583
5636118
-8808
-5286
6160474
-8137
-6554
4327875
9712
6517
5252108
5912
14891
2510866
5739
19256
3688215
-16153
3734
430477
900
-2413
533016
2365
4366
2168837
-588
12761
1181914
12300
708
4325376
-3889
2950
283079
13647
11694
2137379
10041
13787
6947086
-6367
-4821
6558160
8779
-6202
5376257
3291
-13804
1327895
1699
8392
2431004
3923
-5533
607272
-5657
145
3555821
-4243
-3164
607469
4229
3971
541440
7076
-706
4467260
94
15629
329731
14387
-825
2457696
-4206
-592
607480
5131
-8926
155905
9021
3881
4792333
1724
5438
2103838
21279
-1367
1360131
-11729
7937
5505347
9154
1749
4270104
1871
-8039
2622731
2408
5500
2757638
-86
-3130
69375
-11470
2470
5570624
8511
-3262
4200711
-8484
3687
4461174
8057
25
4849966
5740
13325
3687958
3064
2604
2228254
5491
10327
619524
-18140
-1738
2396896
4385
9602
282880
8124
9716
4196926
3164
-480
2361858
-1242
4118
471281
22688
-11784
7110692
359
-4881
921861
8485
2655
4461312
8045
18764
4785197
-4389
-31
283639
6976
-7742
4726824
-7743
-428
5245384
-5740
-14103
3688168
14701
11530
2724965
1200
14826
533508
-2389
-6903
2105279
6767
215
5776695
-882
5890
599267
-2684
-646
3670696
-1232
-2665
274672
-14035
-9151
2461825
-6873
6061
4600257
-8854
-10247
5834327
8978
-2693
5309440
7005
-102
5054505
-5487
9485
554488
-19328
6554
2654368
-5661
-2136
3490028
-3662
-7693
1133772
17356
5625
174104
14908
-10496
1092214
-2984
-1182
2492578
8121
-347
4327742
-4647
2960
1458646
6123
1151
2115359
-292
-2278
266998
15222
5847
761963
-1355
3062
145914
-8472
-10863
4330622
-5595
5349
1336304
-8659
9131
5570673
410
-8223
1901067
15553
-2793
565600
4963
-18336
876556
12030
-2271
4263999
-2525
2172
3473584
2653
-15722
3475473
2236
-7898
2621958
-227
7073
332017
-5993
-13899
2770401
-17614
-3408
372976
6772
8824
5906482
-3808
2463
282816
4795
3390
1067791
-8976
-16929
5243996
3545
3327
1458454
4122
-1777
344579
-2002
11006
2425059
11176
1043
4336702
6401
-5046
6295840
15347
6938
107644
-4710
-8777
1917659
1890
-780
2949132
2984
-4140
2231326
-9599
-8503
4731256
-10767
-5043
5252428
4290
9570
606208
2897
-12384
2622728
13682
8451
2724900
-4161
-3812
18943
6702
4862
5578803
803
-236
1376256
-7477
11675
5376457
743
-2752
1442061
-953
-4344
141793
-2553
-2926
3277233
9222
-6114
4399105
-7007
12100
4989380
-14085
-8657
2134927
4754
-11670
1655816
-11524
-5853
5243470
1434
1706
1909259
5641
6992
3293456
4613
6027
1065728
-970
-451
207075
2909
-300
2949129
5754
-11978
3752471
-1873
9037
2622951
14180
2490
2916908
-11144
8140
4857926
159
-852
786691
-171
247
526312
4644
2984
1327616
-9865
-275
6951267
6363
2619
6558503
-7316
15868
4728526
5602
-3834
1400844
-1828
2588
2364134
-5259
6787
680426
-7715
-898
5570757
-2637
-3336
3214508
-24855
6076
12719550
2556
13775
3146254
-10577
-15184
6298975
9359
-11137
4728067
-7512
-254
5377230
-5354
10678
226545
-2178
-3140
2687151
1667
-7057
2691096
2906
5082
2949643
-9737
-14350
7471467
-5933
-9222
2445540
326
3744
202753
-3062
11717
2293921
-7926
-12988
4395201
2920
-6358
2753550
6375
-1384
6689069
5409
4815
291072
7415
8999
5374235
-8069
6320
4719559
-1953
-8278
2361827
-7731
3883
5570757
-11118
10533
4793408
10709
-7734
7602980
12492
13699
4849664
-1097
3487
141819
-19945
-3473
1230273
97
5248
786692
-514
8291
1114335
5827
-3965
2185240
-6749
9843
5581004
-3872
30
282828
-965
4579
11239
-319
-9779
6648
13561
-5586
2265390
-3159
852
2231742
896
11299
532504
13577
5588
2265376
-3638
6201
1263817
-4860
-4885
1065680
-4156
3504
19192
4093
-4573
81981
5573
13538
1075976
-3143
-3396
2230718
-3778
-1124
88263
-1392
9579
537848
-8229
3682
4457335
-3976
-15116
671942
-10965
-1537
4469571
1011
-15100
74780
16895
5101
1081615
6291
1851
6882336
-8714
15043
5439579
8833
-2738
5767432
2014
-5720
2424855
11112
-8100
4858926
4071
6237
409917
-4884
-568
1066718
-2127
-2265
2100668
-180
-4356
655592
-2826
6553
2298027
-6645
-7267
7471569
-1016
-13316
139488
5313
-5313
549120
2741
5834
2234650
-8575
7927
4723064
-1427
-2739
1647861
-2735
-3523
2104736
4779
1962
1068815
363
10109
530183
-4649
-4506
1458645
-15476
83
696472
-8119
-11507
4327872
-1636
5820
3932906
175
-17936
525575
-16400
-9659
34044
12525
-541
4264973
-16211
3456
623749
3141
-7637
2099968
1471
6116
1059087
-341
-1072
8191
11443
5106
4793380
-10436
-3184
6816334
-5783
6920
2774502
-7061
6857
4728775
-3758
9270
89280
847
13200
533771
2294
-6548
2297867
3511
-4107
1198363
-4143
-2996
279028
-6370
5221
6623443
-6676
-3043
5252814
-7813
-429
4723655
-697
12028
1182161
-6214
-9186
6359775
4224
-598
540672
-964
3810
10982
-15177
-4237
696707
-3096
7378
2229438
9387
8281
4728583
1522
4230
1123340
-1878
-180
2688743
-6240
-15050
6555868
-832
4797
532704
8228
7185
4456960
-4785
-9055
1068499
9
7457
131328
-4897
24
1327575
917
1877
534296
1605
-5856
3148560
-13037
3942
5309520
11968
5048
4200504
-14419
-3137
2198685
7386
-19840
5571095
15372
8301
172128
25063
-2240
14025037
-1394
1445
603387
9728
4164
7340048
8929
-7323
5505292
18569
757
2785536
-2410
11406
2823353
6516
7921
6950946
-12069
15811
4461383
-137
1648
655851
-5350
-9123
357107
-2139
6924
2362300
4142
-5697
344067
20515
-7945
376832
-1689
7982
3019237
1162
-3030
729089
-4298
-3111
737515
-1705
1987
2235873
1202
2193
599044
-1097
10798
141819
-485
-11593
1311731
18726
-2663
2592769
-4285
-762
606440
6760
-14566
5907510
8606
2060
6094859
12098
2302
4784168
9453
-597
4273165
-2082
-8144
2425015
8427
440
4200207
-1130
9122
730361
7007
13045
4989227
6893
-3329
4273213
-1212
7438
533224
-3145
-992
2230715
-7197
-571
4530396
7154
-7314
4269116
-1403
5927
537592
-4552
2980
1198326
4857
8610
1196302
5208
-886
419842
-4813
17621
1392848
3867
23
283443
-5607
-3420
1466866
-5271
-1104
681454
10196
2546
6554132
4622
-10214
1131523
3003
9533
2099999
1011
-7683
74780
-5175
-7363
158200
-5142
6080
91903
-6073
-5254
2247137
4
5064
512
1483
2279
1190153
9835
11999
7866135
3267
-2971
2686976
-1644
14858
3671784
-141
-1749
591084
-8936
-9526
5636178
918
-14280
730137
-4898
-4091
1392855
-13985
-278
2398595
-11957
-5760
4331841
7255
-9484
4336929
2929
13266
2622732
677
-1697
1313548
-3592
-13091
1196238
1306
4767
340483
-16576
-7066
557288
4237
-1981
607233
6767
5946
5776695
82
14944
68608
7790
-3747
5833783
13012
16442
5505540
10083
-1588
7143436
-10356
-3387
6946904
6484
-7802
6299168
-10278
2219
6619735
2555
3434
3146511
-6620
-2072
7602896
2539
-13665
3147535
6620
-11666
7602726
7187
1417
4269088
-10878
9621
5840968
-2883
-167
2687141
14262
9313
2328635
-1281
19938
12799
2499
15907
3213320
-10617
3260
6951257
951
5375
141595
4901
5038
1327872
3053
1783
2163741
-99
3761
852217
-10244
-13152
6292062
-907
-6463
664034
5122
-9905
90112
5683
9877
3489808
1148
-1401
532998
11462
3632
4923425
19336
10865
2785304
5837
173
2445333
-331
7370
137722
-4290
3489
606447
-15287
-9725
174464
-9917
10971
6363232
499
-3007
1115148
2795
1014
2103071
4377
-3877
413954
-12383
2742
4458876
11777
1058
5243184
-6286
9606
6882508
5815
431
2251035
655
558
1574155
-4090
-3699
213185
16523
2029
688385
8158
-7601
4522039
-5418
-7413
487669
-62
5377
67832
-5650
14921
3228911
-1738
-2931
2300131
2868
-9094
2752522
1593
-4522
3279126
-4584
7403
1458418
-5446
-378
97023
-19730
5132
1164495
-5795
-8330
2447585
1823
4598
2363667
4025
19537
149822
-3158
14127
2166463
4052
3323
279092
7347
1389
4793380
5752
-13991
3817494
-694
7864
1247441
7505
3555
5246224
12076
-12833
4461106
-7891
-1516
4526273
-12171
-7171
4849986
12942
-2622
5833739
5470
1202
358403
6060
2660
2117150
-12552
-1404
4329598
-8101
-1122
4459459
11349
-2819
4206368
-5483
1018
555000
2524
1868
3408390
116
-1912
655362
-3992
-4255
672966
-18
180
66815
10685
11203
7407661
-190
4168
590056
5194
4656
223233
-9552
9905
4209788
-3886
-2710
348356
12339
-1436
4521984
-4500
-938
1591030
-1052
-7109
271100
-5885
-2766
2183392
-4444
2648
285436
-2474
-3401
3345585
-4032
-16759
18624
-16541
5190
884972
16115
-19046
103548
1608
-7779
3278864
7577
3700
6160666
8917
-6095
5505796
-847
-2616
533988
5323
1925
680193
-21207
2930
1491410
6030
-15299
2704411
787
3239
1115136
-10330
2235
6752349
1366
11374
211969
2255
56
2363655
3820
-5538
22078
-7126
-3702
4530883
-5520
5060
1598708
-2004
-8023
2360034
-2610
2738
3473575
-3308
1236
1066688
-2863
-1781
2363812
-2151
-11816
3015098
8073
3034
4849976
2324
-1569
2102784
3276
-1203
2752512
8621
-5076
5311501
10725
-9723
7602988
-4703
5733
1329628
-10192
19064
6553696
-1238
-9476
340723
-8423
-6507
4591986
2852
4405
2363920
-1279
-3230
12784
13987
190
2463804
8137
3994
4327736
10308
-7703
6294048
-1252
-12873
275186
14942
-5076
1419379
-4124
-6950
279292
-2723
-829
2431137
-960
-8581
10464
-1847
675
2752992
-11804
-2128
5505612
7464
3406
5636114
7950
2727
4265011
6339
-15508
6881312
-10325
7851
6295391
-2831
-282
2102700
8186
9054
4260415
-454
5722
1116919
-1166
982
599276
115
8382
590852
7386
-194
5571095
-25989
1917
14164919
5881
1946
2248990
-14475
-305
2785674
-20849
-1446
579067
6756
-8842
6038068
9448
17900
4338702
3763
-4855
89148
1443
1981
1386508
1410
3129
1646600
6474
-1816
6494241
1789
-7322
2166813
3557
2754
1327900
9584
1951
4731908
-3367
-13247
1458630
8152
-9704
4587574
-19623
-9855
3047850
736
866
1310732
-4569
-5416
1458673
-12048
4237
4199500
-10083
-1270
7143521
8187
-5447
4195135
-7939
10550
4264141
865
-2910
794892
9317
13105
4989700
-6430
-12158
6623452
13135
13635
2655531
6316
-3407
6817318
462
1339
1376263
1343
10220
14599
-11455
9479
4727112
-8232
3758
4587638
-8172
5311
4196032
7599
-632
5246239
6131
-1423
2180124
1099
-16001
141569
-2974
4440
2949284
-10527
-2197
6558044
-1380
-476
799482
8887
-3305
5376267
3307
7599
1066783
-7847
3672
4594114
-3254
9143
2818217
8281
7043
4589826
-8767
10112
5245272
12500
11526
4461060
8990
-6513
5570563
6635
9090
7341871
-3847
161
152014
-4923
9214
549856
6730
-1122
5449777
-4275
6994
607465
7695
-567
5244211
2216
-212
2753542
6462
-4307
6363175
4957
-11141
876553
-1252
12287
275186
11174
-14854
4663357
4644
2299
1327616
-4350
-2370
86256
-4592
2298
1066224
-12677
-10676
5768055
-16579
-7028
622829
7169
-2986
4202784
1557
4716
3147536
-9791
-1870
7342440
-8779
9392
5376346
-1786
-2743
2298081
10928
-15061
4209724
1781
8778
2232602
-2337
-8485
2363831
4243
-1041
607232
7776
8687
6029364
-4325
3846
283635
-3615
-3533
1327564
-8903
-4664
5376342
2365
11527
2168837
11791
5236
5244211
9895
3111
6691101
-978
4086
336099
1940
1759
2623000
-2551
-4822
3277232
7586
1080
5572636
11103
7590
4989227
10563
-6141
6363168
4842
292
1132047
6849
3353
4208952
1925
13
2622232
504
2479
1179662
13473
10199
2916644
-11817
-5207
5636421
-3431
1650
1982922
-464
4933
1310960
15623
8077
1212753
-2233
804
2752937
-5966
-2777
2704612
10143
6335
7078171
2834
392
2167824
1855
1234
2621711
-2627
-1699
3213485
-9737
-10274
7471467
-9736
-5577
7471214
8544
-6036
4984836
7989
-659
4849962
14229
-2382
2656056
6072
-4433
2246686
14034
-1935
2461748
20965
-886
1360652
-5575
9239
1206774
-4487
2673
1720822
-7832
-634
4854982
-3731
345
611525
2705
1076
2626840
-2907
-4280
2884516
-7684
15206
5243598
19192
11154
2265118
1457
-430
1060108
-2121
-18537
2230715
6955
-3968
4469555
-4159
7479
18936
4467
-9921
611332
-6127
9333
2115040
8384
6474
4718592
1959
10532
2492701
1576
-10012
3538962
10356
-149
6946850
-4670
-6861
1132760
3116
-6346
2359810
5057
-11090
26904
8567
7723
4854019
-1694
-5322
2953444
3898
5936
606767
959
-2281
10527
-7896
-4687
4591810
5208
1587
419842
-3489
-2354
1329603
-4329
9637
153073
8562
3583
4789252
127
-6965
524551
-3486
7292
1917124
-654
-6716
1639636
-12593
-6814
4460919
12382
-9532
4524035
2068
-65
2098688
-7024
-8119
4728000
9580
-9539
4732422
-9191
-1006
4596066
898
-4774
598040
5792
8892
2381852
16224
-1656
819308
-4942
-1221
615652
8388
-15014
4719104
3505
4578
1068316
-9304
5027
4336766
11803
11266
5505843
-3117
-2314
2425012
9083
2874
4727567
459
-17780
1181961
1220
12909
532992
6400
2145
6295584
-11020
2383
4337738
-11209
-920
4335939
-4303
-3654
283120
-7951
403
4199884
1223
3862
663809
-3398
-2504
1133263
4949
2472
550664
5709
1105
3230737
-3078
13771
2163391
1009
6252
9500
15513
-6859
958818
6644
-2344
7471146
3390
-5358
1132567
5529
-5039
1990922
-4977
11002
550371
-4023
-1744
149952
-1060
11124
271094
-15415
4832
174488
-4986
-4630
745697
-4922
1484
745697
1559
9622
3278097
7343
-3815
4728103
-1640
-14967
4063466
6460
-6041
6298150
-3147
11631
2230714
10077
11527
7143433
-10956
10483
4339778
-1086
5268
76024
-229
-5214
267251
-1765
-4069
2364387
-12409
-5771
4850041
13081
6273
5636354
5451
-7665
162049
-10788
-5414
5513798
5879
15341
2248987
11457
7147
4727072
1475
5208
1124360
-3320
2334
1196224
102
-2305
983045
-8995
-985
5570645
124
8135
524806
2658
3197
3997716
-7700
-4663
5244622
-8193
-4988
4194687
-1500
-2295
1319664
-5525
-10902
1599479
-2829
-6384
2167980
4698
-6330
1395203
-1733
-9299
2104295
9340
-7922
4727302
12746
4729
5441545
7713
-399
5505328
-3664
14961
1068236
7846
1138
4659261
-4243
-11226
607469
6720
-94
5253168
-10082
-3350
7143523
-6707
-3625
5578949
13586
-5877
2200608
-160
647
786668
2502
-16304
3344393
315
6331
6919
-5322
6446
745707
-4615
2245
1196510
7241
6550
4335904
-1700
8146
2366178
-2098
9808
2425015
5415
-18702
422145
-3713
-3885
545223
18905
-5072
3571974
4575
-4373
1327367
-1104
5442
11516
-1185
10932
795115
-1126
3568
860923
6136
-7795
2244638
1542
5833
3342353
-2182
-8330
2687663
3449
-675
1720598
-6795
4278
4862402
-13852
-13463
3441292
-3468
7702
1720514
-3869
10301
348364
1064
2296
401410
5391
2720
29955
-8429
-6552
4265072
1108
10136
11776
-13175
335
2785664
2428
7285
2626054
-5637
-4732
3163119
6635
-522
7341871
7893
-2124
4461364
7875
-1214
4266040
6144
4052
6291488
-14954
-4371
1811593
-2668
-18265
3671720
4377
-3908
413954
-7720
9056
5636294
3930
15830
868907
9466
-8090
4272655
4885
2335
1066752
-5463
-6772
163326
-8571
-8768
4723576
-1463
7411
1190384
-12195
7657
4524097
-4654
11097
1392852
3437
1480
1655829
-1833
-13817
2494949
-9852
-11673
7864936
19022
2506
3247123
-4736
-730
1589464
-1938
3959
2688231
-1187
8380
860393
-6255
307
6817240
4303
4346
282887
-4041
-9645
149955
7694
-785
5309491
16462
3201
101379
4303
-6936
282887
-13814
1594
3375249
-3795
508
348353
11777
7817
5243184
8943
-3089
5244175
4962
3666
876556
-8030
10003
5046468
19191
-5571
2265371
-5353
200
161265
-1408
-6051
536824
3597
-1904
1131569
570
6273
1116679
-350
8259
334076
-11245
7979
4269120
2220
15171
2622982
3570
-2413
1131548
-32768
4166
8388736
289
16708
266496
2994
5999
2165788
301
12129
331777
3653
458
1067824
6811
8959
4993851
13312
15265
2129952
5302
-4727
745475
3013
-14080
2099992
-7987
6310
4526277
-13709
564
3769492
-6369
-727
6558163
-33
4703
262647
-4341
624
152049
7008
11691
4988972
-4460
-977
546552
8743
-8835
5636353
-639
-23
1573336
-10453
-515
6558547
-4897
-8127
1327575
-5069
-9239
352480
7527
378
6160661
-5519
-3738
1598964
-361
-11967
660985
15182
-12144
631915
5328
16049
290820
4713
200
1721606
-4702
6044
1394908
-2124
-8144
2230458
-7522
5458
6095051
-4967
-5793
942562
-7396
1730
5505730
10386
862
6882336
-1147
-8549
533496
1372
-1601
276994
-150
-15433
591599
1000
-31283
140318
-817
-21938
1311191
523
1118
1179905
-3690
8600
1787081
-14400
9921
2132120
-1627
6262
3410924
-1163
8071
664042
-8777
6802
5376347
9543
2753
4339969
-831
4699
532960
210
-2053
331780
13810
6071
3245100
-4528
7033
1068272
3895
7802
672043
9358
7221
4793347
-14279
10317
2263430
-6841
943
4340161
-5991
19641
3031522
1212
-1521
532998
-14385
21041
2392471
-1044
6664
9982
-1746
1843
2429155
-9493
-3896
4208511
3658
2833
1263665
10039
-13441
6947083
11503
11630
5244191
20423
-2608
182585
12322
4655
4521984
6488
3585
6690850
13137
4782
2655528
5616
-7482
1074188
-111
3491
525816
6536
-4787
7995432
-3531
-10478
1198530
850
3851
599048
2851
10229
2428944
2427
-6518
2626311
4502
-106
1786889
8098
-3440
4524092
12007
-3753
4591933
9531
-599
4209415
4555
1116
1198345
-7453
-1283
5570764
-5042
9585
93411
15648
-4875
1343568
3523
-541
1132568
-892
767
533216
5786
-4082
2970139
-4666
5314
1263833
-8286
6913
4524156
5462
531
228353
13368
-7493
2263078
-1895
2523
3015138
-399
-2248
1574388
6626
-927
7667756
-5505
13653
1597943
-5177
3055
158201
-1420
-1667
1712370
-4093
-32
82112
5217
3940
811268
-13106
5905
5570647
1201
771
533764
7132
-1610
4465206
13449
6853
2785568
5016
-17845
942106
-3247
-4517
2622888
9345
-2896
4727040
12521
-11466
4330766
-4852
2456
1196240
-11931
2540
4985668
-16826
-6839
1280241
9572
-14065
4993540
1748
16875
2363924
-4473
-16006
676345
7689
-2064
5374256
632
-3199
1703942
-4866
-44
1130719
-15398
-1833
369303
-7361
-1982
4727247
4791
6147
1198347
5180
10750
27142
-10768
5550
5252172
133
-20394
525056
2312
-6979
2232320
2309
5505
2102016
-9131
1045
4206432
4042
-1863
215097
-330
-449
203003
-14736
-5796
3703956
-3658
2873
1263819
-5869
14339
2184416
-6695
5613
5644742
-13157
-9519
2917251
-1309
-6219
340220
4896
10381
1327104
589
8074
1117185
9181
407
4530197
-8487
-5905
4591990
671
-21152
1835275
-4562
-11485
1392883
6201
3975
6424870
3717
-2286
545592
-5606
-11591
1401587
13332
7020
2131488
3533
7156
1392661
16471
-4227
167169
-1763
-2768
2429153
3009
-19966
2099480
-6469
-9455
6298591
5749
-5531
3817746
-2787
-1309
2429089
6275
20026
6881312
11587
4522
5310480
-7730
450
5570759
3059
2011
2163740
734
-8201
1376263
-7236
-5581
4205278
-12033
19186
4198735
1708
13104
2104862
-3971
-11257
606405
4175
-10387
19715
-9511
-6077
4600182
-7286
-6275
4923609
-14976
696
1613960
1483
-599
1190153
-21589
-2636
61439
13175
-1171
2785579
-1597
4788
3213544
-1016
6212
139488
6231
-9252
6425889
9402
2292
4792839
-2613
-749
3279273
-7272
-503
5120218
8820
-7646
5898242
2702
-1165
2692123
-9138
1349
4271203
12053
4028
4200240
9418
-4697
4923393
-2691
-8454
2691237
2327
2563
2233601
2704
-12038
2626584
1893
-10022
2884364
11022
-7095
4273203
-13151
-3281
2916740
-568
-9569
1181912
-772
12094
1049310
9086
-5193
4792335
-2634
-8043
3344555
-5432
-7432
162040
-335
4262
7676
14236
3939
2916922
-2064
3070
2098364
-2790
4609
2429603
8118
14161
4393019
-144
5246
525548
-12770
4926
5570675
-1456
10794
1060080
3834
280
86591
32
1437
262144
-4223
-8704
541176
-21032
4061
1491158
4716
214
1590790
-650
-2072
1769683
1734
-3692
2299929
3275
-10412
2752769
11087
8096
4728107
-8776
7540
5376094
-2887
16788
2752934
3981
-9007
607289
-624
-21526
1574104
5575
-15100
1206537
9395
-3687
4793348
-271
9732
5628
8226
-4668
4521984
5317
4108
549632
724
-3911
1311236
-1757
600
2429152
3540
8094
1327636
-886
7999
729313
5979
812
2900747
-15175
148
696710
-1427
148
1647861
3680
9553
1851444
-2362
-11307
2300089
7826
-6909
4789304
1535
2955
1057039
2272
3772
2363404
-10535
-3296
6689110
-22713
9312
6980041
449
-6510
1050888
-10313
-2176
6424923
17084
1358
1083918
22626
-12484
7176228
-9663
-26124
5253488
60
13942
2566
5541
-4852
1338124
-4778
15
1264849
1525
-5928
1188106
-8984
-119
5375070
7812
14122
4723256
8130
-11090
4261944
1968
18843
2100252
-6022
-14465
2704103
-7137
12300
4465091
7252
-1000
4206112
5131
2955
155905
200
3795
655360
11301
-15574
4465440
-4065
2621
278979
-12336
16587
4456564
6855
-6853
4340025
-481
11026
1311219
-1204
-4942
663784
-6898
-4173
4273347
2826
468
2297873
4847
11850
1066255
-10709
2060
7603027
-4643
-3541
1392853
-4802
-11394
1132759
-4597
-2846
1196529
7088
-5289
4205628
12663
5066
4854019
-10703
1261
7602512
3352
-4665
1458194
3025
1458
2359572
-137
18005
655851
4340
-2792
151562
15210
-5988
632431
4953
6600
942346
3326
-9054
1130527
4040
-16354
149560
3182
3330
2688007
12106
8502
4915241
11362
-5996
5054500
-1829
11371
2364391
-10295
-5159
6424920
3203
-5507
2686976
322
-8172
71680
-9122
-14383
4532323
-2296
7673
2232496
8752
-9384
5505024
3839
-1598
20799
8480
3873
4460544
-13946
7643
3899529
-3637
3173
1198537
9024
-1487
4726792
-6112
12271
2375904
4078
2331
83007
-2285
-3527
2167984
23045
-6478
5284656
8019
-5522
4785192
-10822
6635
5319247
-9042
13709
4793447
-1056
-5885
270588
-806
-435
1376983
10689
3950
7342376
-941
3660
77024
15798
8635
1280091
-917
9222
534503
3297
548
1327388
-9417
9128
4858219
5371
9752
29455
-4241
-3454
542191
-2051
14236
2162877
-14209
6294
2654599
2660
3288
3932692
3019
-8214
2230553
-19648
9682
2654376
871
-1770
925965
3339
17832
1196305
-5982
87
2965732
5449
-5481
162048
-5905
8932
2119151
-1497
917
1450481
-5289
2825
681449
3581
-10128
1130525
-10977
-1662
4469059
-2438
-5472
3736247
-10026
-3198
6754405
13159
-7446
3047725
846
-6354
599051
-9465
-5027
4338033
-13443
-3477
2719885
-3132
8042
2099896
-341
-7119
8191
-1861
4186
2622439
10106
1183
6881807
-940
-1203
12000
-3602
2310
1131727
1722
6186
2169375
-1906
3638
2688227
-6504
-12338
7213274
-10370
-6817
6881359
5534
-318
1925131
-3680
7649
1329356
-1856
4895
2621664
-729
-9436
1442257
-624
-4994
1574104
2036
-1810
2228250
8055
1232
4849963
-792
-7955
1180894
-6488
2895
6429918
19411
6501
2457620
1200
-4815
533508
2994
355
2165788
2464
-8312
3409932
1263
3683
13583
-10372
4396
6816334
3593
6712
1196336
247
-10198
135435
2444
-2093
3801096
10280
5724
6684706
-3622
-6496
1393351
3388
-3482
1067542
6739
-1056
5319728
5467
2140
293635
1920
1644
2621464
7981
-5782
4526129
-8679
996
5636466
-972
-1597
141538
6285
-12382
6882337
10060
-8926
6946824
6905
8181
4337982
-6058
63
2313441
1751
-1209
2494741
-16226
-2635
884867
-1760
1018
2363616
-623
11271
1574360
-9164
-11522
4335714
-6594
-10323
7407831
10694
2692
7538729
-2517
8072
3408819
-6754
4358
6103243
-5461
-6183
32767
15960
15815
1476722
15333
4618
303996
913
-18931
533784
-3012
5915
2099878
1620
-17345
3149328
11011
3370
4272176
1102
8555
76803
13122
-9481
2719784
7000
7536
5120042
-4547
-8233
1132789
-5181
146
92408
1925
-11831
2622232
-6234
-10581
6752477
8698
-3274
5308943
10842
6636
5581363
-8691
-2128
5309553
1538
12349
3211280
152
266
917506
-1172
6313
534254
14213
-6972
2655032
4969
-6012
681230
-9606
12375
5841527
-8163
-1254
4522177
-6632
1288
7733458
-1990
9608
2165479
3817
71
152894
4477
3953
610309
-5534
-7992
1925364
-416
11646
1835252
-6949
-7973
4469703
481
10534
1310988
-3012
4932
2099878
6590
-11262
7407663
-3862
-5832
87759
10945
-12226
4208952
-2734
3542
2170016
8471
-11191
4330753
2159
512
2622727
-3012
1854
2099878
-4035
7932
84165
-13381
4766
2132895
1494
-11543
1515525
-3030
-17779
2425507
201
-305
655616
10645
-11553
7866152
11589
-3916
5245712
4080
10481
17468
8667
761
5505799
-5295
9414
550376
8589
-3163
5833737
3042
-3332
2424860
-2928
-13328
2622624
-1843
-14416
2429157
-913
1104
533991
-1717
-2889
2234849
-2874
-517
2818209
10979
5696
4534332
-6047
8972
2900452
18159
-1140
2135327
-2892
1594
2752674
-3824
-3105
21696
-9318
10360
5055099
11827
-10836
5570608
-18392
12446
2523362
226
13932
331788
-6632
-7489
7733458
-4590
9936
1131760
6254
3840
6882343
12846
-998
5570563
4216
-5641
671750
-1034
641
205051
3465
-2979
1720600
-7682
-2992
5308623
-1902
6057
2688224
-12189
-6690
5046340
-94
11901
329980
-3574
-4950
1261761
3069
811
2162717
-16806
-4054
1411827
11430
-10441
5185573
-651
-513
1704402
13447
-11031
2785569
-13571
7399
2199709
-12137
-6502
4851009
6152
8991
6422560
-14084
3287
2134670
5006
3317
615451
-718
707
1376464
-5113
2195
156129
-3594
-18000
1261771
-2519
182
3539378
11627
-11402
5768983
9870
-6433
6886427
9266
961
4530176
7117
-289
4530229
-6264
-4899
6947032
8740
-9165
5505536
-13539
8410
2461841
6857
3959
4340024
9348
223
4727296
3554
932
1392668
-1155
3594
598253
11755
10750
5244703
10476
-13736
6297134
4497
-2685
1590536
-5605
812
1336307
7421
-7731
5308445
6118
-2944
2572317
-10294
-17148
6490201
9452
2311
4208142
-18350
-3100
2198752
-8262
-471
4262527
-8913
-2043
5505363
-9764
-2103
7602790
10048
4611
6815752
-9904
7282
6298720
1224
-3292
663552
-866
-12272
860387
-5679
6453
3424740
-4100
-1806
17150
4534
-6915
1263627
10200
10340
6684694
-15651
-16345
1409157
13325
-8554
2196513
424
-11601
1182734
-3367
1413
1458630
-6991
-2645
4728260
-4509
296
1917172
2410
1647
2692615
8475
19233
4461315
-1532
-3303
1057520
-6474
5272
6494427
6450
12383
6623264
-9512
-11394
4599926
18472
11038
2523138
-1685
83
2627559
-3428
6717
1852106
235
-6434
5903
-5037
-7840
93408
-9378
990
5054571
8145
-2450
4456756
14978
1677
635000
9532
1451
4209158
-2071
7980
2229694
18148
-2829
2396700
3054
8563
2163743
-5706
2604
3361003
-824
-2478
663776
4249
-5666
934146
-8190
-11755
4260032
8682
4112
5309967
-815
4407
1311188
10949
1238
4209464
-7082
-4412
4402369
11597
-3738
5311505
7142
-5266
4661309
3860
-3310
22064
-6220
-1176
6424794
1757
3874
2428949
-7160
15647
4333760
-689
2082
1052115
7946
8070
4395057
3858
-528
87088
-241
-5944
5619
-7219
6712
4530389
-883
955
599265
-4223
-9809
541176
-11547
-9663
5505868
-2750
13439
2168992
9293
6721
4271105
4379
772
283395
-6973
-6708
4792512
520
2112
1179648
5480
-2066
685062
5718
7265
3361809
2332
2683
2363906
606
-6915
1378307
611
9716
1900548
-3594
-1606
1261771
4880
6744
1065984
22732
-13735
6979616
8361
-6297
4850950
-9312
-5534
4466812
6630
5556
7798829
-6159
-12444
6292956
-8124
5518
4197056
7119
2003
4464951
6607
-13760
7602471
10351
-6639
6817063
-10328
7308
6425694
1652
-886
3801106
3683
-1645
1916980
15879
477
1212785
13884
-528
3181110
-11870
-17608
5572684
1261
3777
78861
407
-210
1705225
-616
-605
1966298
-1330
-4781
340215
15299
6064
108664
-7946
-2328
4395211
-13133
1573
2720900
5121
-2824
24832
983
-3096
401685
-6217
-8942
6425051
-2411
1664
2627512
-5718
20104
3231471
-817
1602
1311191
7946
8977
4395057
-3418
15992
1525965
-1187
6330
860393
-8503
7125
4331896
-3851
-13274
152010
2746
4690
2169375
105
-3478
656646
8124
1675
4196926
-4233
13767
672235
-4776
2551
1460434
-3883
18289
283588
-7700
-6114
5244622
4449
4554
807172
9696
5887
5513228
5709
-15336
3230737
2671
-11260
3671319
-2438
2735
3736247
274
5594
70656
-10199
-13437
6685026
-10173
1344
6359136
-1882
-5536
3080421
-5834
4357
2316515
-3873
-7203
283079
8093
4129
5046329
10052
3244
6816264
4798
1272
1132559
-10856
8308
6168650
13188
-11497
2654776
5190
4351
223233
-6032
4059
2639076
3760
-1618
23612
8422
-10103
4657165
-1473
3456
1059319
-4585
4527
1197553
2865
-607
2363664
-5888
-2403
2117856
10168
3194
6424606
1829
7239
2364176
6734
-7620
5319731
18140
3663
2396694
-7179
-4819
4334042
16567
5192
688387
6955
843
4469555
10053
14727
6816520
-9063
-3344
5120354
-5241
-6327
680441
-1073
-15393
270839
-8447
14777
4198768
4861
-6084
1130509
-10405
13
7078731
225
-3244
266508
-1453
-11611
1125616
12042
8195
4395057
-1089
15824
10751
-14230
-6844
2721415
5896
2510
2248720
9975
-3221
6426907
4347
-8408
21263
-9938
848
6623331
-2742
-1561
2300065
-6102
-6374
2441955
-5966
1904
2704612
-13320
-1434
2261150
-1954
1880
2427107
3169
-2224
2883844
12794
4497
5308943
-9993
-4175
6426987
-3028
1451
2359970
5240
-17899
679942
-1312
-10217
274684
372
-563
659458
10758
-2424
5447729
8062
5365
4784175
6015
-6976
2638095
6211
-17885
6359072
-21551
-641
319988
-795
-820
1311708
-14085
11468
2134927
10865
10031
5776692
16873
-955
1213710
572
-1103
1051142
-6190
-2456
6619348
-2497
-17284
3148215
7458
-5054
5570576
-662
-1584
1640151
-4380
5026
283388
21
3271
1792
8671
4931
5505287
-5924
-1249
2380518
-1512
-2751
1450226
2362
-10828
2169351
5669
-13816
3425040
3921
-3837
541992
1488
8617
1318916
-14989
18671
636036
756
-3642
1179658
-7401
3576
5375425
3332
653
1065488
9558
8039
4406273
5932
6271
2380306
-12874
9099
5441627
9142
-10566
4401179
-14264
-7564
2263168
17065
-5327
1215758
-3052
3978
2098848
4228
3641
541184
-4850
-5192
1131731
11531
4905
5374225
11048
284
4599858
8115
7238
4262972
-7009
-4794
4989379
-13150
6104
2982020
-4637
3428
1392860
14490
-8007
2982499
5014
2330
746521
-11392
-4935
4726872
-8041
-12781
4851137
7291
-10852
4727591
-12350
-5536
4262008
-5774
2451
2708708
-12349
-2222
4262008
-8742
-1114
5571159
2821
-4316
2102032
87
-8558
134401
-4556
3537
1198322
-8026
8579
5177541
-9036
3284
4857954
-14244
-7113
2394754
1282
2294
77824
7396
-42
5505564
539
1638
1311491
-860
5449
795364
1007
-13864
9503
-4423
-624
154110
-2622
-6381
3213480
4431
-3840
23811
9596
9694
4731398
-11464
6919
4857934
-423
-1486
1444338
-5113
-3394
156129
-3778
3195
88263
10152
-2663
6425630
-8148
-7885
4457154
2730
-1299
2170399
-4079
14839
17856
6069
-10501
2246938
9545
12914
4339968
14231
10064
2786617
11708
-8155
5245470
11813
-2873
5505840
-3888
-6906
282820
-8829
-850
5832792
-8905
-9941
5376339
1470
-97
1124367
801
-1165
1310976
-5161
7499
418293
-800
-10826
1310940
8295
9899
5112069
3352
5620
1458194
1000
10850
140318
-6913
-749
4207055
-5545
11691
1207793
-4171
-14076
150010
-1320
8323
405750
-10543
-698
6558036
3196
4559
2621958
-44
746
262900
3256
12570
2752518
9046
-79
4924425
4786
18251
1133580
5302
-9697
745475
2710
5959
2823193
-2293
-5778
2232753
5926
9285
2576401
-3802
-3664
479425
-6555
4164
8127444
3482
-2602
1917467
1112
4259
403458
-5839
-3795
2380256
11247
-10212
4203839
7421
-991
5308445
-13223
-5252
2525570
2731
2096
2105119
-9239
3972
4334974
-20971
403
1099760
-4667
2497
1067992
-12922
-2239
5963865
185
-2594
655622
-2322
-13742
2167999
-7265
-7159
4989403
-18572
-10767
2785450
13922
5434
4030516
2113
-2203
2099456
4266
-5222
607751
4019
-8931
85052
-8818
-1011
5833819
-10025
-544
6689125
11258
2008
4268607
2677
9539
3801362
9409
2036
4727040
-3840
-2005
20672
-2185
7929
2752939
-4477
-2049
610552
18428
-738
2130462
3388
-4788
1067542
-2385
9435
2104767
2215
-5859
3014917
-9257
-3137
4596085
-555
18246
1311700
8858
16014
6095371
4957
-5270
876553
4799
-8820
1067279
9162
-4134
4401177
58
4213
68103
8154
-1273
4522551
-1498
3286
1515761
-3996
5664
803524
-10292
6777
6424664
7707
9500
5505843
-373
6508
659961
-10183
2650
6424934
-4537
-9044
1198577
10780
3996
5513778
4590
8794
1131535
3412
8780
1068560
5554
5697
1141772
13664
-2660
2920484
331
-3930
137473
7727
2356
5505331
-1069
-3402
336116
-8286
8359
4524156
-5122
-177
90367
6980
1210
4727336
6251
2633
6817575
3243
-2511
2623239
3680
21198
1851444
39
1977
393473
1047
-3297
140545
-3831
-13769
152000
-8166
-13755
4522691
-9706
-998
5448817
1093
-4040
11008
1222
7090
729089
-1766
4412
2429667
7399
-6266
5636381
14771
-7448
3247212
3646
888
1132599
12941
1002
5833737
-3768
6276
153792
-4076
-12118
18112
-3043
-14254
2424993
4841
-9754
1197326
-4454
6429
873211
8338
-2804
4785152
19379
370
2198556
5546
-3199
1142287
-5229
-2826
615672
-1743
-4347
2363872
-1336
-18498
145656
-4778
7425
1264849
2906
-28025
2949643
7633
-1526
5505300
-16861
2111
1409264
11372
8121
4728358
4239
15213
541955
-15404
-5309
303764
-548
-4568
1311446
-8400
-6368
4460656
-2288
574
2102448
694
-654
1247243
-3512
-11970
1198272
-7940
4322
4199118
3910
-775
737321
-13245
6324
2197632
7144
3086
4334654
-1841
1560
2363879
3766
-5065
219195
9095
5532
4858137
-5104
3898
25824
1339
-6896
15111
-5804
6768
2121440
-1620
23422
3149550
-343
-8153
138750
14959
2119
1615223
-8338
-14694
4785263
-10283
12856
6554452
449
-3587
1050888
-2676
1664
3801256
-20367
-2879
574916
6951
-18493
4600113
-11667
13535
5833797
5086
2208
352279
-1076
-3489
141560
6305
-8681
7078180
3367
8716
1458449
-1417
-13025
1712627
1119
-2170
272643
5066
5067
223257
-1131
8184
534520
8345
-1493
5112066
8145
-17331
4456756
-11035
7896
4469580
-5175
4411
158200
3722
-4080
741433
-8773
7467
5245791
3316
-777
1196058
-5949
-5123
2703584
7470
-340
5570579
3894
9129
737323
-8494
-11035
4526196
-4041
74
149955
-6113
17946
2376163
1313
-9736
274688
2997
-12924
2230554
-10533
4955
6558551
394
19834
1769481
2462
4860
3997707
-1368
6034
146686
9390
848
4793351
6016
-12188
2637848
1205
10584
663810
2536
7071
3277838
-5378
-10846
94463
-4371
-3797
87293
9095
4059
4858137
4659
4960
1392640
-789
-3223
1050591
292
10664
266752
4970
-730
615951
7545
4621
5898518
1432
-8739
1974282
-725
-13380
1311699
-2979
9128
2427041
13873
-4101
3440944
-56
-8094
133368
9385
-1627
4859142
5812
3596
2250778
3261
-1874
2686981
-2087
-746
2490806
9474
-14703
4272128
-10383
-3286
6817100
4638
14462
1392643
-8239
-2184
4456820
6042
3517
2966043
442
9828
1116687
-3917
5791
607428
-471
7876
1442290
5211
2841
289539
-6800
2587
4732100
8221
2536
4521985
-10876
-3531
5775944
1101
-21793
76801
-17599
-8232
565736
1344
1275
14336
-5157
278
287735
5560
15012
1206286
-9590
3159
4927609
3457
-5669
1589528
566
4344
1247235
11442
8262
4793380
-3441
11919
1590731
6944
10879
4468784
3325
-9001
1130525
4313
2491
413958
-6663
11559
5382606
-3864
-21906
152782
-3311
-2535
1066432
-4914
22677
1392855
-190
6178
590056
2230
-5106
2818051
9314
-3765
5054468
-3176
16197
3014842
241
2018
5388
8413
365
4526085
-7371
846
4858314
-4608
-1906
1065200
-442
2861
1247473
-1188
4709
795370
-14039
-117
2527618
-5434
11208
227577
10833
3374
5254448
1826
-2245
2428944
1547
3085
3277073
-1437
-4247
1908980
4030
-334
84031
355
11798
856068
-8675
7389
5570673
1268
9859
143370
5660
-4440
3424786
1950
-2699
2949147
-9139
-11907
4271201
-11964
15481
4201024
5504
-2964
1597448
7209
-3502
4596002
-3769
-2168
154049
-1501
3099
1384688
10261
7865
6293280
1793
5958
2101520
14705
1491
2659684
4026
-1039
84543
-1640
11558
4063466
-8280
-4251
4328574
-2048
3063
2097376
2214
-7354
3080197
6555
-9980
8127275
-5225
-3482
681465
-2720
-2336
2887844
-8309
963
4850041
6876
-5172
4469302
-19
3764
66813
8490
-1058
4526595
6077
4925
2181149
-7356
5019
4727496
-4041
-10109
149955
-2266
-1743
2560177
-9282
-6495
4270207
-2411
-10126
2627512
6270
-9792
6881319
2767
-4487
2363671
-10439
4119
6947150
1896
-3870
2753550
487
7455
1442061
-17353
9071
174563
6190
6870
6619171
2516
6258
3408388
6686
-4836
5578803
-6117
6243
2376675
20972
-6053
1099278
-3492
9036
1329858
-8888
9426
5376080
959
9265
10527
-4080
-2591
17600
-4472
-1388
676088
-11717
-5445
5245767
4887
9742
1197313
-1149
19583
598264
-2314
-6291
2298043
-5688
1545
3295464
-2606
-8335
3473572
-6666
-6174
5447883
559
6588
1310979
-14271
-17117
2132352
4696
-10423
1460226
5428
1540
161794
-13206
15830
2721415
8061
-3032
4784173
2256
16852
2363396
-7147
583
4204480
4737
3014
1589512
-19593
-554
2785707
12476
-9687
4719110
4490
-2804
1785865
-8959
-590
5243216
-7530
26236
5965001
19268
-843
2654728
17481
8622
174336
6239
-5558
6555939
-94
-4745
329980
-1401
-12689
668153
-1492
-4322
1319666
-9923
5811
6363237
-2455
11376
3802550
-17850
7387
1288433
-12620
877
4331642
-9037
-5485
4793444
-9227
4926
4333946
-10886
21998
4796999
133
9239
525056
2173
18455
2686981
-15153
6202
307591
395
8439
1704201
1305
14616
405762
-7400
-2854
5636290
6081
-5247
2115864
3000
-8530
2230302
-823
-13030
664032
164
8013
786948
-5467
1812
293884
7914
1304
4265535
-11999
-13571
4460864
-11579
9701
5245768
-1897
1188
2754017
6837
1478
4340026
13684
-5159
2789410
-7712
3692
5505228
23204
-3370
4504124
-707
-13165
1116373
4684
-9976
1198080
-103
-2013
918010
-1888
-12473
2883812
-4057
9422
410049
9422
9124
4534279
9708
-8152
5252622
-63
-7082
2552
-15762
-1359
1672327
4798
-3134
1132559
1322
6518
340483
7740
-4752
5245494
-7106
-4250
4270279
-21271
-8280
1230302
-2440
-11613
3801270
8618
-6555
5312015
8995
-406
5570560
2842
33
2429459
29495
-4804
11141419
4795
-20022
1067791
8530
3646
4267008
-4617
-2301
1196507
-535
4662
1181150
32767
7589
8388991
11718
-7885
5441561
3989
7422
542520
9998
9964
6362131
12428
5656
4849664
3635
-5805
1392688
5137
1728
25856
431
-3298
1051919
4280
-12045
671750
-5763
13875
2707685
2050
23710
2162688
846
3696
599051
-1599
-7174
3148264
37
-2015
262912
11657
3176
5898520
-22741
-18249
6591443
-10693
3731
7342935
2899
1876
2688008
3572
6436
1196058
3265
6883
2621696
-1541
-14176
3146735
-4119
9514
148990
-3761
-5305
24003
352
-1591
790532
-10244
-4975
6292062
2888
9544
2752520
3845
10763
21296
8139
5422
4327737
9178
3024
4530711
8056
1878
4849710
13205
-10719
2656056
-4643
6973
1392853
2361
6457
2234630
10800
-1701
5513264
14264
2928
2263102
13974
6535
2855993
-4667
-4018
1067992
822
-6308
729099
-8148
1776
4457154
4511
11338
1851659
-2982
2201
2427555
-8985
2001
5636445
-3628
18480
1327812
-3802
-5985
479425
-1257
18785
144881
-9407
9006
4727144
-5169
-1117
287223
-1243
4069
275440
2600
743
3538962
8943
-9090
5244175
-2861
-7514
2429092
3818
-9682
87615
5366
-2770
225291
10247
11178
6422817
-5780
-21696
2643686
4288
-11788
540672
4322
-19567
348172
-1655
-877
3801576
-5956
-755
2638566
-4485
5564
1590263
9292
1737
4335616
-4634
-4666
1523933
-4130
-2800
344311
-6076
-5180
2116320
6137
3587
2244894
-4950
-2285
616167
3644
-6715
1067574
-15150
12269
372868
-5623
1513
1204720
831
-13406
532751
1237
8924
275204
-6315
-8128
6817736
7173
3269
4203296
-23560
-15064
4366558
1090
5957
75776
13
5162
66561
1909
1737
2752778
-30
102
327932
-7903
-4032
4460992
6518
-4500
7016483
-5964
13725
2769122
-4756
5166
1590998
15398
380
499809
-6604
152
7473362
-4353
191
20991
1651
517
3736596
-8877
19836
5311568
794
5103
1376771
465
8504
1310980
-2330
16561
2560189
-3797
-1044
283587
-1582
-5132
3473636
-2749
13695
2168992
1678
4362
2692123
16147
5723
103536
5765
4768
2642712
-1756
12027
2364128
10137
1273
7209242
-606
-10797
1378524
-15914
-6623
1540229
2900
-751
2622984
4987
2716
549647
3210
-10139
2818049
1266
-8452
78860
4215
-6798
672003
-7184
2884
4203740
-16421
9973
295927
-10300
6162
6294104
10079
-8236
7078155
-12453
-3638
4981611
3942
-16469
999469
1592
2845
3278870
13050
3984
5308943
-97
-10068
786939
-4299
15328
672234
10579
2493
6364192
1831
4471
2494737
-1726
1318
2169056
55
-8076
133379
-2063
2642
2098620
932
5598
272924
-2402
-2320
2953403
11754
4770
5309983
7711
-13265
5505331
-10062
-12403
6882404
765
-587
1114125
10084
6271
7078412
-4668
-1513
1067736
-4807
-12910
1198550
-3003
1576
2100128
882
-5915
599052
-279
-11983
136702
1451
5164
1060623
8784
8631
5245952
-2471
-6370
3541426
-8370
4672
4785259
3083
-6846
2228481
7663
7535
5244191
1668
-2066
2626072
-5040
11493
27872
3015
-8828
2230553
5338
-9530
356871
924
-7626
795162
11869
1052
5572657
-4230
6126
606959
7503
-1723
5246227
5270
4125
746497
-5778
-7734
2708711
-13238
4831
2328705
-6168
-2383
6423774
-11890
-15296
5833803
-6632
9309
7733458
-2468
13118
3410610
7656
-821
5375006
3784
5445
153656
4190
-3900
346115
-5331
-2488
356593
-4840
-11049
1458386
-19038
3255
3508396
3866
2793
348723
-3887
-3203
283076
3342
7502
1131539
1983
647
2099487
-11558
20792
5571143
13747
6708
3247148
5349
7507
291596
18078
-5870
2986011
1384
5149
668678
19742
-7127
1425427
-5619
-7815
1139953
-6500
9101
7082714
1722
3639
2169375
-6928
4146
4207820
-9409
5024
4727151
-9910
-8412
6494305
2724
-19302
2365980
-968
-7995
141542
-1096
3294
141566
4350
6163
86031
3068
3442
2097694
-5610
-15142
1271025
3017
3833
2230552
4686
-11573
1133571
14358
-2686
2327649
6562
-3379
7669804
1395
12421
603140
-4389
3593
283639
-4510
-4356
1917172
284
-90
266754
14832
-510
3179628
6234
3241
6621731
-6880
1646
4468928
2049
-7132
2097408
-1860
3758
2622182
-11710
17270
5310528
-5587
2676
1401073
-18857
-15494
3313073
-12652
376
4724344
1053
1650
335873
-7778
-11614
6095051
6146
-3851
6357024
-4807
-2261
1198550
17794
22129
1679368
1974
-2923
2295835
10182
1690
6490137
4861
5017
1130509
-7934
-6321
4264128
19407
9548
2392343
9350
-4532
4923393
4336
1198
21516
1646
2224
3736599
2113
3714
2099456
-1929
-307
2752995
4716
-14711
1590790
10814
12173
5318711
-11421
11949
5054540
-901
15001
533479
2905
3595
3014922
-6883
9553
4534465
4031
14118
18751
8040
15156
4850734
3373
2910
1392657
4755
-2837
1655816
-6654
333
7405776
-8649
-2273
5376371
-2373
-15487
2104255
-4682
12169
1263835
13638
-3747
2332705
648
-18903
1703944
-4265
-6544
673257
-16000
-3493
1605768
-11222
-5515
4530755
956
-11838
10782
5291
-18154
550663
-4970
11347
746721
-2249
-8232
2752939
-10565
-10113
6298463
12138
3011
4785711
779
-3666
1179905
-9533
10754
4274296
-697
-13583
1182161
-6873
-5256
4600257
1316
210
274944
-9436
3200
4469360
14040
4107
2527286
3770
-7075
88639
6033
9534
2639128
2580
-4326
3147280
1532
-872
1057294
-9539
-520
4274301
-356
-7737
791290
3158
14953
2296833
-14503
424
3047818
-11646
-2854
5832776
-5086
-11862
352480
8286
12494
4524035
11749
-6924
5505820
-13520
8793
2396304
-13645
7595
2202780
-3807
10260
283072
-6072
-3810
2246880
2533
-6740
3408652
4894
-3560
1392643
-15246
-6057
631940
-7964
-5628
4461260
-11100
-7053
4989508
3039
-6258
2359575
6520
3447
6950950
-11842
-611
5310543
-5878
-2331
2314465
-13831
15080
3309966
-4973
-18144
615648
-9334
2087
4923513
1620
-13811
3149328
-13934
-10835
3769480
3557
2311
1327900
-2098
4576
2425015
2801
1454
2102556
-12556
-20218
4329594
-4355
-1623
86269
1539
-737
3211280
408
1230
1966090
-12600
2460
4331640
-11934
-17646
5050436
8137
-118
4327736
-4493
-3917
1656052
20738
-2560
118784
-3297
-10160
1327555
3475
-16541
1655832
-19134
16677
2201760
5386
7518
225281
-1473
7593
1059319
6886
18262
4665405
4618
1600
1261569
-13548
-8916
2135696
-4684
-3754
1198298
-8119
5700
4327872
4194
-4860
868356
-3973
10995
541639
-11620
3976
6029898
-9310
1652
4532348
3452
-5663
1589782
11436
4763
4728358
-7764
6686
5246670
-1800
11161
2232558
-1676
-11511
2756834
-8007
-483
4850118
-2032
-3915
2098400
-3496
-5302
1460418
-5940
1760
2769120
8854
-7966
5964809
2818
12467
2166800
1071
-9428
270595
-3674
7535
1525965
-16387
-2664
98557
4102
-8461
212993
6395
22528
6296367
-6598
10023
7408343
6104
577
2506774
-6218
-11109
6490331
83
4926
68608
5821
-1597
2185245
-3145
9966
2230715
9907
-3965
6364188
3043
-3977
2424860
1816
3464
2494482
3200
-6823
2621440
6335
4409
6816039
1576
7780
3538962
3122
35
2424832
-976
2147
270560
1877
-3138
2623240
5898
-1572
2314257
-1852
-2605
2622176
-3465
4642
1720771
567
-234
1181955
-10595
6345
7147609
8779
5286
5376257
6384
-12081
6296620
15063
-4677
438645
8966
-13718
5439489
-5367
1403
160240
8843
5721
5898505
19233
1437
2396432
23180
4392
4894776
-4833
8410
1327571
-11197
7008
4270144
5340
4609
291334
244
-4028
135178
9002
-2039
5571075
-526
-9223
1115356
3773
-7041
88125
3536
7165
1327124
7823
-362
4724027
-11281
-3128
4203871
12813
6486
5309441
13529
-15485
2527526
-8023
17508
4851142
-3693
24
1656008
-7727
4415
5505476
7622
7502
5441561
2006
15477
2555925
-4633
-670
1458653
3055
-1059
2098463
-10108
-11114
6816352
-6958
-2051
4534468
7554
-3034
5832728
-2799
-5622
2102688
-615
7521
1966554
-24904
1540
12720318
-11557
4027
5505863
5265
3897
550144
5968
-16517
2638856
14868
-8932
1091184
4618
-4090
1261569
1562
-5015
3473939
2865
-16168
2363664
-99
236
852217
6130
-3388
2180124
2089
6569
2490626
-2695
-5961
2757030
7293
-9205
4792357
4768
352
1329164
2712
-7576
3018778
1131
9981
534279
-10310
6960
6359647
-4096
-4201
16576
-2083
1486
2425013
-14739
-1857
3769493
-255
-1801
4592
4447
-419
284931
-3031
840
2490786
864
13625
794636
-276
2545
5886
-5825
2282
2120167
5029
6073
289564
8372
-13888
4849666
3078
23072
2293761
-7967
14413
4461004
-8100
70
4459202
3759
9537
23871
-7218
-13837
4530391
-3174
9257
2949819
-2206
-8150
2949292
5375
491
28943
990
-7908
335895
-4219
-1968
541688
-2926
-2601
2688160
-959
3335
10720
-1232
10782
274672
3564
5982
1066526
-20756
-2651
55038
9282
-11434
4270080
9633
-5912
5515532
2593
2820
3408144
-8628
-8490
5376112
10812
8017
5253686
355
4893
856068
10564
-2875
6298144
6457
5985
6428966
12996
-8453
5245448
4359
10305
151809
-897
-11189
532967
12446
-1756
5046275
17656
-1730
176142
3534
4615
1392663
-7241
-1478
4336091
8293
-5358
4981508
-7128
3425
4595906
1127
-3891
925957
267
-12821
135425
-3352
-9271
1197262
-7549
11068
5832904
-15511
-10333
697742
1852
-4501
2621966
5944
1971
2768910
1636
-5895
3932692
15688
-2566
1214544
3294
-3484
1392663
-2762
3359
2300067
-7983
12062
4460996
2757
10830
2104088
989
412
335893
2742
-9303
2299931
1349
14916
15104
3937
13144
803116
4607
-8733
1065231
11713
-2924
5245208
-2454
-10727
3737271
5107
-377
91164
9377
-9885
4989188
-1006
-754
74976
-4136
-3266
409846
-338
-11914
72959
4851
8655
1131532
-7915
-19095
4200384
-11102
4724
5054532
-429
8145
1117424
-4710
10511
1917659
-19555
3231
2982073
-11906
4228
4788295
-717
-8734
1376464
-10840
4986
5385294
-5497
13022
684537
-7691
4592
5374410
3028
-4946
2359828
-7917
-6098
4265152
4628
-9097
1066496
-4690
-9501
1133791
4041
-3074
149816
-2026
-3702
2295009
-5609
13861
1205745
19990
-552
1295409
-9173
-4661
4465507
-15762
5955
1672327
-9316
3061
4989562
-7838
-15831
5050564
15308
-10356
174200
-7672
-9202
5374144
3
-1357
65536
-2789
13635
2364323
2129
4869
2100480
-11404
-7849
4857930
-1812
9969
2103022
1648
-5713
3671060
-11189
11731
4335937
9766
9750
7798801
-4883
-2868
1131741
150
134
721921
-6538
-2717
8061139
-4457
2483
677369
-1016
-7162
139488
-22577
19217
6586839
15307
4693
174457
-8538
9379
4659325
6327
-2949
6947107
3449
-2704
1720598
-4260
-3865
803562
-5011
-14471
615653
-8897
2503
5245271
8103
-2913
4589885
-15531
3243
567176
-1665
-3116
2626023
-5510
4077
1663735
-1008
-3360
9440
-1883
5567
2884580
4357
4843
21248
-8448
129
4198512
5355
6367
30479
7937
-7622
4198704
-11144
-1623
4857926
10900
825
4732472
-12048
6470
4199500
-3636
-14363
1198280
5779
9376
2708504
7603
4107
5311516
2972
5111
2884122
3903
-1984
540975
7663
-20809
5244191
1039
-2005
9475
1784
3769
2232350
3228
1110
2884098
-5050
-4305
223457
-17172
-5728
1083102
-9871
3811
6821220
-9788
-16426
7342696
10745
-2694
7471406
17729
-13703
47360
-24066
4350
5341391
-297
612
397813
-11875
5628
6094921
-8601
1915
6160757
-2022
1403
2425571
-8499
1554
4526197
4160
5714
18432
-15559
13219
696718
-15531
1297
567176
-10189
-4265
6619232
-3561
2089
1197505
6594
-15180
7407656
823
1362
663819
-4790
-13380
1263825
-13478
4039
2982539
5202
-11345
93184
3724
8250
675896
5831
-10254
2251033
-13271
-9248
2523522
-8849
1207
5768535
10082
7921
7143436
-4503
6667
1721846
11445
-1994
4858146
-8583
3935
5898614
6276
3481
6816288
-3319
-6510
1196480
7847
8555
4593981
2036
-5262
2228250
5681
-11634
3424528
5787
2811
2904859
12078
5588
4526131
7719
-3660
5636401
9135
8255
4205855
-5065
-7688
158179
9410
-4452
4792320
-1169
6901
533999
-555
-1387
1311700
12454
6308
5177349
12536
-10868
4329486
-2174
-5162
2687160
6972
7731
4727342
2330
-50
2429443
-7227
-12407
4205528
3510
-1623
1263643
-5495
-278
684536
-842
4632
729315
-9110
5318
4793959
817
-5769
1310976
2131
-8868
2165760
-6078
-1418
2181344
22142
14094
3784727
-328
-10073
137470
-4228
-5067
541422
-1173
-15554
534511
-7797
-1540
5898697
-119
2830
655864
-8408
1154
4591730
-1821
-10820
2429164
-7155
-5857
4269249
2043
-674
2097951
-4784
-3552
1068240
-505
-4131
1180145
10376
1936
6946848
3635
475
1392688
-7303
-10308
4858318
-3459
-3599
1654981
11101
-813
5054505
2780
3290
2363926
-8388
-2825
4719214
9650
9494
5319692
2409
9523
2757894
1615
1531
3149075
-2872
-13724
2752672
10991
-3188
4207935
-9109
-2331
4728679
4408
3850
153606
16009
3847
692600
-3675
-8519
1330124
-13641
-7972
2267547
16716
4698
169984
-806
-7871
1376983
11113
-3721
4859182
10512
14450
6296608
-2553
19935
3277233
-5756
-1490
3687144
8324
5725
4719104
7028
5271
4857898
-2977
5156
2361763
-12578
2506
4526199
-4898
-2210
1392855
5152
4060
286720
-1133
-9646
599288
1912
2946
2752526
-10833
-2099
5254479
-367
-756
529912
-1056
23215
270588
9094
-6882
4923417
179
2980
590852
9730
10763
7405584
5285
1290
811780
-4964
11458
811746
12419
-14002
4784128
-3789
528
348352
7181
3351
4269089
17577
5916
697606
3328
16518
1064976
7749
-3148
5245744
6817
7675
4471100
9068
2292
4728334
-4532
10275
1198320
1521
-7890
1058060
6607
6400
7602471
-12236
5000
4327490
4272
5469
541700
8327
-6078
4849921
-4509
-10313
1917172
14411
-5640
2263393
-2083
5107
2425013
1142
6395
729091
-3308
4406
1066688
-16869
7184
1344499
-2338
1602
2429111
11841
3064
5245232
-8216
-4856
4326526
-2417
3686
2627003
4172
-3560
149504
-161
-1518
786923
-1516
-2409
1058544
-4274
14195
607467
-233
-2747
136689
-2915
-10310
2949281
6786
10307
4796472
-4291
7104
606445
3609
2287
1458482
-4947
-15171
615653
3757
-6804
89149
-3732
-11010
546502
-11221
-6697
4465475
-358
-2962
856827
6214
-5861
6490145
4497
-8608
1590536
4232
711
671744
9091
1429
4792344
3840
-13149
20528
6718
22480
5318711
-5875
-15790
2184417
-1091
99
76029
5004
-13134
679960
-4074
11825
214209
-483
6465
1376497
465
-19168
1310980
2799
9189
2102559
7443
5851
5309456
-11217
-7393
4464963
-8689
-4187
5244275
-3856
3899
21708
6467
10235
6363168
1058
5235
335872
-4088
-6912
147648
2984
-4820
2231326
4228
2363
541184
10453
-5341
6558500
12624
-10478
4201472
-10348
-416
6817368
639
-7386
1573127
1972
9174
2230298
-9606
-16758
5841527
-10045
-8458
6881376
-13009
-7742
5505363
3414
-1619
1264657
8356
-21162
4981252
-12082
-10291
4526151
-11366
-5874
5055067
-4462
-1
611576
-5478
2013
881403
6873
-4476
4600118
-2356
4093
2234552
-6371
-14654
6623441
4296
-8845
671744
-7366
-2348
4793039
3978
-6561
737337
8145
1804
4456756
-7441
905
5244367
-2886
9252
2687655
-1721
-5700
2234849
-8073
-10687
4850115
-4822
10214
1393363
-6042
4649
3096805
-1016
6738
139488
-8540
-7607
4463228
9125
-9763
4467484
18413
15639
2196509
-1953
-11654
2361827
-3525
1599
1067975
164
6497
786948
-4040
-9710
149702
169
1565
656646
-4558
979
1392880
7825
-1160
4724024
-7428
-1781
5243598
-433
5137
1052147
15105
-7000
45424
3431
-6818
1982741
-952
-177
141536
-8595
12234
5833845
-4735
1217
1589720
-5075
1506
352481
-11550
-11702
5570636
-14196
2144
2785408
4129
3800
278784
4393
-644
413954
-2917
10621
2884515
10230
-7802
6488091
-6790
2434
4797127
-1670
-2370
2691815
12224
7676
4196408
-10079
11232
7078244
-1899
1684
2623456
4052
-7112
279092
-2430
-1905
2691256
-886
14631
729313
6948
-10407
4469296
-8176
-2257
4195520
-5188
-8632
27390
1553
-8740
3147024
-2536
6846
3539122
-14648
-9068
2267288
125
-6748
589829
-3846
-5003
86735
4836
-10761
1327628
5648
3000
3163152
6595
8432
7407656
-5816
-19239
2250976
-14909
-5390
1157256
-814
-5709
1376468
-9513
13722
4600181
13184
-4073
2654264
-5273
733
942573
-3437
6291
1656008
-3586
-5185
1130703
10400
-365
7077924
5485
-2255
619525
-29
2103
327932
-4502
-20
1656567
5859
-2713
2445340
6468
9740
6298144
-786
5516
1115359
-3410
10908
1133775
-5233
-5867
550395
-13782
11230
3506835
2463
-6725
3932427
-6211
-7722
6359261
11445
-5754
4858146
-18194
3491
2200815
4300
5093
671744
6274
-11567
6881312
3806
7714
348215
-12428
-735
4849770
618
1120
1639943
1683
4727
2692120
-7484
5880
5245640
3894
-6804
737323
4718
13909
1655815
11680
3572
5507100
14014
-27526
2201663
-12286
3912
4259904
18272
2254
2916364
16609
-1749
299276
3098
-179
2425347
-5123
-4405
90365
6097
13005
2375956
-9973
-11404
6426977
-49
-9847
262647
-15016
1860
440450
5806
-2469
2186271
-5653
5198
3164143
1961
-6854
2231582
-9098
-10443
4923491
-9900
-2022
6299232
-9153
-15770
4204903
-1027
9407
73981
-1786
-5565
2298081
-10697
5683
7473491
-12626
-9005
4267135
-155
3851
787436
2675
15910
3736596
-3827
-11224
87233
2322
-6752
2167808
-1153
4394
532975
4181
7624
20224
8252
5102
4196870
-4077
-11440
83136
3575
3733
1196315
1679
9701
2626843
-674
-7047
1378515
-12112
-3183
4719684
-3776
2907
22720
-6082
-15724
2181351
-1563
-4557
3408876
-2031
1656
2098656
-757
-1191
1180113
-7259
7657
4467676
10480
9486
6296620
7141
-2347
4465468
-10176
11678
6293600
-13225
3566
2264449
9272
-3775
4335622
-3828
-11130
151744
2575
-10554
3147027
13689
2845
2789670
6768
6898
5776436
-6238
-6982
6621404
-12831
-1108
5505372
712
9108
1181704
-5399
1933
161278
-475
-10593
1311728
-6198
-6523
6490329
7569
-1108
5768472
9255
-1541
4595969
-6246
-2525
7144155
-8163
2485
4522177
11360
-19853
4988964
3115
1045
2360067
3656
11194
1198128
-2933
-8718
2752929
2153
-3804
2753798
6547
3917
7930920
9134
-923
4271135
9889
15619
6560028
5076
-30
287252
6560
1427
7604268
-338
1282
72959
14971
-5839
1614711
-6638
-9726
7406800
2304
-7622
2101248
3022
15042
2424855
-234
-12150
201969
-1829
19739
2364391
-12990
-8774
5310544
-12318
-7966
4522108
1758
2052
2428951
15925
4098
1214834
1385
16607
668934
-4443
8901
285692
-6236
-5324
6556380
-14937
17376
1485197
-5213
962
354556
148
20059
525824
-2137
9036
2492861
-2260
-4770
2364082
-8238
-397
4522100
2798
8676
2167839
-3499
-7399
1068992
6940
-1473
4469298
6469
-4795
6298400
10954
8736
4405305
18240
12702
2654216
8172
-4939
4195902
6525
19800
6885413
11466
-8115
4923425
-2884
4955
2622118
1753
-6043
2494742
652
3027
1703944
-6180
-6306
6554326
7659
3144
5244703
2541
-6286
3212301
-3897
-19709
672193
7502
-4891
5311507
3424
-1427
1851412
7439
-7080
5244179
7844
9252
4463164
9088
-5821
4726808
11338
12949
4401185
-5570
-6938
1140983
1974
-633
2295835
-13458
-5143
2720911
11152
-2797
4727864
5493
-6116
684290
-819
-9391
1376469
-4383
12925
283132
3183
-2759
2622727
3817
-3437
152894
3617
-1520
1327408
-75
-2072
133626
-11778
-7457
5308495
5158
-11273
483329
993
-7639
270620
-1267
8017
79089
-10112
-7365
6815840
-1897
-1324
2754017
-4735
-7785
1589720
-12104
-6273
4849734
11175
-5967
4598077
4578
27994
1392652
11162
8967
5055035
-4729
13967
1720793
-2709
-6197
2627495
39
13447
393473
-5981
11257
2965732
-5057
-2609
27111
11491
967
5570588
10310
-4648
6490145
351
11302
268547
-371
410
595193
-771
10875
1114333
-2020
-761
2360034
5586
3728
1400836
-2000
3447
2359520
8900
9303
5245448
2803
-1769
2167836
2514
-340
3473412
-8179
-17807
4261057
8841
-1643
5898504
4269
-988
607237
2967
-8119
2753817
2586
-9841
3473939
-3336
1211
1196238
-10142
-6954
7143524
9235
-7826
4269056
7607
12166
5376283
6903
-7049
4337979
-278
5878
71423
-3216
9723
2622636
9968
5785
6296604
-9595
4552
4731768
-2857
-12599
2494885
-5973
-11137
2639847
-6894
8783
4273344
12131
10157
5046316
-9431
7654
4600178
960
7835
10264
-2769
-9445
2363811
-5026
2982
354531
4565
7997
1327876
-918
-16930
599783
23880
-7965
5408784
-2639
4758
3149228
1509
4298
1319692
-10616
-5236
6951000
-14513
26671
2655627
347
149
269059
9831
-6449
8257813
10428
19694
6816294
1955
-8048
2426908
-4872
1849
1196254
-2907
1431
2884516
-3585
-1992
1065423
4287
-1278
540935
4968
-436
680974
-1692
5390
2888420
187
-15398
525063
9624
-2054
6168586
102
-10959
983045
6729
-8584
5384496
2474
-11461
3214863
-3733
-4875
546759
-2624
-8714
3147944
8859
2113
6030091
-8462
1924
4265084
-1859
1781
2687205
-5281
5348
811499
-3295
-8916
1327552
-6703
12761
5513668
-23180
2899
4894914
18650
16411
2462215
2437
-16215
3670792
3395
-2054
1132560
-3359
-6775
1327564
-9819
3420
7605100
3915
3183
672041
13197
-3663
2720825
744
-10325
1180686
-5237
-3398
680441
13080
5787
5636098
-15604
7727
1212544
-1186
-2489
860395
-4687
-113
1068508
3814
5703
479293
-11500
-7233
5244480
19688
-17164
1229854
2184
-3803
2752512
2526
17844
3473415
-15663
-15587
1343876
642
3440
1638408
-399
-14278
1574388
-8593
7162
5768567
-5033
-2288
159201
-7062
-4771
4794055
-15190
-979
632455
-6294
-5141
6883023
-9823
-12885
7604588
-11713
4283
5245255
-7529
4033
5899721
-12254
-9279
4522048
5239
10385
680195
7220
-3483
4335650
988
-7225
270870
8682
-8411
5309967
-1415
-5338
1712630
8691
11184
5309452
6624
-3577
7602220
2379
2367
2234625
6291
5517
6882336
12134
-7606
5177389
-8857
-7661
6160725
-16036
-2122
301698
13299
-3435
2196540
-3681
12988
1851851
3660
17482
1198128
-1179
10184
795628
8151
-9144
4587829
1328
-7489
274432
-589
-8395
1117404
4396
-8119
283138
-8997
-2839
5505879
2673
-5135
3671316
-4115
-8015
83197
3257
-10420
2752774
-8546
8847
5050491
-347
-2156
269308
-2499
8914
3213493
3105
-817
2359552
13392
-5960
2133024
-1738
-1165
2300131
-6145
18495
6291935
-23287
5143
4370880
-1908
7083
2752736
-10260
4593
6293086
5144
-6917
417794
-7139
-13744
4530369
7332
23187
4989476
17703
18142
438529
8108
-9387
4197950
13973
-8326
2660152
10659
10708
7669804
-5873
-11361
2119139
-12078
-7419
4526148
7983
1955
4460851
7875
-15644
4266040
-7618
4710
5310663
-3744
-20854
807108
-17450
320
499957
-900
-2205
533222
4987
-9340
549647
-1141
4373
664057
-5505
905
1597943
-9280
16913
4204664
-7667
-6802
5309633
-6997
5217
4728775
-3464
-11769
1720518
7430
4794
5439505
-1329
-9011
274935
-675
18124
1378513
-1801
-691
2232811
-6403
-1394
6361309
10124
547
6946840
3887
-1828
282931
3226
5026
2949635
-5341
1284
356592
6680
13510
5644338
6063
414
2116895
7875
-3704
4266040
-2269
-16927
2429104
-4410
-578
219385
-7559
-4921
5898694
-1716
3264
2234592
-5068
5115
157922
-7992
8238
4849856
3523
1723
1132568
3680
3586
1851444
1005
10061
74781
-64
-5440
2296
2997
-3887
2230554
22415
-2293
2671899
-8469
1315
4200319
-5189
3638
27647
-1289
1397
143867
3583
7202
1065247
8991
-15440
5505283
-16849
8526
1343987
978
347
335892
-9085
9587
4792416
14489
8053
3047778
5711
3578
3165459
10610
-730
6886436
-10210
-7039
6619235
8781
641
5311489
482
-6772
1376268
-15931
-3587
1084296
-309
1125
137721
-7501
-3790
5311692
2462
15568
3997707
-1344
674
14584
13532
1727
2396710
-1236
-11753
275186
-6207
-5767
6293976
-21139
2427
1688789
-2555
3105
3146672
1142
-11971
729091
15676
3264
1083990
-5830
2491
2185959
4928
-1790
548872
-2937
13442
2752929
-6912
2832
4206784
1061
5639
271104
7707
6549
5505843
1723
-1115
2104095
874
-10530
599567
-19961
-3198
1229249
10015
7967
6557971
-10322
-10947
6360159
6576
4816
7343148
1855
913
2621711
7313
10612
4728096
5910
-14447
2315281
-976
-10616
270560
3653
-6259
1067824
3384
-10209
1198102
11406
5404
4793379
-4394
4725
479477
1233
2669
274692
16902
-2330
1277953
-13390
-1005
2198684
-14546
3010
2461843
-15327
1607
303488
-7337
-2233
4859337
4225
-15891
540928
9641
-419
5385486
377
-2079
659718
325
1978
6912
3093
-15246
2098944
-8212
-9574
4195966
4744
-10040
1720328
8100
1612
4459068
3254
8225
2818051
2538
-5719
3212815
-1986
-5219
2164967
-2271
9185
2363824
9103
7722
4728091
-3670
-6590
1134287
-2767
-885
2363808
7151
-3046
4203839
-3383
-2340
1198536
-1959
-3582
2492898
-2675
-1846
3736745
-14673
6895
2137503
-6010
4007
2834657
-6332
-6626
6816456
2927
4488
2622735
-15410
-7704
368791
-11767
-1313
5374272
-10934
-1389
4405313
-13209
-11431
3047813
-7978
-762
4657349
7535
6594
5768471
-7904
-5609
4460736
-20627
937
640237
-5273
-3007
942573
-4403
1138
348405
9957
12255
6558492
8231
14149
4587777
183
-4319
655619
-2629
-10375
3148719
-2942
6225
2687136
273
-11574
5376
5105
-3207
25884
-3828
-3999
151744
-11899
-10016
5768008
2327
-6253
2233601
-7485
8683
5310664
9980
2015
6296094
-6392
2536
6426832
-5145
-1956
418301
7728
5494
5505072
-3501
1128
1133760
1544
13375
3276816
-12425
-11266
4850027
881
-8626
533772
9553
-156
4209920
-1263
-11575
13808
316
-403
6662
-8840
6537
5898326
-5149
-4394
352508
-7468
-8294
5505732
10786
4857
5578800
-16573
3819
622824
358
2281
987141
-24340
4872
4232910
15406
-12140
368739
10197
5307
6554388
-2857
13127
2494885
-3748
-1241
285378
4738
4435
1654792
-308
4903
137464
-10175
10635
6293856
-2469
-2828
3410867
3225
-5820
3014914
-1375
-2657
276988
-2335
-4484
2363836
-15235
-3668
630917
3881
-7785
414002
2590
-3905
3473427
-2335
418
2363836
6132
1929
2244634
-12630
1697
4267647
6660
218
5251632
-9209
-2492
4333921
5008
-5467
549912
6470
-4596
6494241
-5474
9890
880891
4483
2054
1654792
-8513
-2861
4200831
6841
11410
4340030
-8820
5234
5898328
20738
-9446
118784
7801
-5691
5898550
-2729
8648
2235809
-5581
-3590
1401072
4330
1381
87567
-5881
9614
2249185
2
-3105
65536
-2308
-119
2101950
20548
3999
51712
3385
11198
1198358
-7212
7551
4465364
-9082
15957
4923489
5845
6711
2380564
-1766
-630
2429667
9748
-4591
7341584
-3613
-7362
1392844
-3612
3926
1327820
-8501
2266
4331897
-7209
-8020
4596181
5502
7070
618503
8130
-417
4261944
-4964
5825
811746
7226
2232
4270631
11975
14057
4331833
-309
6254
137721
3081
-11145
2228480
12521
13092
4330766
-6503
-8959
7213530
4017
-1920
19772
6909
774
4272189
8515
15472
4265984
3627
1388
1327923
1339
197
15111
5948
-3590
2638350
-4566
368
1393395
2006
-9805
2555925
7805
2128
5832757
1511
2508
1450253
917
-1648
534296
4171
-1504
149761
-2213
21667
2884523
85
6704
3840
-9299
5557
4271229
-541
11159
1376476
-10626
15011
7929943
5778
6920
2708504
12175
-9979
4719931
-6783
10574
5775816
-1676
1359
2756834
10755
-4714
5316656
4987
-3949
549647
1805
3430
2167825
-20061
5589
1427660
11654
12781
5963801
4806
-2969
1263625
7739
3359
5245751
3548
4696
1327638
-1012
-4444
139488
-14105
-2562
2527629
845
6694
599049
-534
3547
1115871
5943
-7909
2769163
3801
5350
414006
1542
-1452
3342353
-10284
-9136
6554196
5278
-469
876547
4342
-8284
217099
-8068
-8248
4719302
-6272
1110
6815960
-1098
569
207099
-9556
3436
4210302
-8462
-2078
4265084
2289
14098
2102540
-10259
-3895
6358109
10255
17963
6292771
2711
8309
2757913
-3684
-1070
1852106
2987
15958
2101023
8078
6886
4785211
-2346
1796
2560181
2817
3963
2101520
-7136
-1056
4464832
-3207
-7447
2752942
-2611
-6624
3473573
5961
-1082
2769160
-12178
-9472
4785223
-1941
2636
2623463
-2853
20326
2364327
13426
-11667
2720804
-1412
-4279
1581814
-5183
-7169
27128
-12830
11991
5570652
8665
284
5636358
-4963
5788
876769
-12133
-12295
4981571
-22218
1879
2349283
-757
4556
1180113
-6603
2090
7473618
-3495
-15152
1460674
15804
7580
1083998
-5117
14285
90336
3212
2270
2752512
-466
164
1376499
11225
-626
4596022
6500
-5306
7082532
-5963
5384
2769378
4588
502
1066510
3461
-3607
1590040
818
-277
1376256
-219
-5032
267248
1270
-2621
208907
9159
-3377
4335897
-11818
1894
5701701
-4745
-2603
1720787
-3253
-4834
2752937
6227
-5352
6360096
-3976
-4547
671942
-6921
-2745
4338123
-2633
-882
3279275
-15207
-2976
958850
-5693
8384
3229928
7229
2997
4270117
7509
-8753
5246736
-4487
9272
1720822
4175
-5324
19715
-6713
7386
5384649
9463
-8547
4337931
1565
6225
3473425
1062
-4748
466945
-1648
13654
3671272
-15117
9415
111756
-7797
5445
5898697
-4491
-6581
1720818
1631
14718
3410195
466
7753
1376260
1170
3955
599040
13219
17267
2459708
2876
-21636
2621966
6734
689
5319731
-5388
4127
159994
5399
17185
161025
582
10993
1247233
2420
1565
2756610
-2593
5456
3408295
-5828
-8050
2120422
5874
-9869
2184220
-6294
-7157
6883023
15320
-8851
434294
-2961
-5458
2622887
19041
-2879
3965204
-14284
5357
2263170
9104
-2554
4727832
10505
-6856
6426912
-4876
14907
1196250
-9385
-5860
4859241
3364
-15162
1327632
-2113
-1646
2099647
3509
-8504
1198362
9388
13221
4728326
-1986
3635
2164967
-6769
-4187
5776843
19220
8629
2135568
-11018
312
4403275
-1187
9590
860393
1174
-14481
730113
-3366
3800
1393351
-5305
6420
680425
7731
2531
5570608
649
2315
1704200
-279
436
136702
-4694
-5784
1134303
572
-794
1051142
-1250
1978
340211
-13846
18618
3245711
-5792
3484
2904292
10232
6391
6422558
-7220
1781
4335832
-444
-6121
1051376
-13655
-3893
2268574
-2392
-1264
2235582
5524
-7919
1598984
4586
-1468
1132047
11090
10994
4793384
9215
-3180
4202783
1183
-9508
794883
4452
509
807428
-6538
-5753
8061139
6149
-5987
6292256
-5907
-4745
2184429
6100
3654
2376212
4414
3471
88071
-10280
9191
6684758
4722
-10646
1655812
-9624
10739
5907574
16034
-13225
366716
-8261
9945
4197247
-2331
-5477
2364348
8491
-20827
4461315
-13592
-14644
2266270
-10838
10815
5320271
-16096
-7826
299136
-5945
-378
2769377
-7905
1105
4460995
10532
-89
6558240
-4978
-16896
615651
7576
10219
6160410
-6446
3036
6623444
-6004
-6609
2769120
-9783
10978
7473512
-8220
-3823
4457084
-4118
-9925
83711
1525
-16633
1188106
-2294
-6350
2298033
-3375
8085
1327556
-7344
4959
4728008
-3503
-2688
1068480
12904
-2890
5899270
-3594
1609
1261771
43
681
262915
-1838
-1010
2429156
1400
874
667654
-20611
2402
639213
22137
-14068
3850518
10378
3832
7012385
-11117
-13772
4793408
3399
9795
1198353
11129
-5903
4858158
3951
1067
541999
-473
-9239
1442289
1024
7751
8192
-3227
11484
2884524
-7740
15630
5245640
5931
7181
2380563
-1108
10705
12030
-7711
-6967
5505484
-15003
1282
832388
-553
-3882
1442261
132
92
524800
-6012
3465
2638560
6760
-4700
5907510
5344
4729
290828
-8827
-2426
5768024
-2403
5039
2953401
9431
-450
4600069
-9297
-8766
4205951
-1907
-4730
2688225
-2971
-2688
2884516
7798
-7284
5963827
8329
1869
4849920
-1061
-16958
271351
7418
-2398
5308959
6755
17071
6103092
-6276
-9308
6816462
7075
-6349
4532284
328
881
137216
-11367
20436
5120346
-9092
-8033
4727398
3426
4333
1916948
9840
9459
7865364
7479
-5966
5376275
-2006
-1842
2425571
-17566
11224
893164
2251
-5544
2752769
-10060
-10234
6946914
-5395
937
95485
227
5006
331788
-4575
7063
1327600
1827
68
2428944
9982
-22178
6361119
12847
-12954
5505283
-6713
-889
5384649
-7883
5868
4331970
-10529
2709
6558039
1354
10790
210945
-7019
10454
4728768
2688
6923
2625560
7524
7893
6029844
-17558
2785
632559
-802
348
1376471
-4569
2976
1458673
2749
-11465
2168861
-2854
-25131
2429607
-10090
5594
7013473
-4261
3454
803819
7123
4028
4530228
9421
5370
4534277
-4406
-1624
219385
-11681
-3890
5507395
3759
-1023
23871
4684
-300
1198080
5713
-5725
3165456
3781
-5458
23352
1964
-3194
2100766
8929
-12227
5505292
768
-10052
1048576
11346
334
4271136
-829
8979
598240
-2339
-10574
2429109
-2580
-2625
3147438
4281
4351
672006
-10260
10897
6293086
-10312
-11328
6424670
-13782
8870
3506835
7146
-6537
4269631
8292
-13697
4981252
-6292
1423
6817486
-2957
-5091
2688164
2300
-1913
2101774
141
-975
590849
14493
-2925
2981985
6924
7206
4337712
3242
10458
2688519
-6319
5770
6817224
-797
6422
1376476
-523
-6230
1180122
4131
10932
344064
3317
-9792
1196314
5807
33
2120991
-2483
6163
3214513
10314
-8804
6490145
-8610
-7938
5572723
2268
-20947
2363910
8531
-6747
4267008
-395
-7490
1704434
-7926
-15696
4395201
3334
3076
1261585
5737
-1835
3818774
5754
1742
3752471
-3296
22730
1327296
-23869
-623
5343432
10714
2
7668263
-236
3244
5872
-2636
-10595
3279018
-1966
8027
2165984
-6417
-1451
6297055
-3131
-414
2100152
-8071
-8764
4850118
10169
-331
6424862
-3906
2486
606407
9347
-2880
4792320
6330
-3973
6881831
2060
-6028
2228224
2456
-6975
4063242
-6021
-17256
2638823
4836
11879
1327628
-12355
5183
4262013
-1383
928
930298
-2208
-370
2883756
13731
-1465
3508268
2309
-3685
2102016
-2838
12680
2168495
-8952
-1907
5374032
-5732
14859
3949290
-12575
4039
4460924
-3408
11945
1068236
19505
-6169
2392320
10751
3039
7340335
-4911
-5450
1327572
-6576
-11157
7343312
1838
-9933
2428947
6943
13532
4469043
-5804
10679
2121440
-1805
11847
2168044
12545
6470
4198656
-13834
-2001
3375243
15110
16128
241777
-443
4801
1051632
10293
8344
6424866
-5530
-2910
2056437
-1831
6573
2494950
22270
-10390
2215967
6485
2629
6299424
5302
14888
745475
-3490
-1358
1394883
4374
116
218113
-2343
6507
2494902
-6
-12211
66303
-3279
-12652
1327552
-2529
1756
3408307
-16844
19629
1214706
2432
5955
3670024
-5602
12071
1401075
14740
1689
3704424
-2291
4566
2167985
4892
-2547
1327618
-13303
-2077
2261376
-15185
3958
566663
310
-10095
202755
6760
10695
5907510
-616
-15520
1966298
13431
-8042
2785571
8537
-2785
4593922
8480
-14995
4460544
-4263
-5281
934378
-7585
3211
5507523
969
1274
141592
2098
7914
2424832
-7607
572
5376448
-3629
-5940
1392836
-2077
2761
2425020
-6724
-1827
5253838
-5336
10010
422130
-1766
-790
2429667
-1562
-12152
3604717
-764
8865
1049296
-518
-940
1114847
-4231
-4237
672238
-10304
-8206
6293592
418
-303
1378316
-13715
-8029
3769493
-7787
-1442
5769160
-8020
10883
4720326
5569
3323
1075464
-15855
4472
1082752
-4071
7837
410050
3043
-1120
2424860
-6811
-5374
4993988
-12943
-3282
5768532
-7772
-2787
5507788
12520
-4510
4330510
1991
-932
2230553
-484
2213
1311474
-1787
927
2102240
-3056
-14549
2098336
14624
-15612
2396256
7273
6786
4859174
761
-1582
1179918
1031
8339
139521
-1468
-11300
1059568
-7475
231
5570757
-3277
-1683
1392832
-4227
-7908
606445
1214
116
598023
-9456
7871
4207728
3966
13174
606255
-8735
21587
5505372
6273
-2635
6816032
-17079
-10723
1214928
199
10312
655617
-6164
-26126
6293214
4217
-412
672006
-6276
2906
6816462
6392
-3750
6426670
169
-561
656646
5416
-7451
421890
2142
-18230
2426883
-10057
-4624
6947171
-5715
-5717
3230957
9134
807
4271135
3406
-1563
1133587
-16717
8978
105724
2128
-4060
2100224
912
-5976
533528
-22946
5429
7702739
-11864
5816
5377102
-1872
6757
2622692
4255
-2353
803075
-7213
-4006
4530388
11546
7566
5571091
5798
1604
2578461
18022
-6337
4161557
4830
2260
1392647
-9792
2317
7342184
5326
-6656
356359
-10608
-3066
6820952
12357
-3291
4197120
-5318
15343
615151
-1129
-49
665081
4514
2404
1394700
-5116
-7634
25312
6775
-799
5906739
-6133
-6553
2245089
-5327
-8487
291312
-435
-9335
1117425
8354
1361
5046276
-9055
-2999
4989284
7308
-2366
4857888
7864
-5858
4331582
5189
-3181
27392
5632
6988
3162128
-11889
2685
5768523
2908
-4874
2884106
5547
215
1077007
4376
835
413698
-3417
-5050
1460685
765
-3766
1114125
22033
-7905
3196176
-1900
754
2623200
5027
3289
354332
-15483
-1957
566168
-12238
-762
4522048
-7719
12249
5636550
14852
2876
1090160
-8077
7443
4785348
-1528
6770
1188080
12494
-5420
4526087
-1511
6119
1450482
1236
-2683
274948
-8726
4514
5310047
10841
-1302
5646642
139
10524
655617
7236
16828
4205088
11958
7487
4397115
4451
-2133
872452
8154
7386
4522551
-6209
4049
6293983
-3200
-5346
2621624
14529
-1436
2654560
1817
-15173
2494738
5570
-7623
1140744
18092
-785
2137630
2202
-7730
2949635
3828
-4757
151610
2603
-13385
3408659
1966
10325
2165791
5511
-3598
1728777
1341
6720
79877
-6839
-19491
4340160
-1849
2534
2752993
1001
290
140574
-16443
-5045
35832
13850
3406
3506739
8633
1993
5376270
1196
171
534022
-11574
-825
5441609
-8802
-5139
6094939
2957
-17550
2688025
-12282
-2656
4390977
-5163
4527
287732
-3331
1622
1130701
-4118
5507
83711
4315
-3766
283399
-2485
2117
3279281
4188
-1587
281090
1313
8059
274688
7356
-74
4727334
6620
-16154
7602726
8581
-4679
5767944
-11679
-6567
6029636
-10614
-6636
7016537
-8179
-9805
4261057
-183
1735
655848
570
-5471
1116679
7344
-12396
4727844
-1823
6375
2363884
4954
-3141
877067
-7487
8301
5245384
5846
-5558
2576405
-1786
-11472
2298081
4947
-4073
615432
-3577
9547
1196481
-5747
-3429
3753193
4867
3220
1130496
-332
3520
137466
7430
-1352
5439505
-14026
1303
2332803
-7596
-671
5246656
5553
12194
1076492
-2767
-28885
2363808
-549
1160
1311703
10110
6660
6881295
1359
2535
15619
-7089
-8829
4206019
4689
-1932
1068288
-6152
3683
6422750
3144
12098
2230272
318
-9180
71687
-7258
-1859
4663517
-14419
12817
2198685
10090
-5792
6882831
-6321
4406
6817227
3661
-5895
1133617
9100
868
4857880
-1280
10632
12528
2109
8249
2164741
-9215
2884
4202848
7496
-800
5376016
616
13016
1704966
510
-1376
1114127
7728
-5773
5505072
5474
13460
880644
-11057
-10744
4469063
-10242
7303
6357087
-6134
7060
2310369
14554
-80
2462311
5845
-8231
2380564
1021
-7278
73757
-3708
8155
1589960
15545
3774
696678
-3237
3376
2884523
6284
-1959
6946848
-9120
-2459
4989028
-3065
7413
2228641
-3552
-4824
1327296
5479
6719
946437
7157
2368
4333882
6853
-1456
4209464
-8786
-2366
5311583
9368
-2850
5120002
772
8954
1049088
-681
-2566
1183185
-887
4361
664032
1586
4913
3473424
4203
9248
542471
-3097
752
2490813
-769
-12430
1049055
-1658
4309
3866857
7320
5358
5120034
1203
-6693
599044
-10302
-2238
6359128
5582
11045
1400839
10377
5847
6947104
861
-6676
860169
-8306
14910
4785275
-4482
8869
1655031
-74
-31
198907
6545
-327
7865640
-516
-19771
1049310
6993
2483
4728104
12819
13227
5309440
592
-8871
1051648
-117
-12302
655865
-120
14103
655608
4622
-687
1131523
2445
2821
3736585
5537
-644
1337612
-5462
5236
98047
6011
10762
2638607
-6602
-3463
7538899
-2763
2423
2234786
-5038
-5072
93408
-2406
2078
2953915
4869
7472
1065728
-1831
-5774
2494950
9615
8460
5776651
-6049
-16219
2378211
1295
3116
13571
-1314
6459
340215
-12496
1779
4460656
1662
11840
3735575
1294
8621
78851
-9852
-4931
7864936
4673
-6212
1067264
7317
3620
4728608
-11194
-7400
4401217
-1517
484
1123568
-5705
-3968
3295723
2020
1923
2359836
14205
-1419
2719789
6766
-2566
5841975
-2824
-9587
2232494
-8620
1876
5246576
14298
-2272
2458167
-6396
-5188
6296272
-9544
5392
4339838
-12523
-5502
4200304
-8173
-6224
4261056
-3181
-2692
2688184
2878
5061
2686991
677
-2617
1313548
8785
4769
5246208
-1523
-4280
1123569
-5789
-6644
2969828
-6575
12999
7343568
2922
-6735
2688527
1940
-11071
2623000
-12352
10731
4196472
633
2359
1704198
9200
-4349
4203548
-914
-4566
599271
8197
7220
4195072
-1923
-4916
2687205
18246
-1211
2850825
-924
11732
795364
-1633
2521
3932651
846
1708
599051
-11495
-799
5636418
6251
-7690
6817575
-3870
12095
348364
-3699
-12977
1656009
-376
-5827
659704
656
18212
1573896
-1805
-4929
2168044
-13179
-5987
2655104
11621
7784
6030100
-3724
10989
676034
-10337
-4680
7078235
12740
6347
5245448
2784
5761
2363420
6512
-7028
6820900
846
1177
599051
-4083
3938
83137
5967
-500
2639115
-12060
-8113
4461132
-2747
15182
2104224
-3134
2733
2164920
12493
8362
4526085
15862
-13120
1278043
-3340
1785
1196234
-7004
12034
4989636
972
-1628
141336
-4976
2562
550112
-1355
-2463
145914
13479
412
3047717
-2707
10587
2692261
-5581
-5411
1401072
-260
14392
4862
3796
-2921
283188
-18389
2446
2393059
-2918
2902
2949795
2964
-6891
2623000
4924
13249
549390
-5334
-11319
357107
5640
15127
3293200
-8666
9516
5701745
-273
-3819
5631
-314
-2177
203001
2348
-2814
2363906
75
-5393
133377
14195
2582
2720812
13334
-11757
2327585
-10088
-991
7209058
-12975
2616
5246288
4554
2539
1263625
-13140
-2539
2655878
9699
-9378
5578764
-13701
-7105
3703703
-6829
1787
4275392
7890
-2868
4526132
15481
12516
696678
-2500
-4261
3148470
-4014
2006
85184
7202
-22180
4530208
601
7588
1444098
5852
-8041
2380310
-2187
6509
2752938
6958
759
4534323
8636
9291
5245454
9845
-12853
7995666
1219
228
598016
-3912
-8574
671942
-24439
-6165
4882880
-4977
-10613
550371
15437
4877
109665
-16794
2708
2064629
6933
2810
4208432
-6380
-14176
6297296
-3328
-5483
1065152
-235
-4385
6128
-7131
9096
4465600
6449
-11028
6557984
-4867
-1410
1130717
5936
-25984
2379792
8360
9
4850694
-8259
-13633
4262013
8240
-793
4456448
12544
14228
4198400
6694
5333
5709873
-14542
-716
2461840
1745
7851
2363668
10905
-2369
5124410
-1314
-850
340215
846
4965
599051
351
5392
268547
1748
11379
2363924
4639
12250
1327363
727
2623
1442053
4603
-7881
1065743
-6448
17410
6557908
13261
-6301
2457653
7466
-4848
5571091
-13968
9583
2659460
-830
11379
598240
-13559
-13798
2265488
476
-573
1311238
-1002
1402
206049
-2548
3431
3276976
-15955
2064
1150093
16089
-7012
430454
4514
4845
1394700
-10899
-6742
4797509
6500
8659
7082532
-3837
17
86208
-5795
6385
2447585
-13323
7199
2261402
9761
17820
7602448
1393
-1461
537860
7399
-4607
5636381
-4311
-8565
414194
12530
-6669
4264972
-2231
3692
2752936
10914
-12435
4536380
3246
-8873
2688007
-11359
1352
4467036
1385
2982
668934
-978
-19773
336099
-1380
7697
799482
-5622
-3393
1270001
-2975
-2043
2884004
-10106
-11327
7012449
4727
4861
1720579
-4946
-2369
615655
2820
8633
2101776
8519
-2634
4331777
-10992
-9221
4207680
-6685
2238
5578956
8493
2836
4526081
-3198
9491
2687160
134
-12345
720897
-461
-15
1376496
-19348
2492
2655910
-1314
9049
340215
-14829
-18366
3245200
-9886
1698
7147620
-8533
12601
4202367
5477
-187
815876
7858
8312
4267068
9815
9225
7474449
-3093
19400
2099135
13728
-3011
3442732
-5192
6551
157950
50
6242
327680
-4695
2747
1199582
12260
10254
4457020
5635
-1551
3227664
-9581
-5293
4797560
-2858
4259
2560165
-9281
-4607
4204927
4912
-10637
1327104
9615
-19451
5776651
46
-15565
327683
-4709
-15500
1852379
-19390
-8234
2197664
15623
5658
1212753
6638
-8439
7406639
-5403
6066
291836
1475
-9202
1124360
-11822
1237
5570628
4370
14918
87040
-12002
-296
4526147
8253
5086
4261893
-3050
6883
2294945
-1993
-11315
2230755
-11611
2348
5507916
-8665
-13853
5636465
-15504
-3443
566412
13461
6153
2656032
254
-2265
69647
3051
-15506
2098975
3062
4946
2293787
-5655
13931
3294702
869
2800
795404
3050
-4051
2164255
551
-8057
1442049
-7646
5837
5570752
-3727
3352
546244
4661
3688
1198338
4000
-6826
280636
-4623
15970
1066460
634
3392
1638919
5136
-9044
25600
-22357
-7759
2672615
-4706
-4541
1917147
-10736
2051
7341136
-2809
9657
2232737
-11971
-1647
4266053
-1870
-13820
2688228
-15636
-1207
1083022
4001
7374
280892
-378
-3070
725241
16098
10275
364668
-7440
22782
5244108
341
5432
7936
-1983
19715
2099680
-3173
6548
2884539
-8856
-2243
5899350
-3010
-2653
2164903
12579
-10627
4526080
-1508
3507
1319666
-5076
7601
287458
-2576
-5665
3146924
-8683
5162
5244784
6109
-15956
2441237
-6573
16146
7408848
-17894
-14507
1417971
-6493
-11437
6625500
7017
-5410
4859182
-6407
704
6427102
1365
-3567
16128
20067
-8108
1949748
998
11849
466973
9613
8429
5841929
7657
-1105
5375262
-1579
-7898
3408868
1865
5038
2752776
-5084
40
287456
-8278
-6163
4263551
-420
13496
1313522
-1302
-11132
79615
-3935
13035
803268
-1096
3343
141566
4129
9786
278784
-5652
-9586
3163886
-13686
-8260
2855065
16410
-14441
360963
-3760
10536
23744
732
-16243
1311238
-1053
-1804
336124
2329
4496
2494722
9987
1699
6361104
-33
-5919
262647
-4941
-99
615652
7043
-7844
4792376
7784
7933
5899318
-2362
15806
2300089
2661
-1397
3932948
-1109
2071
12287
-2277
-6505
2364339
-6497
-3731
7082459
7816
14417
4853816
3682
5030
1916980
8044
-3244
4720174
1829
-2357
2364176
6336
-8001
6815776
11009
-9965
4206896
-826
20667
729313
3264
9304
2621440
-2106
-9394
2295993
8544
4219
4984836
6684
4870
5513778
3484
2783
1851930
-9981
-15505
6361184
9349
14359
4727552
12389
-1037
4981508
-9741
6722
7406700
-19100
1425
2921124
-16079
2626
299392
2300
-10032
2101774
-11321
-992
4335961
5059
2125
92184
-2833
-8442
2102703
6110
-2378
2441239
1675
-7009
2756889
4516
9289
1329676
-4426
4816
219387
-7650
7010
5570755
8311
-3057
4849923
-8509
1226
4266104
-10486
6360
6492241
21729
-8737
323852
2164
-780
2752514
5716
1873
3165712
-17756
9626
310012
9806
4840
7408659
-8529
-10051
4201855
-8353
-633
4981099
-13231
9458
2133376
2883
-2245
2686984
-349
-1089
334076
-1044
-6332
9982
-7148
-9521
4204224
-5048
-14198
157920
4900
2766
1327616
-14452
-9461
2785432
6388
-4014
6426666
4860
4608
1065486
18091
-8638
2137887
-9199
2126
4203872
-4453
8887
807931
2172
784
2621958
-4678
-8179
1133279
16935
-13703
1474817
-5789
9599
2969828
-9029
-2750
4727655
-246
10666
200945
-8880
-7250
5246032
1119
2988
272643
-7316
-4756
4728526
6592
4117
7342120
-3239
-2111
3015082
623
-5073
1574151
2160
-6056
2622468
11374
5152
4793383
-3455
20892
1589704
6057
-9285
2247966
-21096
-2594
2015450
2433
255
3670280
-5775
2884
2643428
6798
5157
4797499
12660
1795
4853762
-11097
7049
5120325
-15233
-5151
565639
1515
1001
1058575
7159
-2418
4333883
-13821
-6401
3244176
-2655
10191
3410348
7095
-9671
4335931
7867
-1366
4201279
3687
2530
1982773
2879
8215
2621711
-3118
2019
2425012
8855
3550
5899529
14919
-1346
1223025
5631
4140
1073423
5672
8412
3555346
-12769
173
5505395
-8050
3703
4785347
8277
-10864
4198144
1302
-1223
209921
2354
3519
2428928
-7966
-998
4526284
4458
3218
611847
8174
-6400
4260927
3780
4309
23096
-12908
2143
5768792
-2734
-5287
2170016
-3913
11519
672195
-865
8868
795107
-3633
6968
1327559
2862
11576
2428947
3591
1608
1196337
7283
-7615
4793380
5719
2303
3296529
4344
-15046
151566
6077
12713
2181149
-6027
3343
2769378
1961
1073
2231582
-9885
4433
7147620
987
1212
271127
4572
-3660
1327622
-6301
2983
7143628
6751
8955
5515571
-3127
-6592
2230712
-483
-786
1376497
265
-2715
135424
1501
9533
1384453
-9695
2535
5513584
4970
5859
615951
-1637
-1499
3933163
3014
5289
2295833
594
2095
1117184
10122
11938
7012377
6860
6774
4339768
-560
3378
1310932
-1428
-1540
1582838
11493
-11671
5505820
-1971
-14502
2165985
5169
12413
286976
-4980
590
680160
-9896
1932
6690914
13838
10919
3245107
651
-23983
1704201
5240
5036
679942
-6488
613
6429918
-11330
-14998
4270175
7336
-4913
4858918
1662
-1963
3735575
13093
2275
5505792
-4828
3884
1327824
2835
-3555
2167824
-14197
-14873
2785665
-289
-4532
266743
-5643
-7471
3293674
-10711
-8221
7733586
-342
1150
73471
-11369
-9367
4859225
-7076
-10386
4467394
-1424
15693
1582324
11562
-21733
5571091
-10421
10821
6947145
5343
6023
291079
7282
3227
4793380
-800
-4821
1310940
9839
2815
7865623
242
14442
70668
10444
972
6946848
5703
3486
3295505
7334
186
5185573
422
5991
1509389
-5054
10704
92384
-8663
-7032
5636466
-12851
-4443
5570645
3383
-13271
1198355
4599
-6475
1196299
-3554
3970
1392835
-5404
847
291580
-1322
2615
471285
-17230
-15815
632036
9338
7341
4792839
1384
6151
668678
2569
-10149
3277072
-1737
-9951
2234851
-11968
-129
4200512
-805
-2395
1311703
-4
-2463
766
11146
-3545
4923449
6766
-6189
5841975
-5261
7434
615660
610
4941
1900548
4718
-10577
1655815
1154
-5573
598016
5579
6286
1206537
1388
19080
538118
1645
5832
3736597
2369
-10545
2103552
2295
5005
2232587
-10812
-7864
5253704
-4298
-9431
737515
12584
-1131
4591618
7255
3814
4336929
-743
-6713
1442258
1045
-14450
9984
309
-219
137474
-12052
1217
4200014
16471
-4767
167169
4278
2776
737283
10731
9185
7341871
-8795
3889
5507932
-14270
5764
2197632
8408
-299
4591622
-4037
9363
19399
1106
15525
76800
-6659
-1212
5316813
1766
-1661
2560029
10291
8886
6619168
-9694
-2848
5578864
12807
9870
5374209
-7926
-4837
4395201
13302
2658
2326587
346
-5722
334339
-16371
-3785
99457
-1822
1546
2429164
-1230
837
340208
2834
-2857
2167824
-13418
-14649
2851993
11248
5151
4203580
4694
3622
1264641
-4722
-3237
1656027
31
-15845
262403
-14056
17962
2527362
11301
1783
4465440
-9693
4029
5578864
-3631
286
1327556
-4927
-8333
549344
-9820
-5047
7604844
1763
-8685
2428956
-4686
-8459
1133788
11662
6192
5833755
-5205
-8188
28671
11144
-8241
4857912
-12037
3560
4199247
-12040
-1698
4329550
-1234
-1738
340211
-5853
4928
2445536
-8325
-5944
4719471
-5045
2954
158177
-2344
-1411
2494646
-3529
-15083
1198531
6823
-2185
4602173
18608
1332
2655236
-6889
-11622
4339137
9494
314
4404225
-11058
-2118
4534343
-14122
-1721
2592901
2504
-6933
3278856
-1777
-10752
2102755
9617
3193
5776648
-10140
-13181
7078500
-18583
5252
2786734
1724
-559
2103838
-10500
-23059
6296158
10392
-1805
7208994
-18772
-3717
2137790
12
10232
131072
-5639
-19381
3293678
12949
190
5768968
-6607
-6989
7602640
13079
476
5375233
8214
16742
4391937
7432
-15567
5373968
-20017
-17052
1360327
-3207
-7609
2752942
-2182
7443
2687663
3452
4484
1589782
3138
6784
2164736
-3939
-8098
868545
6631
-21731
7733549
4881
-2114
1066240
1132
8137
534022
-1579
3193
3408868
-8802
4780
6094939
1412
-1473
1581576
4029
1838
84029
11806
-5112
5570611
3328
8247
1064976
7631
-17637
5505303
-5474
7434
880891
11589
11405
5245712
2765
362
2428949
6547
-3039
7930920
432
18216
1051660
15283
12378
109692
-12251
4487
4457280
-7686
8031
5309135
-3177
6937
2753977
-1536
1214
1057008
-6116
-1832
2376418
-3851
-10718
152010
-11890
-4115
5833803
-428
-13577
1052400
6695
-13070
5644593
491
10458
1050383
3735
-8399
677177
480
-7945
1310732
-8533
-3051
4202367
1417
-4686
1712392
11573
2480
5376274
1227
-191
663809
9062
-6093
5185549
-2823
-22448
2232750
-3190
-5179
2818233
-6897
-14208
4208067
-235
3
6128
1959
-5703
2492701
-1283
-12371
78077
-11229
-5744
4530240
-4234
-3812
737515
8739
2390
5570560
-1237
-3526
275443
2625
6319
3148048
5030
-7042
485405
4963
-93
876556
7447
14339
5375249
12406
2981
4915203
-2585
-6152
3539373
-4479
-2952
545272
6078
-8618
2181151
-5615
-1041
1074672
-7456
-822
5505228
2744
3144
2234398
-2941
-11106
2687136
-7700
-9185
5244622
-13520
-3997
2396304
-5757
-4475
3752168
-8823
-6759
5898584
17006
-13857
1672199
5712
1926
3165200
19952
-2403
1098780
-1890
1818
2949347
-599
-2295
1183198
4202
4623
607751
-3985
11932
542151
10941
2068
4274237
-5966
-2360
2704612
668
-4664
1835530
-13177
-2297
2785665
20164
-1441
55864
-8656
8998
5505136
14896
-17914
1351792
7787
-5021
5769015
12367
8746
4197635
6141
8199
2179101
-4290
-10093
606447
-13888
5065
3180680
-9587
-3795
4797561
4089
-17244
147774
-7010
-5033
5054659
7725
7014
5570609
-802
21003
1376471
3599
13829
1066291
-4872
7397
1196254
-2785
-7049
2363811
-4336
283
21744
-9985
1212
6295919
-12144
-7067
4719680
6991
-7660
4728107
-5291
7095
550888
7653
9066
5505820
-8201
10808
4325755
555
3112
1311491
4182
-2377
216065
-6424
-10495
6427870
-8478
14467
4526204
-16128
956
36992
6059
-5058
2117407
6143
3439
2113823
-833
4995
532967
2340
7121
2363904
16306
12245
101500
4171
7532
149761
8458
-16498
4395009
3371
3744
1327891
-5028
-5280
289506
-6885
-13
4469699
10251
-471
6422817
6183
8319
6684961
-20395
9145
53184
-417
-9698
1313267
6700
-4694
5513778
-5722
-19056
3623149
352
-4276
790532
12546
-567
4263936
502
3772
1245195
-2049
4109
2097599
-13792
-3267
3440784
10477
-8846
6362157
-426
9630
1248497
-3441
9322
1590731
8505
-4433
4331782
118
-4295
720899
-8118
-4328
4393153
3341
1723
1131537
-752
2601
1049808
8379
-6229
4719367
-5540
5934
1338098
9221
6835
4203264
16078
-143
364663
569
-15364
1181958
2969
-4814
3014938
-7237
4467
4205535
-1171
9072
599277
14236
6369
2916922
-4037
-2953
19399
31
9956
262403
8357
-5878
4981508
-7721
-7147
5636549
20395
-2450
53055
-3040
-1900
2359456
11234
3600
4530236
-16136
-13114
168078
2501
11235
3148552
5578
1596
1271817
-13942
4708
3899529
2573
10633
3212305
2902
4369
2819081
-8561
5632
4724091
-17577
6135
697833
2817
8350
2101520
-779
13861
1180122
-13029
8334
5505875
741
7017
1311500
10244
10127
6292000
-981
2487
271331
5988
-3860
2900492
5893
1661
2118416
-8949
-3969
5374289
-1524
10614
1188080
-1251
-6072
340209
-1789
11045
2167008
15407
1005
303459
589
8256
1117185
11074
2829
4792360
5051
-3137
27423
-2548
-767
3276976
293
-5771
267008
-8960
-16905
5242960
4934
-7342
745481
-1138
9763
599291
5044
-6118
157722
-6328
-2468
6947016
19784
8351
1230864
1765
3619
2364188
5930
7009
2445843
-10285
20051
6619220
4741
-365
1590024
-13819
99
3179408
-15035
-12352
48000
10178
-10016
6359064
1712
-11088
2104348
14369
663
2392416
-88
8104
134398
-809
-997
1442261
5630
-1735
1138703
-7073
430
4467139
-848
-7584
533732
15606
10761
1278043
12744
-13812
5376008
11609
-4130
5638418
-4278
-3293
737513
7360
-1576
4726816
-1206
-7461
729321
5849
4736
2511126
6632
10157
7472174
10632
-2980
7995432
2134
-9991
2296833
2254
-8365
2428935
-886
-5869
729313
-4738
5996
1654999
8185
1006
4325694
2693
-4844
2626328
-16572
7993
557800
-5999
-4641
2639328
7773
-5081
5572657
4332
8318
22030
-6049
-447
2378211
7824
-967
4723768
5254
1050
745473
8096
-4680
4458556
3426
-9586
1916948
7039
2243
4727087
-5737
2880
3818985
726
3541
1507333
17028
93
1606152
-8689
10656
5244275
8450
-6329
4263936
-9975
58
6426976
4526
3506
1133583
4320
-7597
282636
-9819
-5118
7605100
5297
-4296
550148
682
-3943
1117711
1743
-4282
2363671
14915
11742
1157232
-12782
2713
5309552
7845
-399
4463420
-1777
-7591
2102755
-1859
4601
2687205
10705
12394
7602468
3620
-2715
1327664
-2144
-4775
2361532
-7777
-2763
6029771
-11942
5260
4528707
9463
-1492
4337931
2796
11373
2102814
-10438
-6934
6881871
6904
-5687
4337726
-6768
-1380
5776584
-7685
5128
5243855
138
7165
720897
511
-7413
1048847
-7103
-3925
4204992
7494
4194
5441553
11035
-6962
4469555
-6531
-5210
7930069
957
2304
75805
-574
1764
1116376
3671
9356
1199409
7072
-1990
4466748
-9878
7758
6887015
-7997
6272
4784320
-931
4289
338145
-3667
-12213
1133773
-13584
441
2135196
-7770
2715
5703885
-10164
-11898
6424672
7017
2500
4859182
4379
-2486
283395
9867
3122
6951193
-240
1602
5360
4429
-13604
89089
1510
-1849
1515533
7038
-5113
4792367
-5185
7715
27135
-988
-283
271072
-13960
-8144
2789510
2533
-9108
3408652
11929
-1318
5116218
479
-3322
1310983
-2678
5455
3866793
-5383
-3407
160254
3081
-10456
2228480
11643
7739
5767959
4382
2655
348163
-455
-10251
1182198
4364
3527
151552
-15644
12347
1344140
2654
14324
3475475
-11622
-8496
6095435
-5970
-3875
2704615
-12478
3842
4784232
-2111
5455
2099640
-1269
8090
143857
-11887
-11351
5768520
-8772
-14226
5245534
-16206
5797
623748
5573
18622
1075976
-2265
5260
2494897
-4156
-3502
19192
11623
-6002
6160661
-6221
-6596
6360284
2066
10115
2163712
4092
8298
16958
1613
-1743
3214353
5439
6708
30983
-8979
-3968
5309533
-3101
-3695
2425020
5866
-15031
2184735
9572
8768
4993540
-14307
3114
2457729
2958
8764
2688027
-2423
9357
2757048
1486
17781
1384455
-7098
-12715
4401345
11631
3618
5768471
-717
1371
1376464
-8738
-1690
5570647
8640
-4112
5244936
-17983
-3448
3181032
-3683
11462
1917129
-456
2104
1181942
6616
1679
7733286
4601
-2505
1196302
902
-19943
729113
10310
-1424
6490145
5712
11182
3165200
-5924
-3873
2380518
8403
1907
4526084
-2376
-165
2234558
-9089
-9529
4727143
-4532
4266
1198320
480
-2376
1310732
22691
-5969
7176228
-3855
11531
21964
-10714
1465
7798865
2974
8517
2949147
-4027
-2354
19392
-2349
6105
2429108
-11455
-1377
4727112
263
-7267
135425
1539
-6278
3211280
-6412
-6307
6426842
2474
8467
3214863
-2601
-9574
3539365
-13555
2210
2200721
5356
9890
30222
23390
-3492
5087275
-6342
12172
6881999
2848
7780
2363408
-343
-3875
138750
3836
6816
21054
3647
-779
1067319
-11552
9661
5505100
-2495
1349
3148208
9119
-5258
4989211
-2119
10309
2230718
-8389
4058
4719471
-4443
-15292
285692
-9127
9620
4598114
-14345
7112
2261403
14131
14095
2461744
7570
21949
5833752
-1148
-3643
533240
-16701
-417
104696
-2908
1726
2884260
-5808
-313
2120928
1753
4338
2494742
-5640
-724
3293422
-15933
-8596
1149064
-7507
5621
5311693
-1035
2264
139770
-1347
12353
80125
2359
16400
2234627
-7479
882
5376456
-1441
-7689
1321459
6144
-1497
6291488
-4352
-20537
20720
2248
13086
2752512
648
23966
1703944
-8909
-3171
5570640
5537
2162
1337612
-17204
3344
696544
14360
7344
2523234
-14888
1557
1482886
3604
2330
1066544
26827
-6999
11157857
12565
-6671
4200192
754
-3483
1115148
16174
8361
364659
950
7531
206875
-5235
-4443
615673
-13941
-1645
3834249
3246
4275
2688007
-2910
-3712
2949284
-10609
13663
6821211
2768
-1729
2363412
2448
-11388
3671048
8965
-2358
5243648
7868
5275
4201022
12681
-7836
5898504
1352
6423
145408
13392
-9024
2133024
3942
1344
999469
18357
368
2263322
-6129
5741
2115043
-3175
11140
3015098
-5081
9385
418273
-548
8577
1311446
5286
-3064
1007621
11825
-1621
5505328
6991
6341
4728107
1752
19221
2494486
-6189
-5200
6619348
-7777
7989
6029771
3734
6655
742457
-4194
-5532
868603
-9661
4942
5318768
-522
-3997
1245403
-1530
2253
1253617
11402
-7354
4923425
5446
-16847
227329
-2444
-11960
3801266
-1358
1154
81148
-10264
-10845
6423646
-125
-12780
590072
-5821
14411
2185440
-2433
11006
3670455
11408
3555
4727840
-11653
13448
5768007
-11734
-4311
5571139
-6280
315
6947022
-16051
-10969
105601
-2828
-170
2232490
12735
-9860
5245199
9175
2847
4595989
5782
4177
2839577
-4214
-8569
737529
20701
7159
380933
6335
-11161
6816039
-10886
4662
4796999
-2286
368
2167984
2900
-6437
2622984
4007
568
411965
6132
2483
2244634
-4741
-11722
1590231
3314
-1693
1131548
-9761
4761
7602535
-5607
-14890
1466866
7882
-13152
4397113
9037
1580
4793353
34
-3141
327680
6845
-11578
4274237
4330
-4184
87567
-6809
-578
5124549
-13515
6048
2785674
6424
3227
6688802
-3838
12628
86208
-99
13118
852217
-8795
-2035
5507932
1516
4335
1058318
-3178
-6581
2819257
-1298
7450
79103
-7546
-2792
5963977
2475
2623
3149583
17297
16288
566552
-3497
3586
1199553
-5532
7031
1860340
-13653
4938
2138015
3630
-8730
1392691
-2259
5699
2429105
-15919
-12750
1343876
-12260
-2617
4457026
25163
2985
13764929
-6455
5850
6429144
3977
-611
672056
11388
-8219
4727334
-2593
8570
3408295
1813
2525
2103056
3776
6343
22584
9508
790
4469248
-2328
3925
2233534
6357
4901
6558500
10888
2399
4862008
9989
2508
6296336
-13089
-10360
5505367
-12847
5021
5505364
5142
-6803
222209
-16835
9952
1149173
15642
1530
1409619
-5723
-1752
3427308
8047
-5597
4719919
-9365
-3874
4728687
14855
-1682
1220977
-17453
-345
368884
7598
-10487
5311519
-4546
-6766
1132791
8916
11945
5505540
6555
-334
8127275
6127
-6224
2114847
-2077
2558
2425020
5700
-7269
3164688
-3209
3314
2752939
-93
3063
329980
-10879
3541
5775688
-227
8380
332017
6321
-12123
6817060
7590
7367
5703709
10944
-3235
4208696
23031
-26168
7504171
4500
797
1590792
-309
-8137
137721
-5235
629
615673
20949
-24304
1360644
1176
-638
925698
1671
5961
2756889
-177
6915
525803
-1237
-13988
275443
-8154
3705
4653249
-5563
7123
1076208
-833
-9084
532967
3359
-9191
1327379
-4939
2220
680418
14815
10464
3440999
9032
3323
4857864
-8239
-4436
4456820
-4864
-16508
1065168
162
-215
851972
2597
-5917
3408656
-8672
3292
5505136
18383
5885
2392343
2006
1720
2555925
3361
6496
1327376
588
964
1181696
4343
10662
151819
-5934
2233
2445540
-5864
6253
2511074
-4305
3151
283123
2494
-2296
3213327
-11998
1277
4526144
-10682
-6038
7538769
8142
-8862
4522039
-7883
4351
4331970
-10447
-3642
6558032
7252
-1941
4206112
5602
-5655
1400844
2164
11704
2752514
1688
-19996
3018778
1565
-783
3473425
-3995
5937
803780
-5461
10829
32767
-4045
-12646
344256
-4064
4396
278720
-919
7223
665062
13475
-16328
2981924
895
-2630
532751
11539
-7586
5309456
8380
-2200
4719110
-3163
8604
2362300
-1007
-1097
9696
-9297
-4963
4205951
-682
-12699
1248465
-4316
-12738
283376
2348
11537
2363906
14879
5696
1352051
485
-14837
1311500
-10178
-7193
6359143
7132
13436
4465206
-8858
4422
6226005
4922
572
614927
7315
7588
4793376
-10381
-7735
6882380
3026
-4330
2424852
-2271
-11771
2363824
272
-5232
5120
-4786
-5261
1133779
13869
5323
3506225
16946
-8520
1409024
2459
-412
3932939
-7477
12605
5376457
3192
5333
2752518
3908
7993
541224
2948
-2718
2621976
8125
-3582
4261949
-5901
8717
2184428
-5099
-4675
26592
-4982
16425
745697
12710
3350
5703693
1776
14628
2102300
-190
5319
590056
-16348
2590
295552
7457
7394
5505296
9330
800
4793348
-1596
-6793
3148520
-3395
-10285
1132749
-6799
1642
4732356
700
4212
1051150
1777
6277
2102556
4143
-4436
278787
16013
-1202
627833
3722
7034
741433
6453
20016
6428962
-17567
-407
827884
-15902
8048
1409164
-4726
311
1786073
-6047
777
2900452
-13663
-346
2398620
-1863
-9229
2752998
-9641
13759
5385585
1531
-11568
1057551
22065
-5967
3457296
3552
-10491
1327132
-5934
1952
2445540
-5010
-7453
615655
-11218
-996
4530243
5495
9382
684291
-6453
9324
6429145
-5573
15025
1076215
-7198
2206
4530396
-5136
-6945
25852
-516
4825
1049310
5019
9105
811803
12068
-11286
4461104
2208
-5771
2883588
-17242
-1538
1024229
-6282
3729
7012555
6638
13337
7406639
-5164
10826
287476
7804
197
5767734
-6572
7937
7343824
9742
-13655
7406611
-529
8950
1050079
-8109
8467
4263104
2294
6334
2297867
4682
3341
1263617
-16617
-1864
169457
-4813
13970
1392848
9021
8094
4792333
4593
5499
1066252
16885
-20362
1212682
9000
18518
5636098
5098
301
91679
3811
-2650
348220
-6707
2795
5578949
-6472
2939
6428894
7933
-4920
4263997
-10655
-933
8126804
-148
-61
526062
8214
14367
4391937
12932
-9419
5767688
-13305
-4023
2261377
-7805
7434
5832904
-7454
7206
5570764
14048
1032
2396220
9565
17182
4536321
5270
-6812
746497
2645
10841
3149584
-9264
-12335
4464756
11436
-11631
4728358
-9256
-693
4595830
-3758
-1971
89280
-1642
5048
3867881
3284
7041
1327636
10766
5569
5317683
12137
-3787
4850990
-2617
3012
3279273
-5762
11313
2707687
2273
-3452
2363660
-10513
-9783
6296927
1837
-3474
2428945
-186
3479
721129
8017
1670
4719912
-2188
-3295
2752682
-10651
-999
8127316
16928
-256
1343488
1276
14818
12814
5721
-3707
3557650
13019
14944
5505799
2451
-5473
3736584
-4843
-2668
1066960
-3059
-7137
2163873
-14074
1470
2330753
2708
-2826
2627096
1733
4133
2104088
11546
2248
5571091
7824
20503
4723768
8639
-1420
5245199
1950
-9851
2949147
-1492
15408
1319666
-5884
3321
2118368
-5986
-486
2965731
-2504
4226
3279030
-10670
5612
7408720
10453
-3264
6558500
-1534
-1761
1122544
4209
5216
541956
151
-9692
656641
-15244
-2316
696450
-1496
-13571
1450226
9515
412
4469507
7035
-6166
4727599
-10809
-1598
5384521
1737
2112
2234648
-8237
8435
4522100
7544
-10006
5898262
5087
-1574
286999
-4181
-15102
20479
-4065
7908
278979
8498
-7482
4526080
1122
-7723
860164
7355
16714
4727591
-3029
2838
2360227
-4176
-12796
19708
-4273
4017
542187
-6556
646
8127188
-19260
-10341
2654880
-3155
14595
2165949
-1315
-2880
340213
3539
-7963
1392660
1591
-2246
3279123
3262
1926
2686983
10066
-8913
6882312
-16900
1232
1082078
5496
7043
684038
9049
-931
5120266
9017
-1618
4858126
21970
4719
1433604
7113
-3663
4335928
10627
-3476
7929896
-12414
-6792
4784248
-11451
-11884
4727624
13236
-5373
2263098
10150
8162
6752285
-4850
-5562
1131731
777
-10438
1179904
-2940
-4648
2622112
-11130
4710
4923457
-3486
-3765
1917124
-14331
2072
2130816
11784
11521
5374000
-6410
-2227
6492379
-5024
4763
811236
-8246
-12566
4393081
8834
-1419
5832712
7398
3182
5701661
14363
137
2392931
9364
8088
4728320
-14790
7420
3246743
1330
-5873
339968
-9362
-3626
4793455
-4311
-1372
414194
488
-2701
1180686
-9319
-9128
5120378
-13199
-1707
2655620
3626
5333
1393203
3519
-3812
1067295
5507
6719
1662984
14433
-3395
2916708
13977
-3895
3051834
4597
532
1196298
-4964
-14047
811746
-12585
-2303
4591989
8575
-2426
4722951
-17061
-13379
1346515
8240
1593
4456448
10107
3595
6816527
-10463
-2465
6558032
3690
-15457
1656375
-6064
-1899
2116832
-8168
-9313
4587714
2285
12802
2167821
-1001
7954
140769
13252
-10096
2132536
-7735
-1111
5376456
750
7180
1115151
-1956
-1769
2362082
1775
-12751
2102559
15150
-3150
372851
4525
-10961
1133581
4409
1610
153862
436
-2533
1181706
-9730
-9928
7405679
-7457
-8356
5505479
7503
-1498
5246227
6958
-6596
4534323
7834
6962
5050939
3233
-198
2883844
847
7976
533771
-6010
1311
2834657
-2762
14366
2300067
-12175
-2119
4719940
-2011
-3510
2360288
-6662
-5062
5317327
3872
-19150
282672
-7935
3040
4198848
10454
7307
6754341
-7160
5668
4333760
-2638
1477
3214508
13635
7212
2201632
146
-6581
590848
6821
3051
4471612
-3601
5459
1066447
16505
-2881
688390
3539
2556
1392660
4925
-8984
614413
-14438
8434
2982555
9632
-5121
5515276
-1860
10199
2622182
-4891
-8648
1328092
-9345
-15837
4727151
-4707
1761
1917145
2575
-2704
3147027
-4815
4426
1327568
12492
-12039
4849664
-61
4900
67832
-4574
-10025
1392880
-11137
1277
4727111
-11207
4800
4335942
12776
-6470
5374990
-5130
-11638
221435
-10144
-6865
7077988
-3684
-524
1852106
-1853
-14296
2687200
-7515
1960
5508044
-12179
10248
4785221
-1598
13855
3213544
6609
-24098
7602468
1905
4684
2622732
-4681
6648
1198555
-13010
17402
5570643
11081
-4910
4858152
5032
-9714
158750
-1147
-5133
533496
-2499
7828
3213493
-2418
6531
2692283
-8341
13726
4720495
4780
-2706
1068558
10211
3247
6619164
4192
6646
802820
12221
9905
4261949
-11724
-5322
5376066
11379
-10930
4793380
4778
7362
1134095
9933
8391
6623253
-187
-13813
525288
6084
-3661
2116120
-6681
-8021
5644749
-10717
17387
7667792
2115
6679
2164736
-10864
10219
5776456
4748
2619
1720328
1609
6822
3279120
12015
-10355
4199743
750
1636
1115151
-6132
7702
2244832
2060
414
2228224
10281
5459
6684962
-15789
2532
1150080
8771
-20
5310464
-8467
16558
4265085
3554
4975
1392668
13906
-7409
3247152
-11343
-2076
4205916
84
-6815
3584
3558
-5771
1523741
9324
-6576
4728326
-4396
-4133
283380
-5535
5758
1860084
14541
2723
2461797
-130
-6952
590063
11843
-11086
5310512
-8748
8970
5505620
4329
6506
152846
-8385
-8774
4718959
-6590
3220
7407824
-6448
-2967
6557908
-1091
3672
76029
-12552
-2890
4329598
8767
-15964
5245191
-5112
-2168
155872
-12415
5424
4718968
-508
6270
1049328
10044
11874
6816270
-5459
-5542
97533
-1158
4394
598767
-9580
-7721
4732536
-15608
338
1212544
-5984
-6915
2900196
-1538
3460
3211503
6024
1765
2768920
-5064
-3069
157926
16365
7443
99453
2322
6539
2167808
2135
10170
2231553
2762
-4369
2299929
-9280
9413
4204664
7201
-5420
4464928
-2443
-427
3801522
3447
-4490
1720595
-5806
-7221
2186464
4200
-5005
672774
13095
7672
5636353
126
-8525
589831
9906
-6218
6364188
5637
4279
3162896
5471
6045
293123
-1724
7695
2104032
4387
-7724
348160
14613
-361
2135904
7358
-3361
4792359
-10106
-7586
7012449
-7679
-3321
5243328
-4458
9377
742649
-8259
8592
4262013
7259
10475
4467491
-3670
11555
1134287
18828
-12514
3833864
14129
-55
2396464
-2154
-1757
2819257
14307
14418
2457660
20490
-17612
245761
-2261
8628
2364339
-3256
-3960
2752680
-7814
5799
4788935
-3612
4439
1327820
20614
7705
770049
416
-3217
1312780
-1904
7325
2622688
-2975
-5311
2884004
352
5662
790532
3638
-999
1263667
17360
5391
303124
-12811
-3932
5374298
-7370
5007
4923595
-2312
1284
2232510
-14551
4134
2527634
5078
-13842
483349
1189
2781
795396
-9570
4417
5058683
1532
386
1057294
4997
3655
549656
-6151
1756
6423006
-3271
-6002
2752942
6444
-3235
6558242
-12166
-53
4784711
14941
1932
1419377
-14566
2062
2462355
9454
-2046
4273167
-10296
-5913
6424664
-451
14316
1116405
-8647
-1369
5376374
-2206
3480
2949292
-9049
3384
5120357
-209
3426
266739
-8947
1355
5309521
1088
3288
10240
2949
2590
2622232
-4566
-12687
1393395
12441
4502
5112066
-38
1258
328439
-5033
6808
159201
6428
2521
6558242
7141
-13756
4465468
773
-8204
1049344
6677
2543
5252912
2145
9553
2883844
-17266
-6229
632035
697
14272
1181966
-12797
2298
5308528
9731
-14166
7405584
7549
-2604
5832725
6471
-106
6428961
12761
-9861
5636358
-18924
3643
3180208
7025
-3727
4728108
-1121
-5626
795131
2499
-9834
3213320
-3119
8358
2359732
6465
5445
6297888
3447
9736
1720595
5589
-8067
1336068
14689
-4458
2920804
-11247
-9479
4203840
8747
4867
5505795
32767
-7733
8388991
6066
1531
2182172
1417
-11803
1712392
8068
13954
4719160
9082
333
4792847
9104
7079
4727832
-2147
-6038
2949305
-649
-7052
1704403
-16126
-9528
102528
4193
4926
803076
-1824
2073
2363628
-6259
15169
6882521
-6737
9495
5254607
9531
-15005
4209415
4816
-9372
1327108
-11187
-15054
4271169
8840
9174
5898248
10109
7273
6881293
3373
-8861
1392657
8329
14063
4849920
8659
-1929
5570564
-2868
9247
2752672
-2812
3893
2101920
-7604
-683
5376192
-531
21766
1115357
2655
-2788
3410195
14203
1161
2655023
-5138
-10236
91391
-2593
-1375
3408295
1693
8603
2953241
-9938
9737
6623331
9515
2540
4469507
75
-2225
133377
-6743
-6629
5385678
-4273
475
542187
-9925
-2309
6298471
-6666
1744
5447883
13039
-5436
5244175
-7068
3273
4989636
-2343
-6551
2494902
8177
11519
4195644
-8220
9501
4457084
13322
-11223
2326561
-11758
-15815
5309504
4705
514
1851652
-1762
13676
2429155
5751
-10346
3817747
-9283
-11402
4270205
-12798
13586
5308528
5836
-8046
2250776
-3202
2757
2687151
-837
-4932
533479
-3819
10407
22464
4265
7739
673030
5420
-5061
291330
-12214
-2283
4393025
-2828
1465
2232490
2084
-2911
2359808
-11492
259
5505602
5281
1627
811268
10315
5063
6424865
-2465
-6033
3410355
3308
683
1066526
-11337
-922
4335963
-3788
5068
153794
-658
-222
1639639
-2417
7317
2627003
1853
-8988
2686989
-1744
-8525
2363616
-2315
6452
2232762
5728
-3228
3948564
9599
2628
4731143
-4553
16096
1198579
4887
-6295
1197313
-1050
9340
467197
2829
3237
2167825
-5301
3351
680425
1456
-13714
1059852
-8845
-2375
5833812
-1068
606
271092
-4598
-7440
1261809
9328
-864
4727812
-5801
10909
2252257
3807
-11025
282935
1759
7714
2363671
1822
2367
2428947
-7839
-9918
4985284
3824
13278
21564
4407
6739
153859
669
-14920
1900553
2644
-3973
3149328
-2959
-3910
2622884
-3897
-7473
672193
-6885
-5990
4469699
-199
1381
655854
-5223
1362
942586
14178
-2202
2981932
7064
-18285
5120058
-10153
24071
6425953
2831
4089
2102547
8576
-5185
5767176
-10013
-3099
6623340
3410
-13151
1133584
1393
3245
537860
9963
-244
6297375
1175
3903
664833
3260
9446
2621958
-7981
4409
4526276
-8826
3564
5963865
7146
-11582
4269631
4642
11824
1392640
8715
-6752
5374209
8851
-5
5833736
-10873
4270
5906761
-1571
3000
3473637
9568
4313
4993028
9915
12941
6298399
12535
-5970
4329739
-7783
-7602
6160842
14265
-11157
2263358
-2165
172
2752953
-14146
-12444
2719879
-553
-11618
1442261
3316
-9137
1196058
-7128
6445
4595906
2045
13117
2162717
-7257
15878
4598237
-7054
-4172
4793540
2285
4037
2167821
-9454
-2604
4273264
-9167
-12375
4464992
15247
7303
566651
5858
-3536
2445340
-4230
-665
606959
7484
4017
5245462
-11404
-5847
4857930
-191
445
524776
-3223
332
2753966
-2988
-4885
2100896
-6538
1957
8061139
-17892
4185
1352434
2178
4463
2686976
3918
1297
607275
-916
-4261
534246
-3065
-5815
2228641
14376
-707
2523234
5165
-12924
352257
2208
-19752
2883588
-3369
8710
1458629
-16974
49
1150172
-5678
-196
3490020
2116
2876
2099712
-3591
-604
1196494
6266
6453
6881831
-1672
717
2756838
3074
-3835
2162688
-16021
-11594
563079
-11664
9059
5768260
-3920
-8378
541892
-7151
-621
4203968
-1578
-13981
3604709
-2866
81
2429095
-10513
998
6296927
-507
11447
1049584
15723
-16329
1607511
3089
-7820
2098432
-12022
-18519
4395073
-10033
-11449
6558055
-7095
-5809
4336064
-3551
3380
1327552
-23335
3725
4633030
4743
395
1720585
-3241
16349
2753961
-6901
586
4338113
2993
8571
2100508
-478
-2793
1376496
-1171
5283
599277
11783
7701
5374257
3191
16310
2752771
171
-10011
526087
-14918
8794
1157775
-5175
-763
158200
6217
-1152
6424864
-3617
-11496
1327559
-10290
-7717
6619223
16374
-10227
229499
3187
17903
2688004
12188
-10991
4981306
3596
-4989
1196080
-8311
-10648
4850040
-717
-2422
1376464
-6780
7234
5776072
9738
5453
7536657
5472
3440
815108
-76
-1592
133370
-5840
-6344
2380000
4412
8026
23046
-731
20144
1311696
-483
8097
1376497
11131
1408
4727599
-2595
5876
3473573
-5306
1979
745705
3240
5646
2753542
-190
13656
590056
-923
-11041
795620
2969
-22495
3014938
-2467
14993
3475633
6129
-1217
2114844
2293
9505
2232586
5197
-13638
93185
-9882
610
7278693
-2026
-1554
2295009
11523
9432
5308432
5865
-3062
2250014
-809
1838
1442261
-4829
-2825
1392848
6693
3730
5514032
-21059
8094
1165533
-9497
-7509
4600189
-8660
-11395
5505650
-29
-3586
327932
-2713
14404
3019173
-10611
5562
6886489
2845
-5258
2428945
-324
-6038
6910
3059
-3618
2163740
11769
-4645
5374238
-4545
-354
1067511
7486
-7054
5310487
12814
-3953
5309443
1861
-7578
2622216
-4452
-20527
807674
12356
-3211
4196864
1782
-5832
2297883
-12178
11703
4785223
6998
-6232
4924457
10657
2798
7604524
-7555
-508
5832901
-1960
8260
2492642
-11662
2684
5833796
5817
2452
2251038
2336
2275
2363392
-214
2454
332531
20939
8362
1231113
9817
-14333
7735570
-9776
-14185
7602276
-15057
507
307587
14674
630
2202720
-7595
14420
5246912
-9381
11521
4989803
1766
-4269
2560029
-4013
1962
85184
-13136
-6420
2655364
13497
-2775
2785574
-7320
-10844
4859086
-7157
-6296
4334017
-13321
1018
2261403
11365
4331
4989732
3944
9722
672814
-3911
-1522
672198
12576
3303
4460544
1410
5338
1646600
635
5830
1573639
2573
-2846
3212305
-6825
2884
4341185
89
-198
395522
-4759
-12020
1721814
-4360
-2073
151806
-9535
-7344
4209016
-11777
-1544
5243215
3747
-7887
350268
2798
5006
2167839
1165
-5443
599041
2614
-4103
3344403
11596
-7394
5376016
2483
-496
3214348
-1011
7459
74977
-6001
-5178
2639331
-6563
-9091
7669969
9226
7680
4399105
-5821
6725
2185440
-17026
2756
1671383
3384
-5998
1198102
467
984
1376260
407
-1674
1705225
11873
-467
6029620
3612
10063
1327666
4859
3481
1065743
6629
6001
7602988
14218
7601
2850873
-25483
-5043
13246882
-191
-9650
524776
-5129
3682
156155
3109
-19406
2360064
-1558
-12438
3213039
-3167
13990
2361788
4294
3769
737281
13717
4318
3704616
-5359
-8903
30192
5021
2639
876569
13915
10539
3443507
3870
-271
348211
10425
-13236
6947110
-1070
-8415
336116
-2222
-15157
2688168
707
3487
1116168
6975
4430
4727087
5547
-1789
1077007
-7013
868
4989891
-3243
-2528
2623400
-10686
8322
7407696
-12002
20398
4526147
4522
13214
1134095
13394
46
2198560
-4609
12125
1065439
-2670
-2068
3736744
-6831
3790
4210112
1202
-7541
599044
-6931
-19298
4273357
10758
6998
5447729
3135
9137
2099463
7954
-1106
4265008
-8229
4387
4457335
-5183
2988
27128
14299
-42
2392887
-3667
3804
1133773
-9503
4891
4469116
6476
-1022
6428704
8723
-7512
5309440
5206
1174
224257
-2549
-9342
3277233
9658
-15178
5319183
-11654
22551
5833287
-5305
-7079
680425
6751
-5171
5515571
971
-6171
141593
-3341
-3421
1131724
-9786
-8835
7538793
-3346
-11198
1131727
-1821
5736
2429164
-13690
-4763
2855065
4938
7138
745481
-7914
3435
4396225
8085
-11539
4720440
-11393
-12373
4727119
-3400
9211
1198286
10421
-1216
6947106
-2237
-18746
2687144
-3601
-11730
1066447
-433
-3413
1052147
-339
-1236
72957
-6929
-8458
4208079
5463
12728
163073
2434
-1860
3735560
7491
4967
5310480
-4258
2201
868587
8390
-3180
4915201
-2038
18507
2293985
4598
-4498
1261579
1255
5705
405773
18672
-3513
2135052
-11027
5152
4273229
-18416
-834
2131168
-15621
8358
1082255
6122
4317
2180639
2763
498
2234649
-9010
-4852
5570647
5769
10058
2773272
14622
19322
2461795
-13224
23452
2525314
1565
-4275
3473425
-608
-4170
1312988
9936
-566
6557716
-9911
6039
6429024
-235
-7182
6128
-6914
-1382
4272335
941
-2804
76829
4058
-6364
344631
-434
-1899
1117427
-2323
3075
2167997
2971
3201
2884379
12772
642
5505548
-15531
6724
567176
-2669
6204
3736744
5216
-2148
811012
-1993
-1676
2230755
5602
-14638
1400844
4636
11018
1327618
-2502
5339
3214007
-8014
11007
4785348
13963
-11907
2789689
-8913
-5991
5505363
-2115
-141
2164925
2509
6876
3473413
942
16575
76831
-8530
-15362
4267135
-641
8652
1573335
14194
10415
2720812
-4885
-8734
1066975
-10657
4261
7604563
-2065
2096
2098623
9471
-1389
4206863
16032
-390
301180
-11191
1247
4335936
-9908
-10093
6428768
-6840
11982
4339904
7305
4180
4858144
3990
-8302
738361
-2262
5563
2429619
-2125
-4756
2165948
-13997
-4661
2202752
-7719
1176
5636550
4001
4855
280892
-14205
-2770
2719872
4708
2924
1851908
-14449
2639
2655643
-384
-11154
528632
6680
1777
5644338
15385
-14929
434530
12059
-15343
4461363
-1377
430
799227
-1021
-267
73952
-10379
-10098
6947146
-6431
-1129
6558172
-5806
-7411
2186464
-4577
-7525
1327603
4287
901
540935
-3826
13039
87235
8069
2579
4719416
-4786
8230
1133779
12410
-4374
4784647
12711
1339
5638413
-3382
2606
1263817
9722
4890
5317135
-5239
5886
680440
6348
-12837
6946848
-8057
6001
4850113
-1558
-2096
3213039
9786
-7071
7408151
1819
1326
2364179
-4418
324
88319
3734
11983
742457
4307
3300
348164
8563
1971
4789252
876
-8472
534030
662
-9885
1770505
362
-1358
595463
5062
-5488
223257
-8133
-16450
4197319
-6283
6454
6947274
5712
3054
3165200
-3975
1075
672198
-5788
-7607
2904804
-5091
12789
352481
-1946
-3034
3080421
7947
3267
4329777
7035
-8545
4727599
-3962
405
737473
12069
-1682
4461360
11125
7558
4858154
-7000
-10128
4859078
-9218
-538
4268159
-4615
-10446
1196510
7903
-3000
4460855
-10434
3016
6881359
-16471
-11978
167422
6877
20420
4534325
230
-5754
462861
-6176
-943
6553820
-1068
5454
271092
-3802
1512
479425
-5888
2663
2117856
-8312
-5151
4849784
-7820
3511
4853954
-6707
2136
5578949
-2916
-6294
2884258
1488
-1996
1318916
4212
-1240
671746
11835
14714
5245751
-5181
2626
92408
3441
1359
1590548
14791
2110
3311977
7657
-763
5375262
-9448
452
4599922
-5219
-2803
876793
-529
-343
1050079
3742
7765
872507
-1508
-2815
1319666
7507
-8051
5311504
-12806
-3569
5309023
1302
-9472
209921
-1807
-6634
2102764
-4737
1769
1589719
-666
-8999
2031829
8174
7611
4260927
20555
1671
182529
-4093
-8924
82112
15814
897
1280089
-11591
9651
5376334
-3755
4592
24512
3909
-5963
541480
6361
-1596
6689062
1499
-1263
1319687
-7790
8012
5833928
-5950
-3832
2703584
-17503
-21271
305660
-3248
13328
2622632
-5893
518
2118639
-7063
976
4859334
4504
4888
1982474
16497
-23937
558340
-3160
-9222
2231486
-9913
9786
6429025
-6276
-1781
6816462
-7068
8784
4989636
8333
10
4785153
2033
2753
2098460
-2224
3665
2622632
5662
-3329
3489811
2291
-3640
2167820
5591
-8633
1466629
12965
9112
5507852
4031
-769
18751
5283
-3841
876548
1954
1982
2426908
-4168
-8088
149758
-607
33
1313244
3748
572
285244
14055
-1912
2527549
2057
-578
2228480
1113
-6725
403714
-6012
5155
2638560
4285
-1796
606213
-1414
20349
1647351
2801
-5205
2102556
-11939
13541
4528193
11234
10028
4530236
-1281
6766
12799
3423
-2553
1329427
16089
-2544
430454
-5237
-3121
680441
-6683
-3579
5514188
17473
539
43264
16324
-6938
35448
5028
2369
289308
-8955
-7663
5243728
-696
-8983
1181904
5335
8233
422149
5592
-12811
1466374
-10051
-7437
6881381
3601
-13248
1066288
-11274
-1970
4399195
3594
12646
1261617
2065
8063
2098432
-6279
-12760
6947278
692
-22176
1181706
-7033
-13127
4858305
-8707
3023
5308509
-601
9941
1444317
5014
-4704
746521
-9399
-730
4858216
366
5984
594951
-5734
134
4014827
-1520
-7249
1058032
-2249
10478
2752939
1383
-4102
930053
15830
1402
1540181
-10469
-7970
6558547
-2543
1244
3147184
12174
-8675
4785211
-6654
2353
7405776
-7660
8044
5244608
987
-4673
271127
-4744
-1877
1720534
9411
-1650
4792320
2821
-2424
2102032
-10909
-2291
5058628
-5961
-619
2769379
326
-11323
202753
2580
10467
3147280
-2543
-12857
3147184
-12506
-7251
4657265
-2495
12965
3148208
-3950
-3413
607424
-5602
-8721
1401075
8618
-9037
5312015
-455
4357
1182198
-6010
-5897
2834657
9846
-1753
8060947
3060
3014
2228250
6681
9114
5644594
-5639
8417
3293678
2460
-4668
3932682
-4877
10000
1131740
-16958
-13738
1149144
-10044
-12247
6816352
-968
2820
141542
3770
6998
88639
-6116
-502
2376418
6813
6614
5058617
-11752
-3088
5636162
18487
4651
2263299
6144
-4175
6291488
2836
7544
2102800
4503
8104
1721609
6446
-4725
6623267
-5214
-5396
354556
241
-231
5388
398
14307
1639435
944
3688
11292
-10634
2012
8061011
-819
9670
1376469
-1539
-2177
3211501
-1253
11670
275443
-6141
1686
2179296
15384
830
434274
3535
-7043
1327383
-6098
10714
2441443
-3042
6703
2424995
-3204
-900
2622126
-2273
5699
2363827
5395
-16186
95232
7072
-6120
4466748
423
-562
1444109
1758
-5190
2428951
-11170
-3841
4532291
5523
-16188
1664008
-6857
14973
4340163
-6338
-6187
6881487
-10931
-4398
4275265
1342
-3411
79879
-9748
11872
7341678
-825
-11248
664033
7371
7419
4858145
10415
-855
6817063
-4959
-1176
811492
10838
10202
5450801
1483
9090
1190153
166
-6047
983045
3643
10019
1067831
-8696
7868
5374064
-3351
-5680
1197518
2574
-6934
3212307
-5438
-816
96504
-2441
15741
3801523
-11479
-6810
5636418
-9802
9886
7538795
-11119
2223
4728128
-15306
13772
239747
-4769
2459
1329619
654
-5424
1639435
-7719
361
5636550
-5314
17812
614639
-1962
5561
2297057
9143
1730
4335899
1286
-3436
208897
525
106
1115137
10368
-6792
6815776
-8479
3442
4460924
5503
-8265
553223
19817
404
1754390
-3539
-19097
1392833
-3461
12180
1590215
3838
4796
86079
-1926
55
2687719
-9018
13347
4923489
1421
19931
1647625
-12567
4612
4330878
-6825
-6100
4341185
5992
9695
2769934
-4242
8203
607471
1298
5030
78848
1944
-10038
3014682
-3767
11826
154048
3598
487
1131571
7605
6626
5376282
3247
-4338
2622727
5844
-1941
2380308
-16307
5589
101505
-380
4741
529144
-7706
-2810
5701837
6303
-5823
7078179
-11688
-3423
5638210
2133
5168
2100992
-7245
-26
4271324
7861
-570
4331834
321
-4860
6400
-1812
-4895
2103022
-4595
7443
1131761
716
-5946
1181704
2925
-1668
2688013
8872
7761
5377038
-72
-8384
133374
7120
-989
4464692
-222
3906
332016
-5686
-18558
3361001
11037
15217
4534321
2186
912
2818049
12064
-3088
4460592
5823
-4976
2119967
2276
12304
2363916
-3575
-8443
1196480
-4253
2166
868588
-108
-4645
526072
-13621
13055
2267545
-9055
-10720
4989284
-5611
-10693
1075184
-9837
7798
7930984
7157
-14308
4333882
-12947
-9996
5833813
-1208
-19652
663784
1391
-10844
537863
-3314
12133
1131715
-10983
-620
4600130
-901
6604
533479
1440
-7873
1320972
6367
3860
6557991
-1637
9581
3933163
-11563
3750
5505860
3901
10806
606253
-3444
-11458
1720520
1697
-6797
2365724
10136
-11216
7208986
14294
-5099
2588725
-9943
-6936
6689122
6649
5161
7471406
8109
169
4262973
4630
7159
1262593
-5428
-4709
162040
-10607
8054
6821208
-17144
-9349
1212624
3948
1940
542254
2486
-3541
3344395
-13997
928
2202752
-3821
9776
87232
-1090
-3450
76031
2885
-16416
2622216
17330
-7624
109596
11305
-10840
4596002
18083
10418
2463772
1954
6913
2426908
-4961
13199
811491
-9394
10800
4793451
2796
4517
2102814
-5561
-24840
1206769
-4206
-14939
607480
4253
-22762
868353
-762
-3657
1245393
-3269
4108
2622383
-12229
-1078
4197191
-9224
-3530
4333694
15341
221
107645
1614
477
3214355
-5046
-1204
223457
-13171
-11809
2720897
4786
-6061
1133580
4139
708
279299
-7390
-845
5570752
91
-2939
264963
-10384
6207
6816844
3931
-4290
803627
-7303
-20533
4858318
-5283
12117
876777
-4057
10472
410049
-5310
-741
614632
-1406
-10279
602360
-11338
-8756
4401243
6264
4699
6946854
7681
4681
5243184
-3159
-7948
2231742
11794
6922
5309488
-6861
-256
4534464
7703
14925
5375281
5564
-15727
1075726
-3488
-1828
1851588
-10028
930
6558308
16317
-17241
100477
-1166
1575
599276
7239
9346
4335905
-5751
6852
3817960
11500
-196
5244446
65
15764
2304
-13563
-1562
2134928
8205
367
4260865
2035
-3934
2163740
9692
-4655
5513734
722
10357
1376260
21640
-16986
712704
3984
1216
541752
-10404
-2597
7078474
5938
587
2445328
8779
-18138
5376257
3803
-1691
283447
1909
-6609
2752778
12904
-9161
5899270
-13358
2939
2457748
9392
-9274
4727812
9407
-4553
4727047
21868
1200
587270
-8895
3158
5245264
9729
606
7340304
-11451
-4522
4727624
8629
-4871
5376266
5675
1400
3425043
5961
-18322
2769160
-4279
2158
672232
-11591
-2710
5376334
-2233
-4891
2752937
10365
-7615
6881317
1847
-4977
2752779
5571
6862
1140744
9037
-1030
4793353
253
1866
69645
6046
5986
2965531
3394
-11121
1132560
1684
-5249
2627096
-14446
-9
2720920
-119
4282
655864
-9533
-471
4274296
-10779
-9469
5514060
-4842
1741
1262801
10222
10299
6358047
6425
8219
6689058
8963
-930
5308416
9032
-12801
4857864
4407
7425
153859
-435
12271
1117425
-9025
-2849
4727143
-3946
-3509
738497
-2838
-1968
2168495
4325
-2339
283404
-1357
17218
81148
1394
-12031
603140
12221
11522
4261949
-14295
3106
2523522
5151
-3839
286979
4318
9760
348167
1377
2417
798980
-2463
-10474
3932596
4033
-8185
18744
17640
504
177166
7211
-6680
4465443
3764
-11838
153658
7560
292
5898264
2459
-6007
3932939
9044
7577
4728328
-9798
-4133
7408239
11103
13928
4989227
12704
-360
5507084
-5822
9080
2185440
7347
-13160
4793380
-6813
6701
5058756
4926
1738
614415
1185
-4372
794884
2294
-10381
2297867
-11421
-9798
5054540
-17237
-1778
567271
12012
-1743
4199998
-2261
-8122
2364339
-9984
9280
6295648
943
-2830
11551
-8105
-6918
4328897
6398
8186
6361135
2428
-1374
2626054
5622
-839
1269771
3136
-25727
2099200
-3301
1151
1328067
21027
4737
1425408
-11698
7037
5311555
-2621
-9318
3213480
1024
6371
8192
-7838
-11596
5050564
-955
2516
11232
-2993
6359
2100643
-10631
-10640
7995734
25425
6766
13116744
8544
10336
4984836
-528
-7704
1049820
-2020
-2641
2360034
9705
7051
5383438
-2798
506
2167968
2148
-4807
2884100
-6841
-1359
4340161
182
-595
720899
-8002
9871
4784327
-425
2054
1183217
950
-2420
206875
4253
-19846
868353
-9642
8608
5450865
-14283
24680
2263426
-1168
-903
533740
-4677
7925
1067999
6054
5467
2574365
-4700
-596
1329884
4478
15737
610311
3037
-150
2424853
7296
-5140
4726816
-85
4564
4095
7288
-760
4857894
-4843
13412
1066960
-18994
13501
3506343
-9005
-17187
5570644
3088
-10219
2098176
-4454
2730
873211
4591
-3975
1066255
219
-1470
267015
-6663
3743
5382606
-5328
4841
291056
-2102
-3790
2295993
-83
10070
68861
-3542
351
1393347
-6201
-18509
6425049
2195
-1839
2688000
-10646
-733
7931479
-8268
-7624
4327546
-16744
797
954618
-3472
8459
1590468
-2877
11618
2687136
-1927
-4796
2752998
5719
19840
3296529
6313
288
6948134
5313
13951
549120
-442
-8419
1247473
2321
469
2102528
-2039
-4758
2228704
2665
-184
3802390
-9167
-5618
4464992
-5882
-9393
2314465
6416
-5526
6296608
3345
7866
1066256
5728
-16012
3948564
9566
-4737
4536323
-16331
-6707
166274
5771
-3096
2773273
9098
9836
4923417
-3211
-10161
2752938
10114
8257
6881304
-10759
4219
5382478
-9302
7660
4271743
-7021
-8987
4793536
2295
8889
2232587
-5947
-9852
2638816
7212
176
4465186
-3027
1996
2424993
-4966
4683
877283
9068
14138
4728334
-6573
-1923
7408848
-3525
-11718
1067975
-3782
-6115
88775
-11235
13042
4530241
-10330
-331
6752349
6224
-7440
6294560
5423
-8256
291075
3504
-9109
1068060
8253
-4267
4261893
-479
9417
1311216
2107
-10061
2099975
10888
-3005
4862008
294
-206
462849
-3441
11320
1590731
-1468
7736
1059568
-11104
-9323
4988996
404
3553
1574408
9515
149
4469507
6366
-3070
6623271
-8602
-2464
6226037
1272
-7208
143374
-9099
-9156
4858210
4361
989
151808
-661
-7628
1574871
-10096
4331
6816864
689
-5516
1051916
4208
-5223
541700
-1988
-1147
2099942
7833
1443
5116218
-4515
3487
1394929
13580
4359
2265120
10742
-11375
7536683
2321
175
2102528
4869
26
1065728
-1152
-12801
532728
3760
14080
23612
-124
228
525048
-6449
3865
6558167
2095
-3791
2359555
-25
9039
393725
3655
-2845
1198385
-19026
-7296
3247279
-14627
21152
2461845
17814
-16922
1811465
-1622
535
3215087
-3913
-2509
672195
-5506
11571
1663223
6712
-120
5384246
1679
13211
2626843
-2296
-2969
2232496
6160
1099
6292512
6820
5168
4471356
-10781
-4935
5578828
11859
-4777
5311536
-125
9454
590072
3205
-11655
2622208
8498
5903
4526080
-6568
-818
7735506
-3303
-23
1458626
-2880
1685
2621600
19631
5403
2655495
-5795
-5405
2447585
-4099
15861
82173
-7537
1548
5768651
-9385
10499
4859241
-3548
-16506
1327808
6396
12218
6296110
-2434
3720
3735735
669
-7579
1900553
-394
4891
1769715
-16541
-1266
884972
-1571
-2527
3473637
-17334
3298
239841
-10994
-2804
4273219
-9205
4846
4333921
-17813
4056
1615863
-401
13074
1574391
-7005
-5355
5054660
-4269
65
607464
-22165
-16131
2676711
5639
2120
3293457
-5917
-9921
2445548
-5189
-5042
27647
2032
-7823
2098204
-1999
-2825
2359776
-9800
10898
7473262
-1325
4468
340212
-12293
12442
4195199
3537
-862
1327380
-14285
10830
2457728
261
-22760
4864
4400
3437
282624
6683
-2915
5514035
204
2047
655360
1460
-899
1189898
14412
-2046
2263136
-4834
10349
1392851
5669
640
3425040
2119
11232
2230529
8058
-2191
4784687
3685
6232
1852212
-4825
-6710
1458641
2674
5610
3736596
-1367
-8021
146942
16817
3349
1084684
4668
-6305
1067526
8001
6179
4718888
-810
2748
1507541
3499
5070
1068831
7187
-4092
4269088
5155
-11209
352256
-10741
-2472
7471441
-5603
-2606
1401073
-1531
4260
1057776
5993
1137
2770190
-2097
-5534
2359735
9983
-598
6295839
-8344
3876
4850798
-5350
-137
357107
3217
-2272
2622720
-7192
-1212
4334814
-9694
-12848
5578864
3638
3427
1263667
-9034
-6053
4923491
-13207
-6294
2786694
2239
5739
2621703
-2695
573
2757030
11157
12015
4728632
5565
-10501
1140749
2697
-7392
2756888
5827
-1619
2185240
-7364
-7969
4727502
-10461
5575
6623312
-488
-1414
1442034
-6995
11632
4793541
-234
4080
201969
2862
-5191
2428947
-3259
6998
2622376
-1081
2474
141817
-15551
-3072
565640
-2811
-1868
2102176
-11665
11903
5768519
-4382
-3557
348412
-11801
6137
5636429
-14508
242
2655880
-3128
-6203
2230456
6147
-8718
6357024
-15192
-8470
697478
1258
15620
79375
17321
2858
175390
-6688
13433
5513420
8289
-14437
4980996
-2113
-3781
2099647
5308
-6356
549382
-6732
-472
5384394
-8368
7126
4719720
2150
16904
3080197
-9093
-5679
4727655
-8563
-13902
4789369
-3180
-4005
2623160
-3315
3836
1131713
-8830
7792
5832792
15980
3156
1607286
1052
-1955
270850
-11343
-4334
4205916
11067
5442
4727599
-1784
2839
2232544
-6256
4216
6816984
6544
8395
7865384
3016
5315
2230296
1320
-4040
405506
1002
-4666
75295
-2922
-1535
2819233
3279
-7310
1327383
-11721
3712
5376323
-9494
-4265
4273791
-8220
-1160
4457084
-2567
2921
3277230
6474
-10910
6494241
615
2517
1966341
-9375
8599
4989292
-2354
-5821
2429111
-2070
3122
2164415
3261
3218
2686981
-900
-15749
533222
11979
720
4331833
2408
2137
2757638
2402
4247
2953220
-7686
1937
5309135
-1870
8717
2688228
-6901
4958
4338113
6978
-815
4792360
-2327
-528
2233790
3692
10815
1590838
-1209
12718
664041
9154
-2806
4270104
-13357
-9502
2457748
1150
-14734
598023
2328
2469
2494466
13898
1509
3377201
-14006
-4642
2332801
-309
-7947
137721
-4622
-4941
1131740
11419
-20446
4989731
-1768
3167
2494690
7591
-5689
5638429
-6288
-457
6816972
8346
7893
5046787
7819
-7074
4854073
10478
-2643
6362159
-6331
-20036
6816712
-145
2312
525807
-7148
3150
4204224
-12084
5151
4849728
3436
-21787
1590806
-4539
23692
1068016
4916
4253
679946
647
-2436
1704201
3103
8238
2359555
5546
-4136
1142287
4710
3013
2048005
-2410
1173
2823353
2489
4823
3279118
2685
8750
3735573
208
8213
266244
-9532
-4283
4209272
-17272
2580
696544
865
244
794892
-26
-5283
459005
-3482
-3932
2048197
12073
-7014
4591922
5611
1374
1074959
-3654
4566
1133263
12175
4917
4719931
9935
-3443
6557975
13129
3552
2785576
-5031
-5713
420322
922
-7007
860699
-2114
5065
2164927
5241
-13102
680198
-2870
-187
2818209
2406
-2906
3084293
-4025
-12218
149953
-415
-471
1835508
6620
-6694
7602726
12762
-2091
5571079
-591
6542
1052124
-14693
4694
2921371
3276
5244
2752512
-2781
4092
2429088
2484
-470
3278858
-2125
-13856
2165948
-7718
20521
5571271
3358
-11779
1392659
8166
-12222
4653117
17703
3383
438529
3225
2929
3014914
14213
11686
2655032
-7438
25540
5309644
8393
-12581
4849920
-5907
1854
2184429
4246
20481
738305
342
-1749
203777
377
1775
659718
-11759
5179
5244224
-15177
768
696707
6744
10687
5646386
6017
5564
2638104
13706
15109
3899433
6016
6136
2637848
-9963
2711
6297440
-9569
2975
4993403
10726
-2844
7798829
-7243
7302
4336090
8564
6153
4853762
8875
1358
5246735
-12967
1713
5638482
18928
14004
3179532
-11639
2648
5898568
-9967
3650
6296928
-4755
-7791
1656021
-8409
9172
4591985
-3779
6756
88261
-11512
11473
5374016
-4812
1455
1198290
2772
-9208
2363924
4112
4518
17408
10132
-8288
6817304
918
-3430
730137
2750
9523
2168863
7270
7147
5185573
1799
-10051
2232593
4308
7619
283140
14546
8314
2461796
6034
6874
2704408
5822
-1686
2185247
5088
10115
286748
4241
-2297
541952
-3990
6148
607943
-15350
564
237697
-4485
684
1590263
-389
12225
1573879
-5475
9781
880889
-8847
-7311
5768532
1856
58
2621448
-21191
8051
1231318
-16549
11117
820203
4111
-9908
17667
-4406
-13940
219385
-6943
10673
4469196
9863
188
6951193
6609
-724
7602468
3440
9825
1590292
-283
-11089
267260
-10244
15513
6292062
2549
3212
3277066
-7485
-2133
5310664
8959
-6051
5243151
14789
10449
3181416
11131
-1595
4727599
-5928
13340
2511078
-8873
7764
5377361
-2762
1000
2300067
-4303
4285
283120
3397
-4640
1067792
3543
5910
1458453
-7979
6222
4461508
7218
2023
4530208
11472
-4561
5505044
-14943
1595
1354124
-1070
9164
336116
-5857
-4371
2380259
-3215
-60
2622892
-3152
1538
2100412
-2589
3258
3473580
-1129
1962
665081
-11259
-5288
4203328
-13059
2777
5308509
-6362
2151
6754513
-164
-4166
787178
-4382
-320
348412
4441
-620
416002
-3593
-8099
1196491
-9218
-2415
4268159
-4612
8461
1065694
-6391
-3624
6427088
18204
-7254
2396690
-12970
4881
5442641
-586
11
1247451
6977
5680
4727080
-4327
5941
414194
8466
-1313
4264960
-7556
-4922
5767878
2073
-570
2490626
-1919
-10543
2621920
6215
6894
6424865
8580
11726
5767688
-13021
14628
5570640
9158
-5376
4401177
5581
3854
1400837
11173
9987
4467516
-871
-15429
926178
2486
7284
3344395
7339
2806
4728615
-6524
7466
6820568
15550
-1572
630887
16854
10008
1540101
-9067
12817
4728672
22523
-7962
2147103
1760
-7101
2363420
10476
-13786
6297134
-859
-1784
795620
4254
-985
868355
-3965
10260
606400
4597
-1761
1196298
-4614
-2192
1131231
6168
800
6684706
2143
-7289
2361603
12444
-4370
4981250
4170
-6363
215041
-1035
8454
139770
2243
-21423
2686976
853
-2919
534280
-19930
3967
1556673
6208
1998
6293536
-3746
-4442
350403
-3189
5147
2752953
5018
5294
877083
-9700
2063
5513842
6129
1425
2114844
-2587
-1634
3408812
-4059
5439
279488
-12188
2605
4981316
9330
-7829
4793348
377
-1006
659718
-3434
-13297
1787081
8318
8440
4784135
3634
10838
1392688
-6811
-5664
4993988
2468
-8935
3410444
16103
10688
430461
-12747
1741
5376370
10001
-9445
6296848
16403
-1304
99328
-1686
2400
2692839
1067
-10648
271107
7512
8402
5638162
-7885
8839
4526272
9268
2064
4335618
-11046
-7341
4534855
-19739
4087
1360844
-3905
5775
541127
-2400
3199
2365628
-6634
-8580
7537873
16068
-8168
39544
2185
-11673
2752768
1592
1414
3278870
6574
3006
7408687
-5187
10680
92413
4575
-4257
1327367
-3380
2565
1198280
-1320
8888
405750
-7422
-4575
5308608
8952
6739
5373966
10794
14806
5579315
13668
5162
2920996
-428
-4851
1052400
333
10315
72705
3221
-11502
2623232
-5905
1949
2119151
7848
-5200
4332606
6706
13031
5578800
9931
-6980
6428953
-3804
-15690
283328
-4499
8187
1656053
-2940
-2797
2622112
1702
8403
2562077
-3393
5907
1067471
-1084
-10361
11000
13872
-1020
3440688
7605
393
5376282
-13942
-8103
3899529
-3699
3512
1656009
3618
2986
1392688
6209
9318
6293792
-1836
-3887
2364132
-6816
-9603
4993220
8433
-2571
4199692
-4691
-2869
1133789
-5047
-8682
158176
-1069
-4191
336116
10293
4808
6424866
-14246
-1040
2460291
5521
2882
1598728
-8301
3201
4785272
-4201
8019
673273
14232
-2286
3047482
8710
20701
5439489
8818
1105
5833732
-154
7563
983277
948
15127
141338
-6371
4464
6623441
6399
-12963
6295855
2707
-4773
2692120
1986
-963
2164760
-4986
2640
745697
-2894
12508
2688164
346
-874
334339
-5571
-5088
1140981
-1407
1692
537080
-10392
12223
6947918
-7724
8471
5505732
2574
-6303
3212307
-7483
1747
5245896
9459
-1244
4273164
-6904
-2259
4337856
-4675
-2892
1132765
2122
-1176
2295809
-6214
9803
6359775
-2877
4046
2687136
-14109
6787
2461836
720
1309
1310724
-11394
-5563
4792399
-2312
5585
2232510
18970
-6454
3506707
7506
-7085
5311504
-6036
-12150
2639590
-3528
10679
1198278
-1250
7902
340211
-6275
16435
6881485
-1483
-12407
1190386
-7192
-461
4334814
-1101
-173
77052
-1685
-5940
2627559
6399
4433
6295855
3046
-3452
2555933
8572
-842
4723206
354
2933
856068
-9804
16982
7473258
5725
-6266
3491857
2703
-6830
2626843
2222
-12304
2688007
10448
11467
6557732
-557
-11734
1376468
-273
-781
5631
-11622
4377
6095435
2214
4662
3080197
14295
-6170
2523445
-4935
-9056
680422
8017
3267
4719912
-2753
-5121
2103719
-556
5315
1311444
-7487
8287
5245384
-229
-7408
267251
2095
7676
2359555
17387
8691
42783
12054
10
4396081
9375
-2007
4989187
-16796
1669
1868532
6063
-8589
2116895
-5397
2186
30719
8972
2468
5373952
-8962
1721
5308511
-2047
1025
2097632
-207
823
266736
1665
2692
2625816
3522
-13453
1132568
8943
12065
5244175
5392
10736
29696
4952
-11737
942090
-1639
2315
4063722
5449
-5726
162048
5225
-3474
681222
-10572
10692
6428762
5844
3012
2380308
-4907
10753
1328084
2385
11936
2104576
-2386
-6247
2170047
8379
8975
4719367
696
6795
1181710
8923
-12691
5505799
-9899
3299
6299488
-7219
-5063
4530389
4602
5363
1131023
-8075
-971
4850114
-9082
-10626
4923489
2391
-2154
2235649
9744
-11663
7341072
-3300
-456
1327810
-7435
-8399
5374410
9392
4979
4727812
3425
5391
1851668
-2912
-10753
2883748
699
4806
1051407
-36
5537
262902
-3123
4112
2425013
-3281
1856
1327555
-5587
-7236
1401073
-25453
2472
13182112
647
9894
1704201
-4664
-118
1198296
7687
-8736
5374257
12698
-8332
6095371
7410
7991
5309468
-2064
-476
2098364
-791
1196
1181150
12205
514
4262973
4005
11562
281404
-13429
8567
2785689
-488
7215
1442034
12138
1389
4785711
532
-17795
1050112
-4503
-2164
1721846
15542
-962
761955
10322
-16197
6360096
784
2753
1049600
4635
-6171
1327875
9172
1078
4465172
-4870
8989
1131231
-4530
2613
1133811
10946
4765
4274232
3720
1321
675896
9882
-8069
7148059
-10213
5691
6554467
4198
-8942
999429
-9397
4066
4858217
13188
475
2654776
8005
5310
4719400
-14480
-15275
2655372
2674
-10974
3736596
8751
-10890
5505283
-1412
6346
1581814
4429
-3042
89089
-1327
-3254
274932
1468
1335
1059342
-5581
-7159
1401072
5211
9937
289539
3535
-13292
1327383
-6349
-11102
6623440
2668
-3142
3671574
3661
3285
1133617
14761
-11320
3313006
-7972
-12346
4461254
8766
-298
5310471
10011
-1295
6558483
3792
4410
282676
-11105
-6433
4989251
-12011
780
4200256
2482
11850
3214348
-8458
7944
4395131
4818
-11893
1392644
322
-2672
71680
-418
-1568
1378547
436
-4108
1181706
4232
1366
671744
15154
-2292
372848
-4533
9495
1198577
2488
-2716
3278862
-21836
6665
194810
8130
-27
4261944
-9164
-1912
4335714
20348
-730
573998
-11541
268
5244751
-7446
2926
5310159
771
2375
1114112
2746
-7456
2169375
4422
-1396
219137
4433
-11406
23808
-6318
-6952
6882504
-779
2164
1180122
10853
7045
6038324
7785
950
5899574
12838
11857
5701633
2225
1813
2622724
2595
529
3473424
-11497
-11193
5375297
18436
12840
2130432
5860
-1375
2380316
3684
2155
1851956
-7950
-568
4265164
186
-9083
590343
42
-5974
328195
5473
8436
815364
3881
8506
414002
542
-3167
1376259
-8410
-7430
4657265
9854
8732
7929879
-6181
-8312
6554583
-9248
-6577
4464764
15485
3784
630885
-82
-9295
68863
-12269
-4656
4260928
-5211
2821
289788
-7355
9786
4727752
-486
-4558
1377011
-6196
3003
6424792
-6205
7479
6359256
1727
-999
2103583
-1991
11246
2230758
4766
-6251
1916939
11085
50
4793385
9191
12772
4595997
-6122
5233
2311393
-11847
6962
5376334
5526
14491
1795081
-7863
8815
4331968
-1008
-768
9440
-1803
-3536
2232810
-1976
-4341
2230496
12420
3704
4719104
-5027
4648
354529
-9052
3699
4989540
6098
6138
2441236
10236
-7111
6291998
-4902
5174
1393367
14095
-15162
2135347
-5424
7416
291060
3528
10353
1198104
-319
13656
6648
2480
-3660
3148812
6226
-16979
6360096
-6413
-9838
6362332
-4946
4602
615655
13729
12090
3442988
-8312
4824
4849784
-1418
12979
1777907
-4014
3832
85184
-790
-7141
1115871
-7469
9537
5570756
7092
5912
4335674
-4342
-2104
217329
3760
-1875
23612
2402
-2915
2953220
-7589
16206
5508035
947
17273
76828
-4837
116
1328083
751
-255
1049871
643
-7682
1638408
7513
-4376
5638418
-3330
8469
1130703
8763
18504
5245703
-10679
399
7473488
-6981
2621
4727751
7851
-6478
4202303
-371
11626
595193
407
2982
1705225
-12963
-2973
5572689
-883
6647
599265
-11063
-1355
4858176
-5099
7783
26592
-7824
-12885
4723908
-4831
-1204
1327568
-1089
-2784
10751
-25673
4285
12724667
8311
-9171
4849923
-8192
6896
4194496
-7219
-6855
4530389
531
11960
1115136
12778
1668
5309967
7941
-3159
4199216
3295
1337
1327383
-6783
-2451
5775816
-9403
128
4727656
-1942
-2395
2688743
4555
8109
1198345
-3640
8768
1198280
-4857
3308
1196497
-5817
-4077
2251233
-4410
17387
219385
1503
2937
1319175
-524
-12856
1179866
-6715
-444
5254088
3055
-7536
2098463
11662
-7275
5833755
-7878
-4222
4266695
-878
-10837
599264
10226
4859
6358044
-4230
10808
606959
-3906
18263
606407
9939
7528
6623252
-2377
6166
2234811
8810
-3019
5834247
4595
10330
1131532
-1491
-662
1384689
1640
3669
3802134
-11278
-5641
4269148
-6794
-414
4927683
-3984
11476
541892
10336
38
7077924
3024
-2117
2359316
-2926
10273
2688160
-2681
-2309
3801513
-11435
2326
4728648
-15135
-4081
307596
1743
-9032
2363671
19712
-18169
1097744
-2131
-2506
2165949
-621
-8977
1639640
15739
9384
1606487
6375
-7515
6689069
-6018
-2988
2703591
-5867
6023
2119648
18225
9079
2396432
-6858
188
4405443
10782
-5846
5578803
6150
-2406
6488097
7629
-2155
5570581
2298
-8751
2167311
-10295
-2914
6424920
2440
7176
3801096
7695
-8665
5244211
5504
-5635
1597448
-6617
-4724
7733713
-3746
-955
350403
15384
4867
434274
7249
-7233
4205856
-4779
11338
1069008
5601
-397
1335564
13170
-11287
2720812
2845
-10723
2428945
-13380
3586
2132638
-4995
13813
614629
-3478
10242
1656519
1822
2146
2428947
7593
-8905
5377310
-256
-10901
4336
-826
-12348
729313
322
6349
71680
-7117
-1105
4530368
-59
6347
3064
-1628
17567
3410668
14506
14253
2721383
-9672
-12729
5384310
4404
2721
153602
2325
1985
2103040
-2977
6508
2361763
-7
-8523
131582
8349
948
5046273
7189
-19834
4204320
-4311
229
414194
407
50
1705225
755
3199
1115148
-15406
1869
368788
3405
9441
1133585
13877
-1800
3311922
-9392
-3837
4727912
16724
-13286
40448
11998
8490
4526135
-13431
-10486
2785688
-1342
7640
80120
9081
4557
4858126
-305
11166
266743
-14527
82
2654600
-4730
-6926
1786073
6941
-3815
4534321
-13259
7633
2263426
11266
10269
4268064
3266
31932
2686976
-4567
11506
1458674
-8200
4283
4325502
3873
5899
282928
188
-13161
524806
-8362
-4956
4916329
15752
5915
1736792
-383
6413
528888
-7508
-7395
5246670
2673
11530
3671316
-13224
-9267
2525314
-3794
-19068
348355
-1515
-17095
1058800
-17
-584
1535
-9
12275
131579
-10929
-2524
4209987
8917
4821
5505796
425
3294
1182990
1055
7545
270595
-5913
-2521
2511341
1846
-7538
2818059
6500
-2088
7082532
-3411
-4549
1133773
-9544
1427
4339838
5177
22728
157958
-5866
-3486
2315489
717
4019
1376261
1395
1091
603140
-2801
3795
2102691
-1314
-811
340215
-16295
-5030
428418
95
1693
264451
1194
1060
599559
-3938
-13656
868547
-4448
3579
284924
11141
7265
4727608
10565
5288
6298400
-11549
-17366
5570636
-18446
-14553
2196668
-11696
3577
5246016
15566
-1016
1409111
-8786
5902
5311583
936
13399
142366
-2039
-3037
2228704
-6354
728
6623443
-10616
4998
6951000
-6369
-13874
6558163
21265
11117
1099008
3637
5312
1198386
7600
5115
5245980
-4639
4993
1327580
4176
3851
19456
-4613
9316
1065951
15033
-5970
178558
4500
-998
1590792
-2434
-656
3735735
-798
-4202
1376476
-1295
60
13820
-11666
2782
5833799
-7583
9714
6029764
2141
-2235
2426881
9405
3979
4792325
4877
937
1131521
18374
16795
2328601
-527
-5138
1050076
7121
-1938
4464948
-7106
10647
4270279
14255
7288
2133311
10222
303
6358047
-11096
9077
4858950
2168
-6449
2752518
8039
-13446
5112109
-601
10842
1444317
-3350
-11012
1132239
-1456
-9435
1060080
10841
434
5646642
-9459
8021
4273265
1251
-4171
339980
8345
-3903
5112066
-8266
10191
4393083
11222
-12354
4661301
-12271
3290
4195648
8623
309
5246223
6871
6630
4600117
-884
-8653
663776
518
-8376
1245185
9239
11798
4334849
4384
-15733
282624
12464
6478
4719620
-686
3418
1117392
2350
14087
2428931
-12121
-3044
5112133
4659
-2775
1392640
2139
15458
2362115
606
-14513
1378307
12107
7863
4849961
2905
-12133
3014922
-7074
5491
4532419
9418
4741
4923393
-4203
-8619
542712
-3026
10670
2424995
-1602
2980
3213551
5400
-9332
421890
-8351
1865
4981100
146
4384
590848
-3044
-8089
2359970
7069
-13224
5054521
7080
2507
4336702
-22511
-2137
2147808
4254
-728
868355
-9470
-12832
4272240
-7329
-5340
4989387
-485
-21633
1311731
-14284
3575
2263170
286
12674
331779
2967
-20686
2753817
9681
7013
5513476
20777
5341
446722
599
-2591
1182977
-2315
6953
2232762
-2475
-1394
3149744
-11236
1742
4465218
-3923
-7556
607429
2747
5840
2104095
7451
-1571
5505811
12507
-2191
4461319
-13545
4362
2266513
-1684
-3871
2627302
-9248
17477
4464764
9258
6363
4530691
5170
1524
352256
3217
-1002
2622720
-11376
-6078
4727896
-3353
-8986
1458637
-14815
1342
3441040
-230
2257
332531
8369
3842
4719876
10215
338
6684957
10002
3945
6362128
-9599
-839
4731256
-897
5447
532967
-14388
5885
2263192
788
3373
1050112
2544
-12295
3146764
-5778
1069
2708711
14435
-8593
2981988
-2744
92
2234528
-385
-2099
1573367
-1977
3326
2230753
-4092
-4705
17088
10914
-5
4536380
21333
-15064
583432
-5066
-13297
223459
3933
-3248
868393
-4182
8828
85759
-4143
5481
279028
-3999
11036
803268
-6864
1176
4468928
-4802
-1469
1132759
4548
15380
1067528
-9610
-5005
5972083
-1927
14311
2752998
10585
1957
6691106
-11441
8987
4728139
-4097
-8663
16895
6873
-1657
4600118
-12757
2913
5505907
5715
3767
3230736
1324
4455
274946
6988
-13208
4857896
-287
-11475
266748
-4486
-3071
1655543
-8681
-1978
5375345
569
473
1181958
-6394
5535
6492369
13238
-8695
2328635
-11946
-2867
4398145
7438
-12730
5309459
-8942
10149
5309520
-10731
1970
7341904
3637
-6119
1198386
870
1572
991245
6076
-3609
2116126
8622
-8120
5311503
5209
7022
420098
12224
10180
4196408
767
-4441
1048847
5600
9989
1335308
1065
2387
401666
-13225
-2773
2264449
13297
1256
2131260
7196
534
4465186
6385
-197
6296876
232
7828
136206
-5080
-4883
418018
-6470
-840
6363871
6183
-1688
6684961
-5656
-7653
3294446
2061
-15489
2163713
8963
-4195
5308416
3720
10270
675896
-12866
-612
5310559
-76
4561
133370
-5337
3063
422385
-4380
-18389
283388
-5423
48
291316
-1413
17605
1582071
3363
20268
1392656
-1963
-11281
2101216
429
-3764
1117197
-14687
9269
2398620
-5408
-195
291068
11181
10825
4271165
141
-1745
590849
117
5011
655618
8230
1481
4653057
-6294
-8851
6883023
-424
6757
1444082
-3869
3085
348364
-5040
17010
27872
-12383
10140
4458876
8722
7137
5309440
-3237
825
2884523
-6610
539
7667923
4916
6913
679946
-3280
2256
1327296
-8998
-295
5571159
-10983
1293
4600130
-8009
-8772
4850115
1539
1144
3211280
-3757
1874
89280
-5172
5942
157944
-11872
5548
5507148
-4157
-2448
84216
-11416
-71
4858958
8051
-3755
4785196
-6635
-18503
7342032
-17600
-7702
565480
13190
-12202
2850873
-15667
-13556
1409157
-17436
3846
303868
-1262
8162
79088
-2235
-12653
2622376
13687
-7043
2789667
1671
11809
2756889
-2306
-2279
2166975
6379
-6875
6297391
16337
7545
295284
11487
-6441
5505303
-3437
-19478
1656008
-2684
877
3670696
-4145
-6098
279031
-181
-3071
655849
13075
-12264
5309440
-9995
-4976
6426986
-4910
2346
1392852
-8186
-6852
4391105
-4704
7294
1329372
6733
3617
5319729
8326
-1692
4915201
19279
-5413
2655499
-8862
10850
6094932
-2079
4460
2359740
-1845
-891
2752993
10135
13096
6948121
-11463
6013
4858190
-3391
-6757
1067464
6449
-15926
6557984
-19482
-6232
2588861
-5848
-5042
2511074
-1846
2024
2818273
-6045
12276
2965732
-954
-1905
207073
6815
-5434
4993339
-8316
-5097
4719224
-5351
-2089
422386
5508
11090
1597960
8548
-3060
4985348
-11842
4869
5310543
276
-264
5632
-559
-5473
1311188
-9017
8380
4858209
2427
67
2626311
4192
1155
802820
10968
-19917
4599862
20869
-3223
1622792
-1022
2013
73952
-3571
13476
1131713
-7052
-7529
4858050
-1979
-6061
2100192
7901
15421
4526133
4473
-3029
676102
5230
4536
615431
-11239
6739
4596034
5737
-16113
3818774
-1926
6042
2687719
10136
-5765
7208986
-5054
6359
92384
-10798
2495
5578820
-4323
-3381
348401
13312
-3395
2129952
13794
-5450
3506220
-5946
-5642
2834657
7638
-2100
5701653
-5794
6932
2447587
4885
11325
1066752
-3628
1356
1327812
11842
-8693
5310512
-9256
-4763
4595830
6313
-4304
6948134
-2338
15115
2429111
-1073
-538
270839
1683
14822
2692120
3481
-5056
1982746
-5325
-6352
356592
276
2717
5632
10111
3203
6816015
6142
-9836
2179103
3030
6780
2555925
5889
-4416
2117904
2568
-58
3276816
-10704
-3657
7602256
-8468
8513
4200062
-12502
-14793
4526707
18563
-1446
2719744
-303
4378
266740
-7937
2431
4198863
-9043
12099
4793445
-14865
5287
1090959
3140
1459
2099712
8803
8758
6094852
3700
2208
1720370
-8394
2667
4915307
-2397
8817
2431164
-8595
3571
5833845
5575
-9052
1206537
390
-3125
1769481
-279
11111
136702
10801
9945
5513520
-12582
-3850
4526711
11244
4580
4204094
14775
11481
3311979
-8828
5978
5767768
6328
7491
6946854
10830
-4261
5319731
10864
2174
5776436
7239
-2370
4335905
9601
1904
5775624
-5377
-2786
29183
-6967
2248
4858304
763
9064
1049359
-6726
10
5319375
-4225
-16870
541167
-10635
5953
7995730
19246
2895
2461715
3696
2074
1590324
3844
-3825
21040
-217
-5671
397809
7633
-4633
5505300
4645
13976
1327872
10086
12385
7274509
-9096
7115
4857958
4142
3377
344067
13210
13244
2982459
7203
7390
4530208
7113
-20958
4335928
4462
-13331
611335
9948
-1773
6558230
-11728
15975
5505088
-15662
-590
1409156
-25688
-3711
12725438
-15389
18591
368796
7974
-7597
4657201
6161
-1097
6292768
-7550
13405
5832904
-109
7901
591096
9227
-14935
4333825
5387
-4242
160001
-7862
709
4397249
21385
-8293
712984
-7563
3409
5898690
5640
5191
3293200
-3377
4279
1327559
10172
-4523
6294046
422
-3332
1509389
-5967
1643
2639332
8463
5614
4199683
-3118
3105
2425012
17280
6914
565272
3914
-9044
737321
-11632
-11543
5768264
-3740
-3360
807620
-257
-4827
4607
3086
1149
2163715
-413
7982
1900788
-6899
9032
4273345
11966
-46
4266047
-4848
5086
1066192
12991
-7111
5245199
5696
-1
3164176
2735
1196
2104607
9974
3323
6492187
-12387
5081
5046393
-1095
-4421
141822
803
-10779
1376256
7321
7396
5120290
3690
-2392
1656375
-434
-1151
1117427
-4058
2107
475329
-6746
-2809
5712077
-1076
14501
141560
1679
-4281
2626843
7705
-3101
5636402
6289
-7746
6817056
-15784
6959
1476738
1033
-3168
139520
-384
-4128
528632
-4207
-10190
542200
230
16741
462861
1979
319
2099999
-3696
-4328
1590472
856
-737
925706
-4016
3491
19648
3716
1238
545336
-10343
-572
7209306
3505
-12600
1068316
-9325
3820
4793464
5282
-9001
876548
1076
6578
141314
-9383
11059
5120362
-732
-763
1311440
-4274
2350
607467
-8289
-5312
4981115
1004
-890
9758
-2842
3212
2560173
-11791
-3095
5244236
5998
4404
2704399
-2629
-24117
3148719
6128
-13166
2114588
-44
-8310
262900
-2241
11693
2621871
-5860
5376
2380514
-9779
-9589
7667813
7228
-9897
4205094
-3201
-5659
2621871
5884
-1383
2118174
10118
2221
7012377
12507
1188
4461319
-9761
3390
7602535
-5314
6600
614639
-4935
-1520
680422
-2223
3283
2622888
-943
-6431
11744
-18289
21330
2655715
-2164
-1192
2752696
-1412
1921
1581814
-2543
20358
3147184
-8007
-12461
4850118
4218
553
606727
-17169
-7787
1082847
1155
18470
598016
6531
10358
7929896
9839
14309
7865623
8623
2545
5246223
-1408
6643
536824
-8522
-8440
4397179
8149
155
4457268
4490
4949
1785865
-13366
-1076
2328729
-1275
2625
13296
-7752
14429
5376206
-9236
-2299
4204158
2218
-6845
2688519
5214
13145
354307
8581
-10667
5767944
-12328
-4640
4587638
-11410
2281
4793423
1807
-7833
2102547
1
-4513
256
-14687
160
2398620
3235
-1813
2949124
3331
3394
1130512
7802
-4421
5833271
8366
7462
4785159
-16671
9320
299516
-4320
-6652
282864
2012
1181
2359830
-7888
1087
4460736
3906
7695
606248
826
-2083
598543
-10203
13940
6554464
1651
3565
3736596
11070
-10155
4792367
13927
15808
4096309
8387
-7639
4784128
385
-177
1573128
-6473
-4909
6429147
1165
3792
599041
-7095
-1586
4336064
13008
5333
5505028
-3438
-52
1656008
6725
-15883
5253936
5346
3399
356364
3323
3503
1065759
-5322
974
745707
587
-3382
1181953
6799
-3885
4732219
-4379
-6226
283644
-7157
16060
4334017
5086
-1878
352279
-5818
3320
2316513
-7998
2753
4784320
-17819
6633
1876980
-10031
-17224
6558052
2179
-1291
2686976
912
5451
533528
1157
1743
533248
-4822
6119
1393363
-15304
4451
174214
-4113
-3897
17919
-10261
5000
6293343
9197
-490
4269085
1704
-4859
2235422
9629
-11261
6103049
-16944
-5849
1343700
4338
-2941
87052
11996
-4292
4461110
9319
6591
5120261
735
7551
1310983
576
3499
1050624
2612
8293
3278866
4633
1775
1458434
6508
-1983
6821414
10645
1240
7866152
-2636
6719
3279018
-8941
-1113
5309520
-6920
-2207
4337870
-2740
13862
2234528
9869
10888
6886425
308
-8833
137218
3006
-4099
2164767
-2687
-5386
3670440
-226
8379
332019
3241
9166
2753798
12175
11806
4719931
-9917
19372
6363232
4919
11644
680203
9218
-4788
4268032
-7262
-12218
4532444
1287
-17532
143617
-5305
-13039
680425
-6421
-8407
6297567
563
-2578
1376256
5322
5443
745473
-4833
-7470
1327571
-2046
-26034
2162912
6836
2219
4339770
7874
-8575
4266040
-12571
-1834
4461436
-8486
17528
4526711
6909
-12219
4272189
398
2541
1639435
768
9316
1048576
3097
-10184
2490626
-2248
2114
2752686
-1455
6852
1060336
-6167
-6200
6424030
9649
21310
5254412
-380
-6556
529144
-8949
16041
5374289
-99
-7072
852217
5483
14977
554759
1122
7777
860164
-12874
-10508
5441627
10379
-3910
6947105
-1180
1498
795372
6413
7867
6362145
16540
-3657
819714
-12259
4719
4522049
8224
-5764
4456448
7202
174
4530208
5006
-12975
615451
-1583
-4441
3408356
-3842
11731
86223
-2785
-577
2363811
-4890
-8626
1523933
-13991
-10223
2529666
-172
-19810
526056
-123
3686
525304
9869
-3455
6886425
-13161
7966
2786689
-3734
9488
612039
-8112
-11146
4197568
-6565
-4601
7605203
9026
16499
4792328
5113
1868
155934
4317
3327
348165
-4882
-8903
1131743
-3369
-6404
1458629
222
3225
331783
2728
14243
2235422
-6438
-1085
6623959
-4447
6701
285180
-4119
-400
148990
5325
-1332
356357
8698
-2156
5308943
-6227
1618
6360285
9363
-1704
4793344
-9356
-5732
4857962
-2913
19614
2884003
-1287
-721
143870
1157
3426
533248
7322
6531
5055011
1315
130
339968
1402
-2491
602631
8721
-9809
5244160
-2166
-10937
2818233
10025
-10047
6689042
4828
2734
1327622
7302
5938
4923425
3201
-10615
2621696
-4639
14224
1327580
333
-3653
72705
1262
12682
78863
2514
-2615
3473412
-1955
4208
2427105
-10778
-14251
5709901
756
-664
1179658
379
2691
529159
-3716
21244
545478
20204
746
54846
-9896
-2958
6690914
7590
11578
5703709
-5750
-3309
3883241
-4958
-4942
876772
8749
5484
5570561
-4783
166
1068496
-979
15971
336097
-4812
4259
1198290
4422
4812
219137
5391
-493
29955
4076
10564
17982
-5288
-3486
942314
-4493
7143
1656052
4313
353
413958
2769
16142
2363668
-2566
-11766
3211951
3020
3021
2230296
14218
-2150
2850873
-4389
-2116
283639
-934
-4034
338659
6205
-2656
6359077
-6319
-3885
6817224
-2471
11380
3541426
-11378
10978
4793435
5858
-7385
2445340
-18139
-2642
2397152
17539
-8442
630784
-2223
2883
2622888
-16732
1693
301820
3135
7204
2099463
9874
6985
6886424
-7481
-10904
5376457
441
-2116
1181966
-2391
12937
2235838
-9875
8993
6886501
-2393
-1225
2496957
-397
-5007
1639668
-6506
12518
7017689
8411
1411
4461319
-963
-13875
76005
-13297
-4733
2131331
5417
6308
422146
-16675
6322
364789
-193
4030
524783
3330
-12666
1130512
-1104
-3369
11516
929
2405
272668
14070
-9616
2330683
-3577
-5877
1196481
-20138
-11875
253121
2189
-224
2688001
1759
5715
2363671
15010
7808
374908
6163
-774
6358048
979
-8951
335892
-4709
-10455
1852379
12337
-2780
4456704
-8910
-14001
5570640
-6794
-7796
4927683
-5396
-8687
30462
15290
-5120
109183
-5676
-6553
3424996
3778
-7911
88120
2296
16146
2232334
2653
-3
3475473
-7761
-4194
5246415
-6013
4951
2703584
8113
-4960
4197692
16754
-5237
627716
-11833
-4385
5376329
-642
1187
1638615
-20471
-4823
180672
-549
7571
1311703
15089
3289
46460
948
7525
141338
4100
-20551
16896
-17410
-1826
106751
6845
3470
4274237
-5361
4286
30195
1105
-2843
11520
-3204
5578
2622126
-2969
338
3015077
-6773
-12440
5906889
11401
-5569
4858144
-9610
2211
5972083
12858
-1626
5310983
1486
15920
1384455
9338
14031
4792839
7112
9984
4335672
1668
-6284
2626072
-18803
8887
2725049
13203
1660
2720824
4253
-5264
868353
7340
6017
4728358
-8444
2735
4199024
-5475
12555
880889
4839
-6318
1458445
-7357
6401
4792520
-7504
-8462
5246156
-3408
8666
1068236
206
2918
331783
7766
7337
5442609
-2342
3396
2429623
-1482
5312
1255667
-10740
-6833
7471184
1240
8266
405510
2601
4333
3539218
1768
-5020
2233374
12750
399
5570567
2155
2214
2623239
-11269
2206
4203359
8028
10575
4981290
-5004
-3352
680162
-11542
-7548
5310031
-8037
4436
4981699
621
-13126
1639429
7216
3981
4464672
-1770
-7341
2299105
4180
920
19968
6067
-5666
2182172
-6028
-17863
2769122
2163
12443
2688004
4642
-2287
1392640
300
-393
266754
10035
10677
6623248
-7474
10570
5570759
-1352
10005
145662
9067
8139
4728591
2895
-138
2622731
-863
-6689
795108
-3095
-6875
2229694
-2136
-6320
2231486
-3327
3746
1065408
-842
-11955
729315
9750
7898
7537681
20258
-1762
380976
-14702
-7017
2725016
7028
-1979
4857898
1154
18740
598016
1077
6110
141570
-2611
-1208
3473573
1645
-1238
3736597
6614
-9012
7798821
-3620
855
1327814
-12384
10896
4458620
-4164
-246
19198
17991
2806
3311889
-251
5390
5104
8806
641
6225925
-2700
-3028
2756770
-1242
3243
471281
2031
-19404
2098463
-1529
2510
1188337
-8093
8419
5046468
7710
7793
5570611
-130
7888
590063
-7352
-4286
4858056
-4150
5884
215289
2154
4485
2688519
4942
6752
615435
-4473
13139
676345
9933
-5038
6623253
-2421
4841
2757049
9596
-17015
4731398
651
11093
1704201
10391
-6451
6948129
-10843
-13517
5516108
8641
-2192
5245192
9526
-8109
4405251
8703
16277
5243151
-6189
15984
6619348
10933
-7997
4340026
-11758
10230
5309504
2865
1008
2363664
299
527
267011
-3022
3401
2424992
3968
-817
540728
11089
2565
4728104
-5004
-8875
680162
-7311
995
4728268
8610
-584
5572620
6626
7871
7667756
-2532
1085
3408562
2054
-7396
2293761
2593
12094
3408144
-5811
-5184
2186465
4440
-7530
415746
-603
-1873
1313756
-4877
224
1131740
8717
6219
5309441
-12458
-7954
4916329
-21084
-7326
1362652
-3435
-21865
1591240
7102
6459
4270143
4119
-7640
148737
5715
-7377
3230736
4035
-434
84024
-6177
9455
6554071
17576
-14581
697350
3084
3853
2228224
9586
2701
4797444
-3082
524
2293947
-6532
11021
7865046
-1187
-11329
860393
16642
-11006
102400
3399
2223
1198353
-7944
3294
4329678
-203
-4610
655850
-2594
4615
3473575
11949
-7284
4267069
-3431
2816
1982922
3916
-6945
671784
-130
1034
590063
2880
7082
2621448
-9603
834
5841013
3772
-7167
23102
-5888
9921
2117856
-10314
17641
6490203
7460
-10424
5505552
-4049
2722
278979
4432
-9048
23552
3149
3567
2165761
-6423
-12889
6428126
-375
6902
659960
-11485
-610
5570624
12500
-2213
4461060
-5177
-5060
158201
-5837
-7787
2445536
21721
7307
454918
11742
3671
5570583
2047
7257
2097439
314
2552
72199
-5956
-3009
2638566
-2171
-2489
2622392
1425
2416
1582344
-7222
1198
4401369
8420
3994
4461068
-13831
-7501
3309966
3308
-7235
1066526
13632
2338
2136096
2597
3072
3408656
4858
-664
1131023
-3453
6095
1654984
-3743
-4170
807364
10526
2715
6623267
1286
-4725
208897
-2867
169
2429093
413
9509
1900553
-7869
-6014
4266176
-5749
13060
3817961
10146
14407
6621212
10719
-1214
7602471
163
24044
851972
12355
2667
4261888
13373
-2875
2197541
-3520
15094
1067200
9529
-6691
4339974
-3239
-10371
3015082
15500
-6771
696416
6572
2243
7343662
1847
-21489
2752779
-5915
18773
2380780
-4916
-16086
680160
-9966
8475
6362208
-771
5558
1114333
2374
-3421
2299905
-7687
-13612
5374414
-2965
-7461
2623399
10437
-3686
6816544
8655
2580
5505287
-2850
4715
2429095
-9874
-983
6886503
7843
-8592
4528188
-3494
2603
1395395
6601
-7139
7473448
-7626
-5610
5441731
1656
-10502
3801110
-15952
2513
1084556
5180
10364
27142
8894
-789
5310479
-5813
407
2251233
2448
1390
3671048
5059
-707
92184
-1340
-7672
15096
6788
8143
4731448
859
-3853
795403
-693
-11208
1182161
-9247
-3071
4465020
8636
4344
5245454
8775
-5615
5376257
-776
-239
1179870
-10216
3033
6684770
15090
-1728
111740
-2977
2483
2361763
-13311
80
2130304
-3189
-3799
2752953
10226
-596
6358044
-9604
-7539
5775990
5463
-6881
163073
-1204
6800
663784
2311
1644
2232577
-2993
-1224
2100643
5235
-15347
615428
-11016
-5279
4337742
-3766
1650
219329
12480
10982
4718592
7849
219
4332862
4496
5470
1590280
5935
-6841
2380051
11297
-6194
4464928
-10674
7755
7408723
3774
2547
88127
5185
8486
26880
10375
1946
6947105
-14851
4520
1155213
7792
2185
5768244
8213
7758
4196096
1259
1625
14095
5252
2534
549376
-5609
-8442
1205745
-1238
-11492
340723
5418
4583
356867
4498
7132
1655816
-16608
5012
299248
1575
4910
3539217
6823
3331
4602173
3904
-3973
540712
1056
8458
270336
-10526
-637
6623324
8907
14842
5376265
3621
8120
1327920
9862
-707
7016473
-23788
14890
5277376
11887
-1779
5768503
8035
-5654
5046316
13956
-1717
2658872
-4957
-6130
876772
7458
-16266
5570576
-4526
-11792
1133808
-4025
2879
149953
7501
-12118
5311505
-334
4913
72956
8085
-13866
4720440
18954
464
3375121
1397
4955
667906
-1598
4266
3213544
-5897
-5111
2249195
-4902
-5524
1393367
3198
7951
2686983
-2838
-3997
2168495
-3977
5537
672195
-7676
12774
5243584
-3291
-3642
1328064
-4793
9343
1198545
-2287
-5987
2102704
13822
4829
3244079
1698
-3782
2431004
7600
-3386
5245980
-446
-6589
1116400
-10947
-11120
4274245
-98
-9887
852219
-12044
16464
4329546
6028
-9043
2768920
1990
2762
2295833
-4133
2707
279543
3377
-4657
1327376
-11183
-360
4205888
15946
-1762
1280113
8230
8907
4653057
-6083
-2129
2181349
946
1659
76828
-18972
1988
3441324
-5660
8657
3425004
3647
-1453
1067319
-2344
6547
2494646
7931
-3678
4199231
637
-2614
1638405
-10002
2177
6362223
-6695
-8082
5644742
4646
-984
1523713
633
3020
1704198
2123
13747
2230529
6627
-6035
7667756
306
6157
331776
-658
-12334
1639639
4686
-3304
1133571
7842
-4400
4528188
-13460
3787
2655886
-2481
-8492
3149235
-5897
-6803
2249195
2140
-6693
2361858
-282
19833
463101
8183
822
4325691
3039
4328
2359575
-13360
-3133
2392212
-12172
-14800
4849730
7653
5813
5505820
-11155
6644
4793413
-6920
2241
4337870
-20814
-3863
122108
-16943
5312
1343956
-1168
-897
533740
-5702
12667
3230447
67
-2176
67584
7991
-4076
4849963
-10354
-2900
6882395
-12625
3376
4201855
-1376
7749
276732
-8278
-8643
4263551
-91
5200
265212
-11375
5755
4728152
-3739
-4755
807876
14472
7095
2785376
-2847
-3138
2363820
11151
-2851
4728123
-2910
-1122
2949284
7704
-15
5636146
-7555
17289
5832901
-5413
-15295
291831
-1819
-9597
2364396
2588
4944
3408402
8430
6143
4264975
-9568
7754
4470908
11339
42
4335905
-9020
11654
4727392
6713
5644
5384502
-161
-12085
786923
-6601
-7789
7473619
-1853
-10427
2687200
1056
694
270336
12259
-4678
4522044
-8363
5669
4720488
-8358
2490
5046891
124
-4825
524806
2505
-6940
3279112
-41
-3202
393717
4161
-5845
18688
276
1480
5632
650
-14882
1769481
3063
9048
2228507
-1824
-6972
2363628
-6504
-5577
7213274
2529
-11772
3408140
4266
-8367
607751
-2938
-13915
2818209
-6380
8364
6297296
813
-5650
1376257
-10743
1421
7471440
6743
-5113
5385521
-13040
-10796
5243984
5908
11629
2119184
-722
104
1376467
8321
-7029
4718848
4875
2708
1196289
12401
-2641
4719876
2422
2993
2822147
333
8865
72705
-4407
-4831
154104
3869
-5645
348209
-4988
-15917
549600
3656
-3419
1198128
