8944
1080
4240476
8944
-6842
4240476
8944
-4924
4240476
8944
-9826
4240476
8944
-8360
4240476
8944
-14391
4240476
8944
-14941
4240476
8944
-3735
4240476
8944
6642
4240476
8944
-6284
4240476
8944
-11170
4240476
8944
3394
4240476
8944
-7066
4240476
8944
-6306
4240476
8944
-317
4240476
8944
21451
4240476
8944
-1018
4240476
8944
3059
4240476
8944
6252
4240476
8944
5409
4240476
8944
6217
4240476
8944
-9450
4240476
8944
-4701
4240476
8944
24316
4240476
8944
26362
4240476
8944
-427
4240476
8944
-891
4240476
8944
-9502
4240476
8944
7670
4240476
8944
8341
4240476
8944
16966
4240476
8944
6657
4240476
8944
10692
4240476
8944
-3987
4240476
8944
6845
4240476
8944
-9633
4240476
8944
3686
4240476
8944
2503
4240476
8944
-5063
4240476
8944
15718
4240476
8944
9248
4240476
8944
-5218
4240476
8944
25
4240476
8944
6140
4240476
8944
2007
4240476
8944
-10298
4240476
8944
-6693
4240476
8944
-12159
4240476
8944
1764
4240476
8944
11408
4240476
3160
486
419874
3160
6830
419874
3160
6014
419874
3160
6149
419874
3160
-3497
419874
3160
3185
419874
3160
-7485
419874
3160
7448
419874
3160
-10402
419874
3160
18928
419874
3160
-1643
419874
3160
9734
419874
3160
2598
419874
3160
-511
419874
3160
901
419874
3160
-12542
419874
3160
-7363
419874
3160
-1277
419874
3160
525
419874
3160
3814
419874
3160
15425
419874
3160
-1302
419874
3160
-10648
419874
3160
3048
419874
3160
17736
419874
3160
-8963
419874
3160
-411
419874
3160
-8918
419874
3160
7831
419874
3160
-854
419874
3160
4274
419874
3160
6295
419874
3160
3149
419874
3160
17195
419874
3160
5045
419874
3160
11976
419874
3160
4061
419874
3160
-6708
419874
3160
874
419874
3160
23544
419874
3160
7432
419874
3160
-1328
419874
3160
-1254
419874
3160
-12572
419874
3160
-1937
419874
3160
-1951
419874
3160
-8715
419874
3160
-5757
419874
3160
5899
419874
3160
-7878
419874
-3704
-1795
1721546
-3704
-1039
1721546
-3704
-9245
1721546
-3704
1195
1721546
-3704
-1842
1721546
-3704
-14472
1721546
-3704
10179
1721546
-3704
-583
1721546
-3704
-11510
1721546
-3704
9688
1721546
-3704
-13263
1721546
-3704
-6352
1721546
-3704
5500
1721546
-3704
-13532
1721546
-3704
8991
1721546
-3704
2647
1721546
-3704
-14020
1721546
-3704
-11468
1721546
-3704
8403
1721546
-3704
-4470
1721546
-3704
-4539
1721546
-3704
-16026
1721546
-3704
-3733
1721546
-3704
-10766
1721546
-3704
14040
1721546
-3704
8322
1721546
-3704
409
1721546
-3704
-11280
1721546
-3704
472
1721546
-3704
297
1721546
-3704
15927
1721546
-3704
2157
1721546
-3704
-8171
1721546
-3704
-822
1721546
-3704
-5445
1721546
-3704
19811
1721546
-3704
-11168
1721546
-3704
17499
1721546
-3704
-5590
1721546
-3704
-5431
1721546
-3704
14349
1721546
-3704
12353
1721546
-3704
-249
1721546
-3704
-6039
1721546
-3704
-245
1721546
-3704
1597
1721546
-3704
3357
1721546
-3704
-5311
1721546
-3704
2744
1721546
-3704
-5111
1721546
-7303
-17552
4862422
-7303
2272
4862422
-7303
-9299
4862422
-7303
-2739
4862422
-7303
6875
4862422
-7303
817
4862422
-7303
14170
4862422
-7303
-3470
4862422
-7303
7545
4862422
-7303
1576
4862422
-7303
5921
4862422
-7303
-1309
4862422
-7303
-5007
4862422
-7303
267
4862422
-7303
-1481
4862422
-7303
5782
4862422
-7303
14104
4862422
-7303
-107
4862422
-7303
9181
4862422
-7303
6509
4862422
-7303
-18742
4862422
-7303
-6837
4862422
-7303
10185
4862422
-7303
13904
4862422
-7303
-11926
4862422
-7303
12576
4862422
-7303
440
4862422
-7303
-1817
4862422
-7303
-3327
4862422
-7303
-1682
4862422
-7303
828
4862422
-7303
-7622
4862422
-7303
-2008
4862422
-7303
154
4862422
-7303
-6230
4862422
-7303
-11068
4862422
-7303
606
4862422
-7303
-2949
4862422
-7303
6553
4862422
-7303
-1143
4862422
-7303
-5788
4862422
-7303
5444
4862422
-7303
1151
4862422
-7303
-3874
4862422
-7303
-10535
4862422
-7303
-9933
4862422
-7303
5938
4862422
-7303
-6422
4862422
-7303
-3756
4862422
-7303
3042
4862422
1544
12235
3277842
1544
12946
3277842
1544
-6101
3277842
1544
-155
3277842
1544
-3528
3277842
1544
4228
3277842
1544
-5179
3277842
1544
15394
3277842
1544
-5080
3277842
1544
13549
3277842
1544
5304
3277842
1544
6068
3277842
1544
-2713
3277842
1544
10888
3277842
1544
4971
3277842
1544
-3004
3277842
1544
-1863
3277842
1544
10009
3277842
1544
8069
3277842
1544
-11647
3277842
1544
-4620
3277842
1544
4199
3277842
1544
-5532
3277842
1544
-6087
3277842
1544
6279
3277842
1544
1732
3277842
1544
4109
3277842
1544
-273
3277842
1544
17613
3277842
1544
-8732
3277842
1544
-4025
3277842
1544
-5561
3277842
1544
-2357
3277842
1544
-5166
3277842
1544
-4903
3277842
1544
3252
3277842
1544
-3799
3277842
1544
8990
3277842
1544
-8971
3277842
1544
-5321
3277842
1544
2800
3277842
1544
1547
3277842
1544
1608
3277842
1544
12229
3277842
1544
-6426
3277842
1544
-962
3277842
1544
2496
3277842
1544
-19
3277842
1544
-2383
3277842
1544
-1124
3277842
7288
8574
4857894
7288
2168
4857894
7288
3424
4857894
7288
-1287
4857894
7288
2070
4857894
7288
-10305
4857894
7288
-3168
4857894
7288
-1209
4857894
7288
-1176
4857894
7288
14848
4857894
7288
8899
4857894
7288
-5543
4857894
7288
6052
4857894
7288
-2564
4857894
7288
-5046
4857894
7288
-1292
4857894
7288
1268
4857894
7288
-8422
4857894
7288
-20736
4857894
7288
-2528
4857894
7288
-472
4857894
7288
-3009
4857894
7288
13448
4857894
7288
-6360
4857894
7288
5929
4857894
7288
-14838
4857894
7288
-14019
4857894
7288
3677
4857894
7288
-3934
4857894
7288
-15769
4857894
7288
10645
4857894
7288
-13844
4857894
7288
3282
4857894
7288
11608
4857894
7288
1272
4857894
7288
2319
4857894
7288
-10123
4857894
7288
9270
4857894
7288
7751
4857894
7288
-3652
4857894
7288
-5039
4857894
7288
229
4857894
7288
-14010
4857894
7288
-4683
4857894
7288
-1152
4857894
7288
5292
4857894
7288
-7543
4857894
7288
5631
4857894
7288
661
4857894
7288
-1677
4857894
-8025
-6133
4594125
-8025
5273
4594125
-8025
-8199
4594125
-8025
-15057
4594125
-8025
310
4594125
-8025
-13753
4594125
-8025
7563
4594125
-8025
-6011
4594125
-8025
-11112
4594125
-8025
10390
4594125
-8025
12341
4594125
-8025
-3149
4594125
-8025
-2587
4594125
-8025
-10513
4594125
-8025
7084
4594125
-8025
8111
4594125
-8025
2501
4594125
-8025
-6926
4594125
-8025
-3651
4594125
-8025
-63
4594125
-8025
-7398
4594125
-8025
123
4594125
-8025
7915
4594125
-8025
5122
4594125
-8025
-7012
4594125
-8025
81
4594125
-8025
5053
4594125
-8025
-3294
4594125
-8025
-872
4594125
-8025
-16482
4594125
-8025
766
4594125
-8025
-3007
4594125
-8025
-9693
4594125
-8025
8331
4594125
-8025
970
4594125
-8025
14894
4594125
-8025
-14630
4594125
-8025
-16102
4594125
-8025
6434
4594125
-8025
-8119
4594125
-8025
6549
4594125
-8025
2355
4594125
-8025
-2155
4594125
-8025
-888
4594125
-8025
-5144
4594125
-8025
4290
4594125
-8025
-18659
4594125
-8025
-2385
4594125
-8025
-281
4594125
-8025
6796
4594125
2689
18126
553272
2689
3180
553272
2689
-21765
553272
2689
7425
553272
2689
10985
553272
2689
13029
553272
2689
-546
553272
2689
-16328
553272
2689
6821
553272
2689
5278
553272
2689
-5118
553272
2689
8531
553272
2689
2657
553272
2689
16962
553272
2689
-284
553272
2689
2662
553272
2689
-2810
553272
2689
-5345
553272
2689
-8858
553272
2689
5095
553272
2689
12990
553272
2689
-2636
553272
2689
6118
553272
2689
5531
553272
2689
-829
553272
2689
-7060
553272
2689
-731
553272
2689
-14801
553272
2689
-3308
553272
2689
-2797
553272
2689
-9023
553272
2689
-13285
553272
2689
20731
553272
2689
10453
553272
2689
-5275
553272
2689
-15411
553272
2689
-13448
553272
2689
1438
553272
2689
650
553272
2689
14084
553272
2689
1027
553272
2689
6682
553272
2689
4865
553272
2689
1875
553272
2689
-546
553272
2689
-5209
553272
2689
16639
553272
2689
5574
553272
2689
-706
553272
2689
-10879
553272
-4452
-2653
807674
-4452
-5326
807674
-4452
-2218
807674
-4452
2337
807674
-4452
3835
807674
-4452
-13621
807674
-4452
-4714
807674
-4452
-11194
807674
-4452
-10307
807674
-4452
-8444
807674
-4452
-2837
807674
-4452
14724
807674
-4452
-5607
807674
-4452
-16442
807674
-4452
8104
807674
-4452
16962
807674
-4452
-3484
807674
-4452
2385
807674
-4452
-5035
807674
-4452
1368
807674
-4452
2978
807674
-4452
2219
807674
-4452
5215
807674
-4452
1186
807674
-4452
10196
807674
-4452
7261
807674
-4452
-7381
807674
-4452
3016
807674
-4452
-8725
807674
-4452
1754
807674
-4452
-6083
807674
-4452
3924
807674
-4452
-4028
807674
-4452
1380
807674
-4452
-3121
807674
-4452
19808
807674
-4452
-1828
807674
-4452
3754
807674
-4452
4929
807674
-4452
-12408
807674
-4452
-8962
807674
-4452
-10554
807674
-4452
6659
807674
-4452
2350
807674
-4452
4854
807674
-4452
13271
807674
-4452
6295
807674
-4452
-8595
807674
-4452
7408
807674
-4452
-339
807674
1163
13972
538379
1163
-6671
538379
1163
12619
538379
1163
3332
538379
1163
9795
538379
1163
17591
538379
1163
-2384
538379
1163
13077
538379
1163
13116
538379
1163
8047
538379
1163
11499
538379
1163
22748
538379
1163
-5359
538379
1163
-3066
538379
1163
9463
538379
1163
18402
538379
1163
135
538379
1163
1575
538379
1163
-6795
538379
1163
-8476
538379
1163
-15332
538379
1163
-4457
538379
1163
13385
538379
1163
361
538379
1163
-8980
538379
1163
7350
538379
1163
-12228
538379
1163
2338
538379
1163
7949
538379
1163
917
538379
1163
-6310
538379
1163
-11250
538379
1163
7512
538379
1163
-2157
538379
1163
9768
538379
1163
-1298
538379
1163
11846
538379
1163
3019
538379
1163
-10081
538379
1163
8243
538379
1163
-4618
538379
1163
-6449
538379
1163
6222
538379
1163
1772
538379
1163
7290
538379
1163
7222
538379
1163
-20899
538379
1163
-10867
538379
1163
4531
538379
1163
579
538379
-4997
-4856
549863
-4997
13475
549863
-4997
5300
549863
-4997
8137
549863
-4997
-859
549863
-4997
17243
549863
-4997
2973
549863
-4997
2092
549863
-4997
8535
549863
-4997
-9760
549863
-4997
-6911
549863
-4997
7110
549863
-4997
-5724
549863
-4997
-6448
549863
-4997
15977
549863
-4997
13535
549863
-4997
621
549863
-4997
-15489
549863
-4997
2233
549863
-4997
8093
549863
-4997
14302
549863
-4997
-2623
549863
-4997
-4264
549863
-4997
13301
549863
-4997
12220
549863
-4997
4788
549863
-4997
11327
549863
-4997
156
549863
-4997
1494
549863
-4997
-2402
549863
-4997
8402
549863
-4997
4630
549863
-4997
6416
549863
-4997
7198
549863
-4997
7782
549863
-4997
-9940
549863
-4997
5790
549863
-4997
9739
549863
-4997
1589
549863
-4997
-2626
549863
-4997
9430
549863
-4997
-3396
549863
-4997
9233
549863
-4997
7052
549863
-4997
-1958
549863
-4997
17218
549863
-4997
6584
549863
-4997
-2375
549863
-4997
5199
549863
-4997
-4112
549863
-2576
1532
1074380
-2576
6963
1074380
-2576
-4196
1074380
-2576
-601
1074380
-2576
-7314
1074380
-2576
2509
1074380
-2576
-5623
1074380
-2576
-6933
1074380
-2576
-8736
1074380
-2576
875
1074380
-2576
6167
1074380
-2576
13525
1074380
-2576
8234
1074380
-2576
-14350
1074380
-2576
-4989
1074380
-2576
-15000
1074380
-2576
-12592
1074380
-2576
-8260
1074380
-2576
1447
1074380
-2576
12150
1074380
-2576
4434
1074380
-2576
-3485
1074380
-2576
3056
1074380
-2576
20718
1074380
-2576
7017
1074380
-2576
9254
1074380
-2576
-1321
1074380
-2576
-2597
1074380
-2576
5107
1074380
-2576
-1554
1074380
-2576
-2487
1074380
-2576
3173
1074380
-2576
-6226
1074380
-2576
-5970
1074380
-2576
2814
1074380
-2576
-3391
1074380
-2576
5437
1074380
-2576
3928
1074380
-2576
1863
1074380
-2576
-7592
1074380
-2576
2068
1074380
-2576
6457
1074380
-2576
-1305
1074380
-2576
-17018
1074380
-2576
-10050
1074380
-2576
-7961
1074380
-2576
6486
1074380
-2576
9627
1074380
-2576
9085
1074380
-2576
-8920
1074380
-7741
-7983
5245897
-7741
-2741
5245897
-7741
6648
5245897
-7741
2626
5245897
-7741
-1482
5245897
-7741
3923
5245897
-7741
5686
5245897
-7741
-541
5245897
-7741
15883
5245897
-7741
-7471
5245897
-7741
-9941
5245897
-7741
-7729
5245897
-7741
5127
5245897
-7741
-11389
5245897
-7741
-8155
5245897
-7741
4788
5245897
-7741
4528
5245897
-7741
-3302
5245897
-7741
1152
5245897
-7741
14517
5245897
-7741
-167
5245897
-7741
6979
5245897
-7741
-10902
5245897
-7741
-926
5245897
-7741
21059
5245897
-7741
4516
5245897
-7741
5826
5245897
-7741
1568
5245897
-7741
24907
5245897
-7741
-22150
5245897
-7741
18929
5245897
-7741
4657
5245897
-7741
-5726
5245897
-7741
8103
5245897
-7741
976
5245897
-7741
-3518
5245897
-7741
12534
5245897
-7741
308
5245897
-7741
-4119
5245897
-7741
-7258
5245897
-7741
5022
5245897
-7741
7556
5245897
-7741
-5763
5245897
-7741
-5077
5245897
-7741
13335
5245897
-7741
2217
5245897
-7741
320
5245897
-7741
-5863
5245897
-7741
1641
5245897
-7741
4742
5245897
3813
9941
283452
3813
-8438
283452
3813
13454
283452
3813
16721
283452
3813
6259
283452
3813
-4983
283452
3813
2369
283452
3813
-3108
283452
3813
-7651
283452
3813
-6934
283452
3813
-715
283452
3813
-1440
283452
3813
-1777
283452
3813
4348
283452
3813
-4853
283452
3813
-7793
283452
3813
8218
283452
3813
756
283452
3813
-6260
283452
3813
8959
283452
3813
-7439
283452
3813
1695
283452
3813
5996
283452
3813
-4737
283452
3813
6992
283452
3813
-10969
283452
3813
-5250
283452
3813
-5063
283452
3813
14070
283452
3813
-10197
283452
3813
5703
283452
3813
1976
283452
3813
9418
283452
3813
-11967
283452
3813
13963
283452
3813
-9732
283452
3813
6136
283452
3813
588
283452
3813
-4311
283452
3813
14566
283452
3813
2981
283452
3813
7356
283452
3813
-4332
283452
3813
13289
283452
3813
-5479
283452
3813
-4643
283452
3813
-17074
283452
3813
-4744
283452
3813
4721
283452
3813
6590
283452
-4081
-5962
17859
-4081
1198
17859
-4081
15295
17859
-4081
13537
17859
-4081
1076
17859
-4081
2216
17859
-4081
2843
17859
-4081
-11153
17859
-4081
1949
17859
-4081
-1107
17859
-4081
-4362
17859
-4081
6809
17859
-4081
-11758
17859
-4081
20426
17859
-4081
-2644
17859
-4081
3328
17859
-4081
2140
17859
-4081
-4635
17859
-4081
-13782
17859
-4081
2489
17859
-4081
8727
17859
-4081
14602
17859
-4081
-1689
17859
-4081
6970
17859
-4081
-1298
17859
-4081
11090
17859
-4081
4743
17859
-4081
-2848
17859
-4081
-545
17859
-4081
-5039
17859
-4081
12383
17859
-4081
8271
17859
-4081
555
17859
-4081
6676
17859
-4081
11594
17859
-4081
816
17859
-4081
6372
17859
-4081
7068
17859
-4081
-3428
17859
-4081
2081
17859
-4081
7181
17859
-4081
-2031
17859
-4081
9340
17859
-4081
-6278
17859
-4081
11379
17859
-4081
3245
17859
-4081
-2969
17859
-4081
9194
17859
-4081
2016
17859
-4081
7149
17859
4661
-4567
1077012
4661
5989
1077012
4661
-17780
1077012
4661
-6629
1077012
4661
-692
1077012
4661
-5131
1077012
4661
13107
1077012
4661
-8743
1077012
4661
-20594
1077012
4661
-12028
1077012
4661
-11193
1077012
4661
1023
1077012
4661
9825
1077012
4661
3703
1077012
4661
917
1077012
4661
6379
1077012
4661
-15664
1077012
4661
16
1077012
4661
7381
1077012
4661
19237
1077012
4661
-923
1077012
4661
-5434
1077012
4661
-10092
1077012
4661
-9582
1077012
4661
8481
1077012
4661
8086
1077012
4661
-3474
1077012
4661
-6376
1077012
4661
-7649
1077012
4661
-2271
1077012
4661
3047
1077012
4661
-8033
1077012
4661
16654
1077012
4661
3402
1077012
4661
814
1077012
4661
7782
1077012
4661
-1960
1077012
4661
5484
1077012
4661
-3311
1077012
4661
4430
1077012
4661
11394
1077012
4661
-2979
1077012
4661
-15988
1077012
4661
-7099
1077012
4661
5427
1077012
4661
-6922
1077012
4661
10125
1077012
4661
-7225
1077012
4661
-12662
1077012
4661
15371
1077012
-15406
-15729
110233
-15406
1834
110233
-15406
-997
110233
-15406
723
110233
-15406
-1583
110233
-15406
514
110233
-15406
10078
110233
-15406
6611
110233
-15406
-1507
110233
-15406
16972
110233
-15406
5032
110233
-15406
-2868
110233
-15406
1144
110233
-15406
8996
110233
-15406
7791
110233
-15406
1289
110233
-15406
-13186
110233
-15406
-8939
110233
-15406
-13761
110233
-15406
12582
110233
-15406
11972
110233
-15406
7762
110233
-15406
-4743
110233
-15406
2012
110233
-15406
5468
110233
-15406
-5154
110233
-15406
-3556
110233
-15406
-4892
110233
-15406
2700
110233
-15406
-1732
110233
-15406
-8061
110233
-15406
-6801
110233
-15406
-3946
110233
-15406
152
110233
-15406
875
110233
-15406
15576
110233
-15406
-10134
110233
-15406
-17952
110233
-15406
-11101
110233
-15406
9806
110233
-15406
-8511
110233
-15406
-1569
110233
-15406
3272
110233
-15406
-279
110233
-15406
10069
110233
-15406
-6635
110233
-15406
-2846
110233
-15406
-4319
110233
-15406
-5543
110233
-15406
5156
110233
-2543
-1714
3163600
-2543
-8548
3163600
-2543
-5265
3163600
-2543
-5175
3163600
-2543
9473
3163600
-2543
-12175
3163600
-2543
7135
3163600
-2543
6171
3163600
-2543
2927
3163600
-2543
5450
3163600
-2543
934
3163600
-2543
-17848
3163600
-2543
9898
3163600
-2543
-530
3163600
-2543
5364
3163600
-2543
13244
3163600
-2543
-2962
3163600
-2543
-461
3163600
-2543
7275
3163600
-2543
1020
3163600
-2543
1965
3163600
-2543
4299
3163600
-2543
-4324
3163600
-2543
3975
3163600
-2543
10371
3163600
-2543
-11095
3163600
-2543
9227
3163600
-2543
7077
3163600
-2543
-13738
3163600
-2543
-12122
3163600
-2543
-6986
3163600
-2543
6352
3163600
-2543
-1161
3163600
-2543
13488
3163600
-2543
-7079
3163600
-2543
-4511
3163600
-2543
-8353
3163600
-2543
9737
3163600
-2543
10751
3163600
-2543
-2373
3163600
-2543
-3102
3163600
-2543
4944
3163600
-2543
-1710
3163600
-2543
3141
3163600
-2543
-18412
3163600
-2543
-2583
3163600
-2543
9574
3163600
-2543
8267
3163600
-2543
-3819
3163600
-2543
15177
3163600
4825
-12530
424218
4825
-150
424218
4825
-4998
424218
4825
-4932
424218
4825
-4559
424218
4825
4326
424218
4825
5000
424218
4825
-2665
424218
4825
-639
424218
4825
-4173
424218
4825
11554
424218
4825
7744
424218
4825
1706
424218
4825
-2061
424218
4825
-10492
424218
4825
6285
424218
4825
-7212
424218
4825
-4208
424218
4825
9411
424218
4825
-2483
424218
4825
-13427
424218
4825
-698
424218
4825
-3351
424218
4825
-2342
424218
4825
4234
424218
4825
4781
424218
4825
-13472
424218
4825
-4208
424218
4825
-10506
424218
4825
3747
424218
4825
3852
424218
4825
-11585
424218
4825
4568
424218
4825
6106
424218
4825
7741
424218
4825
-3765
424218
4825
1911
424218
4825
8328
424218
4825
-1803
424218
4825
-5928
424218
4825
4564
424218
4825
9854
424218
4825
-14294
424218
4825
14009
424218
4825
-8341
424218
4825
-9894
424218
4825
5521
424218
4825
14478
424218
4825
12837
424218
4825
-14206
424218
-11114
-14537
783497
-11114
-820
783497
-11114
5572
783497
-11114
13317
783497
-11114
-9783
783497
-11114
13847
783497
-11114
-20273
783497
-11114
-3126
783497
-11114
-14182
783497
-11114
7405
783497
-11114
1508
783497
-11114
5283
783497
-11114
3387
783497
-11114
-8923
783497
-11114
-14323
783497
-11114
-669
783497
-11114
-7495
783497
-11114
-482
783497
-11114
-2957
783497
-11114
5805
783497
-11114
10598
783497
-11114
-3602
783497
-11114
3301
783497
-11114
-3006
783497
-11114
-3
783497
-11114
-2162
783497
-11114
4911
783497
-11114
-2652
783497
-11114
-1215
783497
-11114
-18934
783497
-11114
-4696
783497
-11114
-5185
783497
-11114
1711
783497
-11114
595
783497
-11114
1779
783497
-11114
3030
783497
-11114
-2322
783497
-11114
1363
783497
-11114
6154
783497
-11114
5025
783497
-11114
-6892
783497
-11114
-1870
783497
-11114
-1634
783497
-11114
6165
783497
-11114
-13945
783497
-11114
-5674
783497
-11114
-1101
783497
-11114
3502
783497
-11114
2649
783497
-11114
-12021
783497
7785
2825
5899574
7785
4902
5899574
7785
-5241
5899574
7785
11349
5899574
7785
-16049
5899574
7785
-5181
5899574
7785
9606
5899574
7785
6130
5899574
7785
-2269
5899574
7785
13511
5899574
7785
8444
5899574
7785
-1655
5899574
7785
2826
5899574
7785
-2470
5899574
7785
-19428
5899574
7785
10969
5899574
7785
-967
5899574
7785
-13209
5899574
7785
-9115
5899574
7785
-4163
5899574
7785
-1448
5899574
7785
5433
5899574
7785
1962
5899574
7785
2179
5899574
7785
15947
5899574
7785
-2493
5899574
7785
2335
5899574
7785
-8182
5899574
7785
-716
5899574
7785
-7173
5899574
7785
-9893
5899574
7785
-1068
5899574
7785
6705
5899574
7785
-530
5899574
7785
-2354
5899574
7785
-1577
5899574
7785
11345
5899574
7785
-6348
5899574
7785
-3254
5899574
7785
-8245
5899574
7785
9385
5899574
7785
-12879
5899574
7785
-4782
5899574
7785
-1363
5899574
7785
5394
5899574
7785
-13026
5899574
7785
11482
5899574
7785
-3204
5899574
7785
-9738
5899574
7785
1611
5899574
12625
9212
56640
12625
-8277
56640
12625
6715
56640
12625
-15713
56640
12625
-2871
56640
12625
-10503
56640
12625
4607
56640
12625
777
56640
12625
-9131
56640
12625
-14093
56640
12625
-3706
56640
12625
5647
56640
12625
-4077
56640
12625
18585
56640
12625
13043
56640
12625
-5425
56640
12625
5860
56640
12625
3538
56640
12625
-1309
56640
12625
-3620
56640
12625
-4820
56640
12625
3337
56640
12625
13407
56640
12625
-2385
56640
12625
-9810
56640
12625
-6709
56640
12625
8933
56640
12625
8345
56640
12625
10671
56640
12625
598
56640
12625
-10282
56640
12625
10801
56640
12625
2512
56640
12625
3486
56640
12625
-3575
56640
12625
4346
56640
12625
-2104
56640
12625
1406
56640
12625
-1788
56640
12625
-7233
56640
12625
3804
56640
12625
-2888
56640
12625
5606
56640
12625
-6904
56640
12625
-7380
56640
12625
-1029
56640
12625
6781
56640
12625
8437
56640
12625
2943
56640
12625
10450
56640
12301
-4989
51010
12301
2034
51010
12301
-7043
51010
12301
-517
51010
12301
17378
51010
12301
6878
51010
12301
-9495
51010
12301
6006
51010
12301
320
51010
12301
-2815
51010
12301
6356
51010
12301
-5627
51010
12301
4758
51010
12301
2193
51010
12301
-2578
51010
12301
-4332
51010
12301
-6937
51010
12301
-9055
51010
12301
5172
51010
12301
-2000
51010
12301
-6348
51010
12301
-6629
51010
12301
6171
51010
12301
4163
51010
12301
-822
51010
12301
1181
51010
12301
8319
51010
12301
13087
51010
12301
10160
51010
12301
16047
51010
12301
7484
51010
12301
3767
51010
12301
-13595
51010
12301
-8507
51010
12301
-2966
51010
12301
-16903
51010
12301
516
51010
12301
-8155
51010
12301
434
51010
12301
3513
51010
12301
79
51010
12301
-12477
51010
12301
-12994
51010
12301
6168
51010
12301
-1988
51010
12301
3275
51010
12301
-3151
51010
12301
6295
51010
12301
6511
51010
12301
-6446
51010
3569
-3746
1074476
3569
1417
1074476
3569
-18586
1074476
3569
5910
1074476
3569
-2549
1074476
3569
1999
1074476
3569
-220
1074476
3569
4821
1074476
3569
-1076
1074476
3569
4899
1074476
3569
774
1074476
3569
-379
1074476
3569
3646
1074476
3569
-4495
1074476
3569
-2115
1074476
3569
-499
1074476
3569
7604
1074476
3569
-6057
1074476
3569
-8349
1074476
3569
642
1074476
3569
-12173
1074476
3569
245
1074476
3569
-7831
1074476
3569
-7582
1074476
3569
4286
1074476
3569
-2648
1074476
3569
6209
1074476
3569
520
1074476
3569
1515
1074476
3569
4838
1074476
3569
-10608
1074476
3569
4560
1074476
3569
1997
1074476
3569
-12179
1074476
3569
2455
1074476
3569
-5455
1074476
3569
-8008
1074476
3569
-5443
1074476
3569
92
1074476
3569
8509
1074476
3569
-5806
1074476
3569
12447
1074476
3569
-7362
1074476
3569
10177
1074476
3569
-9363
1074476
3569
8706
1074476
3569
-3939
1074476
3569
1901
1074476
3569
371
1074476
3569
-6118
1074476
2118
10161
2312225
2118
210
2312225
2118
5224
2312225
2118
1778
2312225
2118
15878
2312225
2118
-4
2312225
2118
-4730
2312225
2118
13450
2312225
2118
-4918
2312225
2118
9909
2312225
2118
17174
2312225
2118
-9204
2312225
2118
6184
2312225
2118
-3785
2312225
2118
11477
2312225
2118
-11043
2312225
2118
-4007
2312225
2118
-6937
2312225
2118
-8696
2312225
2118
3865
2312225
2118
-4019
2312225
2118
-7202
2312225
2118
-12366
2312225
2118
6265
2312225
2118
86
2312225
2118
2825
2312225
2118
9394
2312225
2118
-10308
2312225
2118
-6474
2312225
2118
8746
2312225
2118
9269
2312225
2118
9862
2312225
2118
7094
2312225
2118
-5099
2312225
2118
-1219
2312225
2118
-21313
2312225
2118
3782
2312225
2118
199
2312225
2118
-4129
2312225
2118
-9516
2312225
2118
-9411
2312225
2118
-24433
2312225
2118
1609
2312225
2118
-7210
2312225
2118
-8526
2312225
2118
16719
2312225
2118
-8497
2312225
2118
8108
2312225
2118
-9415
2312225
2118
-5970
2312225
-5079
-4242
159206
-5079
9718
159206
-5079
-3352
159206
-5079
-2813
159206
-5079
-4414
159206
-5079
-7478
159206
-5079
-4131
159206
-5079
3864
159206
-5079
-3004
159206
-5079
7411
159206
-5079
-6168
159206
-5079
2101
159206
-5079
-9343
159206
-5079
-10704
159206
-5079
-6333
159206
-5079
5364
159206
-5079
-2150
159206
-5079
11913
159206
-5079
-7428
159206
-5079
3226
159206
-5079
904
159206
-5079
-494
159206
-5079
3625
159206
-5079
5292
159206
-5079
7496
159206
-5079
11047
159206
-5079
5728
159206
-5079
923
159206
-5079
-1977
159206
-5079
9331
159206
-5079
-1761
159206
-5079
-15221
159206
-5079
4272
159206
-5079
-9208
159206
-5079
1073
159206
-5079
12208
159206
-5079
5414
159206
-5079
6217
159206
-5079
22367
159206
-5079
11742
159206
-5079
40
159206
-5079
-4687
159206
-5079
6808
159206
-5079
-3793
159206
-5079
-3721
159206
-5079
10998
159206
-5079
-4087
159206
-5079
-6728
159206
-5079
5446
159206
-5079
-7802
159206
-17759
10765
309756
-17759
9541
309756
-17759
-9265
309756
-17759
6644
309756
-17759
-12554
309756
-17759
17511
309756
-17759
11039
309756
-17759
-9984
309756
-17759
11514
309756
-17759
-1029
309756
-17759
110
309756
-17759
10007
309756
-17759
3369
309756
-17759
-6999
309756
-17759
9858
309756
-17759
-10905
309756
-17759
7714
309756
-17759
-10405
309756
-17759
-999
309756
-17759
12798
309756
-17759
4390
309756
-17759
5553
309756
-17759
-3161
309756
-17759
8275
309756
-17759
-4979
309756
-17759
696
309756
-17759
-249
309756
-17759
-6301
309756
-17759
-1670
309756
-17759
4144
309756
-17759
8070
309756
-17759
672
309756
-17759
-3551
309756
-17759
5817
309756
-17759
3836
309756
-17759
-6591
309756
-17759
-13319
309756
-17759
4709
309756
-17759
5703
309756
-17759
-10222
309756
-17759
-12032
309756
-17759
-330
309756
-17759
-1181
309756
-17759
-471
309756
-17759
3298
309756
-17759
-13121
309756
-17759
1560
309756
-17759
-4148
309756
-17759
519
309756
-17759
-883
309756
-7509
11309
4210655
-7509
-10236
4210655
-7509
2959
4210655
-7509
592
4210655
-7509
11906
4210655
-7509
4372
4210655
-7509
-13409
4210655
-7509
7409
4210655
-7509
-14224
4210655
-7509
16003
4210655
-7509
-5161
4210655
-7509
-15313
4210655
-7509
3066
4210655
-7509
-227
4210655
-7509
-3651
4210655
-7509
10100
4210655
-7509
9784
4210655
-7509
-8972
4210655
-7509
12805
4210655
-7509
-8190
4210655
-7509
936
4210655
-7509
-11531
4210655
-7509
-4430
4210655
-7509
1387
4210655
-7509
130
4210655
-7509
-2499
4210655
-7509
-3258
4210655
-7509
-5750
4210655
-7509
-2792
4210655
-7509
-3165
4210655
-7509
-8018
4210655
-7509
-11070
4210655
-7509
-1896
4210655
-7509
4510
4210655
-7509
8004
4210655
-7509
-1755
4210655
-7509
-7920
4210655
-7509
12287
4210655
-7509
-4390
4210655
-7509
-10544
4210655
-7509
1875
4210655
-7509
-4031
4210655
-7509
13962
4210655
-7509
4289
4210655
-7509
-2914
4210655
-7509
-4218
4210655
-7509
2702
4210655
-7509
5861
4210655
-7509
-16611
4210655
-7509
-12878
4210655
-9043
5733
4243374
-9043
-2016
4243374
-9043
-5171
4243374
-9043
2236
4243374
-9043
-1694
4243374
-9043
5443
4243374
-9043
1909
4243374
-9043
2290
4243374
-9043
-1939
4243374
-9043
3803
4243374
-9043
-20269
4243374
-9043
-2722
4243374
-9043
-3734
4243374
-9043
7468
4243374
-9043
-7700
4243374
-9043
6341
4243374
-9043
-2400
4243374
-9043
-17042
4243374
-9043
11254
4243374
-9043
105
4243374
-9043
170
4243374
-9043
3096
4243374
-9043
7510
4243374
-9043
-10929
4243374
-9043
-9530
4243374
-9043
3755
4243374
-9043
2384
4243374
-9043
-8857
4243374
-9043
-3675
4243374
-9043
6189
4243374
-9043
7642
4243374
-9043
-6390
4243374
-9043
3443
4243374
-9043
8303
4243374
-9043
6370
4243374
-9043
-7886
4243374
-9043
-13036
4243374
-9043
3004
4243374
-9043
-3924
4243374
-9043
2963
4243374
-9043
8735
4243374
-9043
4625
4243374
-9043
3250
4243374
-9043
11554
4243374
-9043
-10977
4243374
-9043
10095
4243374
-9043
-1102
4243374
-9043
-2658
4243374
-9043
1202
4243374
-9043
1284
4243374
-6133
-13099
2115555
-6133
2678
2115555
-6133
146
2115555
-6133
8278
2115555
-6133
10229
2115555
-6133
12629
2115555
-6133
17853
2115555
-6133
13420
2115555
-6133
12409
2115555
-6133
-3900
2115555
-6133
-14866
2115555
-6133
11627
2115555
-6133
7973
2115555
-6133
3659
2115555
-6133
-4690
2115555
-6133
-7935
2115555
-6133
-5174
2115555
-6133
4008
2115555
-6133
3110
2115555
-6133
6084
2115555
-6133
-571
2115555
-6133
-703
2115555
-6133
3197
2115555
-6133
8368
2115555
-6133
-8067
2115555
-6133
7335
2115555
-6133
-2566
2115555
-6133
-8810
2115555
-6133
138
2115555
-6133
-462
2115555
-6133
-9949
2115555
-6133
-11502
2115555
-6133
9135
2115555
-6133
-16487
2115555
-6133
2857
2115555
-6133
9550
2115555
-6133
16849
2115555
-6133
-16162
2115555
-6133
3979
2115555
-6133
-3736
2115555
-6133
3688
2115555
-6133
-6933
2115555
-6133
7780
2115555
-6133
4728
2115555
-6133
13598
2115555
-6133
-1716
2115555
-6133
8214
2115555
-6133
11480
2115555
-6133
-12879
2115555
-6133
-16478
2115555
14501
-11673
2399084
14501
-3753
2399084
14501
10394
2399084
14501
23639
2399084
14501
-14555
2399084
14501
6303
2399084
14501
7264
2399084
14501
-2898
2399084
14501
17179
2399084
14501
14860
2399084
14501
-5623
2399084
14501
-1171
2399084
14501
16174
2399084
14501
-5564
2399084
14501
-12436
2399084
14501
16713
2399084
14501
-2512
2399084
14501
3889
2399084
14501
7448
2399084
14501
3096
2399084
14501
-6393
2399084
14501
-1084
2399084
14501
1490
2399084
14501
-15769
2399084
14501
-2955
2399084
14501
-11073
2399084
14501
-3881
2399084
14501
-3846
2399084
14501
-3718
2399084
14501
-12348
2399084
14501
4381
2399084
14501
5006
2399084
14501
6110
2399084
14501
-6258
2399084
14501
-8960
2399084
14501
-3568
2399084
14501
5830
2399084
14501
-14943
2399084
14501
5892
2399084
14501
-4940
2399084
14501
381
2399084
14501
6061
2399084
14501
-18980
2399084
14501
-345
2399084
14501
-5651
2399084
14501
10335
2399084
14501
0
2399084
14501
291
2399084
14501
240
2399084
14501
8536
2399084
3080
-3695
156706
3080
949
156706
3080
1037
156706
3080
-2355
156706
3080
6337
156706
3080
-6501
156706
3080
8736
156706
3080
-2321
156706
3080
560
156706
3080
-4248
156706
3080
14938
156706
3080
-5635
156706
3080
5935
156706
3080
8712
156706
3080
2311
156706
3080
498
156706
3080
1055
156706
3080
-5611
156706
3080
-5735
156706
3080
4956
156706
3080
3550
156706
3080
3827
156706
3080
-4631
156706
3080
-9013
156706
3080
-6214
156706
3080
194
156706
3080
2358
156706
3080
-1132
156706
3080
15701
156706
3080
-2132
156706
3080
2839
156706
3080
2590
156706
3080
4729
156706
3080
14985
156706
3080
-16364
156706
3080
-13517
156706
3080
-9126
156706
3080
-3763
156706
3080
3568
156706
3080
-6064
156706
3080
-8421
156706
3080
-1805
156706
3080
300
156706
3080
-5055
156706
3080
9789
156706
3080
-3024
156706
3080
6661
156706
3080
-409
156706
3080
3922
156706
3080
990
156706
-2092
3432
2117336
-2092
4444
2117336
-2092
-16707
2117336
-2092
-6465
2117336
-2092
-1767
2117336
-2092
8423
2117336
-2092
10120
2117336
-2092
12808
2117336
-2092
-9092
2117336
-2092
2523
2117336
-2092
-2381
2117336
-2092
1183
2117336
-2092
11935
2117336
-2092
-17331
2117336
-2092
16795
2117336
-2092
11074
2117336
-2092
417
2117336
-2092
-5585
2117336
-2092
4344
2117336
-2092
9484
2117336
-2092
8699
2117336
-2092
-1339
2117336
-2092
-1382
2117336
-2092
8571
2117336
-2092
-7507
2117336
-2092
-7131
2117336
-2092
3949
2117336
-2092
7223
2117336
-2092
4628
2117336
-2092
-8007
2117336
-2092
-12781
2117336
-2092
1825
2117336
-2092
-5137
2117336
-2092
-5570
2117336
-2092
12722
2117336
-2092
6653
2117336
-2092
-837
2117336
-2092
-2298
2117336
-2092
-3562
2117336
-2092
2028
2117336
-2092
-5604
2117336
-2092
-17261
2117336
-2092
-8951
2117336
-2092
-7632
2117336
-2092
-1122
2117336
-2092
-6180
2117336
-2092
14289
2117336
-2092
5540
2117336
-2092
-7748
2117336
-2092
10191
2117336
8876
-6299
4243038
8876
12676
4243038
8876
4685
4243038
8876
-14142
4243038
8876
-5883
4243038
8876
-9125
4243038
8876
6734
4243038
8876
24642
4243038
8876
283
4243038
8876
4361
4243038
8876
9411
4243038
8876
-2801
4243038
8876
-8862
4243038
8876
9706
4243038
8876
-9949
4243038
8876
-759
4243038
8876
7614
4243038
8876
1115
4243038
8876
2951
4243038
8876
3000
4243038
8876
3313
4243038
8876
14974
4243038
8876
-4126
4243038
8876
-844
4243038
8876
2121
4243038
8876
-5190
4243038
8876
-4211
4243038
8876
-11208
4243038
8876
-122
4243038
8876
1154
4243038
8876
-2108
4243038
8876
-7667
4243038
8876
3155
4243038
8876
3474
4243038
8876
1922
4243038
8876
-6953
4243038
8876
245
4243038
8876
740
4243038
8876
1166
4243038
8876
5728
4243038
8876
6633
4243038
8876
13663
4243038
8876
-2643
4243038
8876
2132
4243038
8876
3917
4243038
8876
5556
4243038
8876
-3289
4243038
8876
-5801
4243038
8876
9727
4243038
8876
109
4243038
4139
-6341
20231
4139
6580
20231
4139
-8543
20231
4139
1332
20231
4139
6636
20231
4139
-13884
20231
4139
2296
20231
4139
-11859
20231
4139
-9406
20231
4139
-3320
20231
4139
-5248
20231
4139
6356
20231
4139
5061
20231
4139
11501
20231
4139
-1493
20231
4139
280
20231
4139
-8789
20231
4139
-15357
20231
4139
13124
20231
4139
5386
20231
4139
-1020
20231
4139
-2196
20231
4139
6169
20231
4139
12826
20231
4139
-12522
20231
4139
6327
20231
4139
-2074
20231
4139
5091
20231
4139
2567
20231
4139
5978
20231
4139
-7039
20231
4139
11998
20231
4139
4907
20231
4139
2628
20231
4139
-9529
20231
4139
362
20231
4139
-8591
20231
4139
11194
20231
4139
3881
20231
4139
-266
20231
4139
11070
20231
4139
-5604
20231
4139
-817
20231
4139
-217
20231
4139
3498
20231
4139
-1368
20231
4139
2410
20231
4139
10710
20231
4139
-7642
20231
4139
3842
20231
-14061
-9294
2152353
-14061
-4157
2152353
-14061
3929
2152353
-14061
11698
2152353
-14061
8029
2152353
-14061
15805
2152353
-14061
-7184
2152353
-14061
-3744
2152353
-14061
9734
2152353
-14061
13209
2152353
-14061
-7986
2152353
-14061
8701
2152353
-14061
12943
2152353
-14061
4064
2152353
-14061
7886
2152353
-14061
5237
2152353
-14061
-243
2152353
-14061
7710
2152353
-14061
-4820
2152353
-14061
-3918
2152353
-14061
2203
2152353
-14061
-18859
2152353
-14061
4108
2152353
-14061
-4659
2152353
-14061
7965
2152353
-14061
-698
2152353
-14061
-10921
2152353
-14061
3099
2152353
-14061
5796
2152353
-14061
-2116
2152353
-14061
6675
2152353
-14061
8415
2152353
-14061
4534
2152353
-14061
15147
2152353
-14061
-5688
2152353
-14061
-1477
2152353
-14061
-2760
2152353
-14061
-3748
2152353
-14061
11930
2152353
-14061
-2861
2152353
-14061
3155
2152353
-14061
14919
2152353
-14061
-4329
2152353
-14061
3553
2152353
-14061
2540
2152353
-14061
10562
2152353
-14061
228
2152353
-14061
-9745
2152353
-14061
6811
2152353
-14061
12394
2152353
-1900
-6265
2627304
-1900
4678
2627304
-1900
-6591
2627304
-1900
85
2627304
-1900
-2658
2627304
-1900
-2487
2627304
-1900
-931
2627304
-1900
6100
2627304
-1900
1724
2627304
-1900
-3131
2627304
-1900
-3654
2627304
-1900
-3344
2627304
-1900
-7449
2627304
-1900
8531
2627304
-1900
-479
2627304
-1900
-11371
2627304
-1900
-2921
2627304
-1900
2894
2627304
-1900
386
2627304
-1900
1067
2627304
-1900
-12250
2627304
-1900
-11228
2627304
-1900
-5431
2627304
-1900
-16027
2627304
-1900
-13041
2627304
-1900
1090
2627304
-1900
-3518
2627304
-1900
8356
2627304
-1900
8676
2627304
-1900
1301
2627304
-1900
6656
2627304
-1900
6155
2627304
-1900
15156
2627304
-1900
-11970
2627304
-1900
9405
2627304
-1900
1504
2627304
-1900
-6075
2627304
-1900
849
2627304
-1900
19920
2627304
-1900
-9357
2627304
-1900
2239
2627304
-1900
6077
2627304
-1900
4264
2627304
-1900
-11232
2627304
-1900
-13395
2627304
-1900
-6282
2627304
-1900
-11348
2627304
-1900
2533
2627304
-1900
-7977
2627304
-1900
-5957
2627304
-593
-948
1060335
-593
-9001
1060335
-593
2820
1060335
-593
-5727
1060335
-593
-7651
1060335
-593
11315
1060335
-593
9950
1060335
-593
-13501
1060335
-593
6382
1060335
-593
-3183
1060335
-593
-5935
1060335
-593
-723
1060335
-593
12169
1060335
-593
-7685
1060335
-593
-2969
1060335
-593
-1159
1060335
-593
6398
1060335
-593
2614
1060335
-593
5691
1060335
-593
5465
1060335
-593
-891
1060335
-593
6603
1060335
-593
-5788
1060335
-593
4157
1060335
-593
-12363
1060335
-593
732
1060335
-593
1653
1060335
-593
-7880
1060335
-593
469
1060335
-593
-4267
1060335
-593
2186
1060335
-593
-8040
1060335
-593
-6739
1060335
-593
-2771
1060335
-593
-5455
1060335
-593
-14886
1060335
-593
2509
1060335
-593
6899
1060335
-593
-6314
1060335
-593
569
1060335
-593
5091
1060335
-593
-3632
1060335
-593
-13647
1060335
-593
10474
1060335
-593
14910
1060335
-593
6373
1060335
-593
1430
1060335
-593
-14231
1060335
-593
-4663
1060335
-593
3072
1060335
4584
-544
1197070
4584
-6315
1197070
4584
-1277
1197070
4584
-7777
1197070
4584
803
1197070
4584
-6138
1197070
4584
-5202
1197070
4584
-2578
1197070
4584
-8217
1197070
4584
-355
1197070
4584
132
1197070
4584
5543
1197070
4584
5640
1197070
4584
5926
1197070
4584
-4458
1197070
4584
-28
1197070
4584
3967
1197070
4584
571
1197070
4584
842
1197070
4584
14437
1197070
4584
-1548
1197070
4584
8990
1197070
4584
6653
1197070
4584
-3527
1197070
4584
-6399
1197070
4584
-14747
1197070
4584
-7434
1197070
4584
-10576
1197070
4584
-9029
1197070
4584
-16412
1197070
4584
-1044
1197070
4584
6448
1197070
4584
-3535
1197070
4584
11815
1197070
4584
2114
1197070
4584
4850
1197070
4584
-11283
1197070
4584
15694
1197070
4584
-7969
1197070
4584
-12194
1197070
4584
-1112
1197070
4584
-2506
1197070
4584
-8795
1197070
4584
1014
1197070
4584
12237
1197070
4584
-1617
1197070
4584
6597
1197070
4584
8137
1197070
4584
10054
1197070
4584
12133
1197070
-4153
-4060
150009
-4153
-837
150009
-4153
-8883
150009
-4153
-5169
150009
-4153
2950
150009
-4153
-2422
150009
-4153
1018
150009
-4153
-13851
150009
-4153
-3947
150009
-4153
5798
150009
-4153
202
150009
-4153
8788
150009
-4153
-2035
150009
-4153
14070
150009
-4153
-7710
150009
-4153
-7726
150009
-4153
3071
150009
-4153
9516
150009
-4153
3151
150009
-4153
-8148
150009
-4153
2580
150009
-4153
9454
150009
-4153
7444
150009
-4153
398
150009
-4153
-176
150009
-4153
9356
150009
-4153
11366
150009
-4153
-2171
150009
-4153
-10645
150009
-4153
-2517
150009
-4153
5103
150009
-4153
-5761
150009
-4153
-3652
150009
-4153
-6888
150009
-4153
-1831
150009
-4153
5273
150009
-4153
-794
150009
-4153
7009
150009
-4153
-1094
150009
-4153
-4282
150009
-4153
-1798
150009
-4153
13064
150009
-4153
-20171
150009
-4153
-8431
150009
-4153
7246
150009
-4153
8956
150009
-4153
4341
150009
-4153
5180
150009
-4153
-7427
150009
-4153
209
150009
-4801
7889
31207
-4801
-1193
31207
-4801
5488
31207
-4801
-1474
31207
-4801
-10077
31207
-4801
-173
31207
-4801
7321
31207
-4801
6809
31207
-4801
-10489
31207
-4801
7235
31207
-4801
1944
31207
-4801
-4672
31207
-4801
9845
31207
-4801
-15383
31207
-4801
9126
31207
-4801
5699
31207
-4801
-11063
31207
-4801
1996
31207
-4801
4147
31207
-4801
4238
31207
-4801
16970
31207
-4801
-24414
31207
-4801
-1333
31207
-4801
-1856
31207
-4801
-14836
31207
-4801
-6799
31207
-4801
-13970
31207
-4801
-4932
31207
-4801
8777
31207
-4801
13676
31207
-4801
9779
31207
-4801
15491
31207
-4801
6218
31207
-4801
-2057
31207
-4801
5450
31207
-4801
7256
31207
-4801
-8341
31207
-4801
4736
31207
-4801
-4368
31207
-4801
9217
31207
-4801
5828
31207
-4801
15188
31207
-4801
-10076
31207
-4801
1225
31207
-4801
1661
31207
-4801
-7352
31207
-4801
-5825
31207
-4801
2012
31207
-4801
5095
31207
-4801
5699
31207
2375
3236
2251041
2375
-2887
2251041
2375
6240
2251041
2375
6040
2251041
2375
12974
2251041
2375
3002
2251041
2375
9032
2251041
2375
-1777
2251041
2375
-5602
2251041
2375
4112
2251041
2375
4553
2251041
2375
-3455
2251041
2375
-101
2251041
2375
5485
2251041
2375
11042
2251041
2375
-1114
2251041
2375
5827
2251041
2375
-11107
2251041
2375
4854
2251041
2375
-1461
2251041
2375
-2620
2251041
2375
4582
2251041
2375
8061
2251041
2375
-4419
2251041
2375
4206
2251041
2375
20177
2251041
2375
12640
2251041
2375
-846
2251041
2375
743
2251041
2375
-12005
2251041
2375
-1808
2251041
2375
-6676
2251041
2375
-9218
2251041
2375
-4038
2251041
2375
-3345
2251041
2375
4219
2251041
2375
9579
2251041
2375
-13930
2251041
2375
13037
2251041
2375
8570
2251041
2375
9871
2251041
2375
-11723
2251041
2375
-695
2251041
2375
7296
2251041
2375
108
2251041
2375
8473
2251041
2375
2127
2251041
2375
5921
2251041
2375
-1030
2251041
2375
-5151
2251041
-7466
15008
4406489
-7466
-2923
4406489
-7466
-11716
4406489
-7466
-8533
4406489
-7466
13910
4406489
-7466
7862
4406489
-7466
12154
4406489
-7466
12148
4406489
-7466
-3598
4406489
-7466
1966
4406489
-7466
-1421
4406489
-7466
-2212
4406489
-7466
-13487
4406489
-7466
10024
4406489
-7466
-10277
4406489
-7466
2451
4406489
-7466
4948
4406489
-7466
-2566
4406489
-7466
3098
4406489
-7466
-225
4406489
-7466
-4686
4406489
-7466
1939
4406489
-7466
-1838
4406489
-7466
-1830
4406489
-7466
367
4406489
-7466
5424
4406489
-7466
7963
4406489
-7466
10776
4406489
-7466
-7571
4406489
-7466
-1636
4406489
-7466
-14304
4406489
-7466
4767
4406489
-7466
4740
4406489
-7466
6635
4406489
-7466
-12688
4406489
-7466
4106
4406489
-7466
-7650
4406489
-7466
11709
4406489
-7466
-9405
4406489
-7466
-5965
4406489
-7466
7556
4406489
-7466
-7016
4406489
-7466
2642
4406489
-7466
-13567
4406489
-7466
-9215
4406489
-7466
2788
4406489
-7466
-11384
4406489
-7466
3039
4406489
-7466
-1812
4406489
-7466
1772
4406489
8748
-439
5287510
8748
-4328
5287510
8748
15293
5287510
8748
8271
5287510
8748
11249
5287510
8748
-6410
5287510
8748
12417
5287510
8748
-4833
5287510
8748
4288
5287510
8748
-15794
5287510
8748
3307
5287510
8748
-11482
5287510
8748
5088
5287510
8748
6876
5287510
8748
-5561
5287510
8748
-3647
5287510
8748
-1421
5287510
8748
723
5287510
8748
-9244
5287510
8748
4230
5287510
8748
-1589
5287510
8748
8714
5287510
8748
4796
5287510
8748
-4770
5287510
8748
589
5287510
8748
11230
5287510
8748
4094
5287510
8748
-4124
5287510
8748
-11166
5287510
8748
-3839
5287510
8748
-2551
5287510
8748
3357
5287510
8748
-43
5287510
8748
-2254
5287510
8748
-2986
5287510
8748
-5416
5287510
8748
4151
5287510
8748
1715
5287510
8748
448
5287510
8748
2820
5287510
8748
-871
5287510
8748
-10516
5287510
8748
-1569
5287510
8748
4167
5287510
8748
7686
5287510
8748
8164
5287510
8748
11024
5287510
8748
1720
5287510
8748
-573
5287510
8748
13989
5287510
5381
1893
29440
5381
18460
29440
5381
-6622
29440
5381
-4385
29440
5381
-6096
29440
5381
193
29440
5381
844
29440
5381
-16614
29440
5381
-641
29440
5381
1209
29440
5381
-13733
29440
5381
-14843
29440
5381
-9698
29440
5381
-7709
29440
5381
1658
29440
5381
-9996
29440
5381
-6781
29440
5381
-1935
29440
5381
7566
29440
5381
1530
29440
5381
-1302
29440
5381
792
29440
5381
-3704
29440
5381
2412
29440
5381
4939
29440
5381
-2327
29440
5381
1381
29440
5381
-6411
29440
5381
16405
29440
5381
-6845
29440
5381
1538
29440
5381
2619
29440
5381
6270
29440
5381
-4346
29440
5381
-2908
29440
5381
1418
29440
5381
1193
29440
5381
-11189
29440
5381
4820
29440
5381
-8952
29440
5381
-18116
29440
5381
-2053
29440
5381
-782
29440
5381
15886
29440
5381
4216
29440
5381
433
29440
5381
-7411
29440
5381
-13316
29440
5381
21211
29440
5381
-3093
29440
1768
2241
2233374
1768
-870
2233374
1768
-7187
2233374
1768
4312
2233374
1768
1929
2233374
1768
-11159
2233374
1768
20439
2233374
1768
-6223
2233374
1768
-943
2233374
1768
12167
2233374
1768
7570
2233374
1768
11543
2233374
1768
-6121
2233374
1768
-1117
2233374
1768
1455
2233374
1768
1480
2233374
1768
1000
2233374
1768
-5416
2233374
1768
2778
2233374
1768
-7287
2233374
1768
3650
2233374
1768
6502
2233374
1768
1494
2233374
1768
-1677
2233374
1768
-2069
2233374
1768
13653
2233374
1768
2895
2233374
1768
-10710
2233374
1768
-5674
2233374
1768
-9255
2233374
1768
-2487
2233374
1768
3567
2233374
1768
-7263
2233374
1768
-3538
2233374
1768
-2692
2233374
1768
-8104
2233374
1768
-8464
2233374
1768
10822
2233374
1768
15617
2233374
1768
-9679
2233374
1768
5888
2233374
1768
-6772
2233374
1768
-9272
2233374
1768
-757
2233374
1768
16584
2233374
1768
-1042
2233374
1768
2369
2233374
1768
-2799
2233374
1768
12713
2233374
1768
19456
2233374
776
807
144402
776
-17857
144402
776
7992
144402
776
-373
144402
776
-10808
144402
776
-23
144402
776
-2511
144402
776
2800
144402
776
9076
144402
776
12172
144402
776
-10149
144402
776
4074
144402
776
8236
144402
776
-636
144402
776
8156
144402
776
-11137
144402
776
-1162
144402
776
-1009
144402
776
1524
144402
776
-4979
144402
776
-12666
144402
776
1246
144402
776
-921
144402
776
-1071
144402
776
-3007
144402
776
-6031
144402
776
12500
144402
776
-2493
144402
776
2483
144402
776
7589
144402
776
6924
144402
776
-4580
144402
776
-11279
144402
776
-7101
144402
776
6857
144402
776
-3169
144402
776
-8668
144402
776
-1692
144402
776
1126
144402
776
16497
144402
776
-4312
144402
776
4654
144402
776
-11890
144402
776
8586
144402
776
-3827
144402
776
3440
144402
776
5414
144402
776
12344
144402
776
-6477
144402
776
7267
144402
5577
-4041
1207562
5577
-10116
1207562
5577
-17885
1207562
5577
-13567
1207562
5577
2973
1207562
5577
1986
1207562
5577
-11962
1207562
5577
1252
1207562
5577
17178
1207562
5577
-7119
1207562
5577
-7288
1207562
5577
-1106
1207562
5577
-638
1207562
5577
-2403
1207562
5577
7658
1207562
5577
-20512
1207562
5577
15006
1207562
5577
8089
1207562
5577
3232
1207562
5577
-9569
1207562
5577
3710
1207562
5577
7037
1207562
5577
6535
1207562
5577
-6616
1207562
5577
-5824
1207562
5577
8159
1207562
5577
-12822
1207562
5577
75
1207562
5577
16782
1207562
5577
860
1207562
5577
9484
1207562
5577
-4604
1207562
5577
976
1207562
5577
-4600
1207562
5577
3852
1207562
5577
-2496
1207562
5577
-3622
1207562
5577
2255
1207562
5577
6709
1207562
5577
-6719
1207562
5577
1448
1207562
5577
-18624
1207562
5577
-2864
1207562
5577
-17098
1207562
5577
-12492
1207562
5577
12434
1207562
5577
-13652
1207562
5577
1722
1207562
5577
-13394
1207562
5577
10578
1207562
4891
7763
291603
4891
4051
291603
4891
9260
291603
4891
-6426
291603
4891
6192
291603
4891
1940
291603
4891
-11823
291603
4891
-327
291603
4891
-11644
291603
4891
-5793
291603
4891
6745
291603
4891
-570
291603
4891
10003
291603
4891
13107
291603
4891
-14949
291603
4891
-3185
291603
4891
22555
291603
4891
-3683
291603
4891
-582
291603
4891
-7117
291603
4891
-12552
291603
4891
2151
291603
4891
-11739
291603
4891
-3774
291603
4891
12984
291603
4891
-3594
291603
4891
5507
291603
4891
5222
291603
4891
8038
291603
4891
-2241
291603
4891
-7053
291603
4891
-12387
291603
4891
808
291603
4891
-3370
291603
4891
4203
291603
4891
6589
291603
4891
-4186
291603
4891
-3619
291603
4891
-6118
291603
4891
5543
291603
4891
16337
291603
4891
7135
291603
4891
2393
291603
4891
7082
291603
4891
-598
291603
4891
580
291603
4891
3303
291603
4891
752
291603
4891
-1489
291603
4891
-13233
291603
7433
-6866
4338978
7433
938
4338978
7433
4242
4338978
7433
-349
4338978
7433
6437
4338978
7433
15097
4338978
7433
-2280
4338978
7433
-3592
4338978
7433
1499
4338978
7433
451
4338978
7433
12009
4338978
7433
14623
4338978
7433
-1465
4338978
7433
8080
4338978
7433
-10167
4338978
7433
11382
4338978
7433
-1732
4338978
7433
7387
4338978
7433
7288
4338978
7433
-1118
4338978
7433
13049
4338978
7433
3893
4338978
7433
4923
4338978
7433
-4299
4338978
7433
5427
4338978
7433
-8064
4338978
7433
3549
4338978
7433
-914
4338978
7433
-940
4338978
7433
-4934
4338978
7433
8952
4338978
7433
1558
4338978
7433
4059
4338978
7433
-7744
4338978
7433
-6478
4338978
7433
-6550
4338978
7433
-5304
4338978
7433
3140
4338978
7433
-303
4338978
7433
6183
4338978
7433
-19477
4338978
7433
11885
4338978
7433
-8682
4338978
7433
-9970
4338978
7433
-3952
4338978
7433
6452
4338978
7433
-13852
4338978
7433
-10099
4338978
7433
8478
4338978
7433
-12376
4338978
1511
-6598
1450253
1511
-9837
1450253
1511
2316
1450253
1511
2496
1450253
1511
7302
1450253
1511
5870
1450253
1511
3480
1450253
1511
-9370
1450253
1511
-6811
1450253
1511
-826
1450253
1511
3769
1450253
1511
8648
1450253
1511
-181
1450253
1511
-11766
1450253
1511
-3088
1450253
1511
-5035
1450253
1511
-7496
1450253
1511
2098
1450253
1511
21598
1450253
1511
-7302
1450253
1511
2014
1450253
1511
9371
1450253
1511
259
1450253
1511
3614
1450253
1511
1167
1450253
1511
-2880
1450253
1511
-2132
1450253
1511
-7703
1450253
1511
-6109
1450253
1511
16405
1450253
1511
-5383
1450253
1511
10322
1450253
1511
9498
1450253
1511
6578
1450253
1511
-7031
1450253
1511
-1295
1450253
1511
-3296
1450253
1511
6830
1450253
1511
6079
1450253
1511
12203
1450253
1511
12347
1450253
1511
-12723
1450253
1511
274
1450253
1511
-7919
1450253
1511
1848
1450253
1511
-9583
1450253
1511
-7767
1450253
1511
-5606
1450253
1511
2745
1450253
1511
-3778
1450253
2274
12986
2445869
2274
-7098
2445869
2274
-12115
2445869
2274
9506
2445869
2274
-15334
2445869
2274
1116
2445869
2274
-8977
2445869
2274
8972
2445869
2274
-4720
2445869
2274
1884
2445869
2274
-14343
2445869
2274
-8801
2445869
2274
4783
2445869
2274
15498
2445869
2274
320
2445869
2274
4808
2445869
2274
-8676
2445869
2274
8929
2445869
2274
-1399
2445869
2274
-6148
2445869
2274
-10393
2445869
2274
7490
2445869
2274
-12881
2445869
2274
-6830
2445869
2274
-4810
2445869
2274
-7284
2445869
2274
757
2445869
2274
-22728
2445869
2274
-5117
2445869
2274
13682
2445869
2274
-6337
2445869
2274
-48
2445869
2274
310
2445869
2274
-3054
2445869
2274
5191
2445869
2274
3489
2445869
2274
-9229
2445869
2274
4364
2445869
2274
-10868
2445869
2274
2630
2445869
2274
8708
2445869
2274
15939
2445869
2274
3273
2445869
2274
-2340
2445869
2274
7745
2445869
2274
5988
2445869
2274
-31465
2445869
2274
-3981
2445869
2274
3440
2445869
2274
3539
2445869
7299
8422
4731689
7299
-7486
4731689
7299
-3059
4731689
7299
-1960
4731689
7299
-7651
4731689
7299
-13234
4731689
7299
10919
4731689
7299
-190
4731689
7299
-15814
4731689
7299
335
4731689
7299
4224
4731689
7299
-3407
4731689
7299
-6234
4731689
7299
-15432
4731689
7299
4069
4731689
7299
-2115
4731689
7299
-7952
4731689
7299
4306
4731689
7299
-9571
4731689
7299
6574
4731689
7299
-654
4731689
7299
-653
4731689
7299
-9019
4731689
7299
2016
4731689
7299
-10066
4731689
7299
4336
4731689
7299
8535
4731689
7299
464
4731689
7299
4821
4731689
7299
2572
4731689
7299
-9036
4731689
7299
-3148
4731689
7299
-2829
4731689
7299
3495
4731689
7299
-2320
4731689
7299
-6129
4731689
7299
6379
4731689
7299
-7908
4731689
7299
-6308
4731689
7299
-3616
4731689
7299
-1815
4731689
7299
-5557
4731689
7299
5324
4731689
7299
-3248
4731689
7299
2029
4731689
7299
1021
4731689
7299
8119
4731689
7299
438
4731689
7299
12752
4731689
7299
8754
4731689
3683
-1501
1852213
3683
-10804
1852213
3683
-19383
1852213
3683
-13266
1852213
3683
11556
1852213
3683
4626
1852213
3683
1943
1852213
3683
-9372
1852213
3683
5931
1852213
3683
-2303
1852213
3683
2727
1852213
3683
13120
1852213
3683
13137
1852213
3683
-2778
1852213
3683
-6551
1852213
3683
-11531
1852213
3683
8856
1852213
3683
2940
1852213
3683
-3245
1852213
3683
-18868
1852213
3683
-11142
1852213
3683
1381
1852213
3683
10887
1852213
3683
3675
1852213
3683
12591
1852213
3683
-12674
1852213
3683
-15788
1852213
3683
681
1852213
3683
-2263
1852213
3683
-4543
1852213
3683
-13824
1852213
3683
1686
1852213
3683
631
1852213
3683
5117
1852213
3683
6339
1852213
3683
-8417
1852213
3683
-1533
1852213
3683
7987
1852213
3683
9850
1852213
3683
-2698
1852213
3683
4820
1852213
3683
-5369
1852213
3683
887
1852213
3683
3462
1852213
3683
2457
1852213
3683
9575
1852213
3683
14087
1852213
3683
6575
1852213
3683
-8315
1852213
3683
-14304
1852213
-714
7282
212197
-714
-15
212197
-714
-5846
212197
-714
19006
212197
-714
-1886
212197
-714
3324
212197
-714
9963
212197
-714
-842
212197
-714
-1719
212197
-714
6883
212197
-714
-2877
212197
-714
-6366
212197
-714
-4116
212197
-714
-16306
212197
-714
7145
212197
-714
11161
212197
-714
-418
212197
-714
3608
212197
-714
-7442
212197
-714
295
212197
-714
8462
212197
-714
11697
212197
-714
4100
212197
-714
-11477
212197
-714
12582
212197
-714
1051
212197
-714
5911
212197
-714
7823
212197
-714
-14740
212197
-714
1133
212197
-714
8503
212197
-714
7788
212197
-714
14923
212197
-714
8367
212197
-714
27
212197
-714
-16795
212197
-714
-1644
212197
-714
8075
212197
-714
6444
212197
-714
-6883
212197
-714
-9280
212197
-714
8682
212197
-714
-7646
212197
-714
17005
212197
-714
-3289
212197
-714
6503
212197
-714
-2968
212197
-714
-18942
212197
-714
5110
212197
-714
-8532
212197
3459
5776
1598249
3459
-2172
1598249
3459
3213
1598249
3459
27
1598249
3459
-9331
1598249
3459
8326
1598249
3459
2564
1598249
3459
12
1598249
3459
4878
1598249
3459
-6668
1598249
3459
11892
1598249
3459
-2499
1598249
3459
11024
1598249
3459
-6308
1598249
3459
42
1598249
3459
15535
1598249
3459
-2141
1598249
3459
-3366
1598249
3459
8071
1598249
3459
-11625
1598249
3459
1521
1598249
3459
1313
1598249
3459
3308
1598249
3459
4618
1598249
3459
-14989
1598249
3459
2830
1598249
3459
4046
1598249
3459
-14578
1598249
3459
4603
1598249
3459
-2119
1598249
3459
14243
1598249
3459
-4647
1598249
3459
2434
1598249
3459
1484
1598249
3459
-7039
1598249
3459
10623
1598249
3459
-386
1598249
3459
4744
1598249
3459
-11245
1598249
3459
-4979
1598249
3459
6169
1598249
3459
6163
1598249
3459
2853
1598249
3459
-3810
1598249
3459
1666
1598249
3459
10492
1598249
3459
2934
1598249
3459
1189
1598249
3459
-7733
1598249
3459
-4206
1598249
5678
14216
3230743
5678
-6763
3230743
5678
10493
3230743
5678
-6886
3230743
5678
1857
3230743
5678
-8357
3230743
5678
1419
3230743
5678
-11206
3230743
5678
251
3230743
5678
207
3230743
5678
-1967
3230743
5678
321
3230743
5678
-3020
3230743
5678
-168
3230743
5678
-1999
3230743
5678
-11397
3230743
5678
-4127
3230743
5678
-3264
3230743
5678
-7568
3230743
5678
12345
3230743
5678
-2962
3230743
5678
-4122
3230743
5678
11019
3230743
5678
806
3230743
5678
2859
3230743
5678
-11597
3230743
5678
17117
3230743
5678
-5207
3230743
5678
-4723
3230743
5678
-8469
3230743
5678
-7771
3230743
5678
-2336
3230743
5678
4112
3230743
5678
6308
3230743
5678
840
3230743
5678
1516
3230743
5678
9474
3230743
5678
8179
3230743
5678
5166
3230743
5678
-299
3230743
5678
5076
3230743
5678
-345
3230743
5678
1895
3230743
5678
-2004
3230743
5678
-22154
3230743
5678
-2360
3230743
5678
3859
3230743
5678
-14732
3230743
5678
7573
3230743
5678
5452
3230743
2882
9571
96817
2882
-12918
96817
2882
12331
96817
2882
5033
96817
2882
-7640
96817
2882
1427
96817
2882
1927
96817
2882
-19
96817
2882
-437
96817
2882
-9372
96817
2882
8564
96817
2882
-10691
96817
2882
-8271
96817
2882
841
96817
2882
937
96817
2882
-6088
96817
2882
11144
96817
2882
3388
96817
2882
152
96817
2882
1627
96817
2882
805
96817
2882
4974
96817
2882
-5699
96817
2882
6547
96817
2882
-1017
96817
2882
-11666
96817
2882
5634
96817
2882
-1943
96817
2882
13611
96817
2882
1641
96817
2882
2040
96817
2882
-11761
96817
2882
746
96817
2882
-517
96817
2882
7682
96817
2882
4012
96817
2882
-5447
96817
2882
4112
96817
2882
401
96817
2882
-7219
96817
2882
934
96817
2882
-11655
96817
2882
-3146
96817
2882
-9898
96817
2882
23505
96817
2882
-6143
96817
2882
5420
96817
2882
-5763
96817
2882
-8939
96817
2882
2290
96817
7143
6132
4596029
7143
8737
4596029
7143
3148
4596029
7143
-10551
4596029
7143
-14694
4596029
7143
-6073
4596029
7143
-2418
4596029
7143
3898
4596029
7143
-7527
4596029
7143
1303
4596029
7143
-3135
4596029
7143
6725
4596029
7143
3352
4596029
7143
7423
4596029
7143
-6574
4596029
7143
9910
4596029
7143
1327
4596029
7143
5443
4596029
7143
524
4596029
7143
-11898
4596029
7143
10210
4596029
7143
4098
4596029
7143
-2041
4596029
7143
-2649
4596029
7143
-3181
4596029
7143
5888
4596029
7143
10334
4596029
7143
-9762
4596029
7143
829
4596029
7143
4139
4596029
7143
3539
4596029
7143
-14968
4596029
7143
-349
4596029
7143
-2551
4596029
7143
1117
4596029
7143
12431
4596029
7143
20035
4596029
7143
8447
4596029
7143
-15123
4596029
7143
-10687
4596029
7143
9632
4596029
7143
-6651
4596029
7143
-5026
4596029
7143
-6778
4596029
7143
254
4596029
7143
7550
4596029
7143
9631
4596029
7143
-2179
4596029
7143
6219
4596029
7143
6973
4596029
-1675
-2966
2627556
-1675
8036
2627556
-1675
4266
2627556
-1675
1539
2627556
-1675
-16959
2627556
-1675
-13340
2627556
-1675
-6735
2627556
-1675
-873
2627556
-1675
-2474
2627556
-1675
8703
2627556
-1675
2572
2627556
-1675
8716
2627556
-1675
-17599
2627556
-1675
7135
2627556
-1675
899
2627556
-1675
-2655
2627556
-1675
-5006
2627556
-1675
-1296
2627556
-1675
4428
2627556
-1675
12967
2627556
-1675
11117
2627556
-1675
-6683
2627556
-1675
-10112
2627556
-1675
-4985
2627556
-1675
-2887
2627556
-1675
10083
2627556
-1675
2317
2627556
-1675
4165
2627556
-1675
-3229
2627556
-1675
-8888
2627556
-1675
7281
2627556
-1675
-8207
2627556
-1675
-1277
2627556
-1675
-14020
2627556
-1675
4257
2627556
-1675
-16268
2627556
-1675
15029
2627556
-1675
14556
2627556
-1675
3958
2627556
-1675
-11654
2627556
-1675
10282
2627556
-1675
12495
2627556
-1675
6853
2627556
-1675
-2071
2627556
-1675
-3728
2627556
-1675
1041
2627556
-1675
1088
2627556
-1675
-5919
2627556
-1675
5526
2627556
-1675
-5110
2627556
10575
-4334
2153827
10575
4044
2153827
10575
9198
2153827
10575
2636
2153827
10575
-1450
2153827
10575
-8315
2153827
10575
12001
2153827
10575
21885
2153827
10575
-1870
2153827
10575
2765
2153827
10575
-4250
2153827
10575
-5256
2153827
10575
2184
2153827
10575
8522
2153827
10575
-9133
2153827
10575
-6156
2153827
10575
-3080
2153827
10575
41
2153827
10575
-2929
2153827
10575
9386
2153827
10575
-2827
2153827
10575
-9690
2153827
10575
-11793
2153827
10575
1373
2153827
10575
5828
2153827
10575
-1040
2153827
10575
-16868
2153827
10575
-4312
2153827
10575
-3662
2153827
10575
2069
2153827
10575
16694
2153827
10575
-9298
2153827
10575
6071
2153827
10575
-3073
2153827
10575
-11684
2153827
10575
-7656
2153827
10575
-8203
2153827
10575
5951
2153827
10575
-1133
2153827
10575
40
2153827
10575
-17202
2153827
10575
-10450
2153827
10575
7779
2153827
10575
3137
2153827
10575
1558
2153827
10575
-9549
2153827
10575
4182
2153827
10575
4759
2153827
10575
-10743
2153827
10575
-17628
2153827
3712
-6952
544824
3712
-6708
544824
3712
57
544824
3712
-6128
544824
3712
-4640
544824
3712
11489
544824
3712
-1396
544824
3712
3553
544824
3712
-4132
544824
3712
1154
544824
3712
-1078
544824
3712
-7861
544824
3712
1511
544824
3712
4442
544824
3712
6149
544824
3712
1451
544824
3712
5031
544824
3712
-2075
544824
3712
13060
544824
3712
-13914
544824
3712
801
544824
3712
2169
544824
3712
-16086
544824
3712
-1945
544824
3712
13910
544824
3712
5211
544824
3712
2585
544824
3712
-3698
544824
3712
1889
544824
3712
312
544824
3712
-107
544824
3712
-13310
544824
3712
13605
544824
3712
-11634
544824
3712
-241
544824
3712
-398
544824
3712
3168
544824
3712
11639
544824
3712
3716
544824
3712
5707
544824
3712
773
544824
3712
-5602
544824
3712
-13646
544824
3712
6585
544824
3712
5033
544824
3712
5746
544824
3712
4929
544824
3712
2385
544824
3712
85
544824
3712
3168
544824
-6987
-13591
4210636
-6987
7659
4210636
-6987
-8533
4210636
-6987
7536
4210636
-6987
-3710
4210636
-6987
2646
4210636
-6987
6630
4210636
-6987
-1419
4210636
-6987
-14630
4210636
-6987
-6254
4210636
-6987
3111
4210636
-6987
-5107
4210636
-6987
-6129
4210636
-6987
-2026
4210636
-6987
6816
4210636
-6987
-6045
4210636
-6987
-268
4210636
-6987
13730
4210636
-6987
9517
4210636
-6987
1798
4210636
-6987
-11444
4210636
-6987
6111
4210636
-6987
-19479
4210636
-6987
-12852
4210636
-6987
-9893
4210636
-6987
-2993
4210636
-6987
-1566
4210636
-6987
-4120
4210636
-6987
4014
4210636
-6987
11768
4210636
-6987
1823
4210636
-6987
10839
4210636
-6987
-3391
4210636
-6987
8984
4210636
-6987
-28542
4210636
-6987
-7727
4210636
-6987
-3690
4210636
-6987
-6831
4210636
-6987
3729
4210636
-6987
-2068
4210636
-6987
5455
4210636
-6987
-4944
4210636
-6987
10346
4210636
-6987
4570
4210636
-6987
-5970
4210636
-6987
-8706
4210636
-6987
-3111
4210636
-6987
-118
4210636
-6987
-10678
4210636
-6987
-11163
4210636
-1227
-15275
16372
-1227
9410
16372
-1227
3085
16372
-1227
5937
16372
-1227
-9431
16372
-1227
-92
16372
-1227
3517
16372
-1227
-1589
16372
-1227
-16778
16372
-1227
5611
16372
-1227
-11843
16372
-1227
-8369
16372
-1227
-1688
16372
-1227
-13992
16372
-1227
7219
16372
-1227
10513
16372
-1227
-6929
16372
-1227
-7547
16372
-1227
-5466
16372
-1227
-10478
16372
-1227
17527
16372
-1227
3218
16372
-1227
-21447
16372
-1227
-8173
16372
-1227
-12180
16372
-1227
909
16372
-1227
9294
16372
-1227
-2617
16372
-1227
2687
16372
-1227
-4738
16372
-1227
1981
16372
-1227
-294
16372
-1227
7180
16372
-1227
-2698
16372
-1227
-5598
16372
-1227
-12799
16372
-1227
363
16372
-1227
-4697
16372
-1227
-15079
16372
-1227
-3008
16372
-1227
6159
16372
-1227
-12913
16372
-1227
3050
16372
-1227
7476
16372
-1227
-846
16372
-1227
19161
16372
-1227
7408
16372
-1227
2440
16372
-1227
10373
16372
-1227
5011
16372
-12016
20524
54400
-12016
12217
54400
-12016
-10456
54400
-12016
-8120
54400
-12016
2906
54400
-12016
-5700
54400
-12016
-3476
54400
-12016
-2691
54400
-12016
-7279
54400
-12016
-19107
54400
-12016
-2829
54400
-12016
-7433
54400
-12016
-83
54400
-12016
-7054
54400
-12016
-7752
54400
-12016
2284
54400
-12016
6461
54400
-12016
-15149
54400
-12016
7399
54400
-12016
655
54400
-12016
-1820
54400
-12016
-7773
54400
-12016
1718
54400
-12016
-12262
54400
-12016
-703
54400
-12016
590
54400
-12016
-1882
54400
-12016
-9445
54400
-12016
1205
54400
-12016
-1362
54400
-12016
-11598
54400
-12016
12622
54400
-12016
-6967
54400
-12016
6085
54400
-12016
-3615
54400
-12016
24700
54400
-12016
-7845
54400
-12016
9880
54400
-12016
-5668
54400
-12016
-6070
54400
-12016
3709
54400
-12016
-11391
54400
-12016
-3411
54400
-12016
-4779
54400
-12016
-5326
54400
-12016
-8610
54400
-12016
-1034
54400
-12016
-8792
54400
-12016
-308
54400
-12016
-8793
54400
2748
-671
31294
2748
-11742
31294
2748
-12406
31294
2748
-5112
31294
2748
4274
31294
2748
3267
31294
2748
5198
31294
2748
4397
31294
2748
-4112
31294
2748
-4183
31294
2748
484
31294
2748
7099
31294
2748
-3039
31294
2748
3778
31294
2748
16184
31294
2748
-11004
31294
2748
9688
31294
2748
8736
31294
2748
1584
31294
2748
2825
31294
2748
5534
31294
2748
-2726
31294
2748
-6181
31294
2748
12661
31294
2748
3737
31294
2748
5928
31294
2748
8146
31294
2748
-9007
31294
2748
-4802
31294
2748
7361
31294
2748
503
31294
2748
1054
31294
2748
-894
31294
2748
15351
31294
2748
15158
31294
2748
-1138
31294
2748
4732
31294
2748
2453
31294
2748
2400
31294
2748
-11635
31294
2748
5297
31294
2748
810
31294
2748
10156
31294
2748
-1688
31294
2748
438
31294
2748
-11294
31294
2748
2742
31294
2748
-15518
31294
2748
9759
31294
2748
7893
31294
3118
11196
93223
3118
-11730
93223
3118
7455
93223
3118
653
93223
3118
-3560
93223
3118
-6608
93223
3118
-3286
93223
3118
11613
93223
3118
2900
93223
3118
-5104
93223
3118
-1934
93223
3118
20669
93223
3118
-1784
93223
3118
1262
93223
3118
12951
93223
3118
-4856
93223
3118
-8699
93223
3118
6
93223
3118
7888
93223
3118
-491
93223
3118
7663
93223
3118
-3041
93223
3118
9677
93223
3118
-24559
93223
3118
-3853
93223
3118
10941
93223
3118
-2796
93223
3118
-462
93223
3118
6015
93223
3118
3559
93223
3118
-2045
93223
3118
-9514
93223
3118
-8864
93223
3118
-2512
93223
3118
-1677
93223
3118
3761
93223
3118
15474
93223
3118
5013
93223
3118
1017
93223
3118
6309
93223
3118
-8634
93223
3118
-5695
93223
3118
-2288
93223
3118
-6386
93223
3118
12227
93223
3118
5509
93223
3118
-15350
93223
3118
-4940
93223
3118
-54
93223
3118
2625
93223
-208
17611
7412
-208
-4026
7412
-208
-18599
7412
-208
1592
7412
-208
-2416
7412
-208
1855
7412
-208
12918
7412
-208
-4768
7412
-208
6131
7412
-208
2231
7412
-208
-8067
7412
-208
8611
7412
-208
2579
7412
-208
-8294
7412
-208
-4679
7412
-208
-7445
7412
-208
-5923
7412
-208
-901
7412
-208
5405
7412
-208
-4490
7412
-208
10014
7412
-208
-279
7412
-208
1797
7412
-208
570
7412
-208
7446
7412
-208
1684
7412
-208
-8934
7412
-208
-1942
7412
-208
-464
7412
-208
-6943
7412
-208
-18658
7412
-208
5058
7412
-208
1173
7412
-208
-12316
7412
-208
-10119
7412
-208
-699
7412
-208
-4582
7412
-208
10550
7412
-208
-2334
7412
-208
-461
7412
-208
1120
7412
-208
-5063
7412
-208
2104
7412
-208
1809
7412
-208
2728
7412
-208
-984
7412
-208
-10257
7412
-208
-7147
7412
-208
1334
7412
-208
6126
7412
735
-542
276763
735
1919
276763
735
6280
276763
735
-431
276763
735
3048
276763
735
611
276763
735
-4794
276763
735
2280
276763
735
5150
276763
735
8888
276763
735
5978
276763
735
-3679
276763
735
2365
276763
735
6209
276763
735
13229
276763
735
4220
276763
735
8642
276763
735
-712
276763
735
-4370
276763
735
-1663
276763
735
2015
276763
735
3331
276763
735
10040
276763
735
-10842
276763
735
8855
276763
735
-16466
276763
735
7697
276763
735
-980
276763
735
2434
276763
735
-1110
276763
735
-420
276763
735
14469
276763
735
10977
276763
735
-13707
276763
735
-2424
276763
735
-7246
276763
735
4987
276763
735
-7037
276763
735
1290
276763
735
-1334
276763
735
-497
276763
735
-187
276763
735
-3318
276763
735
15294
276763
735
12413
276763
735
7567
276763
735
-8439
276763
735
4869
276763
735
-948
276763
735
10122
276763
-1924
2913
2622182
-1924
3315
2622182
-1924
-8268
2622182
-1924
2608
2622182
-1924
-7808
2622182
-1924
12731
2622182
-1924
-10608
2622182
-1924
-6760
2622182
-1924
686
2622182
-1924
-17052
2622182
-1924
3860
2622182
-1924
-9562
2622182
-1924
-5240
2622182
-1924
-5216
2622182
-1924
1833
2622182
-1924
2449
2622182
-1924
-648
2622182
-1924
-5288
2622182
-1924
-13028
2622182
-1924
9322
2622182
-1924
5686
2622182
-1924
-2969
2622182
-1924
-18131
2622182
-1924
742
2622182
-1924
-6666
2622182
-1924
3591
2622182
-1924
3454
2622182
-1924
-3910
2622182
-1924
4440
2622182
-1924
-17520
2622182
-1924
-9172
2622182
-1924
8586
2622182
-1924
-1843
2622182
-1924
6052
2622182
-1924
5814
2622182
-1924
7936
2622182
-1924
1316
2622182
-1924
6213
2622182
-1924
-1526
2622182
-1924
-797
2622182
-1924
-721
2622182
-1924
-10894
2622182
-1924
5802
2622182
-1924
4628
2622182
-1924
2732
2622182
-1924
-6953
2622182
-1924
-4669
2622182
-1924
-7047
2622182
-1924
-984
2622182
-1924
-11572
2622182
-12579
9400
318394
-12579
8928
318394
-12579
5531
318394
-12579
-7268
318394
-12579
5094
318394
-12579
83
318394
-12579
-1744
318394
-12579
-13635
318394
-12579
17002
318394
-12579
3537
318394
-12579
-6057
318394
-12579
7494
318394
-12579
3900
318394
-12579
661
318394
-12579
-11758
318394
-12579
-13187
318394
-12579
17441
318394
-12579
-6198
318394
-12579
13376
318394
-12579
-9835
318394
-12579
-107
318394
-12579
-5794
318394
-12579
5773
318394
-12579
-2896
318394
-12579
7129
318394
-12579
-11311
318394
-12579
5915
318394
-12579
8479
318394
-12579
1114
318394
-12579
-15773
318394
-12579
-2176
318394
-12579
7875
318394
-12579
5968
318394
-12579
569
318394
-12579
-2917
318394
-12579
2163
318394
-12579
-9197
318394
-12579
-10219
318394
-12579
4703
318394
-12579
8065
318394
-12579
-6485
318394
-12579
-13262
318394
-12579
15814
318394
-12579
-15626
318394
-12579
6391
318394
-12579
3447
318394
-12579
18360
318394
-12579
2318
318394
-12579
-290
318394
-12579
-13102
318394
9700
-523
5546572
9700
-3651
5546572
9700
-8363
5546572
9700
-8499
5546572
9700
-6011
5546572
9700
-9223
5546572
9700
-20265
5546572
9700
8925
5546572
9700
4656
5546572
9700
1177
5546572
9700
-11371
5546572
9700
-4257
5546572
9700
7033
5546572
9700
-1201
5546572
9700
14126
5546572
9700
1808
5546572
9700
-901
5546572
9700
-3649
5546572
9700
387
5546572
9700
-9683
5546572
9700
-8858
5546572
9700
7048
5546572
9700
5866
5546572
9700
-10935
5546572
9700
3084
5546572
9700
4960
5546572
9700
-5943
5546572
9700
-13681
5546572
9700
1773
5546572
9700
-2240
5546572
9700
6842
5546572
9700
-9512
5546572
9700
-7157
5546572
9700
-9037
5546572
9700
-14721
5546572
9700
-10859
5546572
9700
205
5546572
9700
4443
5546572
9700
-3522
5546572
9700
-1752
5546572
9700
3844
5546572
9700
-8516
5546572
9700
-2569
5546572
9700
-1270
5546572
9700
-8673
5546572
9700
3555
5546572
9700
-9668
5546572
9700
5040
5546572
9700
-15109
5546572
9700
7802
5546572
458
4119
1117707
458
-8259
1117707
458
-1879
1117707
458
3500
1117707
458
-1680
1117707
458
-6563
1117707
458
-4749
1117707
458
2885
1117707
458
-9727
1117707
458
13817
1117707
458
6517
1117707
458
6819
1117707
458
5747
1117707
458
-4211
1117707
458
-3154
1117707
458
7474
1117707
458
13859
1117707
458
7426
1117707
458
-4059
1117707
458
7036
1117707
458
-4359
1117707
458
2276
1117707
458
-7350
1117707
458
-3461
1117707
458
-10666
1117707
458
-2429
1117707
458
-6984
1117707
458
7872
1117707
458
-12084
1117707
458
-2368
1117707
458
11021
1117707
458
-723
1117707
458
-8363
1117707
458
-5299
1117707
458
6552
1117707
458
11732
1117707
458
-9069
1117707
458
3396
1117707
458
-680
1117707
458
10306
1117707
458
-4273
1117707
458
3821
1117707
458
-5191
1117707
458
-2528
1117707
458
9110
1117707
458
850
1117707
458
2338
1117707
458
-5772
1117707
458
16321
1117707
458
7247
1117707
6092
-3741
2117146
6092
753
2117146
6092
12925
2117146
6092
-16856
2117146
6092
15723
2117146
6092
-7962
2117146
6092
13109
2117146
6092
-4599
2117146
6092
7230
2117146
6092
-5095
2117146
6092
-705
2117146
6092
9611
2117146
6092
4641
2117146
6092
-6440
2117146
6092
3868
2117146
6092
-7567
2117146
6092
-9198
2117146
6092
11923
2117146
6092
14435
2117146
6092
-1755
2117146
6092
-7434
2117146
6092
-5097
2117146
6092
15490
2117146
6092
4552
2117146
6092
5278
2117146
6092
2590
2117146
6092
-3209
2117146
6092
-649
2117146
6092
-13574
2117146
6092
2673
2117146
6092
-4135
2117146
6092
-338
2117146
6092
-2907
2117146
6092
-4861
2117146
6092
1677
2117146
6092
3139
2117146
6092
-24695
2117146
6092
-1232
2117146
6092
-9095
2117146
6092
-15097
2117146
6092
-6379
2117146
6092
7235
2117146
6092
10969
2117146
6092
13739
2117146
6092
-17061
2117146
6092
1192
2117146
6092
-751
2117146
6092
-12764
2117146
6092
8548
2117146
6092
-12490
2117146
-9248
22059
4497596
-9248
-3432
4497596
-9248
-3015
4497596
-9248
3175
4497596
-9248
1410
4497596
-9248
-653
4497596
-9248
4385
4497596
-9248
-7514
4497596
-9248
-4061
4497596
-9248
-19012
4497596
-9248
3904
4497596
-9248
12697
4497596
-9248
20503
4497596
-9248
-1212
4497596
-9248
1594
4497596
-9248
11480
4497596
-9248
-4583
4497596
-9248
-8808
4497596
-9248
-5286
4497596
-9248
-8137
4497596
-9248
-6554
4497596
-9248
9712
4497596
-9248
6517
4497596
-9248
5912
4497596
-9248
14891
4497596
-9248
5739
4497596
-9248
19256
4497596
-9248
-16153
4497596
-9248
3734
4497596
-9248
900
4497596
-9248
-2413
4497596
-9248
2365
4497596
-9248
4366
4497596
-9248
-588
4497596
-9248
12761
4497596
-9248
12300
4497596
-9248
708
4497596
-9248
-3889
4497596
-9248
2950
4497596
-9248
13647
4497596
-9248
11694
4497596
-9248
10041
4497596
-9248
13787
4497596
-9248
-6367
4497596
-9248
-4821
4497596
-9248
8779
4497596
-9248
-6202
4497596
-9248
3291
4497596
-9248
-13804
4497596
-9248
1699
4497596
8392
3923
4365386
8392
-5533
4365386
8392
-5657
4365386
8392
145
4365386
8392
-4243
4365386
8392
-3164
4365386
8392
4229
4365386
8392
3971
4365386
8392
7076
4365386
8392
-706
4365386
8392
94
4365386
8392
15629
4365386
8392
14387
4365386
8392
-825
4365386
8392
-4206
4365386
8392
-592
4365386
8392
5131
4365386
8392
-8926
4365386
8392
9021
4365386
8392
3881
4365386
8392
1724
4365386
8392
5438
4365386
8392
21279
4365386
8392
-1367
4365386
8392
-11729
4365386
8392
7937
4365386
8392
9154
4365386
8392
1749
4365386
8392
1871
4365386
8392
-8039
4365386
8392
2408
4365386
8392
5500
4365386
8392
-86
4365386
8392
-3130
4365386
8392
-11470
4365386
8392
2470
4365386
8392
8511
4365386
8392
-3262
4365386
8392
-8484
4365386
8392
3687
4365386
8392
8057
4365386
8392
25
4365386
8392
5740
4365386
8392
13325
4365386
8392
3064
4365386
8392
2604
4365386
8392
5491
4365386
8392
10327
4365386
8392
-18140
4365386
8392
-1738
4365386
4385
9602
284932
4385
8124
284932
4385
9716
284932
4385
3164
284932
4385
-480
284932
4385
-1242
284932
4385
4118
284932
4385
22688
284932
4385
-11784
284932
4385
359
284932
4385
-4881
284932
4385
8485
284932
4385
2655
284932
4385
8045
284932
4385
18764
284932
4385
-4389
284932
4385
-31
284932
4385
6976
284932
4385
-7742
284932
4385
-7743
284932
4385
-428
284932
4385
-5740
284932
4385
-14103
284932
4385
14701
284932
4385
11530
284932
4385
1200
284932
4385
14826
284932
4385
-2389
284932
4385
-6903
284932
4385
6767
284932
4385
215
284932
4385
-882
284932
4385
5890
284932
4385
-2684
284932
4385
-646
284932
4385
-1232
284932
4385
-2665
284932
4385
-14035
284932
4385
-9151
284932
4385
-6873
284932
4385
6061
284932
4385
-8854
284932
4385
-10247
284932
4385
8978
284932
4385
-2693
284932
4385
7005
284932
4385
-102
284932
4385
-5487
284932
4385
9485
284932
4385
-19328
284932
6554
-5661
8192555
6554
-2136
8192555
6554
-3662
8192555
6554
-7693
8192555
6554
17356
8192555
6554
5625
8192555
6554
14908
8192555
6554
-10496
8192555
6554
-2984
8192555
6554
-1182
8192555
6554
8121
8192555
6554
-347
8192555
6554
-4647
8192555
6554
2960
8192555
6554
6123
8192555
6554
1151
8192555
6554
-292
8192555
6554
-2278
8192555
6554
15222
8192555
6554
5847
8192555
6554
-1355
8192555
6554
3062
8192555
6554
-8472
8192555
6554
-10863
8192555
6554
-5595
8192555
6554
5349
8192555
6554
-8659
8192555
6554
9131
8192555
6554
410
8192555
6554
-8223
8192555
6554
15553
8192555
6554
-2793
8192555
6554
4963
8192555
6554
-18336
8192555
6554
12030
8192555
6554
-2271
8192555
6554
-2525
8192555
6554
2172
8192555
6554
2653
8192555
6554
-15722
8192555
6554
2236
8192555
6554
-7898
8192555
6554
-227
8192555
6554
7073
8192555
6554
-5993
8192555
6554
-13899
8192555
6554
-17614
8192555
6554
-3408
8192555
6554
6772
8192555
6554
8824
8192555
-3808
2463
284868
-3808
4795
284868
-3808
3390
284868
-3808
-8976
284868
-3808
-16929
284868
-3808
3545
284868
-3808
3327
284868
-3808
4122
284868
-3808
-1777
284868
-3808
-2002
284868
-3808
11006
284868
-3808
11176
284868
-3808
1043
284868
-3808
6401
284868
-3808
-5046
284868
-3808
15347
284868
-3808
6938
284868
-3808
-4710
284868
-3808
-8777
284868
-3808
1890
284868
-3808
-780
284868
-3808
2984
284868
-3808
-4140
284868
-3808
-9599
284868
-3808
-8503
284868
-3808
-10767
284868
-3808
-5043
284868
-3808
4290
284868
-3808
9570
284868
-3808
2897
284868
-3808
-12384
284868
-3808
13682
284868
-3808
8451
284868
-3808
-4161
284868
-3808
-3812
284868
-3808
6702
284868
-3808
4862
284868
-3808
803
284868
-3808
-236
284868
-3808
-7477
284868
-3808
11675
284868
-3808
743
284868
-3808
-2752
284868
-3808
-953
284868
-3808
-4344
284868
-3808
-2553
284868
-3808
-2926
284868
-3808
9222
284868
-3808
-6114
284868
-3808
-7007
284868
12100
-14085
55920
12100
-8657
55920
12100
4754
55920
12100
-11670
55920
12100
-11524
55920
12100
-5853
55920
12100
1434
55920
12100
1706
55920
12100
5641
55920
12100
6992
55920
12100
4613
55920
12100
6027
55920
12100
-970
55920
12100
-451
55920
12100
2909
55920
12100
-300
55920
12100
5754
55920
12100
-11978
55920
12100
-1873
55920
12100
9037
55920
12100
14180
55920
12100
2490
55920
12100
-11144
55920
12100
8140
55920
12100
159
55920
12100
-852
55920
12100
-171
55920
12100
247
55920
12100
4644
55920
12100
2984
55920
12100
-9865
55920
12100
-275
55920
12100
6363
55920
12100
2619
55920
12100
-7316
55920
12100
15868
55920
12100
5602
55920
12100
-3834
55920
12100
-1828
55920
12100
2588
55920
12100
-5259
55920
12100
6787
55920
12100
-7715
55920
12100
-898
55920
12100
-2637
55920
12100
-3336
55920
12100
-24855
55920
12100
6076
55920
12100
2556
55920
12100
13775
55920
-10577
-15184
2153887
-10577
9359
2153887
-10577
-11137
2153887
-10577
-7512
2153887
-10577
-254
2153887
-10577
-5354
2153887
-10577
10678
2153887
-10577
-2178
2153887
-10577
-3140
2153887
-10577
1667
2153887
-10577
-7057
2153887
-10577
2906
2153887
-10577
5082
2153887
-10577
-9737
2153887
-10577
-14350
2153887
-10577
-5933
2153887
-10577
-9222
2153887
-10577
326
2153887
-10577
3744
2153887
-10577
-3062
2153887
-10577
11717
2153887
-10577
-7926
2153887
-10577
-12988
2153887
-10577
2920
2153887
-10577
-6358
2153887
-10577
6375
2153887
-10577
-1384
2153887
-10577
5409
2153887
-10577
4815
2153887
-10577
7415
2153887
-10577
8999
2153887
-10577
-8069
2153887
-10577
6320
2153887
-10577
-1953
2153887
-10577
-8278
2153887
-10577
-7731
2153887
-10577
3883
2153887
-10577
-11118
2153887
-10577
10533
2153887
-10577
10709
2153887
-10577
-7734
2153887
-10577
12492
2153887
-10577
13699
2153887
-10577
-1097
2153887
-10577
3487
2153887
-10577
-19945
2153887
-10577
-3473
2153887
-10577
97
2153887
-10577
5248
2153887
-10577
-514
2153887
8291
5827
5014341
8291
-3965
5014341
8291
-6749
5014341
8291
9843
5014341
8291
-3872
5014341
8291
30
5014341
8291
-965
5014341
8291
4579
5014341
8291
-319
5014341
8291
-9779
5014341
8291
13561
5014341
8291
-5586
5014341
8291
-3159
5014341
8291
852
5014341
8291
896
5014341
8291
11299
5014341
8291
13577
5014341
8291
5588
5014341
8291
-3638
5014341
8291
6201
5014341
8291
-4860
5014341
8291
-4885
5014341
8291
-4156
5014341
8291
3504
5014341
8291
4093
5014341
8291
-4573
5014341
8291
5573
5014341
8291
13538
5014341
8291
-3143
5014341
8291
-3396
5014341
8291
-3778
5014341
8291
-1124
5014341
8291
-1392
5014341
8291
9579
5014341
8291
-8229
5014341
8291
3682
5014341
8291
-3976
5014341
8291
-15116
5014341
8291
-10965
5014341
8291
-1537
5014341
8291
1011
5014341
8291
-15100
5014341
8291
16895
5014341
8291
5101
5014341
8291
6291
5014341
8291
1851
5014341
8291
-8714
5014341
8291
15043
5014341
8291
8833
5014341
8291
-2738
5014341
2014
-5720
2426907
2014
11112
2426907
2014
-8100
2426907
2014
4071
2426907
2014
6237
2426907
2014
-4884
2426907
2014
-568
2426907
2014
-2127
2426907
2014
-2265
2426907
2014
-180
2426907
2014
-4356
2426907
2014
-2826
2426907
2014
6553
2426907
2014
-6645
2426907
2014
-7267
2426907
2014
-1016
2426907
2014
-13316
2426907
2014
5313
2426907
2014
-5313
2426907
2014
2741
2426907
2014
5834
2426907
2014
-8575
2426907
2014
7927
2426907
2014
-1427
2426907
2014
-2739
2426907
2014
-2735
2426907
2014
-3523
2426907
2014
4779
2426907
2014
1962
2426907
2014
363
2426907
2014
10109
2426907
2014
-4649
2426907
2014
-4506
2426907
2014
-15476
2426907
2014
83
2426907
2014
-8119
2426907
2014
-11507
2426907
2014
-1636
2426907
2014
5820
2426907
2014
175
2426907
2014
-17936
2426907
2014
-16400
2426907
2014
-9659
2426907
2014
12525
2426907
2014
-541
2426907
2014
-16211
2426907
2014
3456
2426907
2014
3141
2426907
2014
-7637
2426907
2014
1471
2426907
6116
-341
2376220
6116
-1072
2376220
6116
11443
2376220
6116
5106
2376220
6116
-10436
2376220
6116
-3184
2376220
6116
-5783
2376220
6116
6920
2376220
6116
-7061
2376220
6116
6857
2376220
6116
-3758
2376220
6116
9270
2376220
6116
847
2376220
6116
13200
2376220
6116
2294
2376220
6116
-6548
2376220
6116
3511
2376220
6116
-4107
2376220
6116
-4143
2376220
6116
-2996
2376220
6116
-6370
2376220
6116
5221
2376220
6116
-6676
2376220
6116
-3043
2376220
6116
-7813
2376220
6116
-429
2376220
6116
-697
2376220
6116
12028
2376220
6116
-6214
2376220
6116
-9186
2376220
6116
4224
2376220
6116
-598
2376220
6116
-964
2376220
6116
3810
2376220
6116
-15177
2376220
6116
-4237
2376220
6116
-3096
2376220
6116
7378
2376220
6116
9387
2376220
6116
8281
2376220
6116
1522
2376220
6116
4230
2376220
6116
-1878
2376220
6116
-180
2376220
6116
-6240
2376220
6116
-15050
2376220
6116
-832
2376220
6116
4797
2376220
6116
8228
2376220
6116
7185
2376220
-4785
-9055
32227
-4785
9
32227
-4785
7457
32227
-4785
-4897
32227
-4785
24
32227
-4785
917
32227
-4785
1877
32227
-4785
1605
32227
-4785
-5856
32227
-4785
-13037
32227
-4785
3942
32227
-4785
11968
32227
-4785
5048
32227
-4785
-14419
32227
-4785
-3137
32227
-4785
7386
32227
-4785
-19840
32227
-4785
15372
32227
-4785
8301
32227
-4785
25063
32227
-4785
-2240
32227
-4785
-1394
32227
-4785
1445
32227
-4785
9728
32227
-4785
4164
32227
-4785
8929
32227
-4785
-7323
32227
-4785
18569
32227
-4785
757
32227
-4785
-2410
32227
-4785
11406
32227
-4785
6516
32227
-4785
7921
32227
-4785
-12069
32227
-4785
15811
32227
-4785
-137
32227
-4785
1648
32227
-4785
-5350
32227
-4785
-9123
32227
-4785
-2139
32227
-4785
6924
32227
-4785
4142
32227
-4785
-5697
32227
-4785
20515
32227
-4785
-7945
32227
-4785
-1689
32227
-4785
7982
32227
-4785
1162
32227
-4785
-3030
32227
-4785
-4298
32227
-3111
-1705
420314
-3111
1987
420314
-3111
1202
420314
-3111
2193
420314
-3111
-1097
420314
-3111
10798
420314
-3111
-485
420314
-3111
-11593
420314
-3111
18726
420314
-3111
-2663
420314
-3111
-4285
420314
-3111
-762
420314
-3111
6760
420314
-3111
-14566
420314
-3111
8606
420314
-3111
2060
420314
-3111
12098
420314
-3111
2302
420314
-3111
9453
420314
-3111
-597
420314
-3111
-2082
420314
-3111
-8144
420314
-3111
8427
420314
-3111
440
420314
-3111
-1130
420314
-3111
9122
420314
-3111
7007
420314
-3111
13045
420314
-3111
6893
420314
-3111
-3329
420314
-3111
-1212
420314
-3111
7438
420314
-3111
-3145
420314
-3111
-992
420314
-3111
-7197
420314
-3111
-571
420314
-3111
7154
420314
-3111
-7314
420314
-3111
-1403
420314
-3111
5927
420314
-3111
-4552
420314
-3111
2980
420314
-3111
4857
420314
-3111
8610
420314
-3111
5208
420314
-3111
-886
420314
-3111
-4813
420314
-3111
17621
420314
-3111
3867
420314
-3111
23
420314
-5607
-3420
1466866
-5607
-5271
1466866
-5607
-1104
1466866
-5607
10196
1466866
-5607
2546
1466866
-5607
4622
1466866
-5607
-10214
1466866
-5607
3003
1466866
-5607
9533
1466866
-5607
1011
1466866
-5607
-7683
1466866
-5607
-5175
1466866
-5607
-7363
1466866
-5607
-5142
1466866
-5607
6080
1466866
-5607
-6073
1466866
-5607
-5254
1466866
-5607
4
1466866
-5607
5064
1466866
-5607
1483
1466866
-5607
2279
1466866
-5607
9835
1466866
-5607
11999
1466866
-5607
3267
1466866
-5607
-2971
1466866
-5607
-1644
1466866
-5607
14858
1466866
-5607
-141
1466866
-5607
-1749
1466866
-5607
-8936
1466866
-5607
-9526
1466866
-5607
918
1466866
-5607
-14280
1466866
-5607
-4898
1466866
-5607
-4091
1466866
-5607
-13985
1466866
-5607
-278
1466866
-5607
-11957
1466866
-5607
-5760
1466866
-5607
7255
1466866
-5607
-9484
1466866
-5607
2929
1466866
-5607
13266
1466866
-5607
677
1466866
-5607
-1697
1466866
-5607
-3592
1466866
-5607
-13091
1466866
-5607
1306
1466866
-5607
4767
1466866
-5607
-16576
1466866
-7066
4237
5185733
-7066
-1981
5185733
-7066
6767
5185733
-7066
5946
5185733
-7066
82
5185733
-7066
14944
5185733
-7066
7790
5185733
-7066
-3747
5185733
-7066
13012
5185733
-7066
16442
5185733
-7066
10083
5185733
-7066
-1588
5185733
-7066
-10356
5185733
-7066
-3387
5185733
-7066
6484
5185733
-7066
-7802
5185733
-7066
-10278
5185733
-7066
2219
5185733
-7066
2555
5185733
-7066
3434
5185733
-7066
-6620
5185733
-7066
-2072
5185733
-7066
2539
5185733
-7066
-13665
5185733
-7066
6620
5185733
-7066
-11666
5185733
-7066
7187
5185733
-7066
1417
5185733
-7066
-10878
5185733
-7066
9621
5185733
-7066
-2883
5185733
-7066
-167
5185733
-7066
14262
5185733
-7066
9313
5185733
-7066
-1281
5185733
-7066
19938
5185733
-7066
2499
5185733
-7066
15907
5185733
-7066
-10617
5185733
-7066
3260
5185733
-7066
951
5185733
-7066
5375
5185733
-7066
4901
5185733
-7066
5038
5185733
-7066
3053
5185733
-7066
1783
5185733
-7066
-99
5185733
-7066
3761
5185733
-7066
-10244
5185733
-7066
-13152
5185733
-907
-6463
534500
-907
5122
534500
-907
-9905
534500
-907
5683
534500
-907
9877
534500
-907
1148
534500
-907
-1401
534500
-907
11462
534500
-907
3632
534500
-907
19336
534500
-907
10865
534500
-907
5837
534500
-907
173
534500
-907
-331
534500
-907
7370
534500
-907
-4290
534500
-907
3489
534500
-907
-15287
534500
-907
-9725
534500
-907
-9917
534500
-907
10971
534500
-907
499
534500
-907
-3007
534500
-907
2795
534500
-907
1014
534500
-907
4377
534500
-907
-3877
534500
-907
-12383
534500
-907
2742
534500
-907
11777
534500
-907
1058
534500
-907
-6286
534500
-907
9606
534500
-907
5815
534500
-907
431
534500
-907
655
534500
-907
558
534500
-907
-4090
534500
-907
-3699
534500
-907
16523
534500
-907
2029
534500
-907
8158
534500
-907
-7601
534500
-907
-5418
534500
-907
-7413
534500
-907
-62
534500
-907
5377
534500
-907
-5650
534500
-907
14921
534500
-907
-1738
534500
-2931
2868
554954
-2931
-9094
554954
-2931
1593
554954
-2931
-4522
554954
-2931
-4584
554954
-2931
7403
554954
-2931
-5446
554954
-2931
-378
554954
-2931
-19730
554954
-2931
5132
554954
-2931
-5795
554954
-2931
-8330
554954
-2931
1823
554954
-2931
4598
554954
-2931
4025
554954
-2931
19537
554954
-2931
-3158
554954
-2931
14127
554954
-2931
4052
554954
-2931
3323
554954
-2931
7347
554954
-2931
1389
554954
-2931
5752
554954
-2931
-13991
554954
-2931
-694
554954
-2931
7864
554954
-2931
7505
554954
-2931
3555
554954
-2931
12076
554954
-2931
-12833
554954
-2931
-7891
554954
-2931
-1516
554954
-2931
-12171
554954
-2931
-7171
554954
-2931
12942
554954
-2931
-2622
554954
-2931
5470
554954
-2931
1202
554954
-2931
6060
554954
-2931
2660
554954
-2931
-12552
554954
-2931
-1404
554954
-2931
-8101
554954
-2931
-1122
554954
-2931
11349
554954
-2931
-2819
554954
-2931
-5483
554954
-2931
1018
554954
-2931
2524
554954
-2931
1868
554954
116
-1912
525828
116
-3992
525828
116
-4255
525828
116
-18
525828
116
180
525828
116
10685
525828
116
11203
525828
116
-190
525828
116
4168
525828
116
5194
525828
116
4656
525828
116
-9552
525828
116
9905
525828
116
-3886
525828
116
-2710
525828
116
12339
525828
116
-1436
525828
116
-4500
525828
116
-938
525828
116
-1052
525828
116
-7109
525828
116
-5885
525828
116
-2766
525828
116
-4444
525828
116
2648
525828
116
-2474
525828
116
-3401
525828
116
-4032
525828
116
-16759
525828
116
-16541
525828
116
5190
525828
116
16115
525828
116
-19046
525828
116
1608
525828
116
-7779
525828
116
7577
525828
116
3700
525828
116
8917
525828
116
-6095
525828
116
-847
525828
116
-2616
525828
116
5323
525828
116
1925
525828
116
-21207
525828
116
2930
525828
116
6030
525828
116
-15299
525828
116
787
525828
116
3239
525828
116
-10330
525828
2235
1366
2120495
2235
11374
2120495
2235
2255
2120495
2235
56
2120495
2235
3820
2120495
2235
-5538
2120495
2235
-7126
2120495
2235
-3702
2120495
2235
-5520
2120495
2235
5060
2120495
2235
-2004
2120495
2235
-8023
2120495
2235
-2610
2120495
2235
2738
2120495
2235
-3308
2120495
2235
1236
2120495
2235
-2863
2120495
2235
-1781
2120495
2235
-2151
2120495
2235
-11816
2120495
2235
8073
2120495
2235
3034
2120495
2235
2324
2120495
2235
-1569
2120495
2235
3276
2120495
2235
-1203
2120495
2235
8621
2120495
2235
-5076
2120495
2235
10725
2120495
2235
-9723
2120495
2235
-4703
2120495
2235
5733
2120495
2235
-10192
2120495
2235
19064
2120495
2235
-1238
2120495
2235
-9476
2120495
2235
-8423
2120495
2235
-6507
2120495
2235
2852
2120495
2235
4405
2120495
2235
-1279
2120495
2235
-3230
2120495
2235
13987
2120495
2235
190
2120495
2235
8137
2120495
2235
3994
2120495
2235
10308
2120495
2235
-7703
2120495
2235
-1252
2120495
2235
-12873
2120495
14942
-5076
1419379
14942
-4124
1419379
14942
-6950
1419379
14942
-2723
1419379
14942
-829
1419379
14942
-960
1419379
14942
-8581
1419379
14942
-1847
1419379
14942
675
1419379
14942
-11804
1419379
14942
-2128
1419379
14942
7464
1419379
14942
3406
1419379
14942
7950
1419379
14942
2727
1419379
14942
6339
1419379
14942
-15508
1419379
14942
-10325
1419379
14942
7851
1419379
14942
-2831
1419379
14942
-282
1419379
14942
8186
1419379
14942
9054
1419379
14942
-454
1419379
14942
5722
1419379
14942
-1166
1419379
14942
982
1419379
14942
115
1419379
14942
8382
1419379
14942
7386
1419379
14942
-194
1419379
14942
-25989
1419379
14942
1917
1419379
14942
5881
1419379
14942
1946
1419379
14942
-14475
1419379
14942
-305
1419379
14942
-20849
1419379
14942
-1446
1419379
14942
6756
1419379
14942
-8842
1419379
14942
9448
1419379
14942
17900
1419379
14942
3763
1419379
14942
-4855
1419379
14942
1443
1419379
14942
1981
1419379
14942
1410
1419379
14942
3129
1419379
14942
6474
1419379
-1816
1789
2233582
-1816
-7322
2233582
-1816
3557
2233582
-1816
2754
2233582
-1816
9584
2233582
-1816
1951
2233582
-1816
-3367
2233582
-1816
-13247
2233582
-1816
8152
2233582
-1816
-9704
2233582
-1816
-19623
2233582
-1816
-9855
2233582
-1816
736
2233582
-1816
866
2233582
-1816
-4569
2233582
-1816
-5416
2233582
-1816
-12048
2233582
-1816
4237
2233582
-1816
-10083
2233582
-1816
-1270
2233582
-1816
8187
2233582
-1816
-5447
2233582
-1816
-7939
2233582
-1816
10550
2233582
-1816
865
2233582
-1816
-2910
2233582
-1816
9317
2233582
-1816
13105
2233582
-1816
-6430
2233582
-1816
-12158
2233582
-1816
13135
2233582
-1816
13635
2233582
-1816
6316
2233582
-1816
-3407
2233582
-1816
462
2233582
-1816
1339
2233582
-1816
1343
2233582
-1816
10220
2233582
-1816
-11455
2233582
-1816
9479
2233582
-1816
-8232
2233582
-1816
3758
2233582
-1816
-8172
2233582
-1816
5311
2233582
-1816
7599
2233582
-1816
-632
2233582
-1816
6131
2233582
-1816
-1423
2233582
-1816
1099
2233582
-1816
-16001
2233582
-2974
4440
877253
-2974
-10527
877253
-2974
-2197
877253
-2974
-1380
877253
-2974
-476
877253
-2974
8887
877253
-2974
-3305
877253
-2974
3307
877253
-2974
7599
877253
-2974
-7847
877253
-2974
3672
877253
-2974
-3254
877253
-2974
9143
877253
-2974
8281
877253
-2974
7043
877253
-2974
-8767
877253
-2974
10112
877253
-2974
12500
877253
-2974
11526
877253
-2974
8990
877253
-2974
-6513
877253
-2974
6635
877253
-2974
9090
877253
-2974
-3847
877253
-2974
161
877253
-2974
-4923
877253
-2974
9214
877253
-2974
6730
877253
-2974
-1122
877253
-2974
-4275
877253
-2974
6994
877253
-2974
7695
877253
-2974
-567
877253
-2974
2216
877253
-2974
-212
877253
-2974
6462
877253
-2974
-4307
877253
-2974
4957
877253
-2974
-11141
877253
-2974
-1252
877253
-2974
12287
877253
-2974
11174
877253
-2974
-14854
877253
-2974
4644
877253
-2974
2299
877253
-2974
-4350
877253
-2974
-2370
877253
-2974
-4592
877253
-2974
2298
877253
-2974
-12677
877253
-10676
-16579
3198610
-10676
-7028
3198610
-10676
7169
3198610
-10676
-2986
3198610
-10676
1557
3198610
-10676
4716
3198610
-10676
-9791
3198610
-10676
-1870
3198610
-10676
-8779
3198610
-10676
9392
3198610
-10676
-1786
3198610
-10676
-2743
3198610
-10676
10928
3198610
-10676
-15061
3198610
-10676
1781
3198610
-10676
8778
3198610
-10676
-2337
3198610
-10676
-8485
3198610
-10676
4243
3198610
-10676
-1041
3198610
-10676
7776
3198610
-10676
8687
3198610
-10676
-4325
3198610
-10676
3846
3198610
-10676
-3615
3198610
-10676
-3533
3198610
-10676
-8903
3198610
-10676
-4664
3198610
-10676
2365
3198610
-10676
11527
3198610
-10676
11791
3198610
-10676
5236
3198610
-10676
9895
3198610
-10676
3111
3198610
-10676
-978
3198610
-10676
4086
3198610
-10676
1940
3198610
-10676
1759
3198610
-10676
-2551
3198610
-10676
-4822
3198610
-10676
7586
3198610
-10676
1080
3198610
-10676
11103
3198610
-10676
7590
3198610
-10676
10563
3198610
-10676
-6141
3198610
-10676
4842
3198610
-10676
292
3198610
-10676
6849
3198610
-10676
3353
3198610
1925
13
2622232
1925
504
2622232
1925
2479
2622232
1925
13473
2622232
1925
10199
2622232
1925
-11817
2622232
1925
-5207
2622232
1925
-3431
2622232
1925
1650
2622232
1925
-464
2622232
1925
4933
2622232
1925
15623
2622232
1925
8077
2622232
1925
-2233
2622232
1925
804
2622232
1925
-5966
2622232
1925
-2777
2622232
1925
10143
2622232
1925
6335
2622232
1925
2834
2622232
1925
392
2622232
1925
1855
2622232
1925
1234
2622232
1925
-2627
2622232
1925
-1699
2622232
1925
-9737
2622232
1925
-10274
2622232
1925
-9736
2622232
1925
-5577
2622232
1925
8544
2622232
1925
-6036
2622232
1925
7989
2622232
1925
-659
2622232
1925
14229
2622232
1925
-2382
2622232
1925
6072
2622232
1925
-4433
2622232
1925
14034
2622232
1925
-1935
2622232
1925
20965
2622232
1925
-886
2622232
1925
-5575
2622232
1925
9239
2622232
1925
-4487
2622232
1925
2673
2622232
1925
-7832
2622232
1925
-634
2622232
1925
-3731
2622232
1925
345
2622232
1925
2705
2622232
1076
-2907
11780
1076
-4280
11780
1076
-7684
11780
1076
15206
11780
1076
19192
11780
1076
11154
11780
1076
1457
11780
1076
-430
11780
1076
-2121
11780
1076
-18537
11780
1076
6955
11780
1076
-3968
11780
1076
-4159
11780
1076
7479
11780
1076
4467
11780
1076
-9921
11780
1076
-6127
11780
1076
9333
11780
1076
8384
11780
1076
6474
11780
1076
1959
11780
1076
10532
11780
1076
1576
11780
1076
-10012
11780
1076
10356
11780
1076
-149
11780
1076
-4670
11780
1076
-6861
11780
1076
3116
11780
1076
-6346
11780
1076
5057
11780
1076
-11090
11780
1076
8567
11780
1076
7723
11780
1076
-1694
11780
1076
-5322
11780
1076
3898
11780
1076
5936
11780
1076
959
11780
1076
-2281
11780
1076
-7896
11780
1076
-4687
11780
1076
5208
11780
1076
1587
11780
1076
-3489
11780
1076
-2354
11780
1076
-4329
11780
1076
9637
11780
1076
8562
11780
1076
3583
11780
127
-6965
524551
127
-3486
524551
127
7292
524551
127
-654
524551
127
-6716
524551
127
-12593
524551
127
-6814
524551
127
12382
524551
127
-9532
524551
127
2068
524551
127
-65
524551
127
-7024
524551
127
-8119
524551
127
9580
524551
127
-9539
524551
127
-9191
524551
127
-1006
524551
127
898
524551
127
-4774
524551
127
5792
524551
127
8892
524551
127
16224
524551
127
-1656
524551
127
-4942
524551
127
-1221
524551
127
8388
524551
127
-15014
524551
127
3505
524551
127
4578
524551
127
-9304
524551
127
5027
524551
127
11803
524551
127
11266
524551
127
-3117
524551
127
-2314
524551
127
9083
524551
127
2874
524551
127
459
524551
127
-17780
524551
127
1220
524551
127
12909
524551
127
6400
524551
127
2145
524551
127
-11020
524551
127
2383
524551
127
-11209
524551
127
-920
524551
127
-4303
524551
127
-3654
524551
127
-7951
524551
403
1223
1574665
403
3862
1574665
403
-3398
1574665
403
-2504
1574665
403
4949
1574665
403
2472
1574665
403
5709
1574665
403
1105
1574665
403
-3078
1574665
403
13771
1574665
403
1009
1574665
403
6252
1574665
403
15513
1574665
403
-6859
1574665
403
6644
1574665
403
-2344
1574665
403
3390
1574665
403
-5358
1574665
403
5529
1574665
403
-5039
1574665
403
-4977
1574665
403
11002
1574665
403
-4023
1574665
403
-1744
1574665
403
-1060
1574665
403
11124
1574665
403
-15415
1574665
403
4832
1574665
403
-4986
1574665
403
-4630
1574665
403
-4922
1574665
403
1484
1574665
403
1559
1574665
403
9622
1574665
403
7343
1574665
403
-3815
1574665
403
-1640
1574665
403
-14967
1574665
403
6460
1574665
403
-6041
1574665
403
-3147
1574665
403
11631
1574665
403
10077
1574665
403
11527
1574665
403
-10956
1574665
403
10483
1574665
403
-1086
1574665
403
5268
1574665
403
-229
1574665
403
-5214
1574665
-1765
-4069
2364387
-1765
-12409
2364387
-1765
-5771
2364387
-1765
13081
2364387
-1765
6273
2364387
-1765
5451
2364387
-1765
-7665
2364387
-1765
-10788
2364387
-1765
-5414
2364387
-1765
5879
2364387
-1765
15341
2364387
-1765
11457
2364387
-1765
7147
2364387
-1765
1475
2364387
-1765
5208
2364387
-1765
-3320
2364387
-1765
2334
2364387
-1765
102
2364387
-1765
-2305
2364387
-1765
-8995
2364387
-1765
-985
2364387
-1765
124
2364387
-1765
8135
2364387
-1765
2658
2364387
-1765
3197
2364387
-1765
-7700
2364387
-1765
-4663
2364387
-1765
-8193
2364387
-1765
-4988
2364387
-1765
-1500
2364387
-1765
-2295
2364387
-1765
-5525
2364387
-1765
-10902
2364387
-1765
-2829
2364387
-1765
-6384
2364387
-1765
4698
2364387
-1765
-6330
2364387
-1765
-1733
2364387
-1765
-9299
2364387
-1765
9340
2364387
-1765
-7922
2364387
-1765
12746
2364387
-1765
4729
2364387
-1765
7713
2364387
-1765
-399
2364387
-1765
-3664
2364387
-1765
14961
2364387
-1765
7846
2364387
-1765
1138
2364387
-1765
-4243
2364387
-11226
6720
518277
-11226
-94
518277
-11226
-10082
518277
-11226
-3350
518277
-11226
-6707
518277
-11226
-3625
518277
-11226
13586
518277
-11226
-5877
518277
-11226
-160
518277
-11226
647
518277
-11226
2502
518277
-11226
-16304
518277
-11226
315
518277
-11226
6331
518277
-11226
-5322
518277
-11226
6446
518277
-11226
-4615
518277
-11226
2245
518277
-11226
7241
518277
-11226
6550
518277
-11226
-1700
518277
-11226
8146
518277
-11226
-2098
518277
-11226
9808
518277
-11226
5415
518277
-11226
-18702
518277
-11226
-3713
518277
-11226
-3885
518277
-11226
18905
518277
-11226
-5072
518277
-11226
4575
518277
-11226
-4373
518277
-11226
-1104
518277
-11226
5442
518277
-11226
-1185
518277
-11226
10932
518277
-11226
-1126
518277
-11226
3568
518277
-11226
6136
518277
-11226
-7795
518277
-11226
1542
518277
-11226
5833
518277
-11226
-2182
518277
-11226
-8330
518277
-11226
3449
518277
-11226
-675
518277
-11226
-6795
518277
-11226
4278
518277
-11226
-13852
518277
-11226
-13463
518277
-3468
7702
1599188
-3468
-3869
1599188
-3468
10301
1599188
-3468
1064
1599188
-3468
2296
1599188
-3468
5391
1599188
-3468
2720
1599188
-3468
-8429
1599188
-3468
-6552
1599188
-3468
1108
1599188
-3468
10136
1599188
-3468
-13175
1599188
-3468
335
1599188
-3468
2428
1599188
-3468
7285
1599188
-3468
-5637
1599188
-3468
-4732
1599188
-3468
6635
1599188
-3468
-522
1599188
-3468
7893
1599188
-3468
-2124
1599188
-3468
7875
1599188
-3468
-1214
1599188
-3468
6144
1599188
-3468
4052
1599188
-3468
-14954
1599188
-3468
-4371
1599188
-3468
-2668
1599188
-3468
-18265
1599188
-3468
4377
1599188
-3468
-3908
1599188
-3468
-7720
1599188
-3468
9056
1599188
-3468
3930
1599188
-3468
15830
1599188
-3468
9466
1599188
-3468
-8090
1599188
-3468
4885
1599188
-3468
2335
1599188
-3468
-5463
1599188
-3468
-6772
1599188
-3468
-8571
1599188
-3468
-8768
1599188
-3468
-1463
1599188
-3468
7411
1599188
-3468
-12195
1599188
-3468
7657
1599188
-3468
-4654
1599188
-3468
11097
1599188
-3468
3437
1599188
1480
-1833
1190922
1480
-13817
1190922
1480
-9852
1190922
1480
-11673
1190922
1480
19022
1190922
1480
2506
1190922
1480
-4736
1190922
1480
-730
1190922
1480
-1938
1190922
1480
3959
1190922
1480
-1187
1190922
1480
8380
1190922
1480
-6255
1190922
1480
307
1190922
1480
4303
1190922
1480
4346
1190922
1480
-4041
1190922
1480
-9645
1190922
1480
7694
1190922
1480
-785
1190922
1480
16462
1190922
1480
3201
1190922
1480
4303
1190922
1480
-6936
1190922
1480
-13814
1190922
1480
1594
1190922
1480
-3795
1190922
1480
508
1190922
1480
11777
1190922
1480
7817
1190922
1480
8943
1190922
1480
-3089
1190922
1480
4962
1190922
1480
3666
1190922
1480
-8030
1190922
1480
10003
1190922
1480
19191
1190922
1480
-5571
1190922
1480
-5353
1190922
1480
200
1190922
1480
-1408
1190922
1480
-6051
1190922
1480
3597
1190922
1480
-1904
1190922
1480
570
1190922
1480
6273
1190922
1480
-350
1190922
1480
8259
1190922
1480
-11245
1190922
1480
7979
1190922
2220
15171
2121262
2220
3570
2121262
2220
-2413
2121262
2220
-32768
2121262
2220
4166
2121262
2220
289
2121262
2220
16708
2121262
2220
2994
2121262
2220
5999
2121262
2220
301
2121262
2220
12129
2121262
2220
3653
2121262
2220
458
2121262
2220
6811
2121262
2220
8959
2121262
2220
13312
2121262
2220
15265
2121262
2220
5302
2121262
2220
-4727
2121262
2220
3013
2121262
2220
-14080
2121262
2220
-7987
2121262
2220
6310
2121262
2220
-13709
2121262
2220
564
2121262
2220
-6369
2121262
2220
-727
2121262
2220
-33
2121262
2220
4703
2121262
2220
-4341
2121262
2220
624
2121262
2220
7008
2121262
2220
11691
2121262
2220
-4460
2121262
2220
-977
2121262
2220
8743
2121262
2220
-8835
2121262
2220
-639
2121262
2220
-23
2121262
2220
-10453
2121262
2220
-515
2121262
2220
-4897
2121262
2220
-8127
2121262
2220
-5069
2121262
2220
-9239
2121262
2220
7527
2121262
2220
378
2121262
2220
-5519
2121262
2220
-3738
2121262
2220
-361
2121262
-11967
15182
55680
-11967
-12144
55680
-11967
5328
55680
-11967
16049
55680
-11967
4713
55680
-11967
200
55680
-11967
-4702
55680
-11967
6044
55680
-11967
-2124
55680
-11967
-8144
55680
-11967
-7522
55680
-11967
5458
55680
-11967
-4967
55680
-11967
-5793
55680
-11967
-7396
55680
-11967
1730
55680
-11967
10386
55680
-11967
862
55680
-11967
-1147
55680
-11967
-8549
55680
-11967
1372
55680
-11967
-1601
55680
-11967
-150
55680
-11967
-15433
55680
-11967
1000
55680
-11967
-31283
55680
-11967
-817
55680
-11967
-21938
55680
-11967
523
55680
-11967
1118
55680
-11967
-3690
55680
-11967
8600
55680
-11967
-14400
55680
-11967
9921
55680
-11967
-1627
55680
-11967
6262
55680
-11967
-1163
55680
-11967
8071
55680
-11967
-8777
55680
-11967
6802
55680
-11967
9543
55680
-11967
2753
55680
-11967
-831
55680
-11967
4699
55680
-11967
210
55680
-11967
-2053
55680
-11967
13810
55680
-11967
6071
55680
-11967
-4528
55680
-11967
7033
55680
3895
7802
154933
3895
9358
154933
3895
7221
154933
3895
-14279
154933
3895
10317
154933
3895
-6841
154933
3895
943
154933
3895
-5991
154933
3895
19641
154933
3895
1212
154933
3895
-1521
154933
3895
-14385
154933
3895
21041
154933
3895
-1044
154933
3895
6664
154933
3895
-1746
154933
3895
1843
154933
3895
-9493
154933
3895
-3896
154933
3895
3658
154933
3895
2833
154933
3895
10039
154933
3895
-13441
154933
3895
11503
154933
3895
11630
154933
3895
20423
154933
3895
-2608
154933
3895
12322
154933
3895
4655
154933
3895
6488
154933
3895
3585
154933
3895
13137
154933
3895
4782
154933
3895
5616
154933
3895
-7482
154933
3895
-111
154933
3895
3491
154933
3895
6536
154933
3895
-4787
154933
3895
-3531
154933
3895
-10478
154933
3895
850
154933
3895
3851
154933
3895
2851
154933
3895
10229
154933
3895
2427
154933
3895
-6518
154933
3895
4502
154933
3895
-106
154933
3895
8098
154933
-3440
12007
554200
-3440
-3753
554200
-3440
9531
554200
-3440
-599
554200
-3440
4555
554200
-3440
1116
554200
-3440
-7453
554200
-3440
-1283
554200
-3440
-5042
554200
-3440
9585
554200
-3440
15648
554200
-3440
-4875
554200
-3440
3523
554200
-3440
-541
554200
-3440
-892
554200
-3440
767
554200
-3440
5786
554200
-3440
-4082
554200
-3440
-4666
554200
-3440
5314
554200
-3440
-8286
554200
-3440
6913
554200
-3440
5462
554200
-3440
531
554200
-3440
13368
554200
-3440
-7493
554200
-3440
-1895
554200
-3440
2523
554200
-3440
-399
554200
-3440
-2248
554200
-3440
6626
554200
-3440
-927
554200
-3440
-5505
554200
-3440
13653
554200
-3440
-5177
554200
-3440
3055
554200
-3440
-1420
554200
-3440
-1667
554200
-3440
-4093
554200
-3440
-32
554200
-3440
5217
554200
-3440
3940
554200
-3440
-13106
554200
-3440
5905
554200
-3440
1201
554200
-3440
771
554200
-3440
7132
554200
-3440
-1610
554200
-3440
13449
554200
-3440
6853
554200
5016
-17845
942106
5016
-3247
942106
5016
-4517
942106
5016
9345
942106
5016
-2896
942106
5016
12521
942106
5016
-11466
942106
5016
-4852
942106
5016
2456
942106
5016
-11931
942106
5016
2540
942106
5016
-16826
942106
5016
-6839
942106
5016
9572
942106
5016
-14065
942106
5016
1748
942106
5016
16875
942106
5016
-4473
942106
5016
-16006
942106
5016
7689
942106
5016
-2064
942106
5016
632
942106
5016
-3199
942106
5016
-4866
942106
5016
-44
942106
5016
-15398
942106
5016
-1833
942106
5016
-7361
942106
5016
-1982
942106
5016
4791
942106
5016
6147
942106
5016
5180
942106
5016
10750
942106
5016
-10768
942106
5016
5550
942106
5016
133
942106
5016
-20394
942106
5016
2312
942106
5016
-6979
942106
5016
2309
942106
5016
5505
942106
5016
-9131
942106
5016
1045
942106
5016
4042
942106
5016
-1863
942106
5016
-330
942106
5016
-449
942106
5016
-14736
942106
5016
-5796
942106
5016
-3658
942106
2873
-5869
162102
2873
14339
162102
2873
-6695
162102
2873
5613
162102
2873
-13157
162102
2873
-9519
162102
2873
-1309
162102
2873
-6219
162102
2873
4896
162102
2873
10381
162102
2873
589
162102
2873
8074
162102
2873
9181
162102
2873
407
162102
2873
-8487
162102
2873
-5905
162102
2873
671
162102
2873
-21152
162102
2873
-4562
162102
2873
-11485
162102
2873
6201
162102
2873
3975
162102
2873
3717
162102
2873
-2286
162102
2873
-5606
162102
2873
-11591
162102
2873
13332
162102
2873
7020
162102
2873
3533
162102
2873
7156
162102
2873
16471
162102
2873
-4227
162102
2873
-1763
162102
2873
-2768
162102
2873
3009
162102
2873
-19966
162102
2873
-6469
162102
2873
-9455
162102
2873
5749
162102
2873
-5531
162102
2873
-2787
162102
2873
-1309
162102
2873
6275
162102
2873
20026
162102
2873
11587
162102
2873
4522
162102
2873
-7730
162102
2873
450
162102
2873
3059
162102
2873
2011
162102
734
-8201
342043
734
-7236
342043
734
-5581
342043
734
-12033
342043
734
19186
342043
734
1708
342043
734
13104
342043
734
-3971
342043
734
-11257
342043
734
4175
342043
734
-10387
342043
734
-9511
342043
734
-6077
342043
734
-7286
342043
734
-6275
342043
734
-14976
342043
734
696
342043
734
1483
342043
734
-599
342043
734
-21589
342043
734
-2636
342043
734
13175
342043
734
-1171
342043
734
-1597
342043
734
4788
342043
734
-1016
342043
734
6212
342043
734
6231
342043
734
-9252
342043
734
9402
342043
734
2292
342043
734
-2613
342043
734
-749
342043
734
-7272
342043
734
-503
342043
734
8820
342043
734
-7646
342043
734
2702
342043
734
-1165
342043
734
-9138
342043
734
1349
342043
734
12053
342043
734
4028
342043
734
9418
342043
734
-4697
342043
734
-2691
342043
734
-8454
342043
734
2327
342043
734
2563
342043
734
2704
342043
-12038
1893
119439
-12038
-10022
119439
-12038
11022
119439
-12038
-7095
119439
-12038
-13151
119439
-12038
-3281
119439
-12038
-568
119439
-12038
-9569
119439
-12038
-772
119439
-12038
12094
119439
-12038
9086
119439
-12038
-5193
119439
-12038
-2634
119439
-12038
-8043
119439
-12038
-5432
119439
-12038
-7432
119439
-12038
-335
119439
-12038
4262
119439
-12038
14236
119439
-12038
3939
119439
-12038
-2064
119439
-12038
3070
119439
-12038
-2790
119439
-12038
4609
119439
-12038
8118
119439
-12038
14161
119439
-12038
-144
119439
-12038
5246
119439
-12038
-12770
119439
-12038
4926
119439
-12038
-1456
119439
-12038
10794
119439
-12038
3834
119439
-12038
280
119439
-12038
32
119439
-12038
1437
119439
-12038
-4223
119439
-12038
-8704
119439
-12038
-21032
119439
-12038
4061
119439
-12038
4716
119439
-12038
214
119439
-12038
-650
119439
-12038
-2072
119439
-12038
1734
119439
-12038
-3692
119439
-12038
3275
119439
-12038
-10412
119439
-12038
11087
119439
-12038
8096
119439
-8776
7540
5417134
-8776
-2887
5417134
-8776
16788
5417134
-8776
3981
5417134
-8776
-9007
5417134
-8776
-624
5417134
-8776
-21526
5417134
-8776
5575
5417134
-8776
-15100
5417134
-8776
9395
5417134
-8776
-3687
5417134
-8776
-271
5417134
-8776
9732
5417134
-8776
8226
5417134
-8776
-4668
5417134
-8776
5317
5417134
-8776
4108
5417134
-8776
724
5417134
-8776
-3911
5417134
-8776
-1757
5417134
-8776
600
5417134
-8776
3540
5417134
-8776
8094
5417134
-8776
-886
5417134
-8776
7999
5417134
-8776
5979
5417134
-8776
812
5417134
-8776
-15175
5417134
-8776
148
5417134
-8776
-1427
5417134
-8776
148
5417134
-8776
3680
5417134
-8776
9553
5417134
-8776
-2362
5417134
-8776
-11307
5417134
-8776
7826
5417134
-8776
-6909
5417134
-8776
1535
5417134
-8776
2955
5417134
-8776
2272
5417134
-8776
3772
5417134
-8776
-10535
5417134
-8776
-3296
5417134
-8776
-22713
5417134
-8776
9312
5417134
-8776
449
5417134
-8776
-6510
5417134
-8776
-10313
5417134
-8776
-2176
5417134
-8776
17084
5417134
1358
22626
80899
1358
-12484
80899
1358
-9663
80899
1358
-26124
80899
1358
60
80899
1358
13942
80899
1358
5541
80899
1358
-4852
80899
1358
-4778
80899
1358
15
80899
1358
1525
80899
1358
-5928
80899
1358
-8984
80899
1358
-119
80899
1358
7812
80899
1358
14122
80899
1358
8130
80899
1358
-11090
80899
1358
1968
80899
1358
18843
80899
1358
-6022
80899
1358
-14465
80899
1358
-7137
80899
1358
12300
80899
1358
7252
80899
1358
-1000
80899
1358
5131
80899
1358
2955
80899
1358
200
80899
1358
3795
80899
1358
11301
80899
1358
-15574
80899
1358
-4065
80899
1358
2621
80899
1358
-12336
80899
1358
16587
80899
1358
6855
80899
1358
-6853
80899
1358
-481
80899
1358
11026
80899
1358
-1204
80899
1358
-4942
80899
1358
-6898
80899
1358
-4173
80899
1358
2826
80899
1358
468
80899
1358
4847
80899
1358
11850
80899
1358
-10709
80899
1358
2060
80899
-4643
-3541
1338346
-4643
-4802
1338346
-4643
-11394
1338346
-4643
-4597
1338346
-4643
-2846
1338346
-4643
7088
1338346
-4643
-5289
1338346
-4643
12663
1338346
-4643
5066
1338346
-4643
-10703
1338346
-4643
1261
1338346
-4643
3352
1338346
-4643
-4665
1338346
-4643
3025
1338346
-4643
1458
1338346
-4643
-137
1338346
-4643
18005
1338346
-4643
4340
1338346
-4643
-2792
1338346
-4643
15210
1338346
-4643
-5988
1338346
-4643
4953
1338346
-4643
6600
1338346
-4643
3326
1338346
-4643
-9054
1338346
-4643
4040
1338346
-4643
-16354
1338346
-4643
3182
1338346
-4643
3330
1338346
-4643
12106
1338346
-4643
8502
1338346
-4643
11362
1338346
-4643
-5996
1338346
-4643
-1829
1338346
-4643
11371
1338346
-4643
-10295
1338346
-4643
-5159
1338346
-4643
3203
1338346
-4643
-5507
1338346
-4643
322
1338346
-4643
-8172
1338346
-4643
-9122
1338346
-4643
-14383
1338346
-4643
-2296
1338346
-4643
7673
1338346
-4643
8752
1338346
-4643
-9384
1338346
-4643
3839
1338346
-4643
-1598
1338346
-4643
8480
1338346
3873
-13946
284980
3873
7643
284980
3873
-3637
284980
3873
3173
284980
3873
9024
284980
3873
-1487
284980
3873
-6112
284980
3873
12271
284980
3873
4078
284980
3873
2331
284980
3873
-2285
284980
3873
-3527
284980
3873
23045
284980
3873
-6478
284980
3873
8019
284980
3873
-5522
284980
3873
-10822
284980
3873
6635
284980
3873
-9042
284980
3873
13709
284980
3873
-1056
284980
3873
-5885
284980
3873
-806
284980
3873
-435
284980
3873
10689
284980
3873
3950
284980
3873
-941
284980
3873
3660
284980
3873
15798
284980
3873
8635
284980
3873
-917
284980
3873
9222
284980
3873
3297
284980
3873
548
284980
3873
-9417
284980
3873
9128
284980
3873
5371
284980
3873
9752
284980
3873
-4241
284980
3873
-3454
284980
3873
-2051
284980
3873
14236
284980
3873
-14209
284980
3873
6294
284980
3873
2660
284980
3873
3288
284980
3873
3019
284980
3873
-8214
284980
3873
-19648
284980
3873
9682
284980
871
-1770
930069
871
3339
930069
871
17832
930069
871
-5982
930069
871
87
930069
871
5449
930069
871
-5481
930069
871
-5905
930069
871
8932
930069
871
-1497
930069
871
917
930069
871
-5289
930069
871
2825
930069
871
3581
930069
871
-10128
930069
871
-10977
930069
871
-1662
930069
871
-2438
930069
871
-5472
930069
871
-10026
930069
871
-3198
930069
871
13159
930069
871
-7446
930069
871
846
930069
871
-6354
930069
871
-9465
930069
871
-5027
930069
871
-13443
930069
871
-3477
930069
871
-3132
930069
871
8042
930069
871
-341
930069
871
-7119
930069
871
-1861
930069
871
4186
930069
871
10106
930069
871
1183
930069
871
-940
930069
871
-1203
930069
871
-3602
930069
871
2310
930069
871
1722
930069
871
6186
930069
871
-1906
930069
871
3638
930069
871
-6504
930069
871
-12338
930069
871
-10370
930069
871
-6817
930069
871
5534
930069
-318
-3680
72441
-318
7649
72441
-318
-1856
72441
-318
4895
72441
-318
-729
72441
-318
-9436
72441
-318
-624
72441
-318
-4994
72441
-318
2036
72441
-318
-1810
72441
-318
8055
72441
-318
1232
72441
-318
-792
72441
-318
-7955
72441
-318
-6488
72441
-318
2895
72441
-318
19411
72441
-318
6501
72441
-318
1200
72441
-318
-4815
72441
-318
2994
72441
-318
355
72441
-318
2464
72441
-318
-8312
72441
-318
1263
72441
-318
3683
72441
-318
-10372
72441
-318
4396
72441
-318
3593
72441
-318
6712
72441
-318
247
72441
-318
-10198
72441
-318
2444
72441
-318
-2093
72441
-318
10280
72441
-318
5724
72441
-318
-3622
72441
-318
-6496
72441
-318
3388
72441
-318
-3482
72441
-318
6739
72441
-318
-1056
72441
-318
5467
72441
-318
2140
72441
-318
1920
72441
-318
1644
72441
-318
7981
72441
-318
-5782
72441
-318
-8679
72441
-318
996
72441
-972
-1597
12004
-972
6285
12004
-972
-12382
12004
-972
10060
12004
-972
-8926
12004
-972
6905
12004
-972
8181
12004
-972
-6058
12004
-972
63
12004
-972
1751
12004
-972
-1209
12004
-972
-16226
12004
-972
-2635
12004
-972
-1760
12004
-972
1018
12004
-972
-623
12004
-972
11271
12004
-972
-9164
12004
-972
-11522
12004
-972
-6594
12004
-972
-10323
12004
-972
10694
12004
-972
2692
12004
-972
-2517
12004
-972
8072
12004
-972
-6754
12004
-972
4358
12004
-972
-5461
12004
-972
-6183
12004
-972
15960
12004
-972
15815
12004
-972
15333
12004
-972
4618
12004
-972
913
12004
-972
-18931
12004
-972
-3012
12004
-972
5915
12004
-972
1620
12004
-972
-17345
12004
-972
11011
12004
-972
3370
12004
-972
1102
12004
-972
8555
12004
-972
13122
12004
-972
-9481
12004
-972
7000
12004
-972
7536
12004
-972
-4547
12004
-972
-8233
12004
-972
-5181
12004
146
1925
595465
146
-11831
595465
146
-6234
595465
146
-10581
595465
146
8698
595465
146
-3274
595465
146
10842
595465
146
6636
595465
146
-8691
595465
146
-2128
595465
146
1538
595465
146
12349
595465
146
152
595465
146
266
595465
146
-1172
595465
146
6313
595465
146
14213
595465
146
-6972
595465
146
4969
595465
146
-6012
595465
146
-9606
595465
146
12375
595465
146
-8163
595465
146
-1254
595465
146
-6632
595465
146
1288
595465
146
-1990
595465
146
9608
595465
146
3817
595465
146
71
595465
146
4477
595465
146
3953
595465
146
-5534
595465
146
-7992
595465
146
-416
595465
146
11646
595465
146
-6949
595465
146
-7973
595465
146
481
595465
146
10534
595465
146
-3012
595465
146
4932
595465
146
6590
595465
146
-11262
595465
146
-3862
595465
146
-5832
595465
146
10945
595465
146
-12226
595465
146
-2734
595465
146
3542
595465
8471
-11191
4363585
8471
2159
4363585
8471
512
4363585
8471
-3012
4363585
8471
1854
4363585
8471
-4035
4363585
8471
7932
4363585
8471
-13381
4363585
8471
4766
4363585
8471
1494
4363585
8471
-11543
4363585
8471
-3030
4363585
8471
-17779
4363585
8471
201
4363585
8471
-305
4363585
8471
10645
4363585
8471
-11553
4363585
8471
11589
4363585
8471
-3916
4363585
8471
4080
4363585
8471
10481
4363585
8471
8667
4363585
8471
761
4363585
8471
-5295
4363585
8471
9414
4363585
8471
8589
4363585
8471
-3163
4363585
8471
3042
4363585
8471
-3332
4363585
8471
-2928
4363585
8471
-13328
4363585
8471
-1843
4363585
8471
-14416
4363585
8471
-913
4363585
8471
1104
4363585
8471
-1717
4363585
8471
-2889
4363585
8471
-2874
4363585
8471
-517
4363585
8471
10979
4363585
8471
5696
4363585
8471
-6047
4363585
8471
8972
4363585
8471
18159
4363585
8471
-1140
4363585
8471
-2892
4363585
8471
1594
4363585
8471
-3824
4363585
8471
-3105
4363585
8471
-9318
4363585
10360
11827
2801766
10360
-10836
2801766
10360
-18392
2801766
10360
12446
2801766
10360
226
2801766
10360
13932
2801766
10360
-6632
2801766
10360
-7489
2801766
10360
-4590
2801766
10360
9936
2801766
10360
6254
2801766
10360
3840
2801766
10360
12846
2801766
10360
-998
2801766
10360
4216
2801766
10360
-5641
2801766
10360
-1034
2801766
10360
641
2801766
10360
3465
2801766
10360
-2979
2801766
10360
-7682
2801766
10360
-2992
2801766
10360
-1902
2801766
10360
6057
2801766
10360
-12189
2801766
10360
-6690
2801766
10360
-94
2801766
10360
11901
2801766
10360
-3574
2801766
10360
-4950
2801766
10360
3069
2801766
10360
811
2801766
10360
-16806
2801766
10360
-4054
2801766
10360
11430
2801766
10360
-10441
2801766
10360
-651
2801766
10360
-513
2801766
10360
13447
2801766
10360
-11031
2801766
10360
-13571
2801766
10360
7399
2801766
10360
-12137
2801766
10360
-6502
2801766
10360
6152
2801766
10360
8991
2801766
10360
-14084
2801766
10360
3287
2801766
10360
5006
2801766
10360
3317
2801766
-718
707
81637
-718
-5113
81637
-718
2195
81637
-718
-3594
81637
-718
-18000
81637
-718
-2519
81637
-718
182
81637
-718
11627
81637
-718
-11402
81637
-718
9870
81637
-718
-6433
81637
-718
9266
81637
-718
961
81637
-718
7117
81637
-718
-289
81637
-718
-6264
81637
-718
-4899
81637
-718
8740
81637
-718
-9165
81637
-718
-13539
81637
-718
8410
81637
-718
6857
81637
-718
3959
81637
-718
9348
81637
-718
223
81637
-718
3554
81637
-718
932
81637
-718
-1155
81637
-718
3594
81637
-718
11755
81637
-718
10750
81637
-718
10476
81637
-718
-13736
81637
-718
4497
81637
-718
-2685
81637
-718
-5605
81637
-718
812
81637
-718
7421
81637
-718
-7731
81637
-718
6118
81637
-718
-2944
81637
-718
-10294
81637
-718
-17148
81637
-718
9452
81637
-718
2311
81637
-718
-18350
81637
-718
-3100
81637
-718
-8262
81637
-718
-471
81637
-718
-8913
81637
-2043
-9764
2098144
-2043
-2103
2098144
-2043
10048
2098144
-2043
4611
2098144
-2043
-9904
2098144
-2043
7282
2098144
-2043
1224
2098144
-2043
-3292
2098144
-2043
-866
2098144
-2043
-12272
2098144
-2043
-5679
2098144
-2043
6453
2098144
-2043
-4100
2098144
-2043
-1806
2098144
-2043
4534
2098144
-2043
-6915
2098144
-2043
10200
2098144
-2043
10340
2098144
-2043
-15651
2098144
-2043
-16345
2098144
-2043
13325
2098144
-2043
-8554
2098144
-2043
424
2098144
-2043
-11601
2098144
-2043
-3367
2098144
-2043
1413
2098144
-2043
-6991
2098144
-2043
-2645
2098144
-2043
-4509
2098144
-2043
296
2098144
-2043
2410
2098144
-2043
1647
2098144
-2043
8475
2098144
-2043
19233
2098144
-2043
-1532
2098144
-2043
-3303
2098144
-2043
-6474
2098144
-2043
5272
2098144
-2043
6450
2098144
-2043
12383
2098144
-2043
-9512
2098144
-2043
-11394
2098144
-2043
18472
2098144
-2043
11038
2098144
-2043
-1685
2098144
-2043
83
2098144
-2043
-3428
2098144
-2043
6717
2098144
-2043
235
2098144
-2043
-6434
2098144
-5037
-7840
28641
-5037
-9378
28641
-5037
990
28641
-5037
8145
28641
-5037
-2450
28641
-5037
14978
28641
-5037
1677
28641
-5037
9532
28641
-5037
1451
28641
-5037
-2071
28641
-5037
7980
28641
-5037
18148
28641
-5037
-2829
28641
-5037
3054
28641
-5037
8563
28641
-5037
-5706
28641
-5037
2604
28641
-5037
-824
28641
-5037
-2478
28641
-5037
4249
28641
-5037
-5666
28641
-5037
-8190
28641
-5037
-11755
28641
-5037
8682
28641
-5037
4112
28641
-5037
-815
28641
-5037
4407
28641
-5037
10949
28641
-5037
1238
28641
-5037
-7082
28641
-5037
-4412
28641
-5037
11597
28641
-5037
-3738
28641
-5037
7142
28641
-5037
-5266
28641
-5037
3860
28641
-5037
-3310
28641
-5037
-6220
28641
-5037
-1176
28641
-5037
1757
28641
-5037
3874
28641
-5037
-7160
28641
-5037
15647
28641
-5037
-689
28641
-5037
2082
28641
-5037
7946
28641
-5037
8070
28641
-5037
3858
28641
-5037
-528
28641
-5037
-241
28641
-5944
-7219
2252010
-5944
6712
2252010
-5944
-883
2252010
-5944
955
2252010
-5944
-4223
2252010
-5944
-9809
2252010
-5944
-11547
2252010
-5944
-9663
2252010
-5944
-2750
2252010
-5944
13439
2252010
-5944
9293
2252010
-5944
6721
2252010
-5944
4379
2252010
-5944
772
2252010
-5944
-6973
2252010
-5944
-6708
2252010
-5944
520
2252010
-5944
2112
2252010
-5944
5480
2252010
-5944
-2066
2252010
-5944
5718
2252010
-5944
7265
2252010
-5944
2332
2252010
-5944
2683
2252010
-5944
606
2252010
-5944
-6915
2252010
-5944
611
2252010
-5944
9716
2252010
-5944
-3594
2252010
-5944
-1606
2252010
-5944
4880
2252010
-5944
6744
2252010
-5944
22732
2252010
-5944
-13735
2252010
-5944
8361
2252010
-5944
-6297
2252010
-5944
-9312
2252010
-5944
-5534
2252010
-5944
6630
2252010
-5944
5556
2252010
-5944
-6159
2252010
-5944
-12444
2252010
-5944
-8124
2252010
-5944
5518
2252010
-5944
7119
2252010
-5944
2003
2252010
-5944
6607
2252010
-5944
-13760
2252010
-5944
10351
2252010
-5944
-6639
2252010
-10328
7308
2280606
-10328
1652
2280606
-10328
-886
2280606
-10328
3683
2280606
-10328
-1645
2280606
-10328
15879
2280606
-10328
477
2280606
-10328
13884
2280606
-10328
-528
2280606
-10328
-11870
2280606
-10328
-17608
2280606
-10328
1261
2280606
-10328
3777
2280606
-10328
407
2280606
-10328
-210
2280606
-10328
-616
2280606
-10328
-605
2280606
-10328
-1330
2280606
-10328
-4781
2280606
-10328
15299
2280606
-10328
6064
2280606
-10328
-7946
2280606
-10328
-2328
2280606
-10328
-13133
2280606
-10328
1573
2280606
-10328
5121
2280606
-10328
-2824
2280606
-10328
983
2280606
-10328
-3096
2280606
-10328
-6217
2280606
-10328
-8942
2280606
-10328
-2411
2280606
-10328
1664
2280606
-10328
-5718
2280606
-10328
20104
2280606
-10328
-817
2280606
-10328
1602
2280606
-10328
7946
2280606
-10328
8977
2280606
-10328
-3418
2280606
-10328
15992
2280606
-10328
-1187
2280606
-10328
6330
2280606
-10328
-8503
2280606
-10328
7125
2280606
-10328
-3851
2280606
-10328
-13274
2280606
-10328
2746
2280606
-10328
4690
2280606
-10328
105
2280606
-3478
8124
1664727
-3478
1675
1664727
-3478
-4233
1664727
-3478
13767
1664727
-3478
-4776
1664727
-3478
2551
1664727
-3478
-3883
1664727
-3478
18289
1664727
-3478
-7700
1664727
-3478
-6114
1664727
-3478
4449
1664727
-3478
4554
1664727
-3478
9696
1664727
-3478
5887
1664727
-3478
5709
1664727
-3478
-15336
1664727
-3478
2671
1664727
-3478
-11260
1664727
-3478
-2438
1664727
-3478
2735
1664727
-3478
274
1664727
-3478
5594
1664727
-3478
-10199
1664727
-3478
-13437
1664727
-3478
-10173
1664727
-3478
1344
1664727
-3478
-1882
1664727
-3478
-5536
1664727
-3478
-5834
1664727
-3478
4357
1664727
-3478
-3873
1664727
-3478
-7203
1664727
-3478
8093
1664727
-3478
4129
1664727
-3478
10052
1664727
-3478
3244
1664727
-3478
4798
1664727
-3478
1272
1664727
-3478
-10856
1664727
-3478
8308
1664727
-3478
13188
1664727
-3478
-11497
1664727
-3478
5190
1664727
-3478
4351
1664727
-3478
-6032
1664727
-3478
4059
1664727
-3478
3760
1664727
-3478
-1618
1664727
-3478
8422
1664727
-3478
-10103
1664727
-1473
3456
1059319
-1473
-4585
1059319
-1473
4527
1059319
-1473
2865
1059319
-1473
-607
1059319
-1473
-5888
1059319
-1473
-2403
1059319
-1473
10168
1059319
-1473
3194
1059319
-1473
1829
1059319
-1473
7239
1059319
-1473
6734
1059319
-1473
-7620
1059319
-1473
18140
1059319
-1473
3663
1059319
-1473
-7179
1059319
-1473
-4819
1059319
-1473
16567
1059319
-1473
5192
1059319
-1473
6955
1059319
-1473
843
1059319
-1473
10053
1059319
-1473
14727
1059319
-1473
-9063
1059319
-1473
-3344
1059319
-1473
-5241
1059319
-1473
-6327
1059319
-1473
-1073
1059319
-1473
-15393
1059319
-1473
-8447
1059319
-1473
14777
1059319
-1473
4861
1059319
-1473
-6084
1059319
-1473
-10405
1059319
-1473
13
1059319
-1473
225
1059319
-1473
-3244
1059319
-1473
-1453
1059319
-1473
-11611
1059319
-1473
12042
1059319
-1473
8195
1059319
-1473
-1089
1059319
-1473
15824
1059319
-1473
-14230
1059319
-1473
-6844
1059319
-1473
5896
1059319
-1473
2510
1059319
-1473
9975
1059319
-1473
-3221
1059319
-1473
4347
1059319
-8408
-9938
4365494
-8408
848
4365494
-8408
-2742
4365494
-8408
-1561
4365494
-8408
-6102
4365494
-8408
-6374
4365494
-8408
-5966
4365494
-8408
1904
4365494
-8408
-13320
4365494
-8408
-1434
4365494
-8408
-1954
4365494
-8408
1880
4365494
-8408
3169
4365494
-8408
-2224
4365494
-8408
12794
4365494
-8408
4497
4365494
-8408
-9993
4365494
-8408
-4175
4365494
-8408
-3028
4365494
-8408
1451
4365494
-8408
5240
4365494
-8408
-17899
4365494
-8408
-1312
4365494
-8408
-10217
4365494
-8408
372
4365494
-8408
-563
4365494
-8408
10758
4365494
-8408
-2424
4365494
-8408
8062
4365494
-8408
5365
4365494
-8408
6015
4365494
-8408
-6976
4365494
-8408
6211
4365494
-8408
-17885
4365494
-8408
-21551
4365494
-8408
-641
4365494
-8408
-795
4365494
-8408
-820
4365494
-8408
-14085
4365494
-8408
11468
4365494
-8408
10865
4365494
-8408
10031
4365494
-8408
16873
4365494
-8408
-955
4365494
-8408
572
4365494
-8408
-1103
4365494
-8408
-6190
4365494
-8408
-2456
4365494
-8408
-2497
4365494
-8408
-17284
4365494
7458
-5054
4536869
7458
-662
4536869
7458
-1584
4536869
7458
-4380
4536869
7458
5026
4536869
7458
21
4536869
7458
3271
4536869
7458
8671
4536869
7458
4931
4536869
7458
-5924
4536869
7458
-1249
4536869
7458
-1512
4536869
7458
-2751
4536869
7458
2362
4536869
7458
-10828
4536869
7458
5669
4536869
7458
-13816
4536869
7458
3921
4536869
7458
-3837
4536869
7458
1488
4536869
7458
8617
4536869
7458
-14989
4536869
7458
18671
4536869
7458
756
4536869
7458
-3642
4536869
7458
-7401
4536869
7458
3576
4536869
7458
3332
4536869
7458
653
4536869
7458
9558
4536869
7458
8039
4536869
7458
5932
4536869
7458
6271
4536869
7458
-12874
4536869
7458
9099
4536869
7458
9142
4536869
7458
-10566
4536869
7458
-14264
4536869
7458
-7564
4536869
7458
17065
4536869
7458
-5327
4536869
7458
-3052
4536869
7458
3978
4536869
7458
4228
4536869
7458
3641
4536869
7458
-4850
4536869
7458
-5192
4536869
7458
11531
4536869
7458
4905
4536869
7458
11048
4536869
284
8115
266754
284
7238
266754
284
-7009
266754
284
-4794
266754
284
-13150
266754
284
6104
266754
284
-4637
266754
284
3428
266754
284
14490
266754
284
-8007
266754
284
5014
266754
284
2330
266754
284
-11392
266754
284
-4935
266754
284
-8041
266754
284
-12781
266754
284
7291
266754
284
-10852
266754
284
-12350
266754
284
-5536
266754
284
-5774
266754
284
2451
266754
284
-12349
266754
284
-2222
266754
284
-8742
266754
284
-1114
266754
284
2821
266754
284
-4316
266754
284
87
266754
284
-8558
266754
284
-4556
266754
284
3537
266754
284
-8026
266754
284
8579
266754
284
-9036
266754
284
3284
266754
284
-14244
266754
284
-7113
266754
284
1282
266754
284
2294
266754
284
7396
266754
284
-42
266754
284
539
266754
284
1638
266754
284
-860
266754
284
5449
266754
284
1007
266754
284
-13864
266754
284
-4423
266754
284
-624
266754
-2622
-6381
1141449
-2622
4431
1141449
-2622
-3840
1141449
-2622
9596
1141449
-2622
9694
1141449
-2622
-11464
1141449
-2622
6919
1141449
-2622
-423
1141449
-2622
-1486
1141449
-2622
-5113
1141449
-2622
-3394
1141449
-2622
-3778
1141449
-2622
3195
1141449
-2622
10152
1141449
-2622
-2663
1141449
-2622
-8148
1141449
-2622
-7885
1141449
-2622
2730
1141449
-2622
-1299
1141449
-2622
-4079
1141449
-2622
14839
1141449
-2622
6069
1141449
-2622
-10501
1141449
-2622
9545
1141449
-2622
12914
1141449
-2622
14231
1141449
-2622
10064
1141449
-2622
11708
1141449
-2622
-8155
1141449
-2622
11813
1141449
-2622
-2873
1141449
-2622
-3888
1141449
-2622
-6906
1141449
-2622
-8829
1141449
-2622
-850
1141449
-2622
-8905
1141449
-2622
-9941
1141449
-2622
1470
1141449
-2622
-97
1141449
-2622
801
1141449
-2622
-1165
1141449
-2622
-5161
1141449
-2622
7499
1141449
-2622
-800
1141449
-2622
-10826
1141449
-2622
8295
1141449
-2622
9899
1141449
-2622
3352
1141449
-2622
5620
1141449
-2622
1000
1141449
10850
-6913
1958517
10850
-749
1958517
10850
-5545
1958517
10850
11691
1958517
10850
-4171
1958517
10850
-14076
1958517
10850
-1320
1958517
10850
8323
1958517
10850
-10543
1958517
10850
-698
1958517
10850
3196
1958517
10850
4559
1958517
10850
-44
1958517
10850
746
1958517
10850
3256
1958517
10850
12570
1958517
10850
9046
1958517
10850
-79
1958517
10850
4786
1958517
10850
18251
1958517
10850
5302
1958517
10850
-9697
1958517
10850
2710
1958517
10850
5959
1958517
10850
-2293
1958517
10850
-5778
1958517
10850
5926
1958517
10850
9285
1958517
10850
-3802
1958517
10850
-3664
1958517
10850
-6555
1958517
10850
4164
1958517
10850
3482
1958517
10850
-2602
1958517
10850
1112
1958517
10850
4259
1958517
10850
-5839
1958517
10850
-3795
1958517
10850
11247
1958517
10850
-10212
1958517
10850
7421
1958517
10850
-991
1958517
10850
-13223
1958517
10850
-5252
1958517
10850
2731
1958517
10850
2096
1958517
10850
-9239
1958517
10850
3972
1958517
10850
-20971
1958517
10850
403
1958517
-4667
2497
1076200
-4667
-12922
1076200
-4667
-2239
1076200
-4667
185
1076200
-4667
-2594
1076200
-4667
-2322
1076200
-4667
-13742
1076200
-4667
-7265
1076200
-4667
-7159
1076200
-4667
-18572
1076200
-4667
-10767
1076200
-4667
13922
1076200
-4667
5434
1076200
-4667
2113
1076200
-4667
-2203
1076200
-4667
4266
1076200
-4667
-5222
1076200
-4667
4019
1076200
-4667
-8931
1076200
-4667
-8818
1076200
-4667
-1011
1076200
-4667
-10025
1076200
-4667
-544
1076200
-4667
11258
1076200
-4667
2008
1076200
-4667
2677
1076200
-4667
9539
1076200
-4667
9409
1076200
-4667
2036
1076200
-4667
-3840
1076200
-4667
-2005
1076200
-4667
-2185
1076200
-4667
7929
1076200
-4667
-4477
1076200
-4667
-2049
1076200
-4667
18428
1076200
-4667
-738
1076200
-4667
3388
1076200
-4667
-4788
1076200
-4667
-2385
1076200
-4667
9435
1076200
-4667
2215
1076200
-4667
-5859
1076200
-4667
-9257
1076200
-4667
-3137
1076200
-4667
-555
1076200
-4667
18246
1076200
-4667
8858
1076200
-4667
16014
1076200
-4667
4957
1076200
-5270
4799
620279
-5270
-8820
620279
-5270
9162
620279
-5270
-4134
620279
-5270
58
620279
-5270
4213
620279
-5270
8154
620279
-5270
-1273
620279
-5270
-1498
620279
-5270
3286
620279
-5270
-3996
620279
-5270
5664
620279
-5270
-10292
620279
-5270
6777
620279
-5270
7707
620279
-5270
9500
620279
-5270
-373
620279
-5270
6508
620279
-5270
-10183
620279
-5270
2650
620279
-5270
-4537
620279
-5270
-9044
620279
-5270
10780
620279
-5270
3996
620279
-5270
4590
620279
-5270
8794
620279
-5270
3412
620279
-5270
8780
620279
-5270
5554
620279
-5270
5697
620279
-5270
13664
620279
-5270
-2660
620279
-5270
331
620279
-5270
-3930
620279
-5270
7727
620279
-5270
2356
620279
-5270
-1069
620279
-5270
-3402
620279
-5270
-8286
620279
-5270
8359
620279
-5270
-5122
620279
-5270
-177
620279
-5270
6980
620279
-5270
1210
620279
-5270
6251
620279
-5270
2633
620279
-5270
3243
620279
-5270
-2511
620279
-5270
3680
620279
-5270
21198
620279
39
1977
395525
39
1047
395525
39
-3297
395525
39
-3831
395525
39
-13769
395525
39
-8166
395525
39
-13755
395525
39
-9706
395525
39
-998
395525
39
1093
395525
39
-4040
395525
39
1222
395525
39
7090
395525
39
-1766
395525
39
4412
395525
39
7399
395525
39
-6266
395525
39
14771
395525
39
-7448
395525
39
3646
395525
39
888
395525
39
12941
395525
39
1002
395525
39
-3768
395525
39
6276
395525
39
-4076
395525
39
-12118
395525
39
-3043
395525
39
-14254
395525
39
4841
395525
39
-9754
395525
39
-4454
395525
39
6429
395525
39
8338
395525
39
-2804
395525
39
19379
395525
39
370
395525
39
5546
395525
39
-3199
395525
39
-5229
395525
39
-2826
395525
39
-1743
395525
39
-4347
395525
39
-1336
395525
39
-18498
395525
39
-4778
395525
39
7425
395525
39
2906
395525
39
-28025
395525
39
7633
395525
-1526
-16861
1124083
-1526
2111
1124083
-1526
11372
1124083
-1526
8121
1124083
-1526
4239
1124083
-1526
15213
1124083
-1526
-15404
1124083
-1526
-5309
1124083
-1526
-548
1124083
-1526
-4568
1124083
-1526
-8400
1124083
-1526
-6368
1124083
-1526
-2288
1124083
-1526
574
1124083
-1526
694
1124083
-1526
-654
1124083
-1526
-3512
1124083
-1526
-11970
1124083
-1526
-7940
1124083
-1526
4322
1124083
-1526
3910
1124083
-1526
-775
1124083
-1526
-13245
1124083
-1526
6324
1124083
-1526
7144
1124083
-1526
3086
1124083
-1526
-1841
1124083
-1526
1560
1124083
-1526
3766
1124083
-1526
-5065
1124083
-1526
9095
1124083
-1526
5532
1124083
-1526
-5104
1124083
-1526
3898
1124083
-1526
1339
1124083
-1526
-6896
1124083
-1526
-5804
1124083
-1526
6768
1124083
-1526
-1620
1124083
-1526
23422
1124083
-1526
-343
1124083
-1526
-8153
1124083
-1526
14959
1124083
-1526
2119
1124083
-1526
-8338
1124083
-1526
-14694
1124083
-1526
-10283
1124083
-1526
12856
1124083
-1526
449
1124083
-1526
-3587
1124083
-2676
1664
1599178
-2676
-20367
1599178
-2676
-2879
1599178
-2676
6951
1599178
-2676
-18493
1599178
-2676
-11667
1599178
-2676
13535
1599178
-2676
5086
1599178
-2676
2208
1599178
-2676
-1076
1599178
-2676
-3489
1599178
-2676
6305
1599178
-2676
-8681
1599178
-2676
3367
1599178
-2676
8716
1599178
-2676
-1417
1599178
-2676
-13025
1599178
-2676
1119
1599178
-2676
-2170
1599178
-2676
5066
1599178
-2676
5067
1599178
-2676
-1131
1599178
-2676
8184
1599178
-2676
8345
1599178
-2676
-1493
1599178
-2676
8145
1599178
-2676
-17331
1599178
-2676
-11035
1599178
-2676
7896
1599178
-2676
-5175
1599178
-2676
4411
1599178
-2676
3722
1599178
-2676
-4080
1599178
-2676
-8773
1599178
-2676
7467
1599178
-2676
3316
1599178
-2676
-777
1599178
-2676
-5949
1599178
-2676
-5123
1599178
-2676
7470
1599178
-2676
-340
1599178
-2676
3894
1599178
-2676
9129
1599178
-2676
-8494
1599178
-2676
-11035
1599178
-2676
-4041
1599178
-2676
74
1599178
-2676
-6113
1599178
-2676
17946
1599178
-2676
1313
1599178
-9736
2997
7504046
-9736
-12924
7504046
-9736
-10533
7504046
-9736
4955
7504046
-9736
394
7504046
-9736
19834
7504046
-9736
2462
7504046
-9736
4860
7504046
-9736
-1368
7504046
-9736
6034
7504046
-9736
9390
7504046
-9736
848
7504046
-9736
6016
7504046
-9736
-12188
7504046
-9736
1205
7504046
-9736
10584
7504046
-9736
2536
7504046
-9736
7071
7504046
-9736
-5378
7504046
-9736
-10846
7504046
-9736
-4371
7504046
-9736
-3797
7504046
-9736
9095
7504046
-9736
4059
7504046
-9736
4659
7504046
-9736
4960
7504046
-9736
-789
7504046
-9736
-3223
7504046
-9736
292
7504046
-9736
10664
7504046
-9736
4970
7504046
-9736
-730
7504046
-9736
7545
7504046
-9736
4621
7504046
-9736
1432
7504046
-9736
-8739
7504046
-9736
-725
7504046
-9736
-13380
7504046
-9736
-2979
7504046
-9736
9128
7504046
-9736
13873
7504046
-9736
-4101
7504046
-9736
-56
7504046
-9736
-8094
7504046
-9736
9385
7504046
-9736
-1627
7504046
-9736
5812
7504046
-9736
3596
7504046
-9736
3261
7504046
-9736
-1874
7504046
-2087
-746
2509274
-2087
9474
2509274
-2087
-14703
2509274
-2087
-10383
2509274
-2087
-3286
2509274
-2087
4638
2509274
-2087
14462
2509274
-2087
-8239
2509274
-2087
-2184
2509274
-2087
6042
2509274
-2087
3517
2509274
-2087
442
2509274
-2087
9828
2509274
-2087
-3917
2509274
-2087
5791
2509274
-2087
-471
2509274
-2087
7876
2509274
-2087
5211
2509274
-2087
2841
2509274
-2087
-6800
2509274
-2087
2587
2509274
-2087
8221
2509274
-2087
2536
2509274
-2087
-10876
2509274
-2087
-3531
2509274
-2087
1101
2509274
-2087
-21793
2509274
-2087
-17599
2509274
-2087
-8232
2509274
-2087
1344
2509274
-2087
1275
2509274
-2087
-5157
2509274
-2087
278
2509274
-2087
5560
2509274
-2087
15012
2509274
-2087
-9590
2509274
-2087
3159
2509274
-2087
3457
2509274
-2087
-5669
2509274
-2087
566
2509274
-2087
4344
2509274
-2087
11442
2509274
-2087
8262
2509274
-2087
-3441
2509274
-2087
11919
2509274
-2087
6944
2509274
-2087
10879
2509274
-2087
3325
2509274
-2087
-9001
2509274
-2087
4313
2509274
2491
-6663
3164975
2491
11559
3164975
2491
-3864
3164975
2491
-21906
3164975
2491
-3311
3164975
2491
-2535
3164975
2491
-4914
3164975
2491
22677
3164975
2491
-190
3164975
2491
6178
3164975
2491
2230
3164975
2491
-5106
3164975
2491
9314
3164975
2491
-3765
3164975
2491
-3176
3164975
2491
16197
3164975
2491
241
3164975
2491
2018
3164975
2491
8413
3164975
2491
365
3164975
2491
-7371
3164975
2491
846
3164975
2491
-4608
3164975
2491
-1906
3164975
2491
-442
3164975
2491
2861
3164975
2491
-1188
3164975
2491
4709
3164975
2491
-14039
3164975
2491
-117
3164975
2491
-5434
3164975
2491
11208
3164975
2491
10833
3164975
2491
3374
3164975
2491
1826
3164975
2491
-2245
3164975
2491
1547
3164975
2491
3085
3164975
2491
-1437
3164975
2491
-4247
3164975
2491
4030
3164975
2491
-334
3164975
2491
355
3164975
2491
11798
3164975
2491
-8675
3164975
2491
7389
3164975
2491
1268
3164975
2491
9859
3164975
2491
5660
3164975
2491
-4440
3164975
1950
-2699
2949147
1950
-9139
2949147
1950
-11907
2949147
1950
-11964
2949147
1950
15481
2949147
1950
5504
2949147
1950
-2964
2949147
1950
7209
2949147
1950
-3502
2949147
1950
-3769
2949147
1950
-2168
2949147
1950
-1501
2949147
1950
3099
2949147
1950
10261
2949147
1950
7865
2949147
1950
1793
2949147
1950
5958
2949147
1950
14705
2949147
1950
1491
2949147
1950
4026
2949147
1950
-1039
2949147
1950
-1640
2949147
1950
11558
2949147
1950
-8280
2949147
1950
-4251
2949147
1950
-2048
2949147
1950
3063
2949147
1950
2214
2949147
1950
-7354
2949147
1950
6555
2949147
1950
-9980
2949147
1950
-5225
2949147
1950
-3482
2949147
1950
-2720
2949147
1950
-2336
2949147
1950
-8309
2949147
1950
963
2949147
1950
6876
2949147
1950
-5172
2949147
1950
-19
2949147
1950
3764
2949147
1950
8490
2949147
1950
-1058
2949147
1950
6077
2949147
1950
4925
2949147
1950
-7356
2949147
1950
5019
2949147
1950
-4041
2949147
1950
-10109
2949147
1950
-2266
2949147
-1743
-9282
2104804
-1743
-6495
2104804
-1743
-2411
2104804
-1743
-10126
2104804
-1743
6270
2104804
-1743
-9792
2104804
-1743
2767
2104804
-1743
-4487
2104804
-1743
-10439
2104804
-1743
4119
2104804
-1743
1896
2104804
-1743
-3870
2104804
-1743
487
2104804
-1743
7455
2104804
-1743
-17353
2104804
-1743
9071
2104804
-1743
6190
2104804
-1743
6870
2104804
-1743
2516
2104804
-1743
6258
2104804
-1743
6686
2104804
-1743
-4836
2104804
-1743
-6117
2104804
-1743
6243
2104804
-1743
20972
2104804
-1743
-6053
2104804
-1743
-3492
2104804
-1743
9036
2104804
-1743
-8888
2104804
-1743
9426
2104804
-1743
959
2104804
-1743
9265
2104804
-1743
-4080
2104804
-1743
-2591
2104804
-1743
-4472
2104804
-1743
-1388
2104804
-1743
-11717
2104804
-1743
-5445
2104804
-1743
4887
2104804
-1743
9742
2104804
-1743
-1149
2104804
-1743
19583
2104804
-1743
-2314
2104804
-1743
-6291
2104804
-1743
-5688
2104804
-1743
1545
2104804
-1743
-2606
2104804
-1743
-8335
2104804
-1743
-6666
2104804
-1743
-6174
2104804
559
6588
1060119
559
-14271
1060119
559
-17117
1060119
559
4696
1060119
559
-10423
1060119
559
5428
1060119
559
1540
1060119
559
-13206
1060119
559
15830
1060119
559
8061
1060119
559
-3032
1060119
559
2256
1060119
559
16852
1060119
559
-7147
1060119
559
583
1060119
559
4737
1060119
559
3014
1060119
559
-19593
1060119
559
-554
1060119
559
12476
1060119
559
-9687
1060119
559
4490
1060119
559
-2804
1060119
559
-8959
1060119
559
-590
1060119
559
-7530
1060119
559
26236
1060119
559
19268
1060119
559
-843
1060119
559
17481
1060119
559
8622
1060119
559
6239
1060119
559
-5558
1060119
559
-94
1060119
559
-4745
1060119
559
-1401
1060119
559
-12689
1060119
559
-1492
1060119
559
-4322
1060119
559
-9923
1060119
559
5811
1060119
559
-2455
1060119
559
11376
1060119
559
-17850
1060119
559
7387
1060119
559
-12620
1060119
559
877
1060119
559
-9037
1060119
559
-5485
1060119
559
-9227
1060119
4926
-10886
96279
4926
21998
96279
4926
133
96279
4926
9239
96279
4926
2173
96279
4926
18455
96279
4926
-15153
96279
4926
6202
96279
4926
395
96279
4926
8439
96279
4926
1305
96279
4926
14616
96279
4926
-7400
96279
4926
-2854
96279
4926
6081
96279
4926
-5247
96279
4926
3000
96279
4926
-8530
96279
4926
-823
96279
4926
-13030
96279
4926
164
96279
4926
8013
96279
4926
-5467
96279
4926
1812
96279
4926
7914
96279
4926
1304
96279
4926
-11999
96279
4926
-13571
96279
4926
-11579
96279
4926
9701
96279
4926
-1897
96279
4926
1188
96279
4926
6837
96279
4926
1478
96279
4926
13684
96279
4926
-5159
96279
4926
-7712
96279
4926
3692
96279
4926
23204
96279
4926
-3370
96279
4926
-707
96279
4926
-13165
96279
4926
4684
96279
4926
-9976
96279
4926
-103
96279
4926
-2013
96279
4926
-1888
96279
4926
-12473
96279
4926
-4057
96279
4926
9422
96279
9422
9124
4308043
9422
9708
4308043
9422
-8152
4308043
9422
-63
4308043
9422
-7082
4308043
9422
-15762
4308043
9422
-1359
4308043
9422
4798
4308043
9422
-3134
4308043
9422
1322
4308043
9422
6518
4308043
9422
7740
4308043
9422
-4752
4308043
9422
-7106
4308043
9422
-4250
4308043
9422
-21271
4308043
9422
-8280
4308043
9422
-2440
4308043
9422
-11613
4308043
9422
8618
4308043
9422
-6555
4308043
9422
8995
4308043
9422
-406
4308043
9422
2842
4308043
9422
33
4308043
9422
29495
4308043
9422
-4804
4308043
9422
4795
4308043
9422
-20022
4308043
9422
8530
4308043
9422
3646
4308043
9422
-4617
4308043
9422
-2301
4308043
9422
-535
4308043
9422
4662
4308043
9422
32767
4308043
9422
7589
4308043
9422
11718
4308043
9422
-7885
4308043
9422
3989
4308043
9422
7422
4308043
9422
9998
4308043
9422
9964
4308043
9422
12428
4308043
9422
5656
4308043
9422
3635
4308043
9422
-5805
4308043
9422
5137
4308043
9422
1728
4308043
9422
431
4308043
-3298
4280
356563
-3298
-12045
356563
-3298
-5763
356563
-3298
13875
356563
-3298
2050
356563
-3298
23710
356563
-3298
846
356563
-3298
3696
356563
-3298
-1599
356563
-3298
-7174
356563
-3298
37
356563
-3298
-2015
356563
-3298
11657
356563
-3298
3176
356563
-3298
-22741
356563
-3298
-18249
356563
-3298
-10693
356563
-3298
3731
356563
-3298
2899
356563
-3298
1876
356563
-3298
3572
356563
-3298
6436
356563
-3298
3265
356563
-3298
6883
356563
-3298
-1541
356563
-3298
-14176
356563
-3298
-4119
356563
-3298
9514
356563
-3298
-3761
356563
-3298
-5305
356563
-3298
352
356563
-3298
-1591
356563
-3298
-10244
356563
-3298
-4975
356563
-3298
2888
356563
-3298
9544
356563
-3298
3845
356563
-3298
10763
356563
-3298
8139
356563
-3298
5422
356563
-3298
9178
356563
-3298
3024
356563
-3298
8056
356563
-3298
1878
356563
-3298
13205
356563
-3298
-10719
356563
-3298
-4643
356563
-3298
6973
356563
-3298
2361
356563
-3298
6457
356563
10800
-1701
1109108
10800
14264
1109108
10800
2928
1109108
10800
13974
1109108
10800
6535
1109108
10800
-4667
1109108
10800
-4018
1109108
10800
822
1109108
10800
-6308
1109108
10800
-8148
1109108
10800
1776
1109108
10800
4511
1109108
10800
11338
1109108
10800
-2982
1109108
10800
2201
1109108
10800
-8985
1109108
10800
2001
1109108
10800
-3628
1109108
10800
18480
1109108
10800
-3802
1109108
10800
-5985
1109108
10800
-1257
1109108
10800
18785
1109108
10800
-9407
1109108
10800
9006
1109108
10800
-5169
1109108
10800
-1117
1109108
10800
-1243
1109108
10800
4069
1109108
10800
2600
1109108
10800
743
1109108
10800
8943
1109108
10800
-9090
1109108
10800
-2861
1109108
10800
-7514
1109108
10800
3818
1109108
10800
-9682
1109108
10800
5366
1109108
10800
-2770
1109108
10800
10247
1109108
10800
11178
1109108
10800
-5780
1109108
10800
-21696
1109108
10800
4288
1109108
10800
-11788
1109108
10800
4322
1109108
10800
-19567
1109108
10800
-1655
1109108
10800
-877
1109108
10800
-5956
1109108
-755
-4485
14306
-755
5564
14306
-755
9292
14306
-755
1737
14306
-755
-4634
14306
-755
-4666
14306
-755
-4130
14306
-755
-2800
14306
-755
-6076
14306
-755
-5180
14306
-755
6137
14306
-755
3587
14306
-755
-4950
14306
-755
-2285
14306
-755
3644
14306
-755
-6715
14306
-755
-15150
14306
-755
12269
14306
-755
-5623
14306
-755
1513
14306
-755
831
14306
-755
-13406
14306
-755
1237
14306
-755
8924
14306
-755
-6315
14306
-755
-8128
14306
-755
7173
14306
-755
3269
14306
-755
-23560
14306
-755
-15064
14306
-755
1090
14306
-755
5957
14306
-755
13
14306
-755
5162
14306
-755
1909
14306
-755
1737
14306
-755
-30
14306
-755
102
14306
-755
-7903
14306
-755
-4032
14306
-755
6518
14306
-755
-4500
14306
-755
-5964
14306
-755
13725
14306
-755
-4756
14306
-755
5166
14306
-755
15398
14306
-755
380
14306
-755
-6604
14306
-755
152
14306
-4353
191
20991
-4353
1651
20991
-4353
517
20991
-4353
-8877
20991
-4353
19836
20991
-4353
794
20991
-4353
5103
20991
-4353
465
20991
-4353
8504
20991
-4353
-2330
20991
-4353
16561
20991
-4353
-3797
20991
-4353
-1044
20991
-4353
-1582
20991
-4353
-5132
20991
-4353
-2749
20991
-4353
13695
20991
-4353
1678
20991
-4353
4362
20991
-4353
16147
20991
-4353
5723
20991
-4353
5765
20991
-4353
4768
20991
-4353
-1756
20991
-4353
12027
20991
-4353
10137
20991
-4353
1273
20991
-4353
-606
20991
-4353
-10797
20991
-4353
-15914
20991
-4353
-6623
20991
-4353
2900
20991
-4353
-751
20991
-4353
4987
20991
-4353
2716
20991
-4353
3210
20991
-4353
-10139
20991
-4353
1266
20991
-4353
-8452
20991
-4353
4215
20991
-4353
-6798
20991
-4353
-7184
20991
-4353
2884
20991
-4353
-16421
20991
-4353
9973
20991
-4353
-10300
20991
-4353
6162
20991
-4353
10079
20991
-4353
-8236
20991
-4353
-12453
20991
-3638
3942
1134283
-3638
-16469
1134283
-3638
1592
1134283
-3638
2845
1134283
-3638
13050
1134283
-3638
3984
1134283
-3638
-97
1134283
-3638
-10068
1134283
-3638
-4299
1134283
-3638
15328
1134283
-3638
10579
1134283
-3638
2493
1134283
-3638
1831
1134283
-3638
4471
1134283
-3638
-1726
1134283
-3638
1318
1134283
-3638
55
1134283
-3638
-8076
1134283
-3638
-2063
1134283
-3638
2642
1134283
-3638
932
1134283
-3638
5598
1134283
-3638
-2402
1134283
-3638
-2320
1134283
-3638
11754
1134283
-3638
4770
1134283
-3638
7711
1134283
-3638
-13265
1134283
-3638
-10062
1134283
-3638
-12403
1134283
-3638
765
1134283
-3638
-587
1134283
-3638
10084
1134283
-3638
6271
1134283
-3638
-4668
1134283
-3638
-1513
1134283
-3638
-4807
1134283
-3638
-12910
1134283
-3638
-3003
1134283
-3638
1576
1134283
-3638
882
1134283
-3638
-5915
1134283
-3638
-279
1134283
-3638
-11983
1134283
-3638
1451
1134283
-3638
5164
1134283
-3638
8784
1134283
-3638
8631
1134283
-3638
-2471
1134283
-3638
-6370
1134283
-8370
4672
4299955
-8370
3083
4299955
-8370
-6846
4299955
-8370
7663
4299955
-8370
7535
4299955
-8370
1668
4299955
-8370
-2066
4299955
-8370
-5040
4299955
-8370
11493
4299955
-8370
3015
4299955
-8370
-8828
4299955
-8370
5338
4299955
-8370
-9530
4299955
-8370
924
4299955
-8370
-7626
4299955
-8370
11869
4299955
-8370
1052
4299955
-8370
-4230
4299955
-8370
6126
4299955
-8370
7503
4299955
-8370
-1723
4299955
-8370
5270
4299955
-8370
4125
4299955
-8370
-5778
4299955
-8370
-7734
4299955
-8370
-13238
4299955
-8370
4831
4299955
-8370
-6168
4299955
-8370
-2383
4299955
-8370
-11890
4299955
-8370
-15296
4299955
-8370
-6632
4299955
-8370
9309
4299955
-8370
-2468
4299955
-8370
13118
4299955
-8370
7656
4299955
-8370
-821
4299955
-8370
3784
4299955
-8370
5445
4299955
-8370
4190
4299955
-8370
-3900
4299955
-8370
-5331
4299955
-8370
-2488
4299955
-8370
-4840
4299955
-8370
-11049
4299955
-8370
-19038
4299955
-8370
3255
4299955
-8370
3866
4299955
-8370
2793
4299955
-8370
-3887
4299955
-3203
3342
553942
-3203
7502
553942
-3203
1983
553942
-3203
647
553942
-3203
-11558
553942
-3203
20792
553942
-3203
13747
553942
-3203
6708
553942
-3203
5349
553942
-3203
7507
553942
-3203
18078
553942
-3203
-5870
553942
-3203
1384
553942
-3203
5149
553942
-3203
19742
553942
-3203
-7127
553942
-3203
-5619
553942
-3203
-7815
553942
-3203
-6500
553942
-3203
9101
553942
-3203
1722
553942
-3203
3639
553942
-3203
-6928
553942
-3203
4146
553942
-3203
-9409
553942
-3203
5024
553942
-3203
-9910
553942
-3203
-8412
553942
-3203
2724
553942
-3203
-19302
553942
-3203
-968
553942
-3203
-7995
553942
-3203
-1096
553942
-3203
3294
553942
-3203
4350
553942
-3203
6163
553942
-3203
3068
553942
-3203
3442
553942
-3203
-5610
553942
-3203
-15142
553942
-3203
3017
553942
-3203
3833
553942
-3203
4686
553942
-3203
-11573
553942
-3203
14358
553942
-3203
-2686
553942
-3203
6562
553942
-3203
-3379
553942
-3203
1395
553942
-3203
12421
553942
-4389
3593
285691
-4389
-4510
285691
-4389
-4356
285691
-4389
284
285691
-4389
-90
285691
-4389
14832
285691
-4389
-510
285691
-4389
6234
285691
-4389
3241
285691
-4389
-6880
285691
-4389
1646
285691
-4389
2049
285691
-4389
-7132
285691
-4389
-1860
285691
-4389
3758
285691
-4389
-11710
285691
-4389
17270
285691
-4389
-5587
285691
-4389
2676
285691
-4389
-18857
285691
-4389
-15494
285691
-4389
-12652
285691
-4389
376
285691
-4389
1053
285691
-4389
1650
285691
-4389
-7778
285691
-4389
-11614
285691
-4389
6146
285691
-4389
-3851
285691
-4389
-4807
285691
-4389
-2261
285691
-4389
17794
285691
-4389
22129
285691
-4389
1974
285691
-4389
-2923
285691
-4389
10182
285691
-4389
1690
285691
-4389
4861
285691
-4389
5017
285691
-4389
-7934
285691
-4389
-6321
285691
-4389
19407
285691
-4389
9548
285691
-4389
9350
285691
-4389
-4532
285691
-4389
4336
285691
-4389
1198
285691
-4389
1646
285691
-4389
2224
285691
-4389
2113
285691
3714
-1929
610873
3714
-307
610873
3714
4716
610873
3714
-14711
610873
3714
10814
610873
3714
12173
610873
3714
-11421
610873
3714
11949
610873
3714
-901
610873
3714
15001
610873
3714
2905
610873
3714
3595
610873
3714
-6883
610873
3714
9553
610873
3714
4031
610873
3714
14118
610873
3714
8040
610873
3714
15156
610873
3714
3373
610873
3714
2910
610873
3714
4755
610873
3714
-2837
610873
3714
-6654
610873
3714
333
610873
3714
-8649
610873
3714
-2273
610873
3714
-2373
610873
3714
-15487
610873
3714
-4682
610873
3714
12169
610873
3714
13638
610873
3714
-3747
610873
3714
648
610873
3714
-18903
610873
3714
-4265
610873
3714
-6544
610873
3714
-16000
610873
3714
-3493
610873
3714
-11222
610873
3714
-5515
610873
3714
956
610873
3714
-11838
610873
3714
5291
610873
3714
-18154
610873
3714
-4970
610873
3714
11347
610873
3714
-2249
610873
3714
-8232
610873
3714
-10565
610873
3714
-10113
610873
12138
3011
644727
12138
779
644727
12138
-3666
644727
12138
-9533
644727
12138
10754
644727
12138
-697
644727
12138
-13583
644727
12138
-6873
644727
12138
-5256
644727
12138
1316
644727
12138
210
644727
12138
-9436
644727
12138
3200
644727
12138
14040
644727
12138
4107
644727
12138
3770
644727
12138
-7075
644727
12138
6033
644727
12138
9534
644727
12138
2580
644727
12138
-4326
644727
12138
1532
644727
12138
-872
644727
12138
-9539
644727
12138
-520
644727
12138
-356
644727
12138
-7737
644727
12138
3158
644727
12138
14953
644727
12138
-14503
644727
12138
424
644727
12138
-11646
644727
12138
-2854
644727
12138
-5086
644727
12138
-11862
644727
12138
8286
644727
12138
12494
644727
12138
11749
644727
12138
-6924
644727
12138
-13520
644727
12138
8793
644727
12138
-13645
644727
12138
7595
644727
12138
-3807
644727
12138
10260
644727
12138
-6072
644727
12138
-3810
644727
12138
2533
644727
12138
-6740
644727
12138
4894
644727
-3560
-15246
1466578
-3560
-6057
1466578
-3560
-7964
1466578
-3560
-5628
1466578
-3560
-11100
1466578
-3560
-7053
1466578
-3560
3039
1466578
-3560
-6258
1466578
-3560
6520
1466578
-3560
3447
1466578
-3560
-11842
1466578
-3560
-611
1466578
-3560
-5878
1466578
-3560
-2331
1466578
-3560
-13831
1466578
-3560
15080
1466578
-3560
-4973
1466578
-3560
-18144
1466578
-3560
-9334
1466578
-3560
2087
1466578
-3560
1620
1466578
-3560
-13811
1466578
-3560
-13934
1466578
-3560
-10835
1466578
-3560
3557
1466578
-3560
2311
1466578
-3560
-2098
1466578
-3560
4576
1466578
-3560
2801
1466578
-3560
1454
1466578
-3560
-12556
1466578
-3560
-20218
1466578
-3560
-4355
1466578
-3560
-1623
1466578
-3560
1539
1466578
-3560
-737
1466578
-3560
408
1466578
-3560
1230
1466578
-3560
-12600
1466578
-3560
2460
1466578
-3560
-11934
1466578
-3560
-17646
1466578
-3560
8137
1466578
-3560
-118
1466578
-3560
-4493
1466578
-3560
-3917
1466578
-3560
20738
1466578
-3560
-2560
1466578
-3560
-3297
1466578
-3560
-10160
1466578
3475
-16541
1599273
3475
-19134
1599273
3475
16677
1599273
3475
5386
1599273
3475
7518
1599273
3475
-1473
1599273
3475
7593
1599273
3475
6886
1599273
3475
18262
1599273
3475
4618
1599273
3475
1600
1599273
3475
-13548
1599273
3475
-8916
1599273
3475
-4684
1599273
3475
-3754
1599273
3475
-8119
1599273
3475
5700
1599273
3475
4194
1599273
3475
-4860
1599273
3475
-3973
1599273
3475
10995
1599273
3475
-11620
1599273
3475
3976
1599273
3475
-9310
1599273
3475
1652
1599273
3475
3452
1599273
3475
-5663
1599273
3475
11436
1599273
3475
4763
1599273
3475
-7764
1599273
3475
6686
1599273
3475
-1800
1599273
3475
11161
1599273
3475
-1676
1599273
3475
-11511
1599273
3475
-8007
1599273
3475
-483
1599273
3475
-2032
1599273
3475
-3915
1599273
3475
-3496
1599273
3475
-5302
1599273
3475
-5940
1599273
3475
1760
1599273
3475
8854
1599273
3475
-7966
1599273
3475
2818
1599273
3475
12467
1599273
3475
1071
1599273
3475
-9428
1599273
3475
-3674
1599273
7535
-16387
4732199
7535
-2664
4732199
7535
4102
4732199
7535
-8461
4732199
7535
6395
4732199
7535
22528
4732199
7535
-6598
4732199
7535
10023
4732199
7535
6104
4732199
7535
577
4732199
7535
-6218
4732199
7535
-11109
4732199
7535
83
4732199
7535
4926
4732199
7535
5821
4732199
7535
-1597
4732199
7535
-3145
4732199
7535
9966
4732199
7535
9907
4732199
7535
-3965
4732199
7535
3043
4732199
7535
-3977
4732199
7535
1816
4732199
7535
3464
4732199
7535
3200
4732199
7535
-6823
4732199
7535
6335
4732199
7535
4409
4732199
7535
1576
4732199
7535
7780
4732199
7535
3122
4732199
7535
35
4732199
7535
-976
4732199
7535
2147
4732199
7535
1877
4732199
7535
-3138
4732199
7535
5898
4732199
7535
-1572
4732199
7535
-1852
4732199
7535
-2605
4732199
7535
-3465
4732199
7535
4642
4732199
7535
567
4732199
7535
-234
4732199
7535
-10595
4732199
7535
6345
4732199
7535
8779
4732199
7535
5286
4732199
7535
6384
4732199
7535
-12081
4732199
15063
-4677
179577
15063
8966
179577
15063
-13718
179577
15063
-5367
179577
15063
1403
179577
15063
8843
179577
15063
5721
179577
15063
19233
179577
15063
1437
179577
15063
23180
179577
15063
4392
179577
15063
-4833
179577
15063
8410
179577
15063
-11197
179577
15063
7008
179577
15063
5340
179577
15063
4609
179577
15063
244
179577
15063
-4028
179577
15063
9002
179577
15063
-2039
179577
15063
-526
179577
15063
-9223
179577
15063
3773
179577
15063
-7041
179577
15063
3536
179577
15063
7165
179577
15063
7823
179577
15063
-362
179577
15063
-11281
179577
15063
-3128
179577
15063
12813
179577
15063
6486
179577
15063
13529
179577
15063
-15485
179577
15063
-8023
179577
15063
17508
179577
15063
-3693
179577
15063
24
179577
15063
-7727
179577
15063
4415
179577
15063
7622
179577
15063
7502
179577
15063
2006
179577
15063
15477
179577
15063
-4633
179577
15063
-670
179577
15063
3055
179577
15063
-1059
179577
15063
-10108
179577
-11114
-6958
783497
-11114
-2051
783497
-11114
7554
783497
-11114
-3034
783497
-11114
-2799
783497
-11114
-5622
783497
-11114
-615
783497
-11114
7521
783497
-11114
-24904
783497
-11114
1540
783497
-11114
-11557
783497
-11114
4027
783497
-11114
5265
783497
-11114
3897
783497
-11114
5968
783497
-11114
-16517
783497
-11114
14868
783497
-11114
-8932
783497
-11114
4618
783497
-11114
-4090
783497
-11114
1562
783497
-11114
-5015
783497
-11114
2865
783497
-11114
-16168
783497
-11114
-99
783497
-11114
236
783497
-11114
6130
783497
-11114
-3388
783497
-11114
2089
783497
-11114
6569
783497
-11114
-2695
783497
-11114
-5961
783497
-11114
7293
783497
-11114
-9205
783497
-11114
4768
783497
-11114
352
783497
-11114
2712
783497
-11114
-7576
783497
-11114
1131
783497
-11114
9981
783497
-11114
-10310
783497
-11114
6960
783497
-11114
-4096
783497
-11114
-4201
783497
-11114
-2083
783497
-11114
1486
783497
-11114
-14739
783497
-11114
-1857
783497
-11114
-255
783497
-11114
-1801
783497
4447
-419
284931
4447
-3031
284931
4447
840
284931
4447
864
284931
4447
13625
284931
4447
-276
284931
4447
2545
284931
4447
-5825
284931
4447
2282
284931
4447
5029
284931
4447
6073
284931
4447
8372
284931
4447
-13888
284931
4447
3078
284931
4447
23072
284931
4447
-7967
284931
4447
14413
284931
4447
-8100
284931
4447
70
284931
4447
3759
284931
4447
9537
284931
4447
-7218
284931
4447
-13837
284931
4447
-3174
284931
4447
9257
284931
4447
-2206
284931
4447
-8150
284931
4447
5375
284931
4447
491
284931
4447
990
284931
4447
-7908
284931
4447
-4219
284931
4447
-1968
284931
4447
-2926
284931
4447
-2601
284931
4447
-959
284931
4447
3335
284931
4447
-1232
284931
4447
10782
284931
4447
3564
284931
4447
5982
284931
4447
-20756
284931
4447
-2651
284931
4447
9282
284931
4447
-11434
284931
4447
9633
284931
4447
-5912
284931
4447
2593
284931
4447
2820
284931
4447
-8628
284931
-8490
10812
4431033
-8490
8017
4431033
-8490
355
4431033
-8490
4893
4431033
-8490
10564
4431033
-8490
-2875
4431033
-8490
6457
4431033
-8490
5985
4431033
-8490
12996
4431033
-8490
-8453
4431033
-8490
4359
4431033
-8490
10305
4431033
-8490
-897
4431033
-8490
-11189
4431033
-8490
12446
4431033
-8490
-1756
4431033
-8490
17656
4431033
-8490
-1730
4431033
-8490
3534
4431033
-8490
4615
4431033
-8490
-7241
4431033
-8490
-1478
4431033
-8490
8293
4431033
-8490
-5358
4431033
-8490
-7128
4431033
-8490
3425
4431033
-8490
1127
4431033
-8490
-3891
4431033
-8490
267
4431033
-8490
-12821
4431033
-8490
-3352
4431033
-8490
-9271
4431033
-8490
-7549
4431033
-8490
11068
4431033
-8490
-15511
4431033
-8490
-10333
4431033
-8490
1852
4431033
-8490
-4501
4431033
-8490
5944
4431033
-8490
1971
4431033
-8490
1636
4431033
-8490
-5895
4431033
-8490
15688
4431033
-8490
-2566
4431033
-8490
3294
4431033
-8490
-3484
4431033
-8490
-2762
4431033
-8490
3359
4431033
-8490
-7983
4431033
-8490
12062
4431033
2757
10830
31544
2757
989
31544
2757
412
31544
2757
2742
31544
2757
-9303
31544
2757
1349
31544
2757
14916
31544
2757
3937
31544
2757
13144
31544
2757
4607
31544
2757
-8733
31544
2757
11713
31544
2757
-2924
31544
2757
-2454
31544
2757
-10727
31544
2757
5107
31544
2757
-377
31544
2757
9377
31544
2757
-9885
31544
2757
-1006
31544
2757
-754
31544
2757
-4136
31544
2757
-3266
31544
2757
-338
31544
2757
-11914
31544
2757
4851
31544
2757
8655
31544
2757
-7915
31544
2757
-19095
31544
2757
-11102
31544
2757
4724
31544
2757
-429
31544
2757
8145
31544
2757
-4710
31544
2757
10511
31544
2757
-19555
31544
2757
3231
31544
2757
-11906
31544
2757
4228
31544
2757
-717
31544
2757
-8734
31544
2757
-10840
31544
2757
4986
31544
2757
-5497
31544
2757
13022
31544
2757
-7691
31544
2757
4592
31544
2757
3028
31544
2757
-4946
31544
2757
-7917
31544
-6098
4628
2182375
-6098
-9097
2182375
-6098
-4690
2182375
-6098
-9501
2182375
-6098
4041
2182375
-6098
-3074
2182375
-6098
-2026
2182375
-6098
-3702
2182375
-6098
-5609
2182375
-6098
13861
2182375
-6098
19990
2182375
-6098
-552
2182375
-6098
-9173
2182375
-6098
-4661
2182375
-6098
-15762
2182375
-6098
5955
2182375
-6098
-9316
2182375
-6098
3061
2182375
-6098
-7838
2182375
-6098
-15831
2182375
-6098
15308
2182375
-6098
-10356
2182375
-6098
-7672
2182375
-6098
-9202
2182375
-6098
3
2182375
-6098
-1357
2182375
-6098
-2789
2182375
-6098
13635
2182375
-6098
2129
2182375
-6098
4869
2182375
-6098
-11404
2182375
-6098
-7849
2182375
-6098
-1812
2182375
-6098
9969
2182375
-6098
1648
2182375
-6098
-5713
2182375
-6098
-11189
2182375
-6098
11731
2182375
-6098
9766
2182375
-6098
9750
2182375
-6098
-4883
2182375
-6098
-2868
2182375
-6098
150
2182375
-6098
134
2182375
-6098
-6538
2182375
-6098
-2717
2182375
-6098
-4457
2182375
-6098
2483
2182375
-6098
-1016
2182375
-6098
-7162
2182375
-22577
19217
6327771
-22577
15307
6327771
-22577
4693
6327771
-22577
-8538
6327771
-22577
9379
6327771
-22577
6327
6327771
-22577
-2949
6327771
-22577
3449
6327771
-22577
-2704
6327771
-22577
-4260
6327771
-22577
-3865
6327771
-22577
-5011
6327771
-22577
-14471
6327771
-22577
-8897
6327771
-22577
2503
6327771
-22577
8103
6327771
-22577
-2913
6327771
-22577
-15531
6327771
-22577
3243
6327771
-22577
-1665
6327771
-22577
-3116
6327771
-22577
-5510
6327771
-22577
4077
6327771
-22577
-1008
6327771
-22577
-3360
6327771
-22577
-1883
6327771
-22577
5567
6327771
-22577
4357
6327771
-22577
4843
6327771
-22577
-8448
6327771
-22577
129
6327771
-22577
5355
6327771
-22577
6367
6327771
-22577
7937
6327771
-22577
-7622
6327771
-22577
-11144
6327771
-22577
-1623
6327771
-22577
10900
6327771
-22577
825
6327771
-22577
-12048
6327771
-22577
6470
6327771
-22577
-3636
6327771
-22577
-14363
6327771
-22577
5779
6327771
-22577
9376
6327771
-22577
7603
6327771
-22577
4107
6327771
-22577
2972
6327771
-22577
5111
6327771
-22577
3903
6327771
-1984
7663
2099424
-1984
-20809
2099424
-1984
1039
2099424
-1984
-2005
2099424
-1984
1784
2099424
-1984
3769
2099424
-1984
3228
2099424
-1984
1110
2099424
-1984
-5050
2099424
-1984
-4305
2099424
-1984
-17172
2099424
-1984
-5728
2099424
-1984
-9871
2099424
-1984
3811
2099424
-1984
-9788
2099424
-1984
-16426
2099424
-1984
10745
2099424
-1984
-2694
2099424
-1984
17729
2099424
-1984
-13703
2099424
-1984
-24066
2099424
-1984
4350
2099424
-1984
-297
2099424
-1984
612
2099424
-1984
-11875
2099424
-1984
5628
2099424
-1984
-8601
2099424
-1984
1915
2099424
-1984
-2022
2099424
-1984
1403
2099424
-1984
-8499
2099424
-1984
1554
2099424
-1984
4160
2099424
-1984
5714
2099424
-1984
-15559
2099424
-1984
13219
2099424
-1984
-15531
2099424
-1984
1297
2099424
-1984
-10189
2099424
-1984
-4265
2099424
-1984
-3561
2099424
-1984
2089
2099424
-1984
6594
2099424
-1984
-15180
2099424
-1984
823
2099424
-1984
1362
2099424
-1984
-4790
2099424
-1984
-13380
2099424
-1984
-13478
2099424
-1984
4039
2099424
5202
-11345
93697
5202
3724
93697
5202
8250
93697
5202
5831
93697
5202
-10254
93697
5202
-13271
93697
5202
-9248
93697
5202
-8849
93697
5202
1207
93697
5202
10082
93697
5202
7921
93697
5202
-4503
93697
5202
6667
93697
5202
11445
93697
5202
-1994
93697
5202
-8583
93697
5202
3935
93697
5202
6276
93697
5202
3481
93697
5202
-3319
93697
5202
-6510
93697
5202
7847
93697
5202
8555
93697
5202
2036
93697
5202
-5262
93697
5202
5681
93697
5202
-11634
93697
5202
5787
93697
5202
2811
93697
5202
12078
93697
5202
5588
93697
5202
7719
93697
5202
-3660
93697
5202
9135
93697
5202
8255
93697
5202
-5065
93697
5202
-7688
93697
5202
9410
93697
5202
-4452
93697
5202
-1169
93697
5202
6901
93697
5202
-555
93697
5202
-1387
93697
5202
12454
93697
5202
6308
93697
5202
12536
93697
5202
-10868
93697
5202
-2174
93697
5202
-5162
93697
5202
6972
93697
7731
2330
5246773
7731
-50
5246773
7731
-7227
5246773
7731
-12407
5246773
7731
3510
5246773
7731
-1623
5246773
7731
-5495
5246773
7731
-278
5246773
7731
-842
5246773
7731
4632
5246773
7731
-9110
5246773
7731
5318
5246773
7731
817
5246773
7731
-5769
5246773
7731
2131
5246773
7731
-8868
5246773
7731
-6078
5246773
7731
-1418
5246773
7731
22142
5246773
7731
14094
5246773
7731
-328
5246773
7731
-10073
5246773
7731
-4228
5246773
7731
-5067
5246773
7731
-1173
5246773
7731
-15554
5246773
7731
-7797
5246773
7731
-1540
5246773
7731
-119
5246773
7731
2830
5246773
7731
-8408
5246773
7731
1154
5246773
7731
-1821
5246773
7731
-10820
5246773
7731
-7155
5246773
7731
-5857
5246773
7731
2043
5246773
7731
-674
5246773
7731
-4784
5246773
7731
-3552
5246773
7731
-505
5246773
7731
-4131
5246773
7731
10376
5246773
7731
1936
5246773
7731
3635
5246773
7731
475
5246773
7731
-7303
5246773
7731
-10308
5246773
7731
-3459
5246773
7731
-3599
5246773
11101
-813
326514
11101
2780
326514
11101
3290
326514
11101
-8388
326514
11101
-2825
326514
11101
9650
326514
11101
9494
326514
11101
2409
326514
11101
9523
326514
11101
1615
326514
11101
1531
326514
11101
-2872
326514
11101
-13724
326514
11101
10991
326514
11101
-3188
326514
11101
-9109
326514
11101
-2331
326514
11101
4408
326514
11101
3850
326514
11101
16009
326514
11101
3847
326514
11101
-3675
326514
11101
-8519
326514
11101
-13641
326514
11101
-7972
326514
11101
16716
326514
11101
4698
326514
11101
-806
326514
11101
-7871
326514
11101
11113
326514
11101
-3721
326514
11101
10512
326514
11101
14450
326514
11101
-2553
326514
11101
19935
326514
11101
-5756
326514
11101
-1490
326514
11101
8324
326514
11101
5725
326514
11101
7028
326514
11101
5271
326514
11101
-2977
326514
11101
5156
326514
11101
-12578
326514
11101
2506
326514
11101
-4898
326514
11101
-2210
326514
11101
5152
326514
11101
4060
326514
11101
-1133
326514
-9646
1912
5353137
-9646
2946
5353137
-9646
-10833
5353137
-9646
-2099
5353137
-9646
-367
5353137
-9646
-756
5353137
-9646
-1056
5353137
-9646
23215
5353137
-9646
9094
5353137
-9646
-6882
5353137
-9646
179
5353137
-9646
2980
5353137
-9646
9730
5353137
-9646
10763
5353137
-9646
5285
5353137
-9646
1290
5353137
-9646
-4964
5353137
-9646
11458
5353137
-9646
12419
5353137
-9646
-14002
5353137
-9646
-3789
5353137
-9646
528
5353137
-9646
7181
5353137
-9646
3351
5353137
-9646
17577
5353137
-9646
5916
5353137
-9646
3328
5353137
-9646
16518
5353137
-9646
7749
5353137
-9646
-3148
5353137
-9646
6817
5353137
-9646
7675
5353137
-9646
9068
5353137
-9646
2292
5353137
-9646
-4532
5353137
-9646
10275
5353137
-9646
1521
5353137
-9646
-7890
5353137
-9646
6607
5353137
-9646
6400
5353137
-9646
-12236
5353137
-9646
5000
5353137
-9646
4272
5353137
-9646
5469
5353137
-9646
8327
5353137
-9646
-6078
5353137
-9646
-4509
5353137
-9646
-10313
5353137
-9646
14411
5353137
-9646
-5640
5353137
-2083
5107
2378714
-2083
1142
2378714
-2083
6395
2378714
-2083
-3308
2378714
-2083
4406
2378714
-2083
-16869
2378714
-2083
7184
2378714
-2083
-2338
2378714
-2083
1602
2378714
-2083
11841
2378714
-2083
3064
2378714
-2083
-8216
2378714
-2083
-4856
2378714
-2083
-2417
2378714
-2083
3686
2378714
-2083
4172
2378714
-2083
-3560
2378714
-2083
-161
2378714
-2083
-1518
2378714
-2083
-1516
2378714
-2083
-2409
2378714
-2083
-4274
2378714
-2083
14195
2378714
-2083
-233
2378714
-2083
-2747
2378714
-2083
-2915
2378714
-2083
-10310
2378714
-2083
6786
2378714
-2083
10307
2378714
-2083
-4291
2378714
-2083
7104
2378714
-2083
3609
2378714
-2083
2287
2378714
-2083
-4947
2378714
-2083
-15171
2378714
-2083
3757
2378714
-2083
-6804
2378714
-2083
-3732
2378714
-2083
-11010
2378714
-2083
-11221
2378714
-2083
-6697
2378714
-2083
-358
2378714
-2083
-2962
2378714
-2083
6214
2378714
-2083
-5861
2378714
-2083
4497
2378714
-2083
-8608
2378714
-2083
4232
2378714
-2083
711
2378714
-2083
9091
2378714
1429
3840
1582856
1429
-13149
1582856
1429
6718
1582856
1429
22480
1582856
1429
-5875
1582856
1429
-15790
1582856
1429
-1091
1582856
1429
99
1582856
1429
5004
1582856
1429
-13134
1582856
1429
-4074
1582856
1429
11825
1582856
1429
-483
1582856
1429
6465
1582856
1429
465
1582856
1429
-19168
1582856
1429
2799
1582856
1429
9189
1582856
1429
7443
1582856
1429
5851
1582856
1429
-11217
1582856
1429
-7393
1582856
1429
-8689
1582856
1429
-4187
1582856
1429
-3856
1582856
1429
3899
1582856
1429
6467
1582856
1429
10235
1582856
1429
1058
1582856
1429
5235
1582856
1429
-4088
1582856
1429
-6912
1582856
1429
2984
1582856
1429
-4820
1582856
1429
4228
1582856
1429
2363
1582856
1429
10453
1582856
1429
-5341
1582856
1429
12624
1582856
1429
-10478
1582856
1429
-10348
1582856
1429
-416
1582856
1429
639
1582856
1429
-7386
1582856
1429
1972
1582856
1429
9174
1582856
1429
-9606
1582856
1429
-16758
1582856
1429
-10045
1582856
1429
-8458
1582856
-13009
-7742
64935
-13009
3414
64935
-13009
-1619
64935
-13009
8356
64935
-13009
-21162
64935
-13009
-12082
64935
-13009
-10291
64935
-13009
-11366
64935
-13009
-5874
64935
-13009
-4462
64935
-13009
-1
64935
-13009
-5478
64935
-13009
2013
64935
-13009
6873
64935
-13009
-4476
64935
-13009
-2356
64935
-13009
4093
64935
-13009
-6371
64935
-13009
-14654
64935
-13009
4296
64935
-13009
-8845
64935
-13009
-7366
64935
-13009
-2348
64935
-13009
3978
64935
-13009
-6561
64935
-13009
8145
64935
-13009
1804
64935
-13009
-7441
64935
-13009
905
64935
-13009
-2886
64935
-13009
9252
64935
-13009
-1721
64935
-13009
-5700
64935
-13009
-8073
64935
-13009
-10687
64935
-13009
-4822
64935
-13009
10214
64935
-13009
-6042
64935
-13009
4649
64935
-13009
-1016
64935
-13009
6738
64935
-13009
-8540
64935
-13009
-7607
64935
-13009
9125
64935
-13009
-9763
64935
-13009
18413
64935
-13009
15639
64935
-13009
-1953
64935
-13009
-11654
64935
-13009
-3525
64935
1599
164
3148055
1599
6497
3148055
1599
-4040
3148055
1599
-9710
3148055
1599
169
3148055
1599
1565
3148055
1599
-4558
3148055
1599
979
3148055
1599
7825
3148055
1599
-1160
3148055
1599
-7428
3148055
1599
-1781
3148055
1599
-433
3148055
1599
5137
3148055
1599
15105
3148055
1599
-7000
3148055
1599
3431
3148055
1599
-6818
3148055
1599
-952
3148055
1599
-177
3148055
1599
-8595
3148055
1599
12234
3148055
1599
-4735
3148055
1599
1217
3148055
1599
-5075
3148055
1599
1506
3148055
1599
-11550
3148055
1599
-11702
3148055
1599
-14196
3148055
1599
2144
3148055
1599
4129
3148055
1599
3800
3148055
1599
4393
3148055
1599
-644
3148055
1599
-2917
3148055
1599
10621
3148055
1599
10230
3148055
1599
-7802
3148055
1599
-6790
3148055
1599
2434
3148055
1599
-1670
3148055
1599
-2370
3148055
1599
12224
3148055
1599
7676
3148055
1599
-10079
3148055
1599
11232
3148055
1599
-1899
3148055
1599
1684
3148055
1599
4052
3148055
1599
-7112
3148055
-2430
-1905
2708185
-2430
-886
2708185
-2430
14631
2708185
-2430
6948
2708185
-2430
-10407
2708185
-2430
-8176
2708185
-2430
-2257
2708185
-2430
-5188
2708185
-2430
-8632
2708185
-2430
1553
2708185
-2430
-8740
2708185
-2430
-2536
2708185
-2430
6846
2708185
-2430
-14648
2708185
-2430
-9068
2708185
-2430
125
2708185
-2430
-6748
2708185
-2430
-3846
2708185
-2430
-5003
2708185
-2430
4836
2708185
-2430
-10761
2708185
-2430
5648
2708185
-2430
3000
2708185
-2430
6595
2708185
-2430
8432
2708185
-2430
-5816
2708185
-2430
-19239
2708185
-2430
-14909
2708185
-2430
-5390
2708185
-2430
-814
2708185
-2430
-5709
2708185
-2430
-9513
2708185
-2430
13722
2708185
-2430
13184
2708185
-2430
-4073
2708185
-2430
-5273
2708185
-2430
733
2708185
-2430
-3437
2708185
-2430
6291
2708185
-2430
-3586
2708185
-2430
-5185
2708185
-2430
10400
2708185
-2430
-365
2708185
-2430
5485
2708185
-2430
-2255
2708185
-2430
-29
2708185
-2430
2103
2708185
-2430
-4502
2708185
-2430
-20
2708185
-2430
5859
2708185
-2713
6468
946629
-2713
9740
946629
-2713
-786
946629
-2713
5516
946629
-2713
-3410
946629
-2713
10908
946629
-2713
-5233
946629
-2713
-5867
946629
-2713
-13782
946629
-2713
11230
946629
-2713
2463
946629
-2713
-6725
946629
-2713
-6211
946629
-2713
-7722
946629
-2713
11445
946629
-2713
-5754
946629
-2713
-18194
946629
-2713
3491
946629
-2713
4300
946629
-2713
5093
946629
-2713
6274
946629
-2713
-11567
946629
-2713
3806
946629
-2713
7714
946629
-2713
-12428
946629
-2713
-735
946629
-2713
618
946629
-2713
1120
946629
-2713
1683
946629
-2713
4727
946629
-2713
-7484
946629
-2713
5880
946629
-2713
3894
946629
-2713
-6804
946629
-2713
4718
946629
-2713
13909
946629
-2713
11680
946629
-2713
3572
946629
-2713
14014
946629
-2713
-27526
946629
-2713
-12286
946629
-2713
3912
946629
-2713
18272
946629
-2713
2254
946629
-2713
16609
946629
-2713
-1749
946629
-2713
3098
946629
-2713
-179
946629
-2713
-5123
946629
-2713
-4405
946629
6097
13005
2116888
6097
-9973
2116888
6097
-11404
2116888
6097
-49
2116888
6097
-9847
2116888
6097
-15016
2116888
6097
1860
2116888
6097
5806
2116888
6097
-2469
2116888
6097
-5653
2116888
6097
5198
2116888
6097
1961
2116888
6097
-6854
2116888
6097
-9098
2116888
6097
-10443
2116888
6097
-9900
2116888
6097
-2022
2116888
6097
-9153
2116888
6097
-15770
2116888
6097
-1027
2116888
6097
9407
2116888
6097
-1786
2116888
6097
-5565
2116888
6097
-10697
2116888
6097
5683
2116888
6097
-12626
2116888
6097
-9005
2116888
6097
-155
2116888
6097
3851
2116888
6097
2675
2116888
6097
15910
2116888
6097
-3827
2116888
6097
-11224
2116888
6097
2322
2116888
6097
-6752
2116888
6097
-1153
2116888
6097
4394
2116888
6097
4181
2116888
6097
7624
2116888
6097
8252
2116888
6097
5102
2116888
6097
-4077
2116888
6097
-11440
2116888
6097
3575
2116888
6097
3733
2116888
6097
1679
2116888
6097
9701
2116888
6097
-674
2116888
6097
-7047
2116888
6097
-12112
2116888
-3183
-3776
550360
-3183
2907
550360
-3183
-6082
550360
-3183
-15724
550360
-3183
-1563
550360
-3183
-4557
550360
-3183
-2031
550360
-3183
1656
550360
-3183
-757
550360
-3183
-1191
550360
-3183
-7259
550360
-3183
7657
550360
-3183
10480
550360
-3183
9486
550360
-3183
7141
550360
-3183
-2347
550360
-3183
-10176
550360
-3183
11678
550360
-3183
-13225
550360
-3183
3566
550360
-3183
9272
550360
-3183
-3775
550360
-3183
-3828
550360
-3183
-11130
550360
-3183
2575
550360
-3183
-10554
550360
-3183
13689
550360
-3183
2845
550360
-3183
6768
550360
-3183
6898
550360
-3183
-6238
550360
-3183
-6982
550360
-3183
-12831
550360
-3183
-1108
550360
-3183
712
550360
-3183
9108
550360
-3183
-5399
550360
-3183
1933
550360
-3183
-475
550360
-3183
-10593
550360
-3183
-6198
550360
-3183
-6523
550360
-3183
7569
550360
-3183
-1108
550360
-3183
9255
550360
-3183
-1541
550360
-3183
-6246
550360
-3183
-2525
550360
-3183
-8163
550360
-3183
2485
550360
11360
-19853
843876
11360
3115
843876
11360
1045
843876
11360
3656
843876
11360
11194
843876
11360
-2933
843876
11360
-8718
843876
11360
2153
843876
11360
-3804
843876
11360
6547
843876
11360
3917
843876
11360
9134
843876
11360
-923
843876
11360
9889
843876
11360
15619
843876
11360
5076
843876
11360
-30
843876
11360
6560
843876
11360
1427
843876
11360
-338
843876
11360
1282
843876
11360
14971
843876
11360
-5839
843876
11360
-6638
843876
11360
-9726
843876
11360
2304
843876
11360
-7622
843876
11360
3022
843876
11360
15042
843876
11360
-234
843876
11360
-12150
843876
11360
-1829
843876
11360
19739
843876
11360
-12990
843876
11360
-8774
843876
11360
-12318
843876
11360
-7966
843876
11360
1758
843876
11360
2052
843876
11360
15925
843876
11360
4098
843876
11360
1385
843876
11360
16607
843876
11360
-4443
843876
11360
8901
843876
11360
-6236
843876
11360
-5324
843876
11360
-14937
843876
11360
17376
843876
11360
-5213
843876
962
148
76313
962
20059
76313
962
-2137
76313
962
9036
76313
962
-2260
76313
962
-4770
76313
962
-8238
76313
962
-397
76313
962
2798
76313
962
8676
76313
962
-3499
76313
962
-7399
76313
962
6940
76313
962
-1473
76313
962
6469
76313
962
-4795
76313
962
10954
76313
962
8736
76313
962
18240
76313
962
12702
76313
962
8172
76313
962
-4939
76313
962
6525
76313
962
19800
76313
962
11466
76313
962
-8115
76313
962
-2884
76313
962
4955
76313
962
1753
76313
962
-6043
76313
962
652
76313
962
3027
76313
962
-6180
76313
962
-6306
76313
962
7659
76313
962
3144
76313
962
2541
76313
962
-6286
76313
962
-3897
76313
962
-19709
76313
962
7502
76313
962
-4891
76313
962
3424
76313
962
-1427
76313
962
7439
76313
962
-7080
76313
962
7844
76313
962
9252
76313
962
9088
76313
962
-5821
76313
11338
12949
126563
11338
-5570
126563
11338
-6938
126563
11338
1974
126563
11338
-633
126563
11338
-13458
126563
11338
-5143
126563
11338
11152
126563
11338
-2797
126563
11338
5493
126563
11338
-6116
126563
11338
-819
126563
11338
-9391
126563
11338
-4383
126563
11338
12925
126563
11338
3183
126563
11338
-2759
126563
11338
3817
126563
11338
-3437
126563
11338
3617
126563
11338
-1520
126563
11338
-75
126563
11338
-2072
126563
11338
-11778
126563
11338
-7457
126563
11338
5158
126563
11338
-11273
126563
11338
993
126563
11338
-7639
126563
11338
-1267
126563
11338
8017
126563
11338
-10112
126563
11338
-7365
126563
11338
-1897
126563
11338
-1324
126563
11338
-4735
126563
11338
-7785
126563
11338
-12104
126563
11338
-6273
126563
11338
11175
126563
11338
-5967
126563
11338
4578
126563
11338
27994
126563
11338
11162
126563
11338
8967
126563
11338
-4729
126563
11338
13967
126563
11338
-2709
126563
11338
-6197
126563
11338
39
126563
13447
-5981
717129
13447
11257
717129
13447
-5057
717129
13447
-2609
717129
13447
11491
717129
13447
967
717129
13447
10310
717129
13447
-4648
717129
13447
351
717129
13447
11302
717129
13447
-371
717129
13447
410
717129
13447
-771
717129
13447
10875
717129
13447
-2020
717129
13447
-761
717129
13447
5586
717129
13447
3728
717129
13447
-2000
717129
13447
3447
717129
13447
8900
717129
13447
9303
717129
13447
2803
717129
13447
-1769
717129
13447
2514
717129
13447
-340
717129
13447
-8179
717129
13447
-17807
717129
13447
8841
717129
13447
-1643
717129
13447
4269
717129
13447
-988
717129
13447
2967
717129
13447
-8119
717129
13447
2586
717129
13447
-9841
717129
13447
-3336
717129
13447
1211
717129
13447
-10142
717129
13447
-6954
717129
13447
9235
717129
13447
-7826
717129
13447
7607
717129
13447
12166
717129
13447
6903
717129
13447
-7049
717129
13447
-278
717129
13447
5878
717129
13447
-3216
717129
13447
9723
717129
9968
5785
6329436
9968
-9595
6329436
9968
4552
6329436
9968
-2857
6329436
9968
-12599
6329436
9968
-5973
6329436
9968
-11137
6329436
9968
-6894
6329436
9968
8783
6329436
9968
12131
6329436
9968
10157
6329436
9968
-9431
6329436
9968
7654
6329436
9968
960
6329436
9968
7835
6329436
9968
-2769
6329436
9968
-9445
6329436
9968
-5026
6329436
9968
2982
6329436
9968
4565
6329436
9968
7997
6329436
9968
-918
6329436
9968
-16930
6329436
9968
23880
6329436
9968
-7965
6329436
9968
-2639
6329436
9968
4758
6329436
9968
1509
6329436
9968
4298
6329436
9968
-10616
6329436
9968
-5236
6329436
9968
-14513
6329436
9968
26671
6329436
9968
347
6329436
9968
149
6329436
9968
9831
6329436
9968
-6449
6329436
9968
10428
6329436
9968
19694
6329436
9968
1955
6329436
9968
-8048
6329436
9968
-4872
6329436
9968
1849
6329436
9968
-2907
6329436
9968
1431
6329436
9968
-3585
6329436
9968
-1992
6329436
9968
4287
6329436
9968
-1278
6329436
9968
4968
6329436
-436
-1692
1052402
-436
5390
1052402
-436
187
1052402
-436
-15398
1052402
-436
9624
1052402
-436
-2054
1052402
-436
102
1052402
-436
-10959
1052402
-436
6729
1052402
-436
-8584
1052402
-436
2474
1052402
-436
-11461
1052402
-436
-3733
1052402
-436
-4875
1052402
-436
-2624
1052402
-436
-8714
1052402
-436
8859
1052402
-436
2113
1052402
-436
-8462
1052402
-436
1924
1052402
-436
-1859
1052402
-436
1781
1052402
-436
-5281
1052402
-436
5348
1052402
-436
-3295
1052402
-436
-8916
1052402
-436
-6703
1052402
-436
12761
1052402
-436
-23180
1052402
-436
2899
1052402
-436
18650
1052402
-436
16411
1052402
-436
2437
1052402
-436
-16215
1052402
-436
3395
1052402
-436
-2054
1052402
-436
-3359
1052402
-436
-6775
1052402
-436
-9819
1052402
-436
3420
1052402
-436
3915
1052402
-436
3183
1052402
-436
13197
1052402
-436
-3663
1052402
-436
744
1052402
-436
-10325
1052402
-436
-5237
1052402
-436
-3398
1052402
-436
13080
1052402
-436
5787
1052402
-15604
7727
46738
-15604
-1186
46738
-15604
-2489
46738
-15604
-4687
46738
-15604
-113
46738
-15604
3814
46738
-15604
5703
46738
-15604
-11500
46738
-15604
-7233
46738
-15604
19688
46738
-15604
-17164
46738
-15604
2184
46738
-15604
-3803
46738
-15604
2526
46738
-15604
17844
46738
-15604
-15663
46738
-15604
-15587
46738
-15604
642
46738
-15604
3440
46738
-15604
-399
46738
-15604
-14278
46738
-15604
-8593
46738
-15604
7162
46738
-15604
-5033
46738
-15604
-2288
46738
-15604
-7062
46738
-15604
-4771
46738
-15604
-15190
46738
-15604
-979
46738
-15604
-6294
46738
-15604
-5141
46738
-15604
-9823
46738
-15604
-12885
46738
-15604
-11713
46738
-15604
4283
46738
-15604
-7529
46738
-15604
4033
46738
-15604
-12254
46738
-15604
-9279
46738
-15604
5239
46738
-15604
10385
46738
-15604
7220
46738
-15604
-3483
46738
-15604
988
46738
-15604
-7225
46738
-15604
8682
46738
-15604
-8411
46738
-15604
-1415
46738
-15604
-5338
46738
-15604
8691
46738
11184
6624
60540
11184
-3577
60540
11184
2379
60540
11184
2367
60540
11184
6291
60540
11184
5517
60540
11184
12134
60540
11184
-7606
60540
11184
-8857
60540
11184
-7661
60540
11184
-16036
60540
11184
-2122
60540
11184
13299
60540
11184
-3435
60540
11184
-3681
60540
11184
12988
60540
11184
3660
60540
11184
17482
60540
11184
-1179
60540
11184
10184
60540
11184
8151
60540
11184
-9144
60540
11184
1328
60540
11184
-7489
60540
11184
-589
60540
11184
-8395
60540
11184
4396
60540
11184
-8119
60540
11184
-8997
60540
11184
-2839
60540
11184
2673
60540
11184
-5135
60540
11184
-4115
60540
11184
-8015
60540
11184
3257
60540
11184
-10420
60540
11184
-8546
60540
11184
8847
60540
11184
-347
60540
11184
-2156
60540
11184
-2499
60540
11184
8914
60540
11184
3105
60540
11184
-817
60540
11184
13392
60540
11184
-5960
60540
11184
-1738
60540
11184
-1165
60540
11184
-6145
60540
11184
18495
60540
-23287
5143
4371906
-23287
-1908
4371906
-23287
7083
4371906
-23287
-10260
4371906
-23287
4593
4371906
-23287
5144
4371906
-23287
-6917
4371906
-23287
-7139
4371906
-23287
-13744
4371906
-23287
7332
4371906
-23287
23187
4371906
-23287
17703
4371906
-23287
18142
4371906
-23287
8108
4371906
-23287
-9387
4371906
-23287
13973
4371906
-23287
-8326
4371906
-23287
10659
4371906
-23287
10708
4371906
-23287
-5873
4371906
-23287
-11361
4371906
-23287
-12078
4371906
-23287
-7419
4371906
-23287
7983
4371906
-23287
1955
4371906
-23287
7875
4371906
-23287
-15644
4371906
-23287
-7618
4371906
-23287
4710
4371906
-23287
-3744
4371906
-23287
-20854
4371906
-23287
-17450
4371906
-23287
320
4371906
-23287
-900
4371906
-23287
-2205
4371906
-23287
4987
4371906
-23287
-9340
4371906
-23287
-1141
4371906
-23287
4373
4371906
-23287
-5505
4371906
-23287
905
4371906
-23287
-9280
4371906
-23287
16913
4371906
-23287
-7667
4371906
-23287
-6802
4371906
-23287
-6997
4371906
-23287
5217
4371906
-23287
-3464
4371906
-23287
-11769
4371906
-23287
7430
4371906
4794
-1329
96799
4794
-9011
96799
4794
-675
96799
4794
18124
96799
4794
-1801
96799
4794
-691
96799
4794
-6403
96799
4794
-1394
96799
4794
10124
96799
4794
547
96799
4794
3887
96799
4794
-1828
96799
4794
3226
96799
4794
5026
96799
4794
-5341
96799
4794
1284
96799
4794
6680
96799
4794
13510
96799
4794
6063
96799
4794
414
96799
4794
7875
96799
4794
-3704
96799
4794
-2269
96799
4794
-16927
96799
4794
-4410
96799
4794
-578
96799
4794
-7559
96799
4794
-4921
96799
4794
-1716
96799
4794
3264
96799
4794
-5068
96799
4794
5115
96799
4794
-7992
96799
4794
8238
96799
4794
3523
96799
4794
1723
96799
4794
3680
96799
4794
3586
96799
4794
1005
96799
4794
10061
96799
4794
-64
96799
4794
-5440
96799
4794
2997
96799
4794
-3887
96799
4794
22415
96799
4794
-2293
96799
4794
-8469
96799
4794
1315
96799
4794
-5189
96799
4794
3638
96799
-1289
1397
144893
-1289
3583
144893
-1289
7202
144893
-1289
8991
144893
-1289
-15440
144893
-1289
-16849
144893
-1289
8526
144893
-1289
978
144893
-1289
347
144893
-1289
-9085
144893
-1289
9587
144893
-1289
14489
144893
-1289
8053
144893
-1289
5711
144893
-1289
3578
144893
-1289
10610
144893
-1289
-730
144893
-1289
-10210
144893
-1289
-7039
144893
-1289
8781
144893
-1289
641
144893
-1289
482
144893
-1289
-6772
144893
-1289
-15931
144893
-1289
-3587
144893
-1289
-309
144893
-1289
1125
144893
-1289
-7501
144893
-1289
-3790
144893
-1289
2462
144893
-1289
15568
144893
-1289
-1344
144893
-1289
674
144893
-1289
13532
144893
-1289
1727
144893
-1289
-1236
144893
-1289
-11753
144893
-1289
-6207
144893
-1289
-5767
144893
-1289
-21139
144893
-1289
2427
144893
-1289
-2555
144893
-1289
3105
144893
-1289
1142
144893
-1289
-11971
144893
-1289
15676
144893
-1289
3264
144893
-1289
-5830
144893
-1289
2491
144893
-1289
4928
144893
-1790
-2937
2167521
-1790
13442
2167521
-1790
-6912
2167521
-1790
2832
2167521
-1790
1061
2167521
-1790
5639
2167521
-1790
7707
2167521
-1790
6549
2167521
-1790
1723
2167521
-1790
-1115
2167521
-1790
874
2167521
-1790
-10530
2167521
-1790
-19961
2167521
-1790
-3198
2167521
-1790
10015
2167521
-1790
7967
2167521
-1790
-10322
2167521
-1790
-10947
2167521
-1790
6576
2167521
-1790
4816
2167521
-1790
1855
2167521
-1790
913
2167521
-1790
7313
2167521
-1790
10612
2167521
-1790
5910
2167521
-1790
-14447
2167521
-1790
-976
2167521
-1790
-10616
2167521
-1790
3653
2167521
-1790
-6259
2167521
-1790
3384
2167521
-1790
-10209
2167521
-1790
11406
2167521
-1790
5404
2167521
-1790
-4394
2167521
-1790
4725
2167521
-1790
1233
2167521
-1790
2669
2167521
-1790
16902
2167521
-1790
-2330
2167521
-1790
-13390
2167521
-1790
-1005
2167521
-1790
-14546
2167521
-1790
3010
2167521
-1790
-15327
2167521
-1790
1607
2167521
-1790
-7337
2167521
-1790
-2233
2167521
-1790
4225
2167521
-1790
-15891
2167521
9641
-419
5418318
9641
377
5418318
9641
-2079
5418318
9641
325
5418318
9641
1978
5418318
9641
3093
5418318
9641
-15246
5418318
9641
-8212
5418318
9641
-9574
5418318
9641
4744
5418318
9641
-10040
5418318
9641
8100
5418318
9641
1612
5418318
9641
3254
5418318
9641
8225
5418318
9641
2538
5418318
9641
-5719
5418318
9641
-1986
5418318
9641
-5219
5418318
9641
-2271
5418318
9641
9185
5418318
9641
9103
5418318
9641
7722
5418318
9641
-3670
5418318
9641
-6590
5418318
9641
-2767
5418318
9641
-885
5418318
9641
7151
5418318
9641
-3046
5418318
9641
-3383
5418318
9641
-2340
5418318
9641
-1959
5418318
9641
-3582
5418318
9641
-2675
5418318
9641
-1846
5418318
9641
-14673
5418318
9641
6895
5418318
9641
-6010
5418318
9641
4007
5418318
9641
-6332
5418318
9641
-6626
5418318
9641
2927
5418318
9641
4488
5418318
9641
-15410
5418318
9641
-7704
5418318
9641
-11767
5418318
9641
-1313
5418318
9641
-10934
5418318
9641
-1389
5418318
9641
-13209
5418318
-11431
-7978
457106
-11431
-762
457106
-11431
7535
457106
-11431
6594
457106
-11431
-7904
457106
-11431
-5609
457106
-11431
-20627
457106
-11431
937
457106
-11431
-5273
457106
-11431
-3007
457106
-11431
-4403
457106
-11431
1138
457106
-11431
9957
457106
-11431
12255
457106
-11431
8231
457106
-11431
14149
457106
-11431
183
457106
-11431
-4319
457106
-11431
-2629
457106
-11431
-10375
457106
-11431
-2942
457106
-11431
6225
457106
-11431
273
457106
-11431
-11574
457106
-11431
5105
457106
-11431
-3207
457106
-11431
-3828
457106
-11431
-3999
457106
-11431
-11899
457106
-11431
-10016
457106
-11431
2327
457106
-11431
-6253
457106
-11431
-7485
457106
-11431
8683
457106
-11431
9980
457106
-11431
2015
457106
-11431
-6392
457106
-11431
2536
457106
-11431
-5145
457106
-11431
-1956
457106
-11431
7728
457106
-11431
5494
457106
-11431
-3501
457106
-11431
1128
457106
-11431
1544
457106
-11431
13375
457106
-11431
-12425
457106
-11431
-11266
457106
-11431
881
457106
-11431
-8626
457106
9553
-156
4242752
9553
-1263
4242752
9553
-11575
4242752
9553
316
4242752
9553
-403
4242752
9553
-8840
4242752
9553
6537
4242752
9553
-5149
4242752
9553
-4394
4242752
9553
-7468
4242752
9553
-8294
4242752
9553
10786
4242752
9553
4857
4242752
9553
-16573
4242752
9553
3819
4242752
9553
358
4242752
9553
2281
4242752
9553
-24340
4242752
9553
4872
4242752
9553
15406
4242752
9553
-12140
4242752
9553
10197
4242752
9553
5307
4242752
9553
-2857
4242752
9553
13127
4242752
9553
-3748
4242752
9553
-1241
4242752
9553
4738
4242752
9553
4435
4242752
9553
-308
4242752
9553
4903
4242752
9553
-10175
4242752
9553
10635
4242752
9553
-2469
4242752
9553
-2828
4242752
9553
3225
4242752
9553
-5820
4242752
9553
-1375
4242752
9553
-2657
4242752
9553
-2335
4242752
9553
-4484
4242752
9553
-15235
4242752
9553
-3668
4242752
9553
3881
4242752
9553
-7785
4242752
9553
2590
4242752
9553
-3905
4242752
9553
-2335
4242752
9553
418
4242752
9553
6132
4242752
1929
-12630
2753818
1929
1697
2753818
1929
6660
2753818
1929
218
2753818
1929
-9209
2753818
1929
-2492
2753818
1929
5008
2753818
1929
-5467
2753818
1929
6470
2753818
1929
-4596
2753818
1929
-5474
2753818
1929
9890
2753818
1929
4483
2753818
1929
2054
2753818
1929
-8513
2753818
1929
-2861
2753818
1929
6841
2753818
1929
11410
2753818
1929
-8820
2753818
1929
5234
2753818
1929
20738
2753818
1929
-9446
2753818
1929
7801
2753818
1929
-5691
2753818
1929
-2729
2753818
1929
8648
2753818
1929
-5581
2753818
1929
-3590
2753818
1929
4330
2753818
1929
1381
2753818
1929
-5881
2753818
1929
9614
2753818
1929
2
2753818
1929
-3105
2753818
1929
-2308
2753818
1929
-119
2753818
1929
20548
2753818
1929
3999
2753818
1929
3385
2753818
1929
11198
2753818
1929
-7212
2753818
1929
7551
2753818
1929
-9082
2753818
1929
15957
2753818
1929
5845
2753818
1929
6711
2753818
1929
-1766
2753818
1929
-630
2753818
1929
9748
2753818
1929
-4591
2753818
-3613
-7362
1328077
-3613
-3612
1328077
-3613
3926
1328077
-3613
-8501
1328077
-3613
2266
1328077
-3613
-7209
1328077
-3613
-8020
1328077
-3613
5502
1328077
-3613
7070
1328077
-3613
8130
1328077
-3613
-417
1328077
-3613
-4964
1328077
-3613
5825
1328077
-3613
7226
1328077
-3613
2232
1328077
-3613
11975
1328077
-3613
14057
1328077
-3613
-309
1328077
-3613
6254
1328077
-3613
3081
1328077
-3613
-11145
1328077
-3613
12521
1328077
-3613
13092
1328077
-3613
-6503
1328077
-3613
-8959
1328077
-3613
4017
1328077
-3613
-1920
1328077
-3613
6909
1328077
-3613
774
1328077
-3613
8515
1328077
-3613
15472
1328077
-3613
3627
1328077
-3613
1388
1328077
-3613
1339
1328077
-3613
197
1328077
-3613
5948
1328077
-3613
-3590
1328077
-3613
-4566
1328077
-3613
368
1328077
-3613
2006
1328077
-3613
-9805
1328077
-3613
7805
1328077
-3613
2128
1328077
-3613
1511
1328077
-3613
2508
1328077
-3613
917
1328077
-3613
-1648
1328077
-3613
4171
1328077
-3613
-1504
1328077
-3613
-2213
1328077
21667
85
326413
21667
6704
326413
21667
-9299
326413
21667
5557
326413
21667
-541
326413
21667
11159
326413
21667
-10626
326413
21667
15011
326413
21667
5778
326413
21667
6920
326413
21667
12175
326413
21667
-9979
326413
21667
-6783
326413
21667
10574
326413
21667
-1676
326413
21667
1359
326413
21667
10755
326413
21667
-4714
326413
21667
4987
326413
21667
-3949
326413
21667
1805
326413
21667
3430
326413
21667
-20061
326413
21667
5589
326413
21667
11654
326413
21667
12781
326413
21667
4806
326413
21667
-2969
326413
21667
7739
326413
21667
3359
326413
21667
3548
326413
21667
4696
326413
21667
-1012
326413
21667
-4444
326413
21667
-14105
326413
21667
-2562
326413
21667
845
326413
21667
6694
326413
21667
-534
326413
21667
3547
326413
21667
5943
326413
21667
-7909
326413
21667
3801
326413
21667
5350
326413
21667
1542
326413
21667
-1452
326413
21667
-10284
326413
21667
-9136
326413
21667
5278
326413
21667
-469
326413
4342
-8284
218125
4342
-8068
218125
4342
-8248
218125
4342
-6272
218125
4342
1110
218125
4342
-1098
218125
4342
569
218125
4342
-9556
218125
4342
3436
218125
4342
-8462
218125
4342
-2078
218125
4342
2289
218125
4342
14098
218125
4342
-10259
218125
4342
-3895
218125
4342
10255
218125
4342
17963
218125
4342
2711
218125
4342
8309
218125
4342
-3684
218125
4342
-1070
218125
4342
2987
218125
4342
15958
218125
4342
8078
218125
4342
6886
218125
4342
-2346
218125
4342
1796
218125
4342
2817
218125
4342
3963
218125
4342
-7136
218125
4342
-1056
218125
4342
-3207
218125
4342
-7447
218125
4342
-2611
218125
4342
-6624
218125
4342
5961
218125
4342
-1082
218125
4342
-12178
218125
4342
-9472
218125
4342
-1941
218125
4342
2636
218125
4342
-2853
218125
4342
20326
218125
4342
13426
218125
4342
-11667
218125
4342
-1412
218125
4342
-4279
218125
4342
-5183
218125
4342
-7169
218125
4342
-12830
218125
11991
8665
187769
11991
284
187769
11991
-4963
187769
11991
5788
187769
11991
-12133
187769
11991
-12295
187769
11991
-22218
187769
11991
1879
187769
11991
-757
187769
11991
4556
187769
11991
-6603
187769
11991
2090
187769
11991
-3495
187769
11991
-15152
187769
11991
15804
187769
11991
7580
187769
11991
-5117
187769
11991
14285
187769
11991
3212
187769
11991
2270
187769
11991
-466
187769
11991
164
187769
11991
11225
187769
11991
-626
187769
11991
6500
187769
11991
-5306
187769
11991
-5963
187769
11991
5384
187769
11991
4588
187769
11991
502
187769
11991
3461
187769
11991
-3607
187769
11991
818
187769
11991
-277
187769
11991
-219
187769
11991
-5032
187769
11991
1270
187769
11991
-2621
187769
11991
9159
187769
11991
-3377
187769
11991
-11818
187769
11991
1894
187769
11991
-4745
187769
11991
-2603
187769
11991
-3253
187769
11991
-4834
187769
11991
6227
187769
11991
-5352
187769
11991
-3976
187769
11991
-4547
187769
