-30261
23133
-30261
28787
-30261
23080
-30261
16729
-30261
28193
-30261
10685
-30261
18983
-30261
15040
-30261
20696
-30261
17213
-30261
2317
-30261
3442
-30261
150
-30261
135
-30261
-9493
-30261
8540
-30261
18426
-30261
-14938
-30261
31141
-30261
21201
-30261
8825
-30261
29266
-30261
-15543
-30261
-31771
-30261
-12414
-30261
18601
-30261
-9532
-30261
6373
-30261
-11618
-30261
14224
-30261
32206
-30261
11001
-30261
26424
-30261
18032
-30261
25142
-30261
1190
-30261
-3849
-30261
-21674
-30261
27419
-30261
10999
-30261
32665
-30261
-7649
-30261
-31372
-30261
-26177
-30261
-12688
-30261
3700
-30261
29761
-30261
16084
-30261
28601
-30261
-27131
-14866
25168
-14866
-1482
-14866
-14688
-14866
7437
-14866
-16154
-14866
24774
-14866
17356
-14866
-11741
-14866
-18111
-14866
16434
-14866
-28143
-14866
10482
-14866
-9439
-14866
21947
-14866
3489
-14866
-8954
-14866
-18456
-14866
-25779
-14866
15968
-14866
13578
-14866
-13152
-14866
-2856
-14866
31451
-14866
-18434
-14866
23401
-14866
22227
-14866
24779
-14866
26951
-14866
29266
-14866
-3003
-14866
27989
-14866
-31948
-14866
17590
-14866
-12465
-14866
-12443
-14866
14923
-14866
-3780
-14866
11529
-14866
-8317
-14866
17237
-14866
-775
-14866
-21144
-14866
9088
-14866
14342
-14866
-25250
-14866
-18554
-14866
16284
-14866
-16515
-14866
5827
-14866
31655
-16180
30104
-16180
-27920
-16180
19980
-16180
10080
-16180
-19995
-16180
-4913
-16180
-5078
-16180
8647
-16180
17881
-16180
19082
-16180
22809
-16180
20534
-16180
476
-16180
19575
-16180
29642
-16180
15272
-16180
2852
-16180
-10194
-16180
13646
-16180
-24848
-16180
-31743
-16180
-22617
-16180
22103
-16180
31894
-16180
31019
-16180
-390
-16180
-32731
-16180
32016
-16180
23286
-16180
13746
-16180
32197
-16180
-5112
-16180
-10499
-16180
2949
-16180
-9759
-16180
7548
-16180
-25127
-16180
26682
-16180
-221
-16180
15684
-16180
-9263
-16180
-19348
-16180
-32149
-16180
22818
-16180
-27119
-16180
-836
-16180
6331
-16180
12252
-16180
27852
-16180
21051
30081
3462
30081
-30301
30081
10322
30081
8180
30081
-21365
30081
-28472
30081
15907
30081
5075
30081
-35
30081
-13535
30081
31654
30081
-9390
30081
4328
30081
5231
30081
31656
30081
-921
30081
-4445
30081
17461
30081
-19903
30081
32614
30081
-13189
30081
-16981
30081
31104
30081
15830
30081
31797
30081
-29236
30081
-28212
30081
-19278
30081
15500
30081
31165
30081
-29111
30081
-28678
30081
-19601
30081
-14466
30081
-23805
30081
25834
30081
5548
30081
17023
30081
18271
30081
-4117
30081
-17059
30081
21887
30081
12861
30081
2902
30081
26209
30081
-2787
30081
18566
30081
-10896
30081
17423
30081
-2620
1616
23853
1616
-20595
1616
-29904
1616
19626
1616
5870
1616
21335
1616
-24985
1616
23838
1616
14415
1616
5498
1616
-23833
1616
-3506
1616
753
1616
-20575
1616
-18614
1616
-31423
1616
23632
1616
8392
1616
-30185
1616
16059
1616
1049
1616
26196
1616
5341
1616
-8324
1616
-13903
1616
323
1616
-15901
1616
-30533
1616
-4782
1616
-261
1616
-6648
1616
10130
1616
-30859
1616
-9503
1616
-11101
1616
-30025
1616
22663
1616
22773
1616
-513
1616
-15984
1616
-27766
1616
-31963
1616
-31503
1616
7678
1616
-25640
1616
27518
1616
27021
1616
-27078
1616
3194
1616
15903
12604
-27601
12604
27167
12604
-19752
12604
-21502
12604
-27856
12604
1649
12604
28534
12604
-6057
12604
-20078
12604
-12136
12604
4782
12604
-26530
12604
-10489
12604
-7730
12604
-25489
12604
-15210
12604
23939
12604
-23601
12604
-24994
12604
-4552
12604
-11428
12604
11540
12604
27417
12604
13576
12604
-9660
12604
-3263
12604
-20317
12604
-5749
12604
-29537
12604
-121
12604
-10471
12604
21230
12604
-25795
12604
17300
12604
-24750
12604
24444
12604
6224
12604
31820
12604
-9133
12604
-9287
12604
-11055
12604
-12595
12604
4473
12604
-5923
12604
19389
12604
32712
12604
-15843
12604
-29481
12604
5072
12604
30254
-19976
32338
-19976
-2445
-19976
22278
-19976
-3876
-19976
-26534
-19976
24722
-19976
-14598
-19976
-11872
-19976
-8741
-19976
-16811
-19976
20398
-19976
-26528
-19976
28068
-19976
23657
-19976
17115
-19976
-996
-19976
12845
-19976
-325
-19976
31057
-19976
17975
-19976
-24996
-19976
25588
-19976
-823
-19976
-335
-19976
-9053
-19976
1508
-19976
-21400
-19976
-19910
-19976
31798
-19976
919
-19976
9709
-19976
-30349
-19976
22660
-19976
-1568
-19976
-14046
-19976
23901
-19976
24837
-19976
-21123
-19976
18607
-19976
-16676
-19976
11572
-19976
-22736
-19976
-26831
-19976
-7629
-19976
-5781
-19976
-26992
-19976
30861
-19976
-24906
-19976
16380
-19976
11956
-31614
-29145
-31614
9543
-31614
25909
-31614
-14613
-31614
-11909
-31614
-27570
-31614
-19030
-31614
25010
-31614
13643
-31614
11273
-31614
-18090
-31614
-3243
-31614
2218
-31614
-25630
-31614
25804
-31614
-266
-31614
21877
-31614
-17435
-31614
-7632
-31614
21273
-31614
9990
-31614
-14886
-31614
22623
-31614
-23026
-31614
14408
-31614
10475
-31614
30545
-31614
-963
-31614
-19492
-31614
-22794
-31614
-3182
-31614
-14797
-31614
6594
-31614
-25093
-31614
-7682
-31614
27278
-31614
-7481
-31614
-26026
-31614
-27468
-31614
-8587
-31614
-26494
-31614
-7953
-31614
12346
-31614
29840
-31614
-2753
-31614
3195
-31614
-11417
-31614
10236
-31614
-13654
-31614
23955
-96
-7014
-96
-22392
-96
27790
-96
-31196
-96
30078
-96
23214
-96
-2947
-96
12693
-96
-6651
-96
-4541
-96
-8981
-96
-22214
-96
-8394
-96
-20960
-96
-3673
-96
-4548
-96
-2416
-96
-30302
-96
-15432
-96
30959
-96
2472
-96
-31795
-96
-4074
-96
-21364
-96
4251
-96
-15772
-96
-3128
-96
-13579
-96
1196
-96
21026
-96
-28379
-96
-18867
-96
-9407
-96
-6122
-96
-23528
-96
17929
-96
-12625
-96
5918
-96
-31273
-96
30659
-96
-27383
-96
-10599
-96
2098
-96
3762
-96
-19592
-96
-21288
-96
-9765
-96
-14615
-96
996
-96
-9909
24326
-1789
24326
-30232
24326
31935
24326
-16220
24326
-32205
24326
18458
24326
10160
24326
-27863
24326
28826
24326
24641
24326
-30372
24326
11544
24326
18828
24326
20787
24326
-9928
24326
16976
24326
-12870
24326
-27561
24326
17067
24326
18470
24326
-24399
24326
18135
24326
-26979
24326
3798
24326
-8677
24326
-16481
24326
-30114
24326
-16827
24326
-13050
24326
-9343
24326
8614
24326
-24951
24326
29190
24326
-21244
24326
20620
24326
-31777
24326
-29206
24326
-316
24326
-5015
24326
26612
24326
-19900
24326
29947
24326
15654
24326
8001
24326
-21309
24326
-31812
24326
29781
24326
-14686
24326
-10743
24326
-1355
-11721
-9456
-11721
16538
-11721
-17267
-11721
-16687
-11721
-19807
-11721
-8344
-11721
-2183
-11721
-30476
-11721
5810
-11721
26135
-11721
-17851
-11721
-13041
-11721
17939
-11721
-15572
-11721
-549
-11721
-25438
-11721
21764
-11721
-5361
-11721
-29393
-11721
2646
-11721
5666
-11721
7352
-11721
29376
-11721
11062
-11721
12061
-11721
-25149
-11721
8941
-11721
22509
-11721
-3236
-11721
-10744
-11721
-4521
-11721
10196
-11721
31322
-11721
15841
-11721
-15596
-11721
25873
-11721
16152
-11721
-7868
-11721
27983
-11721
30684
-11721
26537
-11721
-8925
-11721
15474
-11721
15118
-11721
11473
-11721
3029
-11721
9753
-11721
-2474
-11721
-6579
-11721
-3929
3104
-3056
3104
9035
3104
-7036
3104
-13534
3104
14345
3104
-6199
3104
-24354
3104
21265
3104
-6603
3104
13868
3104
-17133
3104
25017
3104
17247
3104
-14312
3104
-19718
3104
-31946
3104
6082
3104
-6234
3104
-23660
3104
16995
3104
-6468
3104
6781
3104
15905
3104
-28486
3104
-21651
3104
-26626
3104
-12368
3104
21210
3104
-6419
3104
13587
3104
19557
3104
-28736
3104
8158
3104
-4677
3104
10797
3104
-23779
3104
25801
3104
-12599
3104
-23638
3104
8032
3104
20856
3104
711
3104
-28745
3104
26087
3104
-17812
3104
20549
3104
31376
3104
21628
3104
-16966
3104
4953
25763
-20823
25763
13207
25763
917
25763
2725
25763
-13756
25763
12575
25763
-1312
25763
-2279
25763
18016
25763
26662
25763
12669
25763
10538
25763
-30267
25763
20411
25763
5708
25763
-16406
25763
14328
25763
20140
25763
-25881
25763
26991
25763
27321
25763
-17825
25763
7589
25763
24618
25763
-29773
25763
-27729
25763
8474
25763
27074
25763
32521
25763
187
25763
-18640
25763
161
25763
7686
25763
19508
25763
-14135
25763
-9664
25763
18813
25763
29379
25763
-18025
25763
-13130
25763
-23552
25763
-24290
25763
-30146
25763
8092
25763
-12011
25763
30460
25763
-30854
25763
21322
25763
12722
25763
19161
-32040
28093
-32040
-17352
-32040
15130
-32040
30569
-32040
15248
-32040
-1605
-32040
-20228
-32040
-7573
-32040
11815
-32040
-21728
-32040
-16596
-32040
-25809
-32040
8954
-32040
-298
-32040
24868
-32040
6822
-32040
-9979
-32040
-30775
-32040
902
-32040
6003
-32040
-29154
-32040
29525
-32040
-8033
-32040
18182
-32040
-26878
-32040
6574
-32040
6892
-32040
10706
-32040
25719
-32040
-28485
-32040
-12968
-32040
19867
-32040
-18051
-32040
11133
-32040
-9878
-32040
-1631
-32040
-9658
-32040
-31113
-32040
-27090
-32040
-13811
-32040
20074
-32040
-20115
-32040
-4007
-32040
29158
-32040
14108
-32040
6345
-32040
-15693
-32040
-13583
-32040
23152
-32040
-15563
-20849
-17673
-20849
-5798
-20849
29432
-20849
11700
-20849
-30034
-20849
9802
-20849
-24338
-20849
30516
-20849
4411
-20849
21873
-20849
-24432
-20849
8062
-20849
-31369
-20849
21682
-20849
-3119
-20849
-10899
-20849
26690
-20849
-2658
-20849
3363
-20849
18818
-20849
17375
-20849
20486
-20849
-5885
-20849
-31607
-20849
13616
-20849
-1516
-20849
4466
-20849
26797
-20849
10517
-20849
-14380
-20849
-28266
-20849
32704
-20849
-20715
-20849
-21769
-20849
24117
-20849
-26394
-20849
13589
-20849
29548
-20849
14163
-20849
-18317
-20849
-7999
-20849
6208
-20849
-8341
-20849
30841
-20849
-17033
-20849
30865
-20849
-3821
-20849
5479
-20849
-25250
-20849
15193
9690
-2980
9690
-3944
9690
3554
9690
17405
9690
32745
9690
-25359
9690
-7949
9690
-7644
9690
-5073
9690
28001
9690
-16881
9690
11489
9690
-10736
9690
18606
9690
24518
9690
24683
9690
14965
9690
-28564
9690
-20912
9690
-23225
9690
-2177
9690
-30614
9690
17061
9690
7160
9690
-2251
9690
13389
9690
-4903
9690
30416
9690
-5936
9690
-16734
9690
-16023
9690
26692
9690
-13584
9690
18066
9690
14374
9690
-1724
9690
25741
9690
5385
9690
-28377
9690
-29702
9690
-10986
9690
-1065
9690
-4216
9690
10424
9690
6784
9690
-26755
9690
-27870
9690
-13055
9690
24851
9690
23100
-23355
-3980
-23355
-17879
-23355
28428
-23355
18607
-23355
6702
-23355
22187
-23355
-16903
-23355
20032
-23355
22398
-23355
29642
-23355
7579
-23355
-7359
-23355
-2229
-23355
16159
-23355
1822
-23355
22247
-23355
-4395
-23355
1178
-23355
21239
-23355
-19487
-23355
-11000
-23355
17447
-23355
-3595
-23355
24922
-23355
-31962
-23355
-30314
-23355
-3131
-23355
26130
-23355
9327
-23355
-19950
-23355
579
-23355
18852
-23355
11084
-23355
22298
-23355
-8870
-23355
9195
-23355
-16704
-23355
-2932
-23355
25930
-23355
-14103
-23355
12686
-23355
23655
-23355
14790
-23355
-12277
-23355
-17893
-23355
-10284
-23355
1113
-23355
-24346
-23355
2371
-23355
29917
-8028
-30629
-8028
-10047
-8028
-23877
-8028
-29862
-8028
29426
-8028
12327
-8028
21617
-8028
-8945
-8028
-11767
-8028
17259
-8028
11400
-8028
-1799
-8028
-18477
-8028
-19118
-8028
32349
-8028
-18400
-8028
23236
-8028
-18545
-8028
17374
-8028
26567
-8028
-18356
-8028
1791
-8028
-1702
-8028
-28064
-8028
22728
-8028
14790
-8028
21292
-8028
-27526
-8028
11689
-8028
17444
-8028
-2135
-8028
-21149
-8028
10400
-8028
-20302
-8028
32292
-8028
21126
-8028
-17910
-8028
5142
-8028
5935
-8028
23122
-8028
-31135
-8028
20724
-8028
-9504
-8028
6165
-8028
-14880
-8028
5157
-8028
-28328
-8028
-25294
-8028
7230
-8028
10913
27036
-28246
27036
-32565
27036
18115
27036
26048
27036
8772
27036
-29728
27036
28179
27036
-25858
27036
-21296
27036
4319
27036
10539
27036
-10854
27036
-4609
27036
-17296
27036
-16096
27036
-25260
27036
-6294
27036
25551
27036
24932
27036
3220
27036
-13933
27036
1828
27036
22971
27036
-15722
27036
28700
27036
23976
27036
-24287
27036
19080
27036
1346
27036
13659
27036
-27989
27036
-25926
27036
22150
27036
-20449
27036
-17636
27036
19910
27036
19126
27036
-12229
27036
-14865
27036
-8268
27036
-29786
27036
12830
27036
3180
27036
22729
27036
21273
27036
-5800
27036
1649
27036
-5226
27036
-7162
27036
14377
9843
13953
9843
-18197
9843
9829
9843
4226
9843
20169
9843
-13867
9843
2685
9843
-28066
9843
23753
9843
-5499
9843
-4450
9843
-26135
9843
8884
9843
-25789
9843
17791
9843
-29449
9843
-11076
9843
-20715
9843
21693
9843
-25549
9843
15202
9843
-18484
9843
21542
9843
18266
9843
-18427
9843
-24539
9843
10312
9843
5405
9843
-12104
9843
2922
9843
-5953
9843
6358
9843
-19668
9843
6729
9843
4973
9843
-25505
9843
21606
9843
-3803
9843
10656
9843
23106
9843
-18631
9843
10318
9843
14695
9843
30748
9843
4436
9843
-21116
9843
-23466
9843
11054
9843
-22230
9843
-14083
8351
-7291
8351
-14309
8351
-25664
8351
-25537
8351
10814
8351
-2686
8351
-2834
8351
17065
8351
-21345
8351
-8401
8351
20931
8351
1645
8351
3298
8351
6872
8351
12109
8351
-26939
8351
2882
8351
-1683
8351
-7527
8351
10237
8351
-13599
8351
15036
8351
28901
8351
5164
8351
19925
8351
-4611
8351
17696
8351
21882
8351
12148
8351
-2650
8351
31351
8351
-2197
8351
-31223
8351
-28804
8351
-29280
8351
-15587
8351
-12213
8351
-26434
8351
2719
8351
12115
8351
6536
8351
4505
8351
11645
8351
-16768
8351
-21436
8351
7418
8351
-11170
8351
-18439
8351
20134
8351
31246
-1896
-32560
-1896
28366
-1896
9066
-1896
-17093
-1896
-31601
-1896
15871
-1896
31318
-1896
-13026
-1896
-15160
-1896
14360
-1896
-4032
-1896
-1749
-1896
20480
-1896
-23052
-1896
-26369
-1896
30999
-1896
26659
-1896
13358
-1896
-3746
-1896
-11365
-1896
27654
-1896
13364
-1896
-13083
-1896
-14123
-1896
11030
-1896
-5728
-1896
-26048
-1896
12175
-1896
621
-1896
2507
-1896
10211
-1896
-30911
-1896
-31657
-1896
-491
-1896
-28677
-1896
8698
-1896
8455
-1896
-30213
-1896
18124
-1896
31090
-1896
12555
-1896
5355
-1896
-19848
-1896
-21543
-1896
9617
-1896
20584
-1896
21941
-1896
15376
-1896
5968
-1896
5584
11173
17129
11173
29251
11173
16817
11173
-15562
11173
-2944
11173
22808
11173
-19936
11173
-18998
11173
-23665
11173
-13615
11173
-25494
11173
16931
11173
28786
11173
32130
11173
31658
11173
29855
11173
20461
11173
-32294
11173
-16002
11173
-20712
11173
-8064
11173
-28503
11173
3902
11173
-30561
11173
2412
11173
-13231
11173
7247
11173
-16033
11173
29254
11173
8337
11173
22218
11173
12544
11173
-4273
11173
25225
11173
-17325
11173
-9978
11173
26345
11173
18892
11173
27632
11173
-22449
11173
-25683
11173
953
11173
-10955
11173
-16748
11173
4510
11173
-9375
11173
-32009
11173
-2581
11173
-28020
11173
25837
-17420
31166
-17420
22524
-17420
32346
-17420
11588
-17420
-10358
-17420
-15466
-17420
-2744
-17420
-9191
-17420
-31024
-17420
-14574
-17420
1531
-17420
-6335
-17420
28605
-17420
-8920
-17420
24298
-17420
30649
-17420
27127
-17420
-10996
-17420
-794
-17420
543
-17420
10376
-17420
20744
-17420
-228
-17420
23868
-17420
6281
-17420
9104
-17420
27211
-17420
13064
-17420
872
-17420
17142
-17420
22883
-17420
23388
-17420
-10878
-17420
-14566
-17420
29704
-17420
19911
-17420
576
-17420
-4289
-17420
-5391
-17420
-26895
-17420
-839
-17420
-7561
-17420
-2327
-17420
-27153
-17420
32005
-17420
-11746
-17420
13299
-17420
-10917
-17420
20427
-17420
679
6645
22539
6645
25275
6645
-27884
6645
-17906
6645
-4498
6645
15566
6645
-32479
6645
1852
6645
16816
6645
-6095
6645
-529
6645
21076
6645
-15780
6645
23883
6645
20628
6645
-19760
6645
-3876
6645
-7432
6645
29104
6645
902
6645
-15384
6645
-16385
6645
1977
6645
-3488
6645
31395
6645
-15129
6645
-17654
6645
-6310
6645
-23956
6645
-7437
6645
17202
6645
8175
6645
8586
6645
25480
6645
5976
6645
13869
6645
-14553
6645
-27501
6645
25589
6645
17079
6645
-3772
6645
-9574
6645
8035
6645
18774
6645
25917
6645
-16889
6645
4242
6645
18290
6645
18108
6645
-19268
21783
-13016
21783
3726
21783
32593
21783
24218
21783
19785
21783
23192
21783
-26213
21783
-31686
21783
-12529
21783
-1398
21783
3266
21783
-12438
21783
10178
21783
-29435
21783
-2451
21783
-26729
21783
4356
21783
11722
21783
25855
21783
-1830
21783
-14947
21783
21239
21783
-7789
21783
-22684
21783
23760
21783
11855
21783
-12093
21783
19503
21783
31048
21783
16754
21783
6806
21783
-23402
21783
23244
21783
17544
21783
-31711
21783
30891
21783
-7356
21783
21399
21783
-9287
21783
-16191
21783
-29393
21783
-21034
21783
14901
21783
12409
21783
30539
21783
-10469
21783
-31675
21783
307
21783
-25993
21783
12879
-32632
19924
-32632
22187
-32632
24348
-32632
-25874
-32632
-4758
-32632
3028
-32632
28531
-32632
-32210
-32632
-5472
-32632
4268
-32632
-9897
-32632
29395
-32632
-20052
-32632
-20605
-32632
19214
-32632
8615
-32632
19405
-32632
-14401
-32632
12818
-32632
12554
-32632
-18491
-32632
-31237
-32632
930
-32632
2959
-32632
32305
-32632
-21877
-32632
30298
-32632
30167
-32632
-16037
-32632
24620
-32632
14450
-32632
-17288
-32632
-28647
-32632
-23766
-32632
-25426
-32632
-29688
-32632
22237
-32632
-22539
-32632
15158
-32632
7841
-32632
31378
-32632
-11655
-32632
-3844
-32632
-23437
-32632
7236
-32632
3863
-32632
19968
-32632
-5182
-32632
12660
-32632
26436
28570
-12452
28570
-26508
28570
-7632
28570
5133
28570
25660
28570
-15735
28570
-2930
28570
-28229
28570
8302
28570
-10409
28570
20743
28570
23392
28570
11945
28570
-7024
28570
21474
28570
-22736
28570
10401
28570
-14008
28570
-26551
28570
-8218
28570
-8428
28570
-7211
28570
-9012
28570
3648
28570
31491
28570
8215
28570
20980
28570
-13365
28570
-4729
28570
-10071
28570
-24949
28570
-1695
28570
-25731
28570
19778
28570
-2758
28570
31543
28570
-23858
28570
-30198
28570
15275
28570
-12624
28570
2582
28570
-2602
28570
6779
28570
20593
28570
16126
28570
23445
28570
-11524
28570
-20741
28570
-32727
28570
-8159
20033
16359
20033
4891
20033
32027
20033
-20965
20033
21812
20033
-13993
20033
29093
20033
-24609
20033
-686
20033
-14201
20033
6599
20033
22458
20033
11462
20033
-19117
20033
32278
20033
-9997
20033
-18707
20033
-6823
20033
30887
20033
-7776
20033
-19990
20033
-3806
20033
12702
20033
23907
20033
-16961
20033
-24335
20033
1862
20033
4457
20033
28559
20033
-15490
20033
-369
20033
21579
20033
-14202
20033
-19322
20033
-116
20033
4146
20033
4695
20033
18921
20033
-26856
20033
-23792
20033
26463
20033
-18076
20033
-16730
20033
30817
20033
19018
20033
4521
20033
-10315
20033
-9858
20033
-1423
20033
7296
-23801
-31930
-23801
-9009
-23801
-7613
-23801
8183
-23801
28285
-23801
17374
-23801
32234
-23801
14141
-23801
30416
-23801
-32530
-23801
-6065
-23801
-32274
-23801
-5547
-23801
-25969
-23801
17350
-23801
9994
-23801
-21375
-23801
-7517
-23801
29712
-23801
24100
-23801
-12956
-23801
29944
-23801
-7235
-23801
27246
-23801
-15164
-23801
-18729
-23801
7228
-23801
-7192
-23801
-11566
-23801
-10780
-23801
-14909
-23801
3486
-23801
-17801
-23801
1507
-23801
25264
-23801
-10040
-23801
22807
-23801
9936
-23801
13223
-23801
13124
-23801
4235
-23801
-29333
-23801
4583
-23801
16572
-23801
20231
-23801
-6507
-23801
25655
-23801
-30443
-23801
-8841
-23801
-14319
-14266
17811
-14266
11457
-14266
-13893
-14266
7325
-14266
24932
-14266
31159
-14266
-9892
-14266
24595
-14266
-22884
-14266
-3732
-14266
9189
-14266
-32767
-14266
-18380
-14266
-32622
-14266
-25621
-14266
-25545
-14266
8076
-14266
29426
-14266
27523
-14266
-18680
-14266
14172
-14266
-26156
-14266
29463
-14266
10081
-14266
29081
-14266
5758
-14266
-15254
-14266
32663
-14266
-16245
-14266
-20373
-14266
-12475
-14266
2155
-14266
-28334
-14266
-27164
-14266
15162
-14266
-3298
-14266
-849
-14266
17902
-14266
25808
-14266
14640
-14266
5899
-14266
-15602
-14266
-7629
-14266
-226
-14266
32116
-14266
1399
-14266
-26043
-14266
-28440
-14266
-25944
-14266
20226
15714
-17337
15714
29874
15714
-18480
15714
24608
15714
-6378
15714
19892
15714
11401
15714
11308
15714
-25220
15714
9272
15714
-5711
15714
24881
15714
-8970
15714
13900
15714
25748
15714
5750
15714
-18026
15714
-27609
15714
-17033
15714
-15536
15714
11421
15714
19835
15714
-17222
15714
-27162
15714
-14023
15714
6027
15714
-14480
15714
-9293
15714
-21869
15714
29616
15714
-21001
15714
-805
15714
-2062
15714
31097
15714
16711
15714
-31983
15714
-27040
15714
-10031
15714
18976
15714
9671
15714
-6462
15714
-17285
15714
-20227
15714
-24781
15714
20513
15714
-29029
15714
19586
15714
22217
15714
3970
15714
20319
-31006
-20882
-31006
-20558
-31006
24549
-31006
19248
-31006
27536
-31006
-5608
-31006
-27845
-31006
8609
-31006
-23389
-31006
-28654
-31006
6057
-31006
-1660
-31006
-15596
-31006
-1003
-31006
-17852
-31006
-20430
-31006
15969
-31006
8516
-31006
24487
-31006
-3352
-31006
-10130
-31006
13978
-31006
-17821
-31006
-12304
-31006
13079
-31006
9621
-31006
6715
-31006
-3856
-31006
-8746
-31006
-5566
-31006
-11769
-31006
-31857
-31006
-1355
-31006
-14596
-31006
6293
-31006
-23486
-31006
15437
-31006
-31733
-31006
8687
-31006
-29734
-31006
15786
-31006
-16215
-31006
-15826
-31006
-4543
-31006
-15802
-31006
-4218
-31006
1138
-31006
2198
-31006
-15633
-31006
-31397
-9604
18330
-9604
25466
-9604
-15382
-9604
-12043
-9604
11026
-9604
31159
-9604
-6679
-9604
-9501
-9604
-32146
-9604
18999
-9604
-4192
-9604
-2054
-9604
11239
-9604
-9429
-9604
9833
-9604
18608
-9604
-21474
-9604
-16551
-9604
-12812
-9604
19447
-9604
6958
-9604
23877
-9604
5707
-9604
-32534
-9604
-4482
-9604
14566
-9604
-4135
-9604
7091
-9604
6673
-9604
18361
-9604
29349
-9604
8888
-9604
-11317
-9604
1334
-9604
31216
-9604
-18741
-9604
-26230
-9604
20046
-9604
24827
-9604
8724
-9604
-21568
-9604
26670
-9604
18016
-9604
-17400
-9604
-5336
-9604
23517
-9604
7134
-9604
4550
-9604
5597
-9604
-24866
4781
5606
4781
-23024
4781
-3366
4781
-3867
4781
-32300
4781
30994
4781
20282
4781
-24669
4781
13479
4781
13080
4781
24745
4781
-25807
4781
-22743
4781
19571
4781
501
4781
-31104
4781
-3714
4781
1297
4781
-20768
4781
10772
4781
-25135
4781
-435
4781
-27091
4781
12862
4781
-6761
4781
-11927
4781
13037
4781
-9806
4781
-6657
4781
-14875
4781
19816
4781
18739
4781
-13248
4781
18563
4781
15490
4781
10583
4781
-26422
4781
-20540
4781
-15252
4781
657
4781
15970
4781
1348
4781
1347
4781
18769
4781
-25077
4781
26999
4781
3540
4781
954
4781
32225
4781
-13991
1329
-4063
1329
-6068
1329
-30141
1329
-27562
1329
-1771
1329
-12353
1329
-4349
1329
-13758
1329
-19776
1329
18431
1329
6047
1329
-4282
1329
-4924
1329
2749
1329
28222
1329
18994
1329
-10484
1329
22973
1329
25414
1329
4531
1329
6942
1329
-18464
1329
19628
1329
-25722
1329
-24538
1329
18445
1329
-25738
1329
4645
1329
-27022
1329
2554
1329
-11072
1329
20451
1329
12280
1329
24215
1329
-24177
1329
-29996
1329
-24321
1329
-18810
1329
-25764
1329
25861
1329
-19586
1329
9617
1329
-15993
1329
-538
1329
-4028
1329
17639
1329
6798
1329
-8048
1329
11619
1329
18874
-21608
-1786
-21608
1790
-21608
-889
-21608
-27300
-21608
27868
-21608
-20005
-21608
13090
-21608
13477
-21608
-11701
-21608
-23807
-21608
-9880
-21608
22483
-21608
28412
-21608
-760
-21608
-21839
-21608
29192
-21608
2973
-21608
8961
-21608
12403
-21608
-31694
-21608
28345
-21608
10218
-21608
1548
-21608
10275
-21608
-830
-21608
10819
-21608
21421
-21608
-22767
-21608
-24678
-21608
-13202
-21608
8064
-21608
-16581
-21608
-16806
-21608
2411
-21608
17718
-21608
26502
-21608
2798
-21608
14226
-21608
5651
-21608
-31496
-21608
19776
-21608
-31688
-21608
10165
-21608
31534
-21608
-12144
-21608
19324
-21608
-15188
-21608
-8393
-21608
-13589
-21608
22107
-26370
-11363
-26370
11738
-26370
18805
-26370
-7277
-26370
-29587
-26370
12280
-26370
30893
-26370
2560
-26370
-24348
-26370
-3967
-26370
1742
-26370
19111
-26370
-14773
-26370
-24342
-26370
-3936
-26370
29020
-26370
20616
-26370
-4425
-26370
22854
-26370
-12662
-26370
3537
-26370
27388
-26370
30621
-26370
17003
-26370
19262
-26370
-11264
-26370
-26762
-26370
24883
-26370
4004
-26370
25338
-26370
-32621
-26370
-16203
-26370
17894
-26370
7972
-26370
13010
-26370
149
-26370
-15954
-26370
-17598
-26370
-12434
-26370
-31713
-26370
5734
-26370
-19478
-26370
-946
-26370
11933
-26370
-21381
-26370
-4374
-26370
28769
-26370
-779
-26370
12400
-26370
17822
-29075
-17091
-29075
-31821
-29075
-10633
-29075
11620
-29075
30117
-29075
-17299
-29075
-1726
-29075
5015
-29075
-13966
-29075
6907
-29075
-14194
-29075
12922
-29075
-7276
-29075
-25208
-29075
-16297
-29075
-15521
-29075
11780
-29075
-18664
-29075
-8186
-29075
23707
-29075
12469
-29075
9062
-29075
-481
-29075
-21115
-29075
26634
-29075
2997
-29075
-729
-29075
-6513
-29075
11339
-29075
22866
-29075
26107
-29075
-6372
-29075
-5558
-29075
-14180
-29075
-31653
-29075
13401
-29075
23980
-29075
393
-29075
32174
-29075
8774
-29075
4589
-29075
-2727
-29075
2808
-29075
15798
-29075
16790
-29075
6972
-29075
-8515
-29075
-4442
-29075
2354
-29075
9452
-12102
-26241
-12102
-14214
-12102
2854
-12102
27495
-12102
-14191
-12102
-3375
-12102
5084
-12102
-14552
-12102
22175
-12102
6574
-12102
32181
-12102
-11549
-12102
13157
-12102
6356
-12102
11404
-12102
-26467
-12102
30984
-12102
-8608
-12102
4465
-12102
-4136
-12102
-11224
-12102
495
-12102
12094
-12102
-26516
-12102
8287
-12102
-27291
-12102
15596
-12102
13763
-12102
9244
-12102
16814
-12102
21598
-12102
-24497
-12102
-3653
-12102
-9361
-12102
9167
-12102
-12771
-12102
18697
-12102
-5107
-12102
-27608
-12102
5502
-12102
7231
-12102
-22257
-12102
-8483
-12102
-12319
-12102
9741
-12102
-8821
-12102
10679
-12102
-28774
-12102
7598
-12102
-19819
-19776
-24805
-19776
7530
-19776
-2240
-19776
-7889
-19776
18177
-19776
3536
-19776
-21005
-19776
-22482
-19776
-13260
-19776
-23115
-19776
-28474
-19776
32398
-19776
-7846
-19776
-17559
-19776
-5374
-19776
11997
-19776
-24532
-19776
995
-19776
-14854
-19776
-16725
-19776
27751
-19776
25593
-19776
-17270
-19776
-28024
-19776
-24359
-19776
30703
-19776
-15640
-19776
19556
-19776
16009
-19776
8429
-19776
-20158
-19776
6556
-19776
-3239
-19776
386
-19776
-5302
-19776
18010
-19776
5641
-19776
-31496
-19776
-8928
-19776
8576
-19776
10834
-19776
-7123
-19776
-16497
-19776
14695
-19776
30582
-19776
-4288
-19776
-24426
-19776
-28188
-19776
-12705
-19776
-6438
8108
17071
8108
21640
8108
13986
8108
-6200
8108
-20703
8108
12489
8108
20944
8108
-20637
8108
31608
8108
17420
8108
1983
8108
12159
8108
-268
8108
-27050
8108
23508
8108
-27577
8108
-7196
8108
2097
8108
-7346
8108
9629
8108
145
8108
11479
8108
8252
8108
-11979
8108
-28073
8108
16781
8108
-28410
8108
-26877
8108
-2103
8108
-31058
8108
-9597
8108
-4981
8108
14431
8108
-24266
8108
-17199
8108
14490
8108
-12061
8108
7811
8108
-25654
8108
30356
8108
28635
8108
-8761
8108
-29247
8108
-12476
8108
-9137
8108
-15221
8108
-11902
8108
5873
8108
-16444
8108
6225
216
21815
216
17408
216
25579
216
5957
216
13940
216
-10165
216
25255
216
-6253
216
13816
216
29115
216
-20552
216
-4171
216
27973
216
-20270
216
26826
216
-14749
216
-5739
216
-22426
216
25032
216
-8505
216
-13289
216
3438
216
24307
216
9811
216
5531
216
22953
216
-30189
216
23814
216
3763
216
24955
216
27306
216
-5979
216
6630
216
12624
216
-1095
216
328
216
31411
216
-11384
216
-2367
216
-23971
216
13555
216
-15763
216
-9145
216
-27662
216
15454
216
1095
216
-24595
216
-13651
216
6718
216
-3289
-24679
4789
-24679
-23545
-24679
7514
-24679
19455
-24679
-13953
-24679
-15756
-24679
-29539
-24679
-5637
-24679
854
-24679
-2387
-24679
-25712
-24679
-3345
-24679
-18080
-24679
13942
-24679
-4709
-24679
-32002
-24679
18075
-24679
6158
-24679
-10166
-24679
-26156
-24679
28347
-24679
-28503
-24679
17668
-24679
-24072
-24679
-21562
-24679
5224
-24679
16920
-24679
27138
-24679
-28698
-24679
23707
-24679
14781
-24679
-18868
-24679
-9478
-24679
-5202
-24679
-6628
-24679
21591
-24679
-24567
-24679
-25475
-24679
-15458
-24679
7771
-24679
8460
-24679
16033
-24679
28157
-24679
-11874
-24679
9078
-24679
-8254
-24679
6932
-24679
-11137
-24679
-7554
-24679
-18177
27170
-29297
27170
3132
27170
24282
27170
-29812
27170
22065
27170
-18642
27170
-27917
27170
3115
27170
-27356
27170
15657
27170
-906
27170
15349
27170
13089
27170
18364
27170
11694
27170
21933
27170
-20387
27170
-26978
27170
21493
27170
22594
27170
18241
27170
-13873
27170
10867
27170
1615
27170
31783
27170
-12109
27170
-24308
27170
-29552
27170
1444
27170
22378
27170
-16202
27170
-28427
27170
30077
27170
-5110
27170
-4407
27170
16810
27170
-10673
27170
31493
27170
13416
27170
-2516
27170
-27698
27170
3138
27170
-31631
27170
-118
27170
12700
27170
-14763
27170
-30581
27170
22222
27170
19595
27170
-7352
-6420
24162
-6420
13846
-6420
-21660
-6420
-18315
-6420
-7323
-6420
28443
-6420
31647
-6420
26105
-6420
-30606
-6420
-30005
-6420
-19694
-6420
-32478
-6420
-12074
-6420
-15976
-6420
-31489
-6420
23989
-6420
-27399
-6420
-26467
-6420
-6244
-6420
-17556
-6420
-9585
-6420
5230
-6420
30538
-6420
30174
-6420
1624
-6420
20602
-6420
-27613
-6420
12195
-6420
-29389
-6420
2973
-6420
-12806
-6420
-30332
-6420
10724
-6420
29275
-6420
-22738
-6420
9377
-6420
21800
-6420
20278
-6420
16425
-6420
-20682
-6420
-17340
-6420
32310
-6420
18980
-6420
-6553
-6420
16749
-6420
-5229
-6420
-9325
-6420
30927
-6420
-29455
-6420
20520
13137
-28605
13137
-13419
13137
22657
13137
-29457
13137
32591
13137
-2859
13137
-11810
13137
3269
13137
29393
13137
-19113
13137
-11051
13137
30263
13137
-6649
13137
-32658
13137
4222
13137
-20483
13137
31719
13137
-20307
13137
30592
13137
32662
13137
4689
13137
-30446
13137
-14460
13137
12578
13137
-27832
13137
-26588
13137
30747
13137
5630
13137
-22455
13137
-9846
13137
23774
13137
-14721
13137
-10122
13137
18366
13137
-20740
13137
31616
13137
16506
13137
12933
13137
23031
13137
32644
13137
-30005
13137
-31700
13137
-7567
13137
30743
13137
-11966
13137
-29067
13137
28890
13137
-12870
13137
30135
13137
21150
-15386
5674
-15386
8454
-15386
16432
-15386
8767
-15386
-29334
-15386
30150
-15386
-28567
-15386
18823
-15386
-1222
-15386
21854
-15386
-11728
-15386
30410
-15386
-3283
-15386
-8604
-15386
16771
-15386
27951
-15386
-19214
-15386
-5686
-15386
14803
-15386
27634
-15386
1187
-15386
8258
-15386
-23558
-15386
4411
-15386
2927
-15386
-30567
-15386
-19270
-15386
17872
-15386
26388
-15386
4581
-15386
12499
-15386
5901
-15386
26847
-15386
-13621
-15386
12061
-15386
4813
-15386
-12020
-15386
-6454
-15386
13111
-15386
1967
-15386
12864
-15386
31409
-15386
-20192
-15386
14097
-15386
-6171
-15386
4073
-15386
16888
-15386
-6798
-15386
9986
-15386
-6824
-16546
-26016
-16546
22911
-16546
14101
-16546
13972
-16546
9975
-16546
-3628
-16546
26400
-16546
-21739
-16546
-32188
-16546
-29949
-16546
5561
-16546
22091
-16546
29933
-16546
22080
-16546
8244
-16546
-19431
-16546
-15467
-16546
-8409
-16546
-18848
-16546
-18484
-16546
-15476
-16546
-26663
-16546
22199
-16546
-30281
-16546
-14344
-16546
3730
-16546
-23549
-16546
3742
-16546
20914
-16546
19667
-16546
15209
-16546
2007
-16546
4805
-16546
14715
-16546
-21144
-16546
12600
-16546
-26719
-16546
10876
-16546
31118
-16546
4432
-16546
-5035
-16546
28205
-16546
-19711
-16546
-9313
-16546
-29173
-16546
-31485
-16546
29548
-16546
26175
-16546
2952
-16546
30772
8699
21617
8699
894
8699
1023
8699
5100
8699
1145
8699
21338
8699
10858
8699
-2088
8699
12314
8699
6834
8699
11465
8699
-16306
8699
14503
8699
-2663
8699
-22134
8699
20217
8699
6674
8699
18441
8699
27943
8699
-26271
8699
10231
8699
-6873
8699
15685
8699
16003
8699
23673
8699
-21606
8699
7214
8699
-5689
8699
-14991
8699
4500
8699
-18370
8699
25472
8699
25256
8699
6784
8699
5208
8699
12638
8699
-22575
8699
28991
8699
-2021
8699
-7593
8699
27153
8699
5061
8699
14588
8699
-32190
8699
32345
8699
-26252
8699
-18797
8699
-10395
8699
14454
8699
-20255
-25387
5085
-25387
27283
-25387
-28805
-25387
-17251
-25387
-1558
-25387
4119
-25387
23639
-25387
-20532
-25387
-12682
-25387
-17596
-25387
30097
-25387
-16262
-25387
32095
-25387
32318
-25387
27985
-25387
20121
-25387
23268
-25387
-18032
-25387
1630
-25387
21464
-25387
-30058
-25387
-14289
-25387
-2822
-25387
-28739
-25387
3790
-25387
18888
-25387
-6707
-25387
31252
-25387
-492
-25387
16389
-25387
-19339
-25387
24844
-25387
-8814
-25387
-23894
-25387
1989
-25387
-6246
-25387
-6634
-25387
-1391
-25387
20976
-25387
-11022
-25387
25647
-25387
16084
-25387
-31486
-25387
2233
-25387
-30988
-25387
19741
-25387
30046
-25387
10202
-25387
10124
-25387
11788
26032
17543
26032
13033
26032
19423
26032
7466
26032
10200
26032
7679
26032
-4230
26032
2532
26032
4103
26032
-23461
26032
-4175
26032
-20423
26032
27472
26032
1750
26032
12305
26032
23553
26032
5520
26032
27814
26032
-10432
26032
29299
26032
-17193
26032
-19038
26032
-1741
26032
-16088
26032
-11003
26032
-10050
26032
-14898
26032
21390
26032
19676
26032
7591
26032
-14998
26032
17796
26032
18378
26032
1661
26032
9108
26032
-1655
26032
-15608
26032
9949
26032
27389
26032
24846
26032
21085
26032
9347
26032
30552
26032
5109
26032
-12606
26032
29115
26032
-9806
26032
24922
26032
-2005
26032
22717
-10813
32543
-10813
9180
-10813
-15646
-10813
3184
-10813
-15931
-10813
-31433
-10813
15966
-10813
1120
-10813
27193
-10813
-32605
-10813
17746
-10813
-17025
-10813
31906
-10813
16829
-10813
15789
-10813
21118
-10813
10547
-10813
-18572
-10813
-2610
-10813
20631
-10813
-718
-10813
17110
-10813
-24460
-10813
10138
-10813
-12669
-10813
-24825
-10813
-22522
-10813
8905
-10813
-4479
-10813
-23518
-10813
2772
-10813
-16970
-10813
-4276
-10813
2311
-10813
29180
-10813
-26080
-10813
19905
-10813
31921
-10813
7560
-10813
30194
-10813
-18396
-10813
32574
-10813
-25977
-10813
-22688
-10813
-9433
-10813
28508
-10813
31867
-10813
2789
-10813
28377
-10813
-8871
29624
30234
29624
-2563
29624
-22759
29624
-8181
29624
30845
29624
3957
29624
20779
29624
20131
29624
-3447
29624
-8013
29624
-443
29624
11037
29624
-5236
29624
21180
29624
-20317
29624
-5242
29624
4341
29624
-20616
29624
-23658
29624
-14881
29624
11558
29624
2039
29624
12041
29624
7299
29624
-2054
29624
2809
29624
21467
29624
-6720
29624
13687
29624
21759
29624
-29069
29624
22088
29624
13450
29624
15059
29624
14650
29624
-15792
29624
24152
29624
16448
29624
25675
29624
24106
29624
21500
29624
-728
29624
-13599
29624
23442
29624
-25735
29624
8856
29624
15425
29624
26925
29624
14114
29624
-3674
17651
-592
17651
-26111
17651
5222
17651
-2765
17651
24542
17651
-10035
17651
-28161
17651
29200
17651
-32700
17651
22458
17651
21670
17651
-18718
17651
-2494
17651
-19272
17651
32330
17651
-11650
17651
21151
17651
10380
17651
27270
17651
12787
17651
24733
17651
27448
17651
30713
17651
4141
17651
10376
17651
963
17651
13326
17651
-32593
17651
-22610
17651
17570
17651
-24346
17651
-32667
17651
-26203
17651
26835
17651
25531
17651
21413
17651
8488
17651
-10432
17651
31791
17651
2100
17651
-57
17651
-20055
17651
-17440
17651
-9491
17651
-17911
17651
-28695
17651
-12968
17651
-3553
17651
29898
17651
28873
-19665
-12901
-19665
12512
-19665
-19568
-19665
-8939
-19665
6492
-19665
-21348
-19665
-17642
-19665
-24702
-19665
25321
-19665
12206
-19665
24451
-19665
16357
-19665
1697
-19665
-29263
-19665
-11501
-19665
15624
-19665
-16395
-19665
20976
-19665
25945
-19665
-18194
-19665
-11499
-19665
-8117
-19665
-3287
-19665
-3977
-19665
-24735
-19665
3662
-19665
-22892
-19665
-13645
-19665
-15981
-19665
26767
-19665
-7928
-19665
23999
-19665
11943
-19665
408
-19665
27271
-19665
10224
-19665
29922
-19665
29258
-19665
23538
-19665
32300
-19665
8732
-19665
-28821
-19665
-13375
-19665
-17366
-19665
-23652
-19665
-775
-19665
18604
-19665
-28709
-19665
29433
-19665
-1443
21218
7468
21218
-5733
21218
-16986
21218
-24035
21218
12421
21218
-22496
21218
-31323
21218
9217
21218
27024
21218
23709
21218
-19132
21218
10777
21218
-11746
21218
-30007
21218
-6841
21218
2789
21218
1142
21218
-3313
21218
3521
21218
26457
21218
-21015
21218
31274
21218
1230
21218
-5078
21218
-8794
21218
-26318
21218
3756
21218
-29022
21218
-25865
21218
24815
21218
-31585
21218
11450
21218
-22556
21218
-13398
21218
22862
21218
21608
21218
-22622
21218
930
21218
5440
21218
-18127
21218
-24683
21218
12967
21218
28913
21218
-4170
21218
16543
21218
-28398
21218
-29016
21218
29447
21218
32418
21218
-27832
-9240
30654
-9240
23891
-9240
21929
-9240
14524
-9240
859
-9240
-26611
-9240
23691
-9240
-1945
-9240
-30059
-9240
-3350
-9240
-31573
-9240
-9181
-9240
-23562
-9240
14942
-9240
25556
-9240
12400
-9240
5846
-9240
3382
-9240
-1001
-9240
-30265
-9240
-25209
-9240
-26840
-9240
-32098
-9240
-31925
-9240
-3681
-9240
-22729
-9240
25419
-9240
18830
-9240
19277
-9240
2053
-9240
7222
-9240
-8414
-9240
804
-9240
11186
-9240
-31588
-9240
-7372
-9240
8881
-9240
-28976
-9240
27317
-9240
17930
-9240
27535
-9240
30917
-9240
-17971
-9240
13030
-9240
32726
-9240
-25554
-9240
31491
-9240
30163
-9240
4440
-9240
-915
23542
-21475
23542
-23121
23542
13990
23542
19097
23542
-29990
23542
-30764
23542
-5461
23542
21198
23542
17974
23542
-12968
23542
15076
23542
21922
23542
-16342
23542
3276
23542
-10806
23542
26895
23542
-9203
23542
30999
23542
-1789
23542
24469
23542
-18011
23542
-5651
23542
-28577
23542
24151
23542
18529
23542
-25061
23542
-20024
23542
-11585
23542
18148
23542
17466
23542
28258
23542
30069
23542
22147
23542
-5604
23542
31986
23542
6813
23542
-13870
23542
-16628
23542
7030
23542
-27713
23542
4943
23542
-16261
23542
-13043
23542
10605
23542
12300
23542
7376
23542
11530
23542
24426
23542
-25544
23542
-13310
17996
14538
17996
6895
17996
21095
17996
5778
17996
29164
17996
23475
17996
-5987
17996
-24971
17996
29552
17996
24733
17996
6076
17996
-24961
17996
-20903
17996
-8050
17996
-18122
17996
-6865
17996
29519
17996
19214
17996
-7718
17996
5818
17996
-10591
17996
-11448
17996
30184
17996
-28818
17996
-32266
17996
-467
17996
-16718
17996
-15505
17996
-3012
17996
-14364
17996
3462
17996
880
17996
10485
17996
27087
17996
-18286
17996
-463
17996
-21420
17996
14111
17996
3558
17996
-236
17996
-8642
17996
20897
17996
1989
17996
-23814
17996
12640
17996
-32617
17996
-8916
17996
24553
17996
-30634
17996
-3453
-10150
16355
-10150
11281
-10150
7796
-10150
-24581
-10150
-24268
-10150
14546
-10150
12452
-10150
-10827
-10150
-4829
-10150
-743
-10150
29273
-10150
-3766
-10150
-2573
-10150
-20551
-10150
20700
-10150
-25296
-10150
-16603
-10150
-311
-10150
-21935
-10150
-93
-10150
-20479
-10150
2853
-10150
19418
-10150
-5810
-10150
-23148
-10150
-20787
-10150
-3223
-10150
24155
-10150
27881
-10150
16991
-10150
28438
-10150
-15885
-10150
-3781
-10150
561
-10150
12965
-10150
8007
-10150
21122
-10150
7809
-10150
-25198
-10150
-18662
-10150
-27561
-10150
27085
-10150
-15207
-10150
7839
-10150
18160
-10150
30399
-10150
-6840
-10150
-1864
-10150
-12052
-10150
-27932
2353
32230
2353
-5691
2353
-6914
2353
-7380
2353
-27404
2353
-23836
2353
24740
2353
-25290
2353
-11119
2353
-8080
2353
-13490
2353
-29349
2353
-29068
2353
30244
2353
-27925
2353
-32546
2353
-29429
2353
-5544
2353
-12042
2353
-26728
2353
7078
2353
-3782
2353
23389
2353
21148
2353
-15007
2353
-29983
2353
15221
2353
14127
2353
-23367
2353
-5387
2353
-5823
2353
-560
2353
-22873
2353
22480
2353
-19810
2353
-30756
2353
9690
2353
22778
2353
-7923
2353
-32146
2353
10286
2353
-1963
2353
-8056
2353
23138
2353
7674
2353
8784
2353
-6324
2353
18592
2353
6027
2353
10009
16929
-20438
16929
-161
16929
-20124
16929
-28903
16929
-29341
16929
-16269
16929
31935
16929
7478
16929
-21588
16929
24088
16929
16654
16929
-2908
16929
6365
16929
-29562
16929
29134
16929
-26776
16929
-8419
16929
24392
16929
-12127
16929
22344
16929
-15529
16929
16654
16929
7560
16929
-2158
16929
9299
16929
1904
16929
14033
16929
30989
16929
31087
16929
-535
16929
21250
16929
9074
16929
-9998
16929
5924
16929
-11011
16929
14682
16929
23881
16929
-18365
16929
-30544
16929
26035
16929
-32473
16929
-20148
16929
-22875
16929
-12553
16929
5546
16929
-9241
16929
26616
16929
-28980
16929
18467
16929
-12855
31213
-16037
31213
16571
31213
-26188
31213
-13513
31213
-5647
31213
2981
31213
7611
31213
-28724
31213
-9796
31213
15540
31213
16359
31213
-11898
31213
24620
31213
-6750
31213
-13495
31213
-8081
31213
19542
31213
1606
31213
921
31213
-6787
31213
-26130
31213
24683
31213
16822
31213
11786
31213
-23381
31213
11038
31213
26834
31213
11049
31213
-5519
31213
15947
31213
-19468
31213
25598
31213
-27564
31213
25003
31213
-9934
31213
5783
31213
24466
31213
16433
31213
-20844
31213
13191
31213
-14352
31213
-14186
31213
-7089
31213
13975
31213
7488
31213
25694
31213
23289
31213
1223
31213
26636
31213
-28989
28228
18421
28228
-28841
28228
30119
28228
19164
28228
-26609
28228
1895
28228
31785
28228
9692
28228
4231
28228
27961
28228
21324
28228
10038
28228
-24622
28228
10425
28228
-7112
28228
10455
28228
25470
28228
23569
28228
26703
28228
26448
28228
14951
28228
30773
28228
1383
28228
7550
28228
10037
28228
-22971
28228
-19152
28228
-6236
28228
-20894
28228
-18122
28228
-10604
28228
7056
28228
-1869
28228
5079
28228
-1421
28228
10058
28228
30446
28228
14134
28228
-6705
28228
-10771
28228
803
28228
-17462
28228
29052
28228
-10662
28228
-31143
28228
-22452
28228
945
28228
9474
28228
2712
28228
-13627
-11736
9001
-11736
-19589
-11736
12058
-11736
26627
-11736
-9295
-11736
18234
-11736
-31377
-11736
1213
-11736
-24466
-11736
22812
-11736
-31492
-11736
-22791
-11736
-10129
-11736
-6677
-11736
-29600
-11736
-31716
-11736
-6422
-11736
-3653
-11736
-25792
-11736
25411
-11736
31135
-11736
13182
-11736
-18581
-11736
-6500
-11736
-5666
-11736
-4466
-11736
20957
-11736
-20013
-11736
3010
-11736
12657
-11736
-27662
-11736
28656
-11736
-5549
-11736
27710
-11736
-2027
-11736
2410
-11736
-18
-11736
31765
-11736
17695
-11736
1337
-11736
24526
-11736
15615
-11736
-8774
-11736
6353
-11736
13322
-11736
-30438
-11736
-13074
-11736
1602
-11736
-327
-11736
-16601
-29095
-23748
-29095
-20156
-29095
-4975
-29095
-26019
-29095
14536
-29095
-28590
-29095
25660
-29095
-8530
-29095
-26246
-29095
31357
-29095
12638
-29095
653
-29095
9197
-29095
10040
-29095
19939
-29095
-13041
-29095
-10008
-29095
-23965
-29095
-25854
-29095
-30639
-29095
1070
-29095
30986
-29095
26027
-29095
-18829
-29095
19106
-29095
30400
-29095
-23598
-29095
24593
-29095
-10789
-29095
-25488
-29095
-9050
-29095
4322
-29095
32707
-29095
15704
-29095
-12114
-29095
-23085
-29095
25610
-29095
23486
-29095
26672
-29095
1845
-29095
-6367
-29095
-714
-29095
21377
-29095
9189
-29095
-10021
-29095
-26361
-29095
-29179
-29095
-28128
-29095
15179
-29095
30087
8520
27245
8520
15023
8520
-10796
8520
2834
8520
-28408
8520
8547
8520
22297
8520
-17345
8520
-27098
8520
29472
8520
-7934
8520
-31812
8520
-17954
8520
-25116
8520
1132
8520
-24432
8520
-20907
8520
-4475
8520
1050
8520
1899
8520
-2118
8520
-31916
8520
-6190
8520
4723
8520
-24495
8520
2934
8520
-23410
8520
-6562
8520
14480
8520
-10905
8520
-2201
8520
-8694
8520
-3991
8520
20601
8520
-20417
8520
-3339
8520
20850
8520
-14566
8520
-9155
8520
-9476
8520
-14149
8520
14394
8520
-16920
8520
-25956
8520
-6684
8520
18481
8520
-16479
8520
23646
8520
-17596
8520
7988
-3018
-25903
-3018
-31334
-3018
11190
-3018
-19229
-3018
19910
-3018
25133
-3018
22066
-3018
24224
-3018
20193
-3018
-29322
-3018
26702
-3018
28984
-3018
29617
-3018
10442
-3018
9440
-3018
5569
-3018
-30706
-3018
-30009
-3018
-21932
-3018
-8580
-3018
-18545
-3018
30086
-3018
-30511
-3018
-29742
-3018
-9838
-3018
-22490
-3018
-15041
-3018
-26933
-3018
-14261
-3018
26393
-3018
-10813
-3018
25448
-3018
-786
-3018
11476
-3018
10270
-3018
-21115
-3018
-25984
-3018
16483
-3018
-17211
-3018
-10074
-3018
12795
-3018
-13409
-3018
-23524
-3018
3743
-3018
-6692
-3018
-17723
-3018
19811
-3018
-16219
-3018
3269
-3018
31913
22460
22909
22460
14555
22460
-13969
22460
-27790
22460
-7652
22460
17071
22460
-17767
22460
6166
22460
-9515
22460
2434
22460
-13191
22460
7670
22460
17112
22460
-4356
22460
2661
22460
-8626
22460
-29766
22460
3028
22460
-18722
22460
13072
22460
-23854
22460
13559
22460
23313
22460
-10582
22460
19380
22460
-22759
22460
-21197
22460
4045
22460
20014
22460
28932
22460
27475
22460
-4017
22460
-29682
22460
-29400
22460
14100
22460
-16618
22460
9069
22460
-11991
22460
-22759
22460
-29048
22460
23258
22460
9580
22460
27994
22460
13505
22460
21164
22460
9051
22460
24087
22460
16422
22460
-30635
22460
20590
7015
8050
7015
15777
7015
22716
7015
-30253
7015
-30042
7015
16048
7015
24290
7015
608
7015
-19239
7015
3880
7015
-29832
7015
-24026
7015
-7667
7015
-9440
7015
23769
7015
25921
7015
14558
7015
952
7015
24669
7015
-15547
7015
-32675
7015
-3873
7015
9910
7015
-27294
7015
19472
7015
-10059
7015
-19552
7015
5731
7015
-19069
7015
19390
7015
-5295
7015
24113
7015
-27600
7015
-11151
7015
30072
7015
13870
7015
-7929
7015
10243
7015
-30112
7015
23871
7015
-19068
7015
30407
7015
18747
7015
-11605
7015
-30517
7015
-2094
7015
-12238
7015
12345
7015
-24670
7015
-8628
12075
-2182
12075
-14004
12075
-964
12075
-13993
12075
-13972
12075
-4534
12075
-17841
12075
-29683
12075
32043
12075
-6418
12075
-14092
12075
-24620
12075
16095
12075
24652
12075
32335
12075
22742
12075
-10194
12075
-20802
12075
22824
12075
7765
12075
-2313
12075
-16305
12075
18123
12075
23472
12075
-18205
12075
3749
12075
2479
12075
19818
12075
-21404
12075
30939
12075
-23574
12075
-3751
12075
-28367
12075
-18161
12075
27891
12075
-3608
12075
-7270
12075
-10318
12075
23407
12075
31095
12075
21565
12075
15770
12075
12808
12075
4415
12075
20425
12075
17382
12075
22724
12075
14186
12075
-825
12075
23051
12425
-21039
12425
-4549
12425
3569
12425
5646
12425
2612
12425
-7274
12425
-26580
12425
7091
12425
-18186
12425
28622
12425
21328
12425
-18668
12425
27173
12425
1528
12425
-2824
12425
30840
12425
18197
12425
7337
12425
10760
12425
23759
12425
-13254
12425
13707
12425
17846
12425
229
12425
28829
12425
-26806
12425
4723
12425
-23250
12425
-29440
12425
-1743
12425
-27000
12425
-22238
12425
5215
12425
28710
12425
-24250
12425
-17442
12425
-16269
12425
560
12425
-3703
12425
27973
12425
-10236
12425
-30385
12425
-20414
12425
-24640
12425
-6810
12425
-14281
12425
15075
12425
1604
12425
9362
12425
-14055
31312
2636
31312
8281
31312
-32541
31312
10911
31312
-11267
31312
-13045
31312
-24049
31312
-20970
31312
22472
31312
3083
31312
-14110
31312
28945
31312
24182
31312
28542
31312
-1437
31312
-11567
31312
-14833
31312
13555
31312
-28723
31312
-5755
31312
32005
31312
-20439
31312
-32657
31312
-20065
31312
-7885
31312
22236
31312
-6043
31312
-13702
31312
28028
31312
-23493
31312
-20549
31312
-26147
31312
14300
31312
-10356
31312
-18052
31312
-9796
31312
960
31312
-31568
31312
28552
31312
19230
31312
-10503
31312
25657
31312
-17989
31312
-19456
31312
26705
31312
-13132
31312
19964
31312
18678
31312
-7627
31312
32426
23064
-4167
23064
24387
23064
-23515
23064
6806
23064
-10244
23064
32230
23064
-3757
23064
-7000
23064
17208
23064
-17041
23064
-2462
23064
-10902
23064
5334
23064
10017
23064
-127
23064
-14265
23064
15473
23064
-15533
23064
31288
23064
-13310
23064
-28836
23064
-24294
23064
-4421
23064
-6405
23064
-3335
23064
9321
23064
-18760
23064
12045
23064
20357
23064
-28829
23064
31814
23064
-18762
23064
16740
23064
21327
23064
4424
23064
-8610
23064
4284
23064
-594
23064
31376
23064
-23099
23064
28342
23064
-16569
23064
29820
23064
24216
23064
29629
23064
31142
23064
-32703
23064
-8684
23064
19379
23064
-8485
-18074
-28104
-18074
-17208
-18074
-10196
-18074
-27043
-18074
-8937
-18074
28450
-18074
-12611
-18074
-14528
-18074
-22686
-18074
6112
-18074
-8502
-18074
-15123
-18074
24910
-18074
-10395
-18074
-28697
-18074
-26441
-18074
27624
-18074
-8451
-18074
-12232
-18074
-14448
-18074
-21294
-18074
-1901
-18074
16376
-18074
8606
-18074
-18894
-18074
17598
-18074
-1685
-18074
21211
-18074
-4214
-18074
-31099
-18074
11920
-18074
17830
-18074
-32103
-18074
31091
-18074
6692
-18074
-28546
-18074
3101
-18074
-1043
-18074
25045
-18074
2145
-18074
-25188
-18074
-19272
-18074
-24229
-18074
13624
-18074
17691
-18074
-28875
-18074
30300
-18074
30536
-18074
-16105
-18074
32332
29078
8984
29078
-24065
29078
10940
29078
27395
29078
-3360
29078
25947
29078
-21611
29078
-24139
29078
-157
29078
-30651
29078
23967
29078
-26230
29078
-29281
29078
26487
29078
-22629
29078
20088
29078
20935
29078
-5093
29078
-28889
29078
1523
29078
28531
29078
-12497
29078
-27477
29078
-3623
29078
-25118
29078
8690
29078
11578
29078
-21773
29078
18860
29078
-4182
29078
-29109
29078
16852
29078
-30015
29078
16233
29078
-22472
29078
15830
29078
21040
29078
8182
29078
21123
29078
30984
29078
-29712
29078
-24257
29078
-22533
29078
17947
29078
-21884
29078
-29222
29078
20882
29078
-5304
29078
670
29078
29656
9674
2871
9674
-5601
9674
25650
9674
13867
9674
-29851
9674
-13657
9674
20790
9674
-14662
9674
-13304
9674
792
9674
-19930
9674
15519
9674
-1806
9674
22210
9674
3294
9674
-17046
9674
-10662
9674
-13675
9674
3754
9674
-2151
9674
-30893
9674
-30826
9674
-21876
9674
17415
9674
20313
9674
-17258
9674
-23911
9674
10655
9674
-6347
9674
-28554
9674
-16279
9674
-8634
9674
23789
9674
-4667
9674
31275
9674
31428
9674
-8793
9674
14002
9674
385
9674
6811
9674
-21226
9674
-5151
9674
-3894
9674
-19676
9674
21591
9674
274
9674
-32052
9674
11883
9674
-15391
9674
-3587
-24704
30681
-24704
-13290
-24704
-13997
-24704
17115
-24704
-63
-24704
-18198
-24704
12965
-24704
10950
-24704
-31723
-24704
-16619
-24704
-14580
-24704
-23957
-24704
-27776
-24704
13356
-24704
-14162
-24704
25099
-24704
28536
-24704
-13630
-24704
-18835
-24704
14740
-24704
-17066
-24704
-31601
-24704
-18858
-24704
-24294
-24704
16147
-24704
-10431
-24704
4264
-24704
17340
-24704
30936
-24704
-29142
-24704
19607
-24704
5542
-24704
-12127
-24704
-32001
-24704
6576
-24704
12660
-24704
15774
-24704
-32676
-24704
-20856
-24704
-24572
-24704
-4994
-24704
-1705
-24704
29740
-24704
-24623
-24704
-20607
-24704
7761
-24704
9012
-24704
-14168
-24704
6869
-24704
12830
-22879
11574
-22879
13752
-22879
24630
-22879
13197
-22879
16495
-22879
-17020
-22879
-15497
-22879
25815
-22879
27766
-22879
18798
-22879
-3829
-22879
-14306
-22879
-7091
-22879
-9322
-22879
-9606
-22879
-28142
-22879
14009
-22879
21784
-22879
9695
-22879
-143
-22879
-18479
-22879
-18634
-22879
-934
-22879
11394
-22879
744
-22879
-10838
-22879
-10890
-22879
-1970
-22879
-19319
-22879
-1815
-22879
-19072
-22879
-29205
-22879
5333
-22879
2475
-22879
8890
-22879
-13931
-22879
-17340
-22879
4316
-22879
-30836
-22879
-17595
-22879
22409
-22879
11301
-22879
-14378
-22879
-31719
-22879
18907
-22879
18184
-22879
23826
-22879
23056
-22879
25271
-22879
16948
-32386
29531
-32386
-15424
-32386
13889
-32386
6360
-32386
-19773
-32386
-11889
-32386
26740
-32386
26352
-32386
-387
-32386
-30747
-32386
-7383
-32386
1291
-32386
-29297
-32386
21861
-32386
20107
-32386
9395
-32386
12538
-32386
2917
-32386
32602
-32386
-18276
-32386
11131
-32386
4335
-32386
32576
-32386
-12153
-32386
-8439
-32386
22351
-32386
27268
-32386
23414
-32386
-22249
-32386
-1652
-32386
14573
-32386
24274
-32386
-24623
-32386
22559
-32386
11069
-32386
5607
-32386
10788
-32386
-1679
-32386
30367
-32386
7856
-32386
18156
-32386
7778
-32386
-5744
-32386
25867
-32386
10689
-32386
652
-32386
29505
-32386
-8147
-32386
17061
-32386
-26180
-12572
13436
-12572
-17783
-12572
3010
-12572
-7408
-12572
23991
-12572
3428
-12572
28848
-12572
5400
-12572
-11785
-12572
23550
-12572
30145
-12572
-26652
-12572
-6995
-12572
28791
-12572
-26797
-12572
4636
-12572
10952
-12572
31109
-12572
-33
-12572
-698
-12572
-29748
-12572
-12064
-12572
13336
-12572
-10207
-12572
-26495
-12572
-11056
-12572
-23242
-12572
-3416
-12572
-14681
-12572
-4331
-12572
8494
-12572
-11890
-12572
10262
-12572
-21476
-12572
-18388
-12572
-2235
-12572
13987
-12572
-9165
-12572
3571
-12572
17202
-12572
-22776
-12572
9627
-12572
-23352
-12572
-13899
-12572
3072
-12572
-24642
-12572
-8098
-12572
17625
-12572
-751
-12572
-20318
3840
32656
3840
-19334
3840
-19047
3840
29053
3840
5717
3840
929
3840
-201
3840
-11491
3840
-29443
3840
28385
3840
31720
3840
17574
3840
9199
3840
21368
3840
20098
3840
-4925
3840
9923
3840
2095
3840
1518
3840
26066
3840
-31477
3840
-24013
3840
25697
3840
12690
3840
-2125
3840
14521
3840
28878
3840
29998
3840
16690
3840
8034
3840
7924
3840
-1338
3840
-4617
3840
7608
3840
8324
3840
19566
3840
-6030
3840
-10892
3840
-8552
3840
18444
3840
21160
3840
-10559
3840
12237
3840
9445
3840
17070
3840
1208
3840
31040
3840
-4682
3840
3299
3840
-15395
5173
-17867
5173
8289
5173
14600
5173
18824
5173
-5002
5173
-17690
5173
8965
5173
10621
5173
-7206
5173
-13620
5173
-21056
5173
-29173
5173
21926
5173
3584
5173
-17514
5173
-10605
5173
-17794
5173
21523
5173
13563
5173
9369
5173
-26964
5173
-27
5173
13421
5173
32663
5173
730
5173
-10372
5173
24407
5173
-9477
5173
-28371
5173
-24937
5173
41
5173
26641
5173
30525
5173
-24442
5173
-22440
5173
13667
5173
-5073
5173
-4564
5173
16010
5173
6331
5173
-28701
5173
2924
5173
-24330
5173
-16736
5173
12050
5173
-31918
5173
-8689
5173
4343
5173
31564
5173
-14361
-10193
13600
-10193
1734
-10193
-29997
-10193
2052
-10193
6252
-10193
-4298
-10193
11355
-10193
30900
-10193
28671
-10193
9349
-10193
10002
-10193
4352
-10193
20386
-10193
8520
-10193
-22410
-10193
-14508
-10193
-9035
-10193
-6883
-10193
-28824
-10193
14796
-10193
-23740
-10193
-25930
-10193
-10463
-10193
-22408
-10193
-26512
-10193
2112
-10193
15051
-10193
27927
-10193
94
-10193
-556
-10193
-14736
-10193
-25353
-10193
-27866
-10193
27214
-10193
-28845
-10193
29343
-10193
-32167
-10193
16459
-10193
24366
-10193
22843
-10193
10071
-10193
-31678
-10193
23161
-10193
-29638
-10193
2572
-10193
-23919
-10193
30571
-10193
-6281
-10193
-10283
-10193
9464
26247
20798
26247
15382
26247
31526
26247
3371
26247
14208
26247
-1132
26247
-28145
26247
-22089
26247
-24029
26247
11084
26247
20713
26247
24347
26247
4850
26247
26553
26247
214
26247
-32014
26247
20674
26247
-5698
26247
-26462
26247
-10716
26247
12171
26247
-7082
26247
-18689
26247
5562
26247
23233
26247
-32642
26247
-18311
26247
18582
26247
4738
26247
23350
26247
-26947
26247
-6189
26247
-27664
26247
-25830
26247
4990
26247
-6367
26247
-28102
26247
16316
26247
4984
26247
28697
26247
14644
26247
18437
26247
19115
26247
-13812
26247
-21
26247
-14945
26247
-8969
26247
-12037
26247
4065
26247
-25408
32512
-14324
32512
8513
32512
-32673
32512
-14240
32512
2298
32512
-22290
32512
-473
32512
-29651
32512
16162
32512
-28735
32512
-5113
32512
5801
32512
2958
32512
32453
32512
-6938
32512
5079
32512
-15003
32512
21981
32512
-4535
32512
15607
32512
-29392
32512
12833
32512
-5579
32512
-3932
32512
-9990
32512
4509
32512
18866
32512
-12173
32512
-17730
32512
28780
32512
-4555
32512
-116
32512
1981
32512
-27088
32512
25203
32512
32541
32512
-13966
32512
16766
32512
1067
32512
28331
32512
-12645
32512
11148
32512
-13346
32512
-22268
32512
-15281
32512
9124
32512
8311
32512
-7041
32512
-23260
32512
10201
13924
-28706
13924
13106
13924
12120
13924
-20342
13924
17661
13924
12221
13924
7298
13924
3848
13924
-24496
13924
-20701
13924
1713
13924
1338
13924
-28553
13924
-31873
13924
-3252
13924
26552
13924
-3657
13924
-5547
13924
-19128
13924
-16098
13924
9204
13924
-21743
13924
-3555
13924
-20569
13924
550
13924
21510
13924
-19040
13924
-22361
13924
-4786
13924
-21695
13924
28838
13924
4336
13924
-2290
13924
-10893
13924
-31124
13924
-29448
13924
18440
13924
-26367
13924
30529
13924
-22089
13924
-27459
13924
-32147
13924
10585
13924
-2112
13924
938
13924
31637
13924
12631
13924
18522
13924
3105
13924
-4909
2096
15332
2096
15013
2096
-23585
2096
-25510
2096
-24018
2096
22347
2096
21618
2096
-2039
2096
13509
2096
28221
2096
6379
2096
-3959
2096
-30898
2096
-23158
2096
12087
2096
-18480
2096
-21714
2096
-31224
2096
-2187
2096
-13763
2096
-18040
2096
-32012
2096
12606
2096
-18457
2096
-5046
2096
-30219
2096
-14048
2096
1896
2096
30473
2096
243
2096
-6265
2096
7550
2096
-7195
2096
-21395
2096
-12804
2096
23494
2096
-11218
2096
-10532
2096
11566
2096
25825
2096
-26926
2096
-5542
2096
27459
2096
25488
2096
21872
2096
-8445
2096
-7875
2096
-9959
2096
-4239
2096
1767
16547
4588
16547
-18439
16547
13127
16547
-7456
16547
431
16547
-28870
16547
13625
16547
-4400
16547
1836
16547
-24015
16547
17757
16547
-23540
16547
21834
16547
6524
16547
4697
16547
19165
16547
11
16547
-32750
16547
-27093
16547
-28254
16547
-4272
16547
-24141
16547
5221
16547
-8911
16547
27264
16547
20586
16547
27221
16547
28936
16547
-4494
16547
-19476
16547
-10536
16547
-23045
16547
27772
16547
-29064
16547
-2151
16547
17825
16547
2100
16547
-25710
16547
-32735
16547
9676
16547
-15890
16547
-13728
16547
951
16547
-16101
16547
-25731
16547
-17524
16547
-27073
16547
8688
16547
16005
16547
13835
-11684
7577
-11684
28530
-11684
-8313
-11684
-12816
-11684
-19526
-11684
-1057
-11684
10751
-11684
-15990
-11684
4110
-11684
21557
-11684
-7998
-11684
-8039
-11684
-6929
-11684
-15846
-11684
-15917
-11684
11363
-11684
-12655
-11684
26425
-11684
1452
-11684
31842
-11684
23435
-11684
18251
-11684
-24460
-11684
-23292
-11684
3261
-11684
23098
-11684
20807
-11684
28784
-11684
-25247
-11684
-27090
-11684
-25527
-11684
18896
-11684
-3736
-11684
9149
-11684
29903
-11684
29606
-11684
-9150
-11684
-4977
-11684
-18498
-11684
-21867
-11684
28322
-11684
-2494
-11684
-32243
-11684
-27656
-11684
-9778
-11684
6282
-11684
16128
-11684
19114
-11684
8613
-11684
17289
17150
13734
17150
-6952
17150
21492
17150
31740
17150
15881
17150
-6929
17150
-18901
17150
25307
17150
10210
17150
-20598
17150
-10442
17150
-21625
17150
-25268
17150
24999
17150
4431
17150
-24955
17150
-20868
17150
23732
17150
-32751
17150
-31118
17150
14330
17150
-31243
17150
13013
17150
17617
17150
10242
17150
-9311
17150
21377
17150
24225
17150
-27962
17150
-11986
17150
-7392
17150
-20971
17150
-32485
17150
16840
17150
-11312
17150
-23250
17150
-3860
17150
29327
17150
10376
17150
10289
17150
18599
17150
-14930
17150
22355
17150
19619
17150
-24728
17150
25102
17150
-7938
17150
25452
17150
927
17150
-28864
-21996
-23837
-21996
20844
-21996
-1107
-21996
-25876
-21996
22831
-21996
-27625
-21996
19206
-21996
-29294
-21996
-24731
-21996
1591
-21996
-15335
-21996
-19275
-21996
24340
-21996
1651
-21996
-3019
-21996
682
-21996
18163
-21996
-4438
-21996
-30408
-21996
-287
-21996
-31544
-21996
22608
-21996
-25452
-21996
12745
-21996
-17181
-21996
31231
-21996
-25498
-21996
-26100
-21996
26608
-21996
1188
-21996
9009
-21996
7210
-21996
21697
-21996
22530
-21996
11032
-21996
4947
-21996
-10132
-21996
13949
-21996
17008
-21996
704
-21996
-27196
-21996
-13135
-21996
-26756
-21996
5967
-21996
-8835
-21996
-27317
-21996
-21239
-21996
25098
-21996
22822
-21996
6242
26373
14222
26373
31088
26373
-19025
26373
16122
26373
-13594
26373
-28578
26373
9988
26373
-6630
26373
27832
26373
-14692
26373
31097
26373
-31452
26373
9767
26373
25712
26373
7031
26373
-7815
26373
-13440
26373
13457
26373
-24517
26373
-23657
26373
21392
26373
-12893
26373
22448
26373
-15607
26373
-15995
26373
8609
26373
10654
26373
-27788
26373
-6930
26373
16706
26373
-30728
26373
412
26373
-2727
26373
-4713
26373
18347
26373
-4732
26373
23834
26373
29178
26373
20745
26373
27132
26373
-29658
26373
15089
26373
-29242
26373
2124
26373
-12373
26373
12311
26373
-6551
26373
-19615
26373
-30602
26373
-12660
-8564
21662
-8564
-6556
-8564
23637
-8564
25396
-8564
7133
-8564
-20293
-8564
642
-8564
-18066
-8564
-21156
-8564
14899
-8564
14001
-8564
-17230
-8564
25534
-8564
13670
-8564
-7031
-8564
-13153
-8564
19137
-8564
31893
-8564
-28024
-8564
-18430
-8564
10237
-8564
-19256
-8564
7199
-8564
-6363
-8564
11445
-8564
24022
-8564
20774
-8564
23666
-8564
15992
-8564
-4796
-8564
26777
-8564
-27788
-8564
-19948
-8564
16485
-8564
-11184
-8564
-23914
-8564
2119
-8564
25672
-8564
31890
-8564
-23178
-8564
-7959
-8564
-8489
-8564
-9895
-8564
23086
-8564
-8359
-8564
-705
-8564
-17127
-8564
16483
-8564
-6652
-8564
-27880
-9793
22744
-9793
15680
-9793
-22242
-9793
-30726
-9793
-4177
-9793
28274
-9793
15445
-9793
-1789
-9793
26741
-9793
69
-9793
-14604
-9793
-15231
-9793
-32053
-9793
17605
-9793
700
-9793
-2577
-9793
27316
-9793
-9050
-9793
-4222
-9793
20734
-9793
2082
-9793
-24051
-9793
17001
-9793
9505
-9793
-26414
-9793
4900
-9793
18905
-9793
-15880
-9793
-17403
-9793
7174
-9793
-25930
-9793
-5572
-9793
-6201
-9793
-29817
-9793
15462
-9793
-20260
-9793
31159
-9793
-28685
-9793
-18544
-9793
-31510
-9793
-10754
-9793
20213
-9793
-23270
-9793
10423
-9793
15092
-9793
-32619
-9793
-29027
-9793
-8342
-9793
-4188
-9793
11265
-26376
-19251
-26376
-331
-26376
-20213
-26376
-18819
-26376
23415
-26376
-18728
-26376
1959
-26376
-27758
-26376
-9892
-26376
-22815
-26376
23798
-26376
25557
-26376
32689
-26376
-27122
-26376
6821
-26376
-7397
-26376
4861
-26376
-21121
-26376
-7138
-26376
-29901
-26376
18299
-26376
-24645
-26376
20427
-26376
-20517
-26376
-27779
-26376
-23117
-26376
-29517
-26376
-2854
-26376
-11153
-26376
-7650
-26376
947
-26376
18972
-26376
14027
-26376
-23316
-26376
8667
-26376
-6945
-26376
-2799
-26376
11326
-26376
-29767
-26376
21560
-26376
-7604
-26376
-16045
-26376
17396
-26376
30843
-26376
-27421
-26376
-19151
-26376
-8555
-26376
-24869
-26376
18671
-26376
-24370
9197
27995
9197
-8031
9197
9761
9197
27586
9197
-21786
9197
7093
9197
-30425
9197
5109
9197
18888
9197
13241
9197
10588
9197
14923
9197
24342
9197
-26088
9197
12119
9197
-20007
9197
-19052
9197
21805
9197
21579
9197
-3837
9197
6431
9197
-1836
9197
21784
9197
-24086
9197
9608
9197
6945
9197
-10602
9197
26017
9197
-17464
9197
11934
9197
-4206
9197
9615
9197
-4413
9197
-12121
9197
15721
9197
9920
9197
716
9197
31668
9197
-26641
9197
-20682
9197
-25383
9197
30476
9197
-26596
9197
-9300
9197
-5672
9197
-18113
9197
8346
9197
-15823
9197
-22754
9197
8808
9865
-24500
9865
31439
9865
8598
9865
9303
9865
19635
9865
-29705
9865
6474
9865
-26521
9865
6456
9865
-28457
9865
2708
9865
-29669
9865
31096
9865
22474
9865
-10699
9865
-10504
9865
-12045
9865
199
9865
29665
9865
-8741
9865
43
9865
18769
9865
-13631
9865
-2779
9865
22433
9865
-26910
9865
-8176
9865
-16870
9865
-18204
9865
7343
9865
-18208
9865
1476
9865
-26376
9865
-24444
9865
-1966
9865
-26021
9865
-14272
9865
6489
9865
-569
9865
28323
9865
11465
9865
-19272
9865
31170
9865
-3874
9865
31711
9865
18424
9865
29493
9865
-6400
9865
-16990
9865
17963
-27704
-15732
-27704
-23104
-27704
-19407
-27704
-4892
-27704
-11712
-27704
-28778
-27704
-15873
-27704
-2332
-27704
4588
-27704
30986
-27704
-3339
-27704
2493
-27704
-22594
-27704
14993
-27704
9375
-27704
-16612
-27704
2567
-27704
-8308
-27704
-10436
-27704
13662
-27704
9811
-27704
8862
-27704
-18139
-27704
-15492
-27704
-14487
-27704
-11815
-27704
1982
-27704
-28288
-27704
26431
-27704
7278
-27704
-31918
-27704
7020
-27704
26659
-27704
-8315
-27704
-30394
-27704
-3351
-27704
-5817
-27704
-1803
-27704
21546
-27704
-13344
-27704
-14020
-27704
-25318
-27704
27171
-27704
5513
-27704
-5624
-27704
-14987
-27704
7348
-27704
-32125
-27704
16844
-27704
29767
28462
4242
28462
22357
28462
-6249
28462
-7639
28462
8586
28462
-14089
28462
-24754
28462
-13513
28462
-23441
28462
17352
28462
32639
28462
-30010
28462
-7635
28462
-584
28462
-21133
28462
-5759
28462
-461
28462
-5944
28462
19985
28462
-16936
28462
-27425
28462
8340
28462
29169
28462
4426
28462
-320
28462
20164
28462
17603
28462
-14472
28462
6547
28462
-16207
28462
30808
28462
28717
28462
-26599
28462
17423
28462
13526
28462
8386
28462
-25289
28462
2645
28462
832
28462
4988
28462
8754
28462
17647
28462
26870
28462
-25357
28462
17352
28462
-331
28462
16062
28462
30433
28462
5011
28462
-29764
-27126
18097
-27126
-6942
-27126
6203
-27126
18747
-27126
30648
-27126
15072
-27126
11886
-27126
15578
-27126
-6259
-27126
5060
-27126
-32314
-27126
-27980
-27126
5473
-27126
-1040
-27126
22415
-27126
2550
-27126
14397
-27126
13472
-27126
22375
-27126
23321
-27126
-18242
-27126
-8385
-27126
-17429
-27126
3489
-27126
4293
-27126
26757
-27126
22005
-27126
4396
-27126
24850
-27126
-3089
-27126
-6288
-27126
-21288
-27126
-12412
-27126
2456
-27126
4178
-27126
-4702
-27126
2253
-27126
-15962
-27126
6378
-27126
-19184
-27126
16609
-27126
-7143
-27126
-5393
-27126
26600
-27126
-320
-27126
-28070
-27126
9648
-27126
24871
-27126
-10517
-27126
-20705
21045
19104
21045
8825
21045
23249
21045
32632
21045
7495
21045
24197
21045
-9052
21045
-8488
21045
-26369
21045
17964
21045
-23019
21045
-18668
21045
-267
21045
-27972
21045
8230
21045
-2272
21045
-20513
21045
32237
21045
25713
21045
-6713
21045
15618
21045
14309
21045
-27481
21045
12467
21045
4570
21045
5578
21045
1417
21045
20540
21045
8685
21045
10394
21045
18495
21045
-20605
21045
12467
21045
18383
21045
-25734
21045
-1845
21045
-3416
21045
14725
21045
17576
21045
-5078
21045
-8398
21045
115
21045
-22857
21045
-25554
21045
-23466
21045
-5933
21045
-29239
21045
25757
21045
-3731
21045
31750
10629
4066
10629
32132
10629
14382
10629
21071
10629
31290
10629
8284
10629
10419
10629
-24283
10629
-19181
10629
4671
10629
-19133
10629
-23561
10629
-30035
10629
31553
10629
20092
10629
-11242
10629
9497
10629
-14302
10629
2936
10629
23410
10629
31742
10629
1831
10629
-16280
10629
446
10629
30738
10629
721
10629
27658
10629
16166
10629
22134
10629
-28761
10629
-27261
10629
3173
10629
20429
10629
-12264
10629
30369
10629
-31618
10629
29987
10629
2745
10629
-18577
10629
-16373
10629
-20545
10629
-15767
10629
-9381
10629
21645
10629
-19493
10629
9005
10629
952
10629
14111
10629
1607
10629
31986
-16842
-6441
-16842
-4873
-16842
-21535
-16842
1355
-16842
-7171
-16842
-16854
-16842
22883
-16842
-1891
-16842
5565
-16842
2172
-16842
885
-16842
14270
-16842
21460
-16842
19894
-16842
-6348
-16842
-29650
-16842
-3032
-16842
5274
-16842
-12650
-16842
-15066
-16842
30236
-16842
-31187
-16842
-20630
-16842
-362
-16842
-3112
-16842
-9657
-16842
5355
-16842
6055
-16842
-518
-16842
-4541
-16842
4234
-16842
-30167
-16842
-19596
-16842
-13561
-16842
12228
-16842
27499
-16842
-14962
-16842
17945
-16842
9939
-16842
18818
-16842
5805
-16842
31908
-16842
22235
-16842
3234
-16842
29765
-16842
146
-16842
-3311
-16842
-11961
-16842
-26104
-16842
29790
-14478
-11265
-14478
-13068
-14478
-31679
-14478
-12139
-14478
4202
-14478
-32350
-14478
-15092
-14478
-18711
-14478
-27101
-14478
-31720
-14478
14212
-14478
22474
-14478
-17738
-14478
5684
-14478
3397
-14478
2032
-14478
3265
-14478
38
-14478
-15105
-14478
-6688
-14478
-31883
-14478
-11845
-14478
-14798
-14478
13791
-14478
-29033
-14478
15414
-14478
10263
-14478
22940
-14478
23180
-14478
19673
-14478
-17028
-14478
31555
-14478
15143
-14478
2243
-14478
27974
-14478
14792
-14478
5444
-14478
-31040
-14478
7920
-14478
25014
-14478
-7941
-14478
4276
-14478
-28291
-14478
3902
-14478
-1031
-14478
-9125
-14478
-31215
-14478
900
-14478
8455
-14478
32187
24631
20183
24631
5303
24631
-26321
24631
3797
24631
2985
24631
23593
24631
20347
24631
7942
24631
19013
24631
-3330
24631
-26908
24631
3654
24631
-11405
24631
-28476
24631
-32200
24631
-24128
24631
16644
24631
11932
24631
22426
24631
-9660
24631
-24492
24631
25945
24631
10059
24631
-19059
24631
19715
24631
20400
24631
-10009
24631
29909
24631
8006
24631
6176
24631
23586
24631
-26900
24631
-28948
24631
-28539
24631
12510
24631
3243
24631
28271
24631
6445
24631
15820
24631
-26326
24631
-19022
24631
31392
24631
-12582
24631
-18090
24631
-16270
24631
27628
24631
-19593
24631
-25234
24631
29333
24631
-20603
-22238
1310
-22238
12985
-22238
-25485
-22238
32158
-22238
-28136
-22238
668
-22238
-20847
-22238
-19444
-22238
19825
-22238
8940
-22238
-4533
-22238
-24885
-22238
-17766
-22238
-20875
-22238
-5672
-22238
-10961
-22238
18516
-22238
8492
-22238
-13558
-22238
-27765
-22238
4256
-22238
26718
-22238
-19035
-22238
30915
-22238
-8584
-22238
-3574
-22238
20618
-22238
-27754
-22238
28845
-22238
-12071
-22238
19779
-22238
14468
-22238
10102
-22238
23114
-22238
11457
-22238
-29634
-22238
-20381
-22238
17954
-22238
-31357
-22238
9597
-22238
9721
-22238
15030
-22238
15362
-22238
9629
-22238
-29724
-22238
18262
-22238
-778
-22238
26140
-22238
-30744
-22238
10000
-5287
13442
-5287
-12031
-5287
-22954
-5287
-32101
-5287
-27536
-5287
5913
-5287
-22936
-5287
7995
-5287
-29350
-5287
-7716
-5287
21646
-5287
-521
-5287
-15040
-5287
-27944
-5287
-1893
-5287
-16681
-5287
-19275
-5287
4452
-5287
23936
-5287
-16025
-5287
-20863
-5287
-30698
-5287
-5536
-5287
11984
-5287
-22937
-5287
-31020
-5287
31237
-5287
4956
-5287
-510
-5287
-4612
-5287
21770
-5287
-22980
-5287
-22913
-5287
-6666
-5287
22990
-5287
3101
-5287
-5725
-5287
28391
-5287
-17945
-5287
30796
-5287
-10950
-5287
-2154
-5287
-16555
-5287
23784
-5287
-2786
-5287
18426
-5287
-7313
-5287
-22314
-5287
25563
-5287
-10624
14353
-7153
14353
15068
14353
-13812
14353
16761
14353
-13073
14353
-9368
14353
22839
14353
30655
14353
-4606
14353
17328
14353
-28189
14353
12386
14353
19122
14353
-8286
14353
-913
14353
30390
14353
21760
14353
30554
14353
-13970
14353
18086
14353
-32450
14353
-6511
14353
10829
14353
156
14353
18878
14353
-12382
14353
-13179
14353
8104
14353
27139
14353
18211
14353
26110
14353
-25705
14353
2707
14353
-9195
14353
-21692
14353
18735
14353
-1521
14353
-10956
14353
19758
14353
31838
14353
-31842
14353
-31348
14353
30549
14353
8613
14353
-22045
14353
-11753
14353
-20876
14353
12518
14353
8430
14353
-14647
3177
-20955
3177
-22658
3177
24825
3177
874
3177
-9568
3177
-28865
3177
18623
3177
3380
3177
-22186
3177
-23501
3177
17268
3177
18586
3177
-23404
3177
-6336
3177
10315
3177
-25006
3177
-23136
3177
31553
3177
-11197
3177
16260
3177
-20637
3177
-19732
3177
21129
3177
30051
3177
-8185
3177
11685
3177
-32076
3177
-2706
3177
29404
3177
-4748
3177
-31870
3177
25240
3177
31677
3177
-7014
3177
31797
3177
29783
3177
-30172
3177
-32650
3177
-7844
3177
-11079
3177
6716
3177
-9111
3177
26000
3177
3384
3177
-32083
3177
2135
3177
2977
3177
-27780
3177
-22462
3177
19380
29824
-25413
29824
-18598
29824
11768
29824
-28458
29824
5362
29824
11910
29824
-24190
29824
-11748
29824
29709
29824
-5617
29824
31005
29824
-2247
29824
-26040
29824
13130
29824
-21571
29824
27444
29824
-15379
29824
13548
29824
-21050
29824
-5496
29824
18005
29824
1329
29824
-29835
29824
23413
29824
30701
29824
1637
29824
-15324
29824
-19170
29824
-27137
29824
8112
29824
12347
29824
-19472
29824
21787
29824
11354
29824
13282
29824
-6168
29824
-10859
29824
-23528
29824
-25387
29824
573
29824
-25316
29824
-7390
29824
-23540
29824
25086
29824
1160
29824
2797
29824
-8709
29824
-17467
29824
-31244
29824
-18476
-466
-30669
-466
-24415
-466
5843
-466
28788
-466
-21195
-466
-31819
-466
30592
-466
-11823
-466
-32334
-466
-28023
-466
28088
-466
31176
-466
-16787
-466
-4673
-466
-19611
-466
-18432
-466
17962
-466
3553
-466
-19327
-466
-26949
-466
-6037
-466
-16762
-466
582
-466
-3079
-466
-6105
-466
-19047
-466
4953
-466
6192
-466
30888
-466
-17526
-466
15920
-466
25900
-466
-15222
-466
-29282
-466
-12366
-466
-8602
-466
27068
-466
2301
-466
19283
-466
6121
-466
-29952
-466
-315
-466
32563
-466
-15521
-466
30606
-466
-30676
-466
11013
-466
-7672
-466
-15704
-466
-22899
-16860
12894
-16860
-9997
-16860
-21890
-16860
-6887
-16860
-11312
-16860
-14337
-16860
1406
-16860
24651
-16860
16344
-16860
-16735
-16860
4331
-16860
-22720
-16860
14799
-16860
-31114
-16860
-20422
-16860
-4953
-16860
26453
-16860
-92
-16860
12516
-16860
13684
-16860
32699
-16860
27539
-16860
-11356
-16860
11815
-16860
501
-16860
-3248
-16860
11273
-16860
28547
-16860
-10749
-16860
-10541
-16860
-20261
-16860
-2171
-16860
18142
-16860
10967
-16860
12077
-16860
-2351
-16860
-21868
-16860
-1359
-16860
13259
-16860
-1102
-16860
28036
-16860
-18781
-16860
20820
-16860
-10865
-16860
-24221
-16860
13339
-16860
-9477
-16860
909
-16860
-15320
-16860
-18207
22093
-8777
22093
22396
22093
19427
22093
-29339
22093
-24727
22093
-24629
22093
-8101
22093
-2970
22093
606
22093
28802
22093
-27460
22093
-2109
22093
-28422
22093
-6003
22093
-18830
22093
27166
22093
27974
22093
-24830
22093
-7907
22093
30321
22093
18369
22093
-11218
22093
-2974
22093
-23396
22093
-21711
22093
-9126
22093
159
22093
-15017
22093
5839
22093
-8144
22093
-31455
22093
-13431
22093
21316
22093
-630
22093
-15911
22093
-12749
22093
-19997
22093
15532
22093
27191
22093
-20412
22093
3327
22093
-24336
22093
2858
22093
3875
22093
20582
22093
-6407
22093
6065
22093
18899
22093
-6742
22093
31399
28986
13031
28986
-16202
28986
-23830
28986
31844
28986
-25386
28986
22308
28986
-7676
28986
17802
28986
-10951
28986
3853
28986
30117
28986
9639
28986
-11287
28986
-21937
28986
11219
28986
-12009
28986
16410
28986
-15868
28986
12925
28986
-32177
28986
21294
28986
-21245
28986
12163
28986
-28259
28986
25661
28986
-826
28986
11494
28986
-18378
28986
-31911
28986
11074
28986
-25384
28986
11368
28986
5249
28986
-18926
28986
25943
28986
-22333
28986
27105
28986
2069
28986
31302
28986
-26851
28986
-29331
28986
-21809
28986
1194
28986
16709
28986
-10503
28986
-29175
28986
-5023
28986
-5441
28986
2985
28986
5289
-6939
24068
-6939
14486
-6939
17986
-6939
-14190
-6939
-15666
-6939
-5485
-6939
22538
-6939
26252
-6939
24619
-6939
23217
-6939
1398
-6939
-16678
-6939
-28842
-6939
-3862
-6939
22947
-6939
4955
-6939
32461
-6939
14825
-6939
-789
-6939
16115
-6939
12185
-6939
5092
-6939
21305
-6939
-29647
-6939
22532
-6939
-664
-6939
10995
-6939
-716
-6939
28670
-6939
1717
-6939
3230
-6939
-4704
-6939
7747
-6939
-16848
-6939
25057
-6939
10171
-6939
8727
-6939
32469
-6939
-12947
-6939
-24639
-6939
-30336
-6939
-30401
-6939
-32046
-6939
20872
-6939
-15291
-6939
-9370
-6939
-5666
-6939
3329
-6939
1048
-6939
10067
-2350
-16585
-2350
16873
-2350
-4791
-2350
31350
-2350
9356
-2350
17620
-2350
23655
-2350
31271
-2350
7561
-2350
13708
-2350
-7499
-2350
-8663
-2350
13914
-2350
-9230
-2350
1907
-2350
-25381
-2350
9475
-2350
-29601
-2350
20292
-2350
-19292
-2350
31487
-2350
18749
-2350
12343
-2350
24013
-2350
9951
-2350
-17292
-2350
-26027
-2350
-9826
-2350
-30301
-2350
-7779
-2350
-23779
-2350
11150
-2350
-29914
-2350
25450
-2350
-18005
-2350
-6892
-2350
-18123
-2350
13818
-2350
24404
-2350
22974
-2350
20311
-2350
-10255
-2350
-8995
-2350
14971
-2350
14640
-2350
4942
-2350
-22580
-2350
19183
-2350
-22170
-2350
-6458
-16317
13230
-16317
9489
-16317
-10689
-16317
-14878
-16317
7182
-16317
-12076
-16317
-24984
-16317
-1820
-16317
28853
-16317
-17998
-16317
-26385
-16317
14317
-16317
30382
-16317
-28737
-16317
26106
-16317
11337
-16317
-29236
-16317
22903
-16317
-3823
-16317
-3072
-16317
27738
-16317
-14624
-16317
25510
-16317
32548
-16317
-727
-16317
-87
-16317
25075
-16317
-28211
-16317
29535
-16317
27199
-16317
21825
-16317
-28599
-16317
1153
-16317
29499
-16317
-27624
-16317
6305
-16317
14118
-16317
23331
-16317
20812
-16317
19187
-16317
-7489
-16317
21288
-16317
17446
-16317
-16480
-16317
-26665
-16317
8026
-16317
3135
-16317
18580
-16317
-32601
-16317
9827
5407
-12324
5407
5647
5407
-26573
5407
24380
5407
10285
5407
-2673
5407
31659
5407
25019
5407
3302
5407
-15615
5407
27297
5407
32642
5407
27032
5407
32180
5407
24332
5407
-7949
5407
31564
5407
25549
5407
-21310
5407
30739
5407
28188
5407
29688
5407
-2586
5407
-25937
5407
-10849
5407
-32672
5407
16357
5407
3829
5407
3330
5407
-15859
5407
24809
5407
16824
5407
13770
5407
20888
5407
21380
5407
28765
5407
-18752
5407
6551
5407
11723
5407
4261
5407
-32379
5407
-18661
5407
28430
5407
-17679
5407
-888
5407
-17208
5407
-30082
5407
744
5407
-10219
5407
17911
4505
-954
4505
-21514
4505
11436
4505
-2659
4505
-8742
4505
14354
4505
-23533
4505
8873
4505
-24290
4505
13716
4505
-13786
4505
-27904
4505
-27818
4505
-10306
4505
21258
4505
-20561
4505
9817
4505
27709
4505
-28244
4505
25630
4505
21184
4505
-12658
4505
31750
4505
-32631
4505
3430
4505
-7769
4505
-7746
4505
-30941
4505
25750
4505
11809
4505
10687
4505
-1585
4505
30189
4505
13370
4505
-13489
4505
-10301
4505
19164
4505
-32142
4505
14412
4505
27999
4505
-30682
4505
-22246
4505
-21692
4505
6858
4505
-24319
4505
-22785
4505
869
4505
-6835
4505
12372
4505
-3780
-9237
22256
-9237
-23294
-9237
-22062
-9237
23749
-9237
-10131
-9237
24978
-9237
15280
-9237
-10328
-9237
-15892
-9237
558
-9237
-4106
-9237
20356
-9237
-340
-9237
-11965
-9237
30244
-9237
1988
-9237
23580
-9237
9027
-9237
11789
-9237
-3966
-9237
-21281
-9237
12256
-9237
-4704
-9237
30983
-9237
9344
-9237
23114
-9237
21183
-9237
16692
-9237
-31259
-9237
-13037
-9237
-18367
-9237
21237
-9237
6348
-9237
-28806
-9237
2643
-9237
31433
-9237
164
-9237
349
-9237
13741
-9237
-27378
-9237
-22845
-9237
-85
-9237
-32066
-9237
22354
-9237
23063
-9237
-13193
-9237
-12518
-9237
27984
-9237
-4350
-9237
-20560
-4890
-583
-4890
16544
-4890
-31608
-4890
-31731
-4890
24307
-4890
-4602
-4890
15683
-4890
-1257
-4890
31260
-4890
1584
-4890
-26395
-4890
-11802
-4890
27558
-4890
-20479
-4890
-30612
-4890
31767
-4890
-16425
-4890
10132
-4890
15362
-4890
-30283
-4890
18337
-4890
21172
-4890
-6093
-4890
-21846
-4890
-23022
-4890
17990
-4890
-32270
-4890
-16014
-4890
32114
-4890
-27416
-4890
-19646
-4890
6489
-4890
-8887
-4890
-18957
-4890
-17315
-4890
-7479
-4890
14671
-4890
29766
-4890
-3710
-4890
26445
-4890
15964
-4890
6879
-4890
891
-4890
-27766
-4890
4557
-4890
-1025
-4890
2053
-4890
-26388
-4890
21549
-4890
-28695
11849
30109
11849
-17493
11849
-23794
11849
-13649
11849
5692
11849
19541
11849
13389
11849
19414
11849
-22375
11849
-20723
11849
30695
11849
8333
11849
-1483
11849
15056
11849
24722
11849
11369
11849
-13741
11849
29582
11849
21480
11849
-16242
11849
-28899
11849
-28230
11849
28974
11849
25389
11849
24480
11849
-19796
11849
21476
11849
9738
11849
13594
11849
-26822
11849
31400
11849
28105
11849
-13435
11849
-20263
11849
1910
11849
-24326
11849
-8659
11849
25957
11849
-19872
11849
18511
11849
22280
11849
-12955
11849
-10018
11849
26856
11849
-21533
11849
9974
11849
31732
11849
1447
11849
-29885
11849
9843
-4366
14254
-4366
-3017
-4366
3494
-4366
-4397
-4366
-25451
-4366
31803
-4366
27462
-4366
30572
-4366
-11969
-4366
23823
-4366
18839
-4366
-30441
-4366
-21382
-4366
-29616
-4366
-25412
-4366
5296
-4366
9277
-4366
21234
-4366
-11406
-4366
13196
-4366
-11583
-4366
-7148
-4366
29586
-4366
23836
-4366
18057
-4366
1920
-4366
-29929
-4366
9284
-4366
-25965
-4366
20486
-4366
-25058
-4366
9735
-4366
2803
-4366
-23540
-4366
24730
-4366
3815
-4366
-13727
-4366
-12649
-4366
-30419
-4366
2814
-4366
-11103
-4366
2392
-4366
22228
-4366
27010
-4366
19346
-4366
27462
-4366
-3352
-4366
-18133
-4366
-8790
-4366
15413
2467
11657
2467
-8886
2467
30241
2467
-15486
2467
908
2467
8952
2467
6665
2467
-27931
2467
-5416
2467
-16223
2467
-18123
2467
4257
2467
-1105
2467
18637
2467
17142
2467
15572
2467
10706
2467
-31046
2467
-5575
2467
4210
2467
-14571
2467
-19706
2467
16371
2467
-29124
2467
-14002
2467
10979
2467
-5040
2467
5073
2467
-28010
2467
-1950
2467
12852
2467
-13911
2467
22181
2467
31094
2467
-14928
2467
-28979
2467
-20440
2467
-11400
2467
8353
2467
-1312
2467
18557
2467
-17821
2467
-17881
2467
-13068
2467
13462
2467
22030
2467
-5781
2467
1720
2467
-10614
2467
-328
-31502
-18218
-31502
25254
-31502
-20857
-31502
-16113
-31502
20321
-31502
-26270
-31502
-27044
-31502
-3247
-31502
12812
-31502
-24676
-31502
-30401
-31502
19921
-31502
17764
-31502
-14756
-31502
29336
-31502
-29215
-31502
-10597
-31502
3794
-31502
-17121
-31502
-32142
-31502
9754
-31502
19235
-31502
17680
-31502
-6726
-31502
-17491
-31502
-32554
-31502
14858
-31502
-32007
-31502
3260
-31502
-9820
-31502
-24896
-31502
-12449
-31502
21594
-31502
30279
-31502
-6310
-31502
-2028
-31502
-26828
-31502
-22395
-31502
-746
-31502
-23065
-31502
20165
-31502
-24263
-31502
27923
-31502
5780
-31502
-25257
-31502
9841
-31502
-13033
-31502
-29498
-31502
-15115
-31502
4393
-8601
3867
-8601
3511
-8601
18218
-8601
-12930
-8601
1757
-8601
27770
-8601
-11052
-8601
-5749
-8601
-1492
-8601
15429
-8601
-20936
-8601
-28526
-8601
20773
-8601
21740
-8601
6222
-8601
-21503
-8601
22533
-8601
-5927
-8601
-24404
-8601
4364
-8601
-16141
-8601
-4843
-8601
2815
-8601
-21384
-8601
18538
-8601
748
-8601
15187
-8601
23279
-8601
-19712
-8601
-1024
-8601
-4279
-8601
27941
-8601
30026
-8601
17072
-8601
-2043
-8601
20290
-8601
19387
-8601
11689
-8601
-8781
-8601
20587
-8601
26275
-8601
-22927
-8601
29531
-8601
-20458
-8601
-26256
-8601
-30167
-8601
-28612
-8601
-27362
-8601
11989
-8601
-9818
19140
-10629
19140
-18213
19140
6709
19140
-7951
19140
20411
19140
23918
19140
11587
19140
23761
19140
-16681
19140
3644
19140
28772
19140
32001
19140
8408
19140
-19082
19140
-4963
19140
16517
19140
-2645
19140
3544
19140
7641
19140
-24270
19140
2743
19140
-26418
19140
29690
19140
9667
19140
-5163
19140
13515
19140
-29621
19140
-15665
19140
-28612
19140
3562
19140
-26082
19140
25218
19140
-26433
19140
4036
19140
-30251
19140
-27134
19140
8981
19140
-12496
19140
-22833
19140
-13602
19140
20949
19140
-24823
19140
10832
19140
25236
19140
4535
19140
16700
19140
599
19140
32741
19140
-32050
19140
-2203
-22375
29219
-22375
-20303
-22375
28758
-22375
1433
-22375
-32005
-22375
16470
-22375
-24372
-22375
3207
-22375
30990
-22375
20671
-22375
-22955
-22375
16876
-22375
12661
-22375
26973
-22375
26323
-22375
1829
-22375
12792
-22375
8565
-22375
16787
-22375
-25451
-22375
-699
-22375
-18279
-22375
-25717
-22375
26124
-22375
-20465
-22375
23446
-22375
-21713
-22375
27974
-22375
9137
-22375
-32302
-22375
18081
-22375
25332
-22375
-20520
-22375
-5219
-22375
12652
-22375
30757
-22375
1608
-22375
24032
-22375
-22976
-22375
-31438
-22375
13477
-22375
18512
-22375
29227
-22375
-17216
-22375
3998
-22375
18365
-22375
-5435
-22375
-31194
-22375
-15547
-22375
5620
28787
-14103
28787
-29784
28787
-28559
28787
14953
28787
-29794
28787
5689
28787
-135
28787
19061
28787
-22253
28787
-26850
28787
-21983
28787
27718
28787
-129
28787
-23051
28787
32351
28787
-24119
28787
6918
28787
27041
28787
-5298
28787
-3569
28787
26184
28787
-17391
28787
14110
28787
11778
28787
1906
28787
-19335
28787
23378
28787
20997
28787
-28729
28787
-27898
28787
-21478
28787
-18181
28787
19535
28787
-5324
28787
-15807
28787
-11615
28787
25080
28787
30278
28787
19933
28787
24792
28787
-7578
28787
-6823
28787
4717
28787
13650
28787
8006
28787
-9390
28787
-17939
28787
-4463
28787
21532
28787
9956
15668
-24377
15668
12458
15668
-32232
15668
2285
15668
-17575
15668
-19569
15668
21491
15668
-17507
15668
23693
15668
24499
15668
23701
15668
19488
15668
8431
15668
-2778
15668
13653
15668
-23693
15668
-20859
15668
-4920
15668
-23730
15668
15429
15668
-2008
15668
-13819
15668
-29367
15668
-23984
15668
24392
15668
1928
15668
4318
15668
684
15668
26855
15668
-8181
15668
22468
15668
-22868
15668
24350
15668
32601
15668
18998
15668
-2764
15668
-27772
15668
15690
15668
13739
15668
22257
15668
25495
15668
9630
15668
-21125
15668
11753
15668
-10631
15668
-25883
15668
12820
15668
-6642
15668
-29756
15668
23901
3265
-5031
3265
14195
3265
16022
3265
-24884
3265
-13845
3265
7938
3265
1772
3265
-1890
3265
-16278
3265
32013
3265
21440
3265
-23364
3265
-18964
3265
-30344
3265
20509
3265
-5190
3265
649
3265
-5915
3265
18124
3265
-9946
3265
-7983
3265
-10274
3265
-5618
3265
-31436
3265
-23733
3265
5596
3265
-26247
3265
11075
3265
-13279
3265
22667
3265
-19928
3265
162
3265
11824
3265
18068
3265
-28775
3265
27418
3265
-14287
3265
13222
3265
-30563
3265
-29375
3265
-30736
3265
12574
3265
29211
3265
29705
3265
25391
3265
805
3265
-14550
3265
-11220
3265
-24868
3265
4506
-11405
-1919
-11405
-16350
-11405
22626
-11405
8471
-11405
9238
-11405
2537
-11405
3281
-11405
-29718
-11405
23047
-11405
18294
-11405
-12756
-11405
-4570
-11405
21918
-11405
1235
-11405
-20685
-11405
-32198
-11405
-5289
-11405
28999
-11405
29151
-11405
21367
-11405
-5351
-11405
6361
-11405
-8789
-11405
-8903
-11405
-26594
-11405
4531
-11405
2770
-11405
1390
-11405
9696
-11405
-11851
-11405
-26243
-11405
-22363
-11405
-7108
-11405
18058
-11405
20961
-11405
16483
-11405
28676
-11405
-14772
-11405
5852
-11405
-5328
-11405
30726
-11405
-14354
-11405
-21441
-11405
8571
-11405
3356
-11405
-4146
-11405
13059
-11405
13714
-11405
26789
-11405
-19112
4601
-21174
4601
-13769
4601
24297
4601
27312
4601
-18371
4601
32366
4601
-1010
4601
-17839
4601
22519
4601
-13784
4601
-6998
4601
24208
4601
18568
4601
-26018
4601
-8967
4601
-19558
4601
3458
4601
-25005
4601
-23565
4601
27232
4601
6429
4601
-8840
4601
15134
4601
27483
4601
-4973
4601
-3079
4601
-29085
4601
21935
4601
-5709
4601
4978
4601
-23287
4601
-28322
4601
-16118
4601
-29301
4601
-14890
4601
28678
4601
5610
4601
21039
4601
-11604
4601
28084
4601
-10146
4601
-24291
4601
-1872
4601
-21818
4601
5166
4601
22220
4601
-32383
4601
1841
4601
26520
4601
21405
634
-10541
634
1225
634
24022
634
11233
634
8896
634
14883
634
-291
634
-15790
634
-21281
634
21324
634
6013
634
8922
634
-20068
634
-14592
634
12818
634
-2001
634
8256
634
26974
634
20620
634
-24167
634
-14219
634
1194
634
4263
634
27455
634
14553
634
-25363
634
29511
634
-10036
634
-2995
634
-22274
634
-7733
634
-14127
634
-16118
634
18379
634
21536
634
-17692
634
-17764
634
21173
634
-26594
634
19583
634
-20371
634
-4024
634
16292
634
-3810
634
-8450
634
-29187
634
-20083
634
9749
634
23990
634
-24453
6812
-28
6812
-16618
6812
27668
6812
-3587
6812
30134
6812
19384
6812
-416
6812
30121
6812
-28823
6812
21042
6812
-2227
6812
-21066
6812
11585
6812
10600
6812
-17620
6812
12056
6812
-16004
6812
28213
6812
-3562
6812
10831
6812
7942
6812
-11561
6812
-22316
6812
-27783
6812
15020
6812
-19107
6812
-31156
6812
-7100
6812
11280
6812
12071
6812
22912
6812
-24174
6812
26863
6812
-16995
6812
12639
6812
29473
6812
17038
6812
28685
6812
6371
6812
26702
6812
12763
6812
-32370
6812
3155
6812
-28036
6812
-1147
6812
14528
6812
-12126
6812
-1542
6812
27397
6812
-12984
11927
27029
11927
-9654
11927
19081
11927
796
11927
16666
11927
30169
11927
-10344
11927
-21414
11927
-19831
11927
-5670
11927
28009
11927
-12787
11927
1700
11927
-10588
11927
27636
11927
12009
11927
-27189
11927
30292
11927
-31840
11927
22369
11927
22504
11927
29092
11927
-17467
11927
23474
11927
-24261
11927
16644
11927
21267
11927
18101
11927
-26938
11927
25196
11927
14390
11927
2291
11927
-21369
11927
-6940
11927
-13413
11927
19162
11927
3341
11927
-15656
11927
9166
11927
9437
11927
14788
11927
-22434
11927
27874
11927
-64
11927
1440
11927
20398
11927
18981
11927
-29832
11927
-12792
11927
-21073
14074
1169
14074
-20046
14074
21163
14074
-22983
14074
-10026
14074
5850
14074
14840
14074
3240
14074
-24222
14074
-4780
14074
-19797
14074
-20620
14074
-7692
14074
-4788
14074
32042
14074
31579
14074
20750
14074
24605
14074
6002
14074
-26800
14074
-9825
14074
-16383
14074
14325
14074
10549
14074
2865
14074
21407
14074
26450
14074
23547
14074
7613
14074
21305
14074
13946
14074
19811
14074
3171
14074
18043
14074
6972
14074
7565
14074
-4972
14074
-28827
14074
18058
14074
22684
14074
-21411
14074
17334
14074
-1256
14074
13624
14074
-2363
14074
-8411
14074
30149
14074
13204
14074
32383
14074
27444
-17061
6849
-17061
-32735
-17061
14951
-17061
23594
-17061
-19010
-17061
-415
-17061
-3007
-17061
-9782
-17061
-5633
-17061
-19082
-17061
4651
-17061
-2862
-17061
1119
-17061
-30888
-17061
22433
-17061
12506
-17061
-2366
-17061
30198
-17061
-7184
-17061
13967
-17061
19176
-17061
-2567
-17061
-24012
-17061
-9432
-17061
11264
-17061
-15731
-17061
7029
-17061
31647
-17061
-21962
-17061
4355
-17061
-573
-17061
-15064
-17061
-9313
-17061
-24843
-17061
-21306
-17061
27205
-17061
20781
-17061
-15252
-17061
27277
-17061
-27425
-17061
6580
-17061
-10518
-17061
10854
-17061
19744
-17061
2544
-17061
-21210
-17061
-14041
-17061
7318
-17061
1588
-17061
-12886
-19049
-27830
-19049
21253
-19049
-6475
-19049
24006
-19049
27316
-19049
-21771
-19049
8843
-19049
25639
-19049
-940
-19049
12406
-19049
8846
-19049
28327
-19049
1247
-19049
-31405
-19049
17714
-19049
-22354
-19049
-1226
-19049
-21186
-19049
25184
-19049
11626
-19049
-26161
-19049
-26526
-19049
-8821
-19049
24791
-19049
-139
-19049
-16936
-19049
23033
-19049
-29299
-19049
-12453
-19049
31643
-19049
-8108
-19049
-7401
-19049
5972
-19049
-16591
-19049
26130
-19049
-23771
-19049
6241
-19049
11113
-19049
5431
-19049
-21245
-19049
-2707
-19049
-31843
-19049
-14513
-19049
-19723
-19049
5863
-19049
-11852
-19049
64
-19049
-21850
-19049
-21841
-19049
-9674
10907
31530
10907
29384
10907
5150
10907
31613
10907
-16117
10907
23825
10907
4452
10907
7445
10907
644
10907
7824
10907
1057
10907
-20338
10907
-4530
10907
-25304
10907
-980
10907
21718
10907
4040
10907
-24813
10907
7933
10907
-2489
10907
-28606
10907
-31863
10907
22985
10907
5648
10907
30383
10907
13054
10907
-18437
10907
-13537
10907
-9619
10907
3202
10907
-24460
10907
5157
10907
-10708
10907
9418
10907
28821
10907
-26470
10907
-31258
10907
1703
10907
-24466
10907
-16077
10907
-9699
10907
28717
10907
-21115
10907
-13714
10907
1712
10907
-17045
10907
7432
10907
-629
10907
-19955
10907
-26759
18049
28834
18049
-11714
18049
-2671
18049
10825
18049
-3334
18049
-21889
18049
14053
18049
-21313
18049
707
18049
13725
18049
1719
18049
14905
18049
18962
18049
14209
18049
19569
18049
-14767
18049
27321
18049
9413
18049
-21167
18049
30115
18049
-19125
18049
-28064
18049
-6101
18049
1447
18049
-2059
18049
-30660
18049
-2688
18049
5880
18049
-16202
18049
2940
18049
28499
18049
-15180
18049
31691
18049
12254
18049
12295
18049
-10422
18049
-19570
18049
-19952
18049
15635
18049
-4733
18049
1989
18049
-14377
18049
29404
18049
-20239
18049
30359
18049
167
18049
22435
18049
10231
18049
24799
18049
2916
109
-19029
109
-24353
109
24325
109
-24258
109
-18561
109
17044
109
20277
109
-17411
109
27766
109
32598
109
16722
109
-24657
109
-5774
109
-23268
109
11900
109
11438
109
-7182
109
22924
109
24928
109
13185
109
7394
109
-15064
109
-18982
109
-1364
109
-31550
109
13556
109
17146
109
22719
109
-15300
109
24944
109
31114
109
-7977
109
6444
109
21313
109
28017
109
16171
109
-9435
109
26150
109
17564
109
24445
109
7693
109
15771
109
-16356
109
-2153
109
-10264
109
31758
109
-10901
109
-5365
109
-21695
109
-12127
-9701
20458
-9701
30425
-9701
1223
-9701
-20060
-9701
6041
-9701
27234
-9701
-1610
-9701
26071
-9701
-16836
-9701
29544
-9701
-15442
-9701
-1769
-9701
876
-9701
5162
-9701
11077
-9701
-32664
-9701
19309
-9701
-26999
-9701
5687
-9701
-3900
-9701
-3840
-9701
14504
-9701
-14521
-9701
-26496
-9701
20772
-9701
24884
-9701
-9279
-9701
-2777
-9701
-13703
-9701
19782
-9701
31068
-9701
10595
-9701
-29225
-9701
-20946
-9701
-4150
-9701
3262
-9701
-14990
-9701
14174
-9701
-6994
-9701
5
-9701
28489
-9701
10571
-9701
5830
-9701
22909
-9701
-14500
-9701
-23210
-9701
11773
-9701
22337
-9701
9890
-9701
-11611
2541
7278
2541
-13012
2541
21716
2541
-18417
2541
4433
2541
-29293
2541
24582
2541
-4136
2541
558
2541
31319
2541
20360
2541
12303
2541
28812
2541
22537
2541
9585
2541
-11048
2541
-302
2541
-24022
2541
31034
2541
4750
2541
-2446
2541
22625
2541
-17593
2541
24663
2541
-28263
2541
24673
2541
-977
2541
23263
2541
28548
2541
-1858
2541
-4998
2541
16891
2541
32757
2541
18132
2541
1252
2541
-1041
2541
19130
2541
-307
2541
29114
2541
14868
2541
-428
2541
18954
2541
-19197
2541
26090
2541
-2836
2541
-29361
2541
19011
2541
-25986
2541
18219
2541
-29481
21098
-27736
21098
16722
21098
-28326
21098
8875
21098
9409
21098
22427
21098
23453
21098
24268
21098
13023
21098
23150
21098
-23399
21098
-28673
21098
-25144
21098
8481
21098
6810
21098
-16719
21098
-6318
21098
-27630
21098
9726
21098
-22979
21098
31781
21098
-3101
21098
-114
21098
-4176
21098
1485
21098
5536
21098
4527
21098
29508
21098
21594
21098
-28350
21098
29053
21098
30075
21098
-17037
21098
-7224
21098
-24476
21098
28735
21098
30509
21098
-32521
21098
-24750
21098
-13805
21098
27412
21098
-24341
21098
-30273
21098
31394
21098
1886
21098
-8161
21098
2386
21098
5611
21098
-12046
21098
-28457
-16335
-12186
-16335
-10288
-16335
23044
-16335
25546
-16335
-16420
-16335
18683
-16335
-23859
-16335
-27090
-16335
-21186
-16335
7456
-16335
-25999
-16335
-3786
-16335
-5889
-16335
-21912
-16335
8780
-16335
8212
-16335
7189
-16335
-1800
-16335
-11332
-16335
-4696
-16335
-18842
-16335
12364
-16335
-28673
-16335
-27219
-16335
-32084
-16335
25764
-16335
-20789
-16335
-21106
-16335
-10569
-16335
12473
-16335
-9240
-16335
15015
-16335
19628
-16335
-9217
-16335
8524
-16335
-26162
-16335
22450
-16335
4114
-16335
-30077
-16335
-15749
-16335
17582
-16335
-6130
-16335
14247
-16335
-7158
-16335
4519
-16335
-20509
-16335
31003
-16335
9863
-16335
-26127
-16335
14003
12016
-27990
12016
19070
12016
21516
12016
-32425
12016
12254
12016
30965
12016
22556
12016
-7314
12016
10918
12016
7706
12016
-32329
12016
-23558
12016
-28545
12016
-23643
12016
-20027
12016
22861
12016
844
12016
2767
12016
28289
12016
28186
12016
22176
12016
15671
12016
-7901
12016
-12537
12016
19501
12016
-18078
12016
-19426
12016
28196
12016
22156
12016
30697
12016
6916
12016
4044
12016
-6717
12016
-14249
12016
9814
12016
1394
12016
-23407
12016
16837
12016
-17855
12016
22461
12016
-7035
12016
23347
12016
6185
12016
-7748
12016
-15478
12016
-26957
12016
-25487
12016
9135
12016
-6317
12016
19208
-268
2733
-268
-15478
-268
7882
-268
-7307
-268
-31330
-268
25889
-268
-29223
-268
-27620
-268
-24361
-268
-599
-268
8765
-268
14152
-268
-9919
-268
10366
-268
-31481
-268
-28912
-268
25702
-268
-23599
-268
4819
-268
29659
-268
-26770
-268
-9594
-268
-30552
-268
-20701
-268
18651
-268
-21735
-268
13637
-268
9986
-268
-5597
-268
15241
-268
18568
-268
-11633
-268
22023
-268
27283
-268
-2262
-268
31251
-268
-2874
-268
28790
-268
-23849
-268
17646
-268
22534
-268
-27923
-268
-24426
-268
-3779
-268
-113
-268
-2537
-268
-54
-268
-8132
-268
-17367
-268
5098
-26116
-16788
-26116
6096
-26116
-32757
-26116
27419
-26116
27440
-26116
8364
-26116
18023
-26116
-2653
-26116
8551
-26116
15522
-26116
9137
-26116
-24454
-26116
-32253
-26116
32287
-26116
-12649
-26116
5101
-26116
31849
-26116
12089
-26116
-14699
-26116
-26438
-26116
-29737
-26116
8778
-26116
-12412
-26116
-3221
-26116
15636
-26116
-8108
-26116
-1140
-26116
23940
-26116
-19641
-26116
2916
-26116
-17811
-26116
-6317
-26116
-16955
-26116
4133
-26116
-18042
-26116
22961
-26116
-7660
-26116
26147
-26116
-12200
-26116
28904
-26116
-25663
-26116
-7187
-26116
-18353
-26116
13667
-26116
3024
-26116
-8884
-26116
-30162
-26116
-29837
-26116
9305
-26116
17061
14666
-23891
14666
-4346
14666
-22365
14666
2381
14666
-3572
14666
14235
14666
3431
14666
-5834
14666
24531
14666
24230
14666
-14802
14666
31602
14666
18798
14666
24802
14666
17698
14666
16243
14666
21381
14666
21521
14666
22027
14666
-1328
14666
1462
14666
-30612
14666
-10644
14666
-7027
14666
-22323
14666
-26587
14666
-29139
14666
-29173
14666
5704
14666
-27939
14666
-8110
14666
-20374
14666
-10911
14666
19162
14666
-28022
14666
-18507
14666
19567
14666
13833
14666
-10668
14666
-21750
14666
7956
14666
-3445
14666
-3605
14666
-22063
14666
-21829
14666
-6666
14666
-24726
14666
-9162
14666
27411
14666
-13394
16644
-31820
16644
-32723
16644
-21163
16644
16879
16644
-17093
16644
-12917
16644
-10284
16644
-5263
16644
22683
16644
30742
16644
-21500
16644
2437
16644
-15751
16644
-808
16644
19522
16644
19134
16644
-30886
16644
-5716
16644
-6381
16644
3790
16644
-16568
16644
7295
16644
22147
16644
-31831
16644
13930
16644
-3358
16644
-16560
16644
27407
16644
-17839
16644
-13089
16644
-25739
16644
28871
16644
8620
16644
7423
16644
31898
16644
21475
16644
7712
16644
1168
16644
15648
16644
-30923
16644
-23839
16644
12606
16644
467
16644
13300
16644
17224
16644
-24426
16644
15810
16644
-32142
16644
-18915
16644
5940
-29768
-1416
-29768
25467
-29768
-31635
-29768
5166
-29768
29007
-29768
11824
-29768
11094
-29768
12913
-29768
29274
-29768
3879
-29768
15832
-29768
-12669
-29768
-25734
-29768
5343
-29768
11990
-29768
-3164
-29768
23836
-29768
18476
-29768
-1706
-29768
-24181
-29768
29235
-29768
-19716
-29768
-11425
-29768
-9194
-29768
1147
-29768
-8744
-29768
29411
-29768
20925
-29768
18822
-29768
-26188
-29768
-28386
-29768
10583
-29768
-23298
-29768
-12916
-29768
30819
-29768
-2883
-29768
20604
-29768
-5480
-29768
-30951
-29768
-6658
-29768
-8736
-29768
-16342
-29768
-2331
-29768
12938
-29768
-11060
-29768
-9221
-29768
-17176
-29768
21517
-29768
6679
-29768
19541
4840
22536
4840
-10793
4840
-16287
4840
8129
4840
-26524
4840
17663
4840
19340
4840
6699
4840
-20987
4840
-3602
4840
-12822
4840
24373
4840
14282
4840
-15188
4840
-12706
4840
-31774
4840
9526
4840
-13911
4840
-11977
4840
-10524
4840
-14642
4840
28055
4840
7921
4840
-20287
4840
-21260
4840
12666
4840
-2334
4840
28365
4840
18456
4840
-17521
4840
-3628
4840
26994
4840
1897
4840
-32677
4840
11146
4840
-18454
4840
-15500
4840
-22767
4840
9179
4840
-30996
4840
27866
4840
27320
4840
9648
4840
-26102
4840
13064
4840
2306
4840
9589
4840
-15941
4840
-23424
4840
12430
-31282
23451
-31282
-30175
-31282
1192
-31282
32147
-31282
-15376
-31282
-11850
-31282
-28903
-31282
-4812
-31282
11404
-31282
-2822
-31282
-6826
-31282
8194
-31282
-14128
-31282
-32019
-31282
-20626
-31282
-29336
-31282
-13820
-31282
-13063
-31282
-16054
-31282
-9245
-31282
8785
-31282
-690
-31282
4530
-31282
-23230
-31282
1528
-31282
14578
-31282
-17384
-31282
-27144
-31282
-5708
-31282
-13596
-31282
-13288
-31282
21692
-31282
-25154
-31282
-30274
-31282
-10793
-31282
-15338
-31282
3281
-31282
-28916
-31282
-23259
-31282
-15153
-31282
22180
-31282
15912
-31282
19205
-31282
-30446
-31282
1252
-31282
-44
-31282
-14178
-31282
7914
-31282
-12615
-31282
-14365
13024
-5803
13024
5107
13024
-10175
13024
16170
13024
-17917
13024
-13937
13024
27005
13024
26146
13024
-4847
13024
-25386
13024
31722
13024
-21023
13024
5646
13024
-10793
13024
-17891
13024
28137
13024
7662
13024
17248
13024
5346
13024
13208
13024
16936
13024
13969
13024
27825
13024
2151
13024
4222
13024
-9796
13024
8611
13024
-29640
13024
-26010
13024
24106
13024
4891
13024
24207
13024
-27695
13024
-4258
13024
-19142
13024
15129
13024
-3120
13024
20061
13024
25278
13024
-31319
13024
-29467
13024
-7194
13024
-30960
13024
22222
13024
25946
13024
16494
13024
-26831
13024
27474
13024
-14778
13024
18977
32390
-11771
32390
-15628
32390
2874
32390
29406
32390
-9199
32390
-29622
32390
-17304
32390
1025
32390
-19343
32390
16279
32390
-4342
32390
3941
32390
32158
32390
-30408
32390
3200
32390
31065
32390
19823
32390
-12217
32390
25010
32390
-29048
32390
-15607
32390
20739
32390
-12849
32390
22172
32390
13291
32390
7412
32390
31451
32390
-31398
32390
10576
32390
10123
32390
10893
32390
11750
32390
29067
32390
-147
32390
-30667
32390
-20768
32390
9509
32390
21918
32390
13847
32390
-22460
32390
8503
32390
-13861
32390
-22622
32390
14342
32390
12620
32390
2405
32390
15483
32390
-27204
32390
-8364
32390
28177
-22061
-26848
-22061
-20747
-22061
-31657
-22061
-15572
-22061
8968
-22061
263
-22061
-9218
-22061
-14190
-22061
-22776
-22061
-14453
-22061
-22951
-22061
-26450
-22061
1353
-22061
-12410
-22061
22950
-22061
-29818
-22061
-6689
-22061
-31057
-22061
25900
-22061
28744
-22061
-23595
-22061
10366
-22061
20177
-22061
-2423
-22061
-992
-22061
13758
-22061
20469
-22061
17925
-22061
-28149
-22061
17812
-22061
11650
-22061
-12969
-22061
31114
-22061
3996
-22061
16177
-22061
-8018
-22061
-7523
-22061
-8145
-22061
-25809
-22061
-10447
-22061
8192
-22061
-14231
-22061
14767
-22061
-605
-22061
19998
-22061
2438
-22061
23699
-22061
-9710
-22061
3320
-22061
8887
7234
537
7234
25890
7234
-17329
7234
29104
7234
-20458
7234
5359
7234
29807
7234
-24535
7234
-3130
7234
17937
7234
-25486
7234
3336
7234
-28648
7234
11352
7234
-17858
7234
19028
7234
20765
7234
-14284
7234
-15254
7234
2669
7234
-31451
7234
26756
7234
1195
7234
9530
7234
-4638
7234
-24567
7234
5177
7234
9464
7234
22617
7234
5702
7234
18193
7234
32619
7234
15867
7234
-5771
7234
5230
7234
11566
7234
12144
7234
-31516
7234
-30801
7234
-26107
7234
589
7234
23630
7234
7134
7234
-353
7234
-10125
7234
-291
7234
6378
7234
-10709
7234
-13486
7234
-22415
-9441
-10074
-9441
3472
-9441
-18002
-9441
-11272
-9441
14213
-9441
-20085
-9441
-13353
-9441
16010
-9441
31593
-9441
-4170
-9441
28638
-9441
18191
-9441
25864
-9441
-32534
-9441
-23155
-9441
8903
-9441
-27190
-9441
-19767
-9441
14148
-9441
339
-9441
-18648
-9441
-22711
-9441
5674
-9441
13376
-9441
22818
-9441
-2531
-9441
-31432
-9441
-32383
-9441
-4452
-9441
21511
-9441
-21461
-9441
-1222
-9441
10980
-9441
-10923
-9441
27433
-9441
-4115
-9441
-4752
-9441
-20790
-9441
-31212
-9441
-5001
-9441
-28862
-9441
18088
-9441
-11581
-9441
10880
-9441
-21810
-9441
21102
-9441
-17913
-9441
9452
-9441
-8310
-9441
20581
-17108
20457
-17108
30939
-17108
-3200
-17108
31019
-17108
7628
-17108
1367
-17108
18696
-17108
19899
-17108
-9565
-17108
18711
-17108
-15962
-17108
17130
-17108
-20502
-17108
27689
-17108
-23009
-17108
-22993
-17108
30731
-17108
-26789
-17108
29219
-17108
8963
-17108
-19084
-17108
32631
-17108
-19517
-17108
-30855
-17108
21938
-17108
27707
-17108
-16550
-17108
-2690
-17108
2620
-17108
-10839
-17108
-12140
-17108
233
-17108
-22488
-17108
15207
-17108
-17494
-17108
5855
-17108
11415
-17108
-32724
-17108
-4581
-17108
20202
-17108
5424
-17108
1997
-17108
-12825
-17108
1703
-17108
-19172
-17108
14299
-17108
3772
-17108
31479
-17108
20584
-17108
25772
-28121
24745
-28121
-19476
-28121
4566
-28121
31138
-28121
-7823
-28121
13345
-28121
949
-28121
27402
-28121
10402
-28121
-7348
-28121
19281
-28121
8327
-28121
-32701
-28121
8961
-28121
27864
-28121
-6425
-28121
-411
-28121
7883
-28121
23221
-28121
-30431
-28121
4489
-28121
23238
-28121
-17647
-28121
-31230
-28121
-116
-28121
-11332
-28121
19277
-28121
11559
-28121
-2355
-28121
-24294
-28121
20381
-28121
15316
-28121
-1848
-28121
23454
-28121
19840
-28121
-26232
-28121
-25515
-28121
-13730
-28121
-7621
-28121
-29423
-28121
-24022
-28121
-13843
-28121
-6297
-28121
27125
-28121
-23015
-28121
-1322
-28121
-17376
-28121
-11331
-28121
2255
-28121
-15811
-26222
24979
-26222
8386
-26222
1771
-26222
30371
-26222
-14428
-26222
-645
-26222
17665
-26222
14243
-26222
-2768
-26222
8197
-26222
10534
-26222
16197
-26222
-16420
-26222
32586
-26222
19808
-26222
-7833
-26222
-30116
-26222
6890
-26222
27028
-26222
23209
-26222
-30865
-26222
-6087
-26222
-3997
-26222
18510
-26222
-9936
-26222
-12350
-26222
-29753
-26222
-17975
-26222
5841
-26222
-903
-26222
-20993
-26222
2373
-26222
27046
-26222
19941
-26222
-11211
-26222
8568
-26222
-26050
-26222
1451
-26222
-17802
-26222
1716
-26222
-15511
-26222
-18562
-26222
-20733
-26222
-19458
-26222
6098
-26222
-1516
-26222
-10301
-26222
-3717
-26222
-32061
-26222
-17175
-32419
26776
-32419
-17490
-32419
-8011
-32419
-8349
-32419
-20087
-32419
780
-32419
3131
-32419
6370
-32419
20693
-32419
-28758
-32419
-13632
-32419
28693
-32419
-2351
-32419
-6514
-32419
12761
-32419
23424
-32419
-7882
-32419
17895
-32419
-23856
-32419
22400
-32419
-16993
-32419
-20717
-32419
12486
-32419
29076
-32419
14468
-32419
-10615
-32419
30983
-32419
-26087
-32419
1825
-32419
469
-32419
10821
-32419
3345
-32419
-20465
-32419
-11213
-32419
-10989
-32419
14355
-32419
-14761
-32419
12196
-32419
2530
-32419
25652
-32419
-5201
-32419
-24537
-32419
-31597
-32419
25216
-32419
-3271
-32419
-31117
-32419
-1882
-32419
24145
-32419
-6072
-32419
-7585
12297
-20018
12297
23092
12297
-25210
12297
-7026
12297
-8482
12297
15920
12297
10368
12297
-31158
12297
1931
12297
13556
12297
-7197
12297
28541
12297
-10658
12297
-12152
12297
-13899
12297
24375
12297
1100
12297
-12367
12297
20367
12297
8787
12297
29351
12297
8647
12297
25648
12297
22650
12297
-16979
12297
26371
12297
23774
12297
3963
12297
-7785
12297
8332
12297
-28865
12297
24512
12297
21539
12297
28284
12297
-30865
12297
22510
12297
-2480
12297
6405
12297
15606
12297
19278
12297
29543
12297
-8854
12297
-28869
12297
-15735
12297
-2233
12297
8022
12297
25232
12297
26144
12297
15090
12297
-9888
24344
29620
24344
-1456
24344
-30895
24344
20805
24344
4209
24344
-12557
24344
652
24344
-8601
24344
-4775
24344
-6812
24344
24298
24344
19714
24344
-12316
24344
3751
24344
-1129
24344
15890
24344
-16402
24344
30285
24344
-3713
24344
-17567
24344
30167
24344
-32727
24344
9712
24344
22163
24344
20615
24344
-8638
24344
22087
24344
-20287
24344
11221
24344
18057
24344
20976
24344
-26871
24344
-26562
24344
15405
24344
-11379
24344
-5268
24344
32603
24344
8737
24344
16812
24344
-8756
24344
-14501
24344
-2907
24344
-6354
24344
27045
24344
31066
24344
24866
24344
28473
24344
-20586
24344
32624
24344
19478
7510
-3901
7510
-20749
7510
6804
7510
-1323
7510
-1770
7510
-15283
7510
4229
7510
-8020
7510
32448
7510
9601
7510
23264
7510
8591
7510
-14588
7510
21985
7510
8439
7510
23462
7510
-31191
7510
22487
7510
-14509
7510
26317
7510
-11523
7510
32486
7510
-22436
7510
8039
7510
25172
7510
-10988
7510
-1436
7510
-22414
7510
-14529
7510
-17905
7510
10993
7510
15984
7510
-27645
7510
-9227
7510
-16116
7510
-25857
7510
-31393
7510
-21361
7510
-8003
7510
-11526
7510
5393
7510
1469
7510
8994
7510
-4783
7510
25082
7510
17881
7510
16574
7510
3416
7510
28345
7510
13751
-8609
29037
-8609
9422
-8609
-5647
-8609
-32295
-8609
23535
-8609
-13868
-8609
28197
-8609
26852
-8609
20112
-8609
-26707
-8609
28995
-8609
25154
-8609
-13129
-8609
31259
-8609
9592
-8609
-15904
-8609
18076
-8609
-6294
-8609
-12294
-8609
31029
-8609
3302
-8609
30903
-8609
21698
-8609
10967
-8609
-16419
-8609
-21903
-8609
-11344
-8609
12314
-8609
-30200
-8609
18675
-8609
-2813
-8609
18572
-8609
26693
-8609
27724
-8609
-8846
-8609
-21891
-8609
29207
-8609
15857
-8609
-9504
-8609
29939
-8609
-9655
-8609
28019
-8609
-6983
-8609
-18877
-8609
-15936
-8609
13624
-8609
12393
-8609
19259
-8609
-1620
-8609
-22544
23799
-22203
23799
10664
23799
11947
23799
-15485
23799
-3903
23799
5091
23799
-1843
23799
-23335
23799
3448
23799
-32295
23799
-23728
23799
-20740
23799
24194
23799
-2578
23799
-17439
23799
30715
23799
1324
23799
7153
23799
3501
23799
6550
23799
8916
23799
13485
23799
2192
23799
-30500
23799
-22988
23799
-3779
23799
-28169
23799
-4273
23799
-15308
23799
3971
23799
-529
23799
-27323
23799
31205
23799
-21794
23799
-18310
23799
-5154
23799
27817
23799
3751
23799
2399
23799
-11923
23799
21746
23799
27377
23799
-2228
23799
17428
23799
29873
23799
-21731
23799
1256
23799
1629
23799
-14797
23799
-20943
27659
-19726
27659
-20508
27659
-22556
27659
5039
27659
9539
27659
18292
27659
-2377
27659
881
27659
-24804
27659
29921
27659
27189
27659
23638
27659
-6157
27659
10602
27659
31102
27659
-9666
27659
-28114
27659
-1011
27659
71
27659
-16176
27659
10473
27659
-28919
27659
-18916
27659
-30056
27659
25810
27659
-19704
27659
-28095
27659
-9577
27659
2614
27659
-14637
27659
-15478
27659
-15078
27659
26410
27659
27238
27659
-16554
27659
-5170
27659
367
27659
5247
27659
-16936
27659
-27792
27659
30209
27659
-18534
27659
-24257
27659
32613
27659
-3412
27659
-17792
27659
-1988
27659
-26717
27659
-27848
27659
16713
-12610
29214
-12610
31400
-12610
16606
-12610
-27053
-12610
27354
-12610
17939
-12610
9856
-12610
-2411
-12610
-13121
-12610
7546
-12610
2657
-12610
-17747
-12610
-1133
-12610
-20200
-12610
-524
-12610
-19344
-12610
-8746
-12610
26589
-12610
31942
-12610
10924
-12610
-1061
-12610
20991
-12610
28664
-12610
16161
-12610
2558
-12610
-6294
-12610
-18845
-12610
4659
-12610
30412
-12610
-3117
-12610
14108
-12610
-12008
-12610
-20723
-12610
-4656
-12610
27756
-12610
-32046
-12610
948
-12610
24769
-12610
-1254
-12610
-23948
-12610
-15333
-12610
1688
-12610
-27775
-12610
-5704
-12610
8528
-12610
488
-12610
29875
-12610
-5058
-12610
-18605
-12610
28197
-23659
18062
-23659
-25995
-23659
-26805
-23659
-4148
-23659
-27523
-23659
22423
-23659
-15150
-23659
-9278
-23659
2588
-23659
-27603
-23659
17714
-23659
32134
-23659
28829
-23659
8665
-23659
12576
-23659
19160
-23659
-16716
-23659
30635
-23659
24675
-23659
-13833
-23659
-24365
-23659
8339
-23659
-2728
-23659
-9886
-23659
8080
-23659
-32239
-23659
-5034
-23659
-24861
-23659
-3688
-23659
-15664
-23659
4045
-23659
13435
-23659
-3021
-23659
-5091
-23659
-14267
-23659
24369
-23659
12308
-23659
20238
-23659
6236
-23659
-24793
-23659
-30615
-23659
-27486
-23659
-17149
-23659
-2399
-23659
23087
-23659
12107
-23659
-30378
-23659
-14307
-23659
-5312
-23659
26619
-30403
19164
-30403
4322
-30403
-24723
-30403
6101
-30403
-25210
-30403
-21060
-30403
27034
-30403
-12148
-30403
-24215
-30403
11335
-30403
21780
-30403
-20984
-30403
-15339
-30403
-16074
-30403
16552
-30403
-16375
-30403
-20724
-30403
-23304
-30403
-23962
-30403
-24067
-30403
24189
-30403
-29293
-30403
-8266
-30403
-15200
-30403
-8537
-30403
-29515
-30403
-11446
-30403
30671
-30403
10831
-30403
-6058
-30403
-26402
-30403
16476
-30403
-22267
-30403
30862
-30403
-1025
-30403
-31545
-30403
21584
-30403
6921
-30403
1558
-30403
3919
-30403
15130
-30403
-6169
-30403
-1240
-30403
-18871
-30403
18889
-30403
-2924
-30403
-909
-30403
6803
-30403
16269
-30403
-32581
-5318
-11755
-5318
-5545
-5318
-4162
-5318
21221
-5318
-6581
-5318
-1570
-5318
14000
-5318
19115
-5318
-30513
-5318
-3664
-5318
-11075
-5318
-22136
-5318
-10811
-5318
-3044
-5318
30844
-5318
15136
-5318
20513
-5318
4407
-5318
12993
-5318
-9418
-5318
-4419
-5318
-6492
-5318
32429
-5318
-9379
-5318
21298
-5318
26932
-5318
-20459
-5318
-18932
-5318
-26070
-5318
-11256
-5318
11623
-5318
-13886
-5318
25419
-5318
21377
-5318
-2137
-5318
18120
-5318
20820
-5318
10897
-5318
-11802
-5318
-2793
-5318
-11163
-5318
23001
-5318
30847
-5318
16140
-5318
15561
-5318
-28221
-5318
22207
-5318
39
-5318
30241
-5318
13805
-25978
6309
-25978
-18561
-25978
-1052
-25978
30222
-25978
-10577
-25978
-24044
-25978
9202
-25978
18031
-25978
-16262
-25978
19087
-25978
-13126
-25978
15075
-25978
3124
-25978
-32134
-25978
7120
-25978
9893
-25978
4627
-25978
-20880
-25978
24053
-25978
-4290
-25978
-18080
-25978
1067
-25978
23883
-25978
-18286
-25978
-527
-25978
4073
-25978
-2247
-25978
-30253
-25978
-26207
-25978
28352
-25978
-27468
-25978
-12294
-25978
3823
-25978
17918
-25978
-10199
-25978
15224
-25978
1757
-25978
-13669
-25978
-8187
-25978
-10546
-25978
15167
-25978
-31810
-25978
12776
-25978
-16570
-25978
27519
-25978
-10441
-25978
-23945
-25978
26749
-25978
-6995
-25978
29640
26205
29643
26205
-17249
26205
-4174
26205
-14053
26205
5592
26205
25587
26205
11017
26205
-24432
26205
-17703
26205
-21071
26205
30898
26205
24823
26205
15256
26205
15843
26205
17632
26205
21367
26205
-26331
26205
20649
26205
-4623
26205
-10971
26205
-23355
26205
1261
26205
14329
26205
23590
26205
-28592
26205
-15478
26205
16620
26205
27492
26205
7401
26205
-31867
26205
11879
26205
-14650
26205
13918
26205
6483
26205
2283
26205
-17823
26205
-22583
26205
3087
26205
-13847
26205
23581
26205
-27800
26205
-4378
26205
24553
26205
-2770
26205
12645
26205
26553
26205
29886
26205
-18575
26205
-6726
26205
10432
10581
-10157
10581
2220
10581
-18862
10581
-20405
10581
-1270
10581
-15377
10581
290
10581
24944
10581
-28315
10581
-28623
10581
6166
10581
-13572
10581
3675
10581
738
10581
-12230
10581
-5274
10581
2955
10581
-1958
10581
-4532
10581
6320
10581
-15175
10581
-15949
10581
17438
10581
18505
10581
-28841
10581
-3597
10581
10514
10581
31282
10581
-23671
10581
30676
10581
-18639
10581
28813
10581
4451
10581
4058
10581
-14627
10581
5674
10581
1500
10581
12954
10581
-9563
10581
-26998
10581
24780
10581
31892
10581
-10518
10581
-31101
10581
-7137
10581
-23094
10581
-9361
10581
7628
10581
18876
10581
1029
32696
17216
32696
-19636
32696
-6822
32696
2319
32696
-26577
32696
1200
32696
30982
32696
26337
32696
-7041
32696
-30208
32696
11863
32696
-19724
32696
-8560
32696
-24188
32696
-23264
32696
-24630
32696
6551
32696
-9146
32696
-25789
32696
1956
32696
-11423
32696
30196
32696
27856
32696
12466
32696
2265
32696
-5732
32696
17257
32696
15630
32696
-30580
32696
10194
32696
6233
32696
2268
32696
-17764
32696
21941
32696
-2063
32696
-13841
32696
22579
32696
843
32696
-18407
32696
-8645
32696
-3476
32696
-17210
32696
25179
32696
10298
32696
-9104
32696
5357
32696
-18972
32696
-13247
32696
-10464
32696
25705
-9556
-21217
-9556
6010
-9556
23467
-9556
-15935
-9556
-8069
-9556
-3577
-9556
20588
-9556
9704
-9556
19081
-9556
-11453
-9556
12978
-9556
-28961
-9556
-26068
-9556
-11023
-9556
32035
-9556
18498
-9556
-25921
-9556
25938
-9556
-30744
-9556
15826
-9556
-20848
-9556
-3119
-9556
-17421
-9556
-10679
-9556
14017
-9556
26669
-9556
14952
-9556
-8614
-9556
27272
-9556
7667
-9556
31912
-9556
23149
-9556
20630
-9556
-28493
-9556
-16186
-9556
21185
-9556
6969
-9556
32229
-9556
-15233
-9556
-31363
-9556
-1629
-9556
2355
-9556
30027
-9556
25593
-9556
1035
-9556
-3065
-9556
-13046
-9556
-9633
-9556
-7577
-9556
28676
15251
15327
15251
-18367
15251
76
15251
32422
15251
25873
15251
6374
15251
26602
15251
24103
15251
-26012
15251
-22160
15251
-19541
15251
-6586
15251
5572
15251
-13722
15251
30628
15251
-9972
15251
-14589
15251
-21521
15251
15135
15251
30460
15251
-20977
15251
-11775
15251
18875
15251
-12367
15251
-8867
15251
12971
15251
-28300
15251
7338
15251
6134
15251
10484
15251
5379
15251
-30980
15251
-1305
15251
5878
15251
7041
15251
18443
15251
-17516
15251
-4137
15251
-5826
15251
1927
15251
-5546
15251
29307
15251
-23970
15251
-14776
15251
21728
15251
-25499
15251
-29780
15251
-27514
15251
-9118
15251
-1737
13422
9657
13422
-192
13422
20791
13422
14812
13422
29732
13422
28959
13422
-6931
13422
-7345
13422
-155
13422
5784
13422
4846
13422
31476
13422
-7125
13422
16244
13422
-17261
13422
21266
13422
-23653
13422
-6509
13422
29830
13422
-13392
13422
-18205
13422
20646
13422
-18677
13422
25593
13422
9853
13422
1007
13422
19334
13422
-21639
13422
-18724
13422
-20079
13422
9787
13422
-6642
13422
27611
13422
-11976
13422
10996
13422
-15673
13422
-3075
13422
-5487
13422
-31476
13422
2111
13422
-31354
13422
-4427
13422
13863
13422
-23308
13422
-2847
13422
-13488
13422
27022
13422
-24641
13422
21588
13422
-691
31232
6788
31232
11876
31232
28264
31232
28158
31232
-19407
31232
-6623
31232
-14671
31232
-15003
31232
3714
31232
-27439
31232
27695
31232
13560
31232
-28439
31232
22960
31232
21006
31232
-4158
31232
-3518
31232
6820
31232
-10603
31232
-17703
31232
29039
31232
-15793
31232
-18470
31232
-8349
31232
5085
31232
-17913
31232
-28436
31232
6202
31232
-30918
31232
28997
31232
15858
31232
-21228
31232
3271
31232
28039
31232
19971
31232
7936
31232
-16868
31232
5890
31232
-27400
31232
-2544
31232
29792
31232
-1759
31232
4145
31232
-3382
31232
13962
31232
-18650
31232
28305
31232
22023
31232
6810
31232
12375
6626
20545
6626
-61
6626
14859
6626
10188
6626
-12025
6626
7735
6626
-3467
6626
-31016
6626
-21952
6626
-13819
6626
-29288
6626
-650
6626
30259
6626
475
6626
15327
6626
-32455
6626
1476
6626
-12839
6626
-6329
6626
-22019
6626
-28080
6626
-8059
6626
-20492
6626
6165
6626
19993
6626
10970
6626
-18225
6626
-17469
6626
-15923
6626
18264
6626
9347
6626
-21984
6626
7093
6626
-32438
6626
-26339
6626
19110
6626
28620
6626
-26187
6626
-14507
6626
-9091
6626
-7613
6626
25199
6626
-15663
6626
25501
6626
-20481
6626
8388
6626
14686
6626
-11658
6626
5860
6626
-2222
28195
988
28195
29286
28195
-1697
28195
6664
28195
-21798
28195
-1253
28195
-8998
28195
23526
28195
6314
28195
25805
28195
32706
28195
5558
28195
13882
28195
-1116
28195
-18227
28195
15296
28195
18546
28195
-28523
28195
1700
28195
-2546
28195
17751
28195
-13946
28195
21596
28195
-2071
28195
2576
28195
-10822
28195
30730
28195
-17448
28195
22950
28195
-24089
28195
10564
28195
28767
28195
-5698
28195
-28414
28195
-7047
28195
-3089
28195
-13149
28195
10396
28195
-24322
28195
-32622
28195
-1909
28195
-10159
28195
19597
28195
-13318
28195
21609
28195
25199
28195
3392
28195
-7708
28195
-4279
28195
23223
-22441
-3661
-22441
-23352
-22441
-16622
-22441
-13791
-22441
-4261
-22441
-9614
-22441
-5166
-22441
6345
-22441
11705
-22441
-3835
-22441
-11433
-22441
2323
-22441
3715
-22441
-8446
-22441
10617
-22441
12065
-22441
678
-22441
6910
-22441
29682
-22441
-20381
-22441
-27884
-22441
1010
-22441
29753
-22441
25491
-22441
28103
-22441
-704
-22441
25530
-22441
16831
-22441
-26154
-22441
16253
-22441
14007
-22441
22407
-22441
374
-22441
10089
-22441
-23419
-22441
-2724
-22441
30171
-22441
-1951
-22441
-17715
-22441
24011
-22441
24591
-22441
-4849
-22441
30903
-22441
-17592
-22441
6037
-22441
-32302
-22441
14467
-22441
15349
-22441
25774
-22441
-21175
-8165
-18528
-8165
-17228
-8165
-9119
-8165
-20026
-8165
-17214
-8165
-32058
-8165
-17782
-8165
1639
-8165
9223
-8165
-24079
-8165
-25292
-8165
23176
-8165
-8528
-8165
-23821
-8165
-25210
-8165
22937
-8165
-12080
-8165
-12298
-8165
-31428
-8165
7568
-8165
-21416
-8165
-3479
-8165
-14474
-8165
26984
-8165
-2935
-8165
21451
-8165
-7673
-8165
-3852
-8165
-20806
-8165
-21769
-8165
-5897
-8165
18274
-8165
-25443
-8165
-4919
-8165
24002
-8165
32734
-8165
-16433
-8165
20067
-8165
18862
-8165
25454
-8165
-29371
-8165
22509
-8165
24175
-8165
11145
-8165
-31943
-8165
5357
-8165
-9748
-8165
1143
-8165
18974
-8165
-7852
-18485
11793
-18485
-6765
-18485
-9921
-18485
25338
-18485
-4977
-18485
-15281
-18485
-13782
-18485
14126
-18485
3094
-18485
-16437
-18485
15173
-18485
-21728
-18485
-8340
-18485
-17751
-18485
-7403
-18485
22460
-18485
-19792
-18485
7171
-18485
32676
-18485
5761
-18485
-7500
-18485
-29560
-18485
-4307
-18485
2405
-18485
24541
-18485
32333
-18485
14895
-18485
31330
-18485
22933
-18485
14238
-18485
7034
-18485
30964
-18485
16879
-18485
-2573
-18485
-3177
-18485
24165
-18485
28796
-18485
16022
-18485
26832
-18485
-493
-18485
-27971
-18485
5702
-18485
31207
-18485
-22623
-18485
-24770
-18485
-13535
-18485
-28359
-18485
6691
-18485
-21799
-18485
13751
28232
-27398
28232
19068
28232
5489
28232
3165
28232
12221
28232
-5942
28232
23987
28232
-25688
28232
-23204
28232
24958
28232
31686
28232
-6390
28232
-16129
28232
24330
28232
8779
28232
10813
28232
-10466
28232
-16337
28232
31908
28232
-22173
28232
-27757
28232
-17112
28232
20981
28232
-6194
28232
21215
28232
28273
28232
-11132
28232
140
28232
32385
28232
-14255
28232
-27086
28232
15102
28232
7110
28232
-4871
28232
5326
28232
-13434
28232
-20230
28232
29367
28232
22422
28232
-4467
28232
10468
28232
18254
28232
19403
28232
16503
28232
26029
28232
-23454
28232
-20815
28232
12176
28232
27154
28232
-25664
19319
29760
19319
777
19319
17701
19319
-29008
19319
11936
19319
4590
19319
-31642
19319
32122
19319
26163
19319
-15171
19319
-11904
19319
-886
19319
27846
19319
15629
19319
-5237
19319
-9580
19319
23117
19319
-31345
19319
-3474
19319
86
19319
-11758
19319
-17478
19319
25777
19319
5304
19319
-8377
19319
18037
19319
-13993
19319
21100
19319
28891
19319
10099
19319
9258
19319
-19553
19319
-9291
19319
16288
19319
10895
19319
16067
19319
-23280
19319
9835
19319
-17926
19319
-24538
19319
-16655
19319
19435
19319
-8333
19319
-12540
19319
-2078
19319
6291
19319
12641
19319
-5701
19319
-16150
19319
-10279
5764
29553
5764
24467
5764
20014
5764
2536
5764
15551
5764
-29118
5764
-9631
5764
-1470
5764
19251
5764
-27547
5764
-23541
5764
22994
5764
19741
5764
-25654
5764
16329
5764
-31670
5764
-10212
5764
15823
5764
3383
5764
-22187
5764
-3807
5764
-21093
5764
-12645
5764
6394
5764
-31248
5764
26773
5764
-18903
5764
6871
5764
5596
5764
-7086
5764
-31381
5764
-29345
5764
22170
5764
22826
5764
-3272
5764
31136
5764
23068
5764
-30473
5764
-3626
5764
-30120
5764
7573
5764
-8806
5764
23496
5764
30382
5764
-32285
5764
14361
5764
-17210
5764
749
5764
-28485
5764
-30405
24342
735
24342
2559
24342
25133
24342
18898
24342
-7427
24342
16237
24342
4488
24342
24654
24342
13553
24342
20563
24342
-3883
24342
-16674
24342
-3033
24342
-18074
24342
-16707
24342
-8930
24342
9971
24342
-28523
24342
17961
24342
18088
24342
-18751
24342
-24865
24342
5254
24342
-23107
24342
-19582
24342
20316
24342
666
24342
-23228
24342
-25823
24342
-28460
24342
-12587
24342
-12119
24342
29894
24342
-22723
24342
4029
24342
11349
24342
21916
24342
-9653
24342
-23538
24342
-14787
24342
-24575
24342
15627
24342
3637
24342
-15150
24342
-9031
24342
-24203
24342
-6483
24342
-21927
24342
15286
24342
28510
-16841
30588
-16841
15524
-16841
-16568
-16841
29552
-16841
2955
-16841
-28273
-16841
-3396
-16841
-28714
-16841
32233
-16841
9924
-16841
-14011
-16841
-28669
-16841
21381
-16841
-7861
-16841
10964
-16841
27179
-16841
9098
-16841
30009
-16841
1774
-16841
-7488
-16841
-4424
-16841
5057
-16841
11466
-16841
-18093
-16841
-7788
-16841
14272
-16841
31428
-16841
-24400
-16841
21114
-16841
16556
-16841
26106
-16841
-16537
-16841
26589
-16841
27300
-16841
-16760
-16841
-22379
-16841
30660
-16841
23604
-16841
20500
-16841
11114
-16841
2008
-16841
30311
-16841
-12057
-16841
-9845
-16841
-6424
-16841
-2116
-16841
8985
-16841
22700
-16841
197
-16841
18952
-17772
6696
-17772
-9371
-17772
31820
-17772
-15972
-17772
-25286
-17772
19
-17772
25461
-17772
27488
-17772
-13206
-17772
-14959
-17772
-14234
-17772
6658
-17772
-10992
-17772
32509
-17772
-1322
-17772
-14958
-17772
9210
-17772
7807
-17772
-25049
-17772
-6123
-17772
-30843
-17772
-361
-17772
7474
-17772
-4855
-17772
27796
-17772
-9563
-17772
5737
-17772
25390
-17772
14841
-17772
6757
-17772
-14335
-17772
-28612
-17772
24887
-17772
-30464
-17772
7727
-17772
-26192
-17772
29248
-17772
-5136
-17772
-19876
-17772
18119
-17772
26263
-17772
-14966
-17772
-19617
-17772
-26622
-17772
-2399
-17772
-29613
-17772
-1120
-17772
-4558
-17772
25464
-17772
-4507
-7181
-32500
-7181
19485
-7181
3525
-7181
6674
-7181
-32523
-7181
20168
-7181
-23941
-7181
8744
-7181
28043
-7181
12402
-7181
9609
-7181
-3255
-7181
-27420
-7181
-5820
-7181
28646
-7181
-20799
-7181
-3074
-7181
-28005
-7181
-22758
-7181
-10100
-7181
32666
-7181
4471
-7181
-22342
-7181
19719
-7181
-3295
-7181
-17740
-7181
-17072
-7181
16464
-7181
3991
-7181
1309
-7181
-10243
-7181
15922
-7181
24288
-7181
21519
-7181
12313
-7181
-19099
-7181
5565
-7181
-23915
-7181
-29847
-7181
-32104
-7181
-9035
-7181
493
-7181
25741
-7181
-32689
-7181
-12098
-7181
12909
-7181
29069
-7181
-27129
-7181
13616
-7181
-26408
-27504
3399
-27504
29980
-27504
644
-27504
-32085
-27504
-18372
-27504
5652
-27504
26334
-27504
21164
-27504
13002
-27504
-334
-27504
18177
-27504
25605
-27504
10546
-27504
-12785
-27504
-7921
-27504
-23806
-27504
-6345
-27504
-10083
-27504
22995
-27504
28509
-27504
-11268
-27504
-29458
-27504
-21366
-27504
21595
-27504
20928
-27504
-30278
-27504
6378
-27504
13617
-27504
29364
-27504
-32104
-27504
5397
-27504
-26325
-27504
-13232
-27504
11453
-27504
-19128
-27504
29876
-27504
-23258
-27504
-127
-27504
-27409
-27504
-26297
-27504
-28758
-27504
12733
-27504
-5866
-27504
-6125
-27504
15906
-27504
-15463
-27504
10794
-27504
-1633
-27504
-14947
-27504
8731
27716
-18676
27716
-16446
27716
-29215
27716
-2928
27716
-14171
27716
20804
27716
17206
27716
15515
27716
3765
27716
-6636
27716
27333
27716
26708
27716
-11569
27716
-13797
27716
28293
27716
-29771
27716
20208
27716
-1032
27716
14723
27716
15367
27716
-26517
27716
14468
27716
-14720
27716
-25167
27716
1032
27716
1824
27716
4036
27716
-4668
27716
9868
27716
-15919
27716
-14432
27716
-23492
27716
-7965
27716
-13961
27716
-30439
27716
-3166
27716
8456
27716
-9262
27716
-10496
27716
-25143
27716
-18199
27716
-29717
27716
-4550
27716
-30904
27716
8412
27716
31090
27716
5047
27716
-12946
27716
31264
27716
-27214
-25081
19704
-25081
-11312
-25081
-24272
-25081
-12711
-25081
-29174
-25081
30297
-25081
8073
-25081
-14104
-25081
20431
-25081
2123
-25081
-267
-25081
4696
-25081
6049
-25081
21530
-25081
1011
-25081
-21763
-25081
12850
-25081
-14514
-25081
7785
-25081
28844
-25081
11898
-25081
22868
-25081
-7709
-25081
18554
-25081
-28081
-25081
19618
-25081
15833
-25081
2769
-25081
-10109
-25081
32280
-25081
-18249
-25081
27099
-25081
-15423
-25081
1252
-25081
-22827
-25081
-3840
-25081
-23437
-25081
-24227
-25081
23147
-25081
-12677
-25081
-13497
-25081
8529
-25081
-1682
-25081
-13129
-25081
21062
-25081
-24581
-25081
-2621
-25081
-31027
-25081
6467
-25081
-12607
3119
-20233
3119
-12888
3119
4688
3119
-19931
3119
-28252
3119
-23973
3119
-4387
3119
-1
3119
30352
3119
-6944
3119
-11280
3119
32132
3119
29111
3119
-297
3119
2844
3119
22792
3119
30228
3119
-31209
3119
29558
3119
25566
3119
25886
3119
1939
3119
-3359
3119
-15430
3119
29443
3119
-10822
3119
-4
3119
-6579
3119
-21164
3119
26144
3119
-28109
3119
-18531
3119
22953
3119
-3862
3119
-18043
3119
19139
3119
-14649
3119
-24123
3119
-12860
3119
-12892
3119
-10661
3119
-24638
3119
11026
3119
22851
3119
19888
3119
-12251
3119
10097
3119
-11302
3119
-87
3119
-27479
-2724
15136
-2724
13238
-2724
-22238
-2724
2909
-2724
24884
-2724
19338
-2724
-13534
-2724
-15211
-2724
27194
-2724
-27409
-2724
17088
-2724
-32083
-2724
18368
-2724
25445
-2724
14787
-2724
15087
-2724
22841
-2724
31007
-2724
1326
-2724
-24108
-2724
3438
-2724
-1471
-2724
-12644
-2724
26371
-2724
15091
-2724
8206
-2724
-23439
-2724
-21297
-2724
8048
-2724
7175
-2724
8969
-2724
-22711
-2724
-19936
-2724
-17844
-2724
-9097
-2724
25685
-2724
-32518
-2724
14766
-2724
-29232
-2724
22687
-2724
17447
-2724
19150
-2724
-249
-2724
-30493
-2724
12374
-2724
-12669
-2724
-9519
-2724
-32006
-2724
10618
-2724
-12316
