8944
1080
4207644
-6842
-4924
4405441
-9826
-8360
8192107
-14391
-14941
2263448
-3735
6642
677318
-6284
-11170
6947018
3394
-7066
96288
-6306
-317
6625491
21451
-1018
190745
3059
6252
91196
5409
6217
291072
-9450
-4701
4404337
24316
26362
4231742
-427
-891
1052656
-9502
7670
4534396
8341
16966
4720384
6657
10692
5251376
-3987
6845
607429
-9633
3686
5515635
2503
-5063
3279113
15718
9248
1028197
-5218
25
876795
6140
2007
2114078
-10298
-6693
2345113
-12159
1764
573824
11408
3160
582752
486
6830
1507341
6014
6149
2703375
-3497
3185
1199553
-7485
7448
4274392
-10402
18928
2480275
-1643
9734
3672040
2598
-511
1531953
901
-12542
533272
-7363
-1277
4274389
525
3814
1115137
15425
-1302
43360
-10648
3048
3851414
17736
-8963
178176
-411
-8918
1836020
7831
-854
4855097
4274
6295
89100
3149
17195
93217
5045
11976
157978
4061
-6708
344117
874
23544
599567
7432
-1328
4337696
-1254
-12572
340723
-1937
-1951
2622951
-8715
-5757
5374298
5899
-7878
2248977
-3704
-1795
1720520
-1039
-9245
9724
1195
-1842
16143
-14472
10179
2785422
-583
-11510
1182174
9688
-13263
5644294
-6352
5500
6298836
-13532
8991
324272
2647
-14020
1207601
-11468
8403
194706
-4470
-4539
741625
-16026
-3733
1020037
-10766
14040
1172620
8322
409
4784128
-11280
472
58524
297
15927
138502
2157
-8171
2688005
-822
-5445
211177
19811
-11168
913444
17499
-5590
305923
-5431
14349
162296
12353
-249
51520
-6039
-245
2770406
1597
3357
3213333
-5311
2744
31216
-5111
-7303
156128
-17552
2272
566508
-9299
-2739
4271229
6875
817
4469559
14170
-3470
2464307
7545
1576
4862246
5921
-1309
2380048
-5007
267
550372
-1481
5782
1190387
14104
-107
2527282
9181
6509
4530197
-18742
-6837
2332857
10185
13904
6424856
-11926
12576
644743
440
-1817
1181710
-3327
-1682
29136
828
-7622
14870
-2008
154
2231526
-6230
-11068
6360799
606
-2949
1378307
6553
-1143
8257834
-5788
5444
2904804
1151
-3874
532743
-10535
-9933
2544022
5938
-6422
2186260
-3756
3042
24256
1544
12235
3276816
12946
-6101
652376
-155
-3528
787436
4228
-5179
541184
15394
-5080
368736
13549
5304
128077
6068
-2713
2246682
10888
4971
716920
-3004
-1863
27328
10009
8069
6689042
-11647
-4620
586136
4199
-5532
934149
-6087
6279
2247142
1732
4109
2103832
-273
17613
5631
-8732
-4025
5505628
-5561
-2357
1206769
-5166
-4903
93432
3252
-3799
161834
8990
-8971
4534291
-5321
2800
162291
1547
1608
3277073
12229
-6426
52088
-962
2496
76007
-19
-2383
66813
-1124
7288
795386
8574
2168
4788231
3424
-1287
815140
2070
-10305
2294785
-3168
-1209
288988
-1176
14848
664814
8899
-5543
4274200
6052
-2564
2378268
-5046
-1292
223457
1268
-8422
143370
-20736
-2528
53488
-472
-3009
1182966
13448
-6360
712768
5929
-14838
2252054
-14019
3677
2201733
-3934
-15769
350412
10645
-13844
3721064
3282
11608
97320
1272
2319
143374
-10123
9270
6947170
7751
-3652
5376305
-5039
229
28128
-14010
-4683
2332801
-1152
5292
532728
-7543
5631
4862424
661
-1677
538392
-8025
-6133
4594125
5273
-8199
942338
-15057
310
48519
-13753
7563
1239473
-6011
-11112
2638816
10390
12341
2868321
-3149
-2587
93404
-10513
7084
2151839
8111
2501
4197695
-6926
-3651
4273356
-63
-7398
2552
123
7915
525063
5122
-7012
90112
81
5053
3328
-3294
-872
356560
-16482
766
884987
-3007
-9693
27072
8331
970
4849921
14894
-14630
1158263
-16102
6434
365187
-8119
6549
4327872
2355
-2155
2169860
-888
-5144
663776
4290
-18659
88072
-2385
-281
2104767
6796
2689
4862008
18126
3180
2202651
-21765
7425
62463
10985
13029
193918
-546
-16328
1376471
6821
5278
4471612
-5118
8531
90336
2657
16962
1859892
-284
2662
267004
-2810
-5345
225473
-8858
5095
5189733
12990
-2636
129119
6118
5531
2572317
-829
-7060
80104
-731
-14801
275424
-3308
-2797
30416
-9023
-13285
4209000
20731
10453
54031
-5275
-15411
812012
-13448
1438
712878
650
14084
733209
1027
6682
73728
4865
1875
28944
-546
-5209
1376471
16639
5574
37135
-706
-10879
80103
-4452
-2653
807674
-5326
-2218
97524
2337
3835
2363648
-13621
-4714
195001
-11194
-10307
256129
-8444
-2837
4199024
14724
-5607
3703400
-16442
8104
231673
16962
-3484
1148928
2385
-5035
2104576
1368
2978
407554
2219
5215
2105103
1186
10196
342028
7261
-7381
4532257
3016
-8725
157752
1754
-6083
2429463
3924
-4028
24112
1380
-3121
799236
19808
-1828
847908
3754
4929
89663
-12408
-8962
704696
-10554
6659
2349209
2350
4854
2169863
13271
6295
191833
-8595
7408
5833845
-339
1163
72957
13972
-6671
2659896
12619
3332
186689
9795
17591
7407632
-2384
13077
2104508
13116
8047
64086
11499
22748
63343
-5359
-3066
30192
9463
18402
4337931
135
1575
655617
-6795
-8476
4862402
-15332
-4457
303746
13385
361
190784
-8980
7350
4208238
-12228
2338
51846
7949
917
4265009
-6310
-11250
6626003
7512
-2157
4601890
9768
-1298
7474198
11846
3019
1296497
-10081
8243
7078243
-4618
-6449
1261787
6222
1772
6360099
7290
7222
4792871
-20899
-10867
1427697
4531
579
1133580
-4997
-4856
549863
13475
5300
391244
8137
-859
4327736
17243
2973
310035
2092
8535
2100742
-9760
-6911
7602284
7110
-5724
4401209
-6448
15977
6298840
13535
621
323911
-15489
2233
565647
8093
14302
5046329
-2623
-4264
1075656
13301
12220
188762
4788
11327
161818
156
1494
786946
-2402
8402
2953403
4630
6416
1262593
7198
7782
4530211
-9940
5790
6299238
9739
1589
7471377
-2626
9430
1140943
-3396
9233
31454
7052
-1958
4857912
17218
6584
112656
-2375
5199
2234814
-4112
-2576
17660
1532
6963
1057294
-4196
-601
803578
-7314
2509
4793551
-5623
-6933
1204720
-8736
875
5505116
6167
13525
6423841
8234
-14350
4263431
-4989
-15000
614624
-12592
-8260
56504
1447
12150
1452301
4434
-3485
89088
3056
20718
25660
7017
9254
4859182
-1321
-2597
146937
5107
-1554
91164
-2487
3173
3279280
-6226
-5970
6360287
2814
-3391
94271
5437
3928
96261
1863
-7592
2234641
2068
6457
2098688
-1305
-17018
406013
-10050
-7961
6363247
6486
9627
6495265
9085
-8920
4792333
-7741
-7983
5310664
-2741
6648
162241
2626
-1482
1140784
3923
5686
89136
-541
15883
1376476
-7471
-9941
4210136
-7729
5127
5246411
-11389
-8155
647320
4788
4528
161818
-3302
1152
357075
14517
-167
2267498
6979
-10902
4274224
-926
21059
860388
4516
5826
1329676
1568
24907
3407888
-22150
18929
2740967
4657
-5726
1068292
8103
976
4589885
-3518
12534
1132736
308
-4119
137218
-7258
5022
4663517
7556
-5763
5767704
-5077
13335
28647
2217
320
2235662
-5863
1641
2511330
4742
3813
749593
9941
-8438
6299416
13454
16721
648259
6259
-4983
6882340
2369
-3108
2103552
-7651
-6934
5570753
-715
-1440
145890
-1777
4348
2102755
-4853
-7793
160225
8218
756
4522499
-6260
8959
6947032
-7439
1695
4208092
5996
-4737
2639374
6992
-10969
4209712
-5250
-5063
614639
14070
-10197
2330683
5703
1976
3295505
9418
-11967
4405257
13963
-9732
2789689
6136
588
2244638
-4311
14566
155126
2981
7356
289596
-4332
13289
22256
-5479
-4643
946682
-17074
-4744
113891
4721
6590
1590532
-4081
-5962
17859
1198
15295
80911
13537
1076
323916
2216
2843
2235406
-11153
1949
583047
-1107
-4362
77053
6809
-11758
5124410
20426
-2644
247865
3328
2140
28704
-4635
-13782
1328092
2489
8727
3279118
14602
-1689
2330721
6970
-1298
4274743
11090
4743
130160
-2848
-545
291020
-5039
12383
28128
8271
555
4197635
6676
11594
5252656
816
6372
15380
7068
-3428
4989498
2081
7181
2359552
-2031
9340
2098656
-6278
11379
6881999
3245
-2969
97325
9194
2016
4269599
7149
4661
4269117
-4567
5989
1199606
-17780
-6629
700664
-692
-5131
145632
13107
-8743
130132
-20594
-12028
640251
-11193
1023
190849
9825
3703
8126740
917
6379
534296
-15664
16
48280
7381
19237
4210472
-923
-5434
795620
-10092
-9582
6817376
8481
8086
4460800
-3474
-6376
1656007
-7649
-2271
5505475
3047
-8033
418109
16654
3402
103427
814
7782
80919
-1960
5484
2492642
-3311
4430
30160
11394
-2979
647264
-15988
-7099
1736840
5427
-6922
97284
10125
-7225
6882329
-12662
15371
774329
-15406
-15729
109720
1834
-997
2170391
723
-1583
80920
514
10078
1114112
6611
-1507
7408680
16972
5032
1214464
-2868
1144
161992
8996
7791
4469264
1289
-13186
143616
-8939
-13761
4208480
12582
11972
512065
7762
-4743
5311536
2012
5468
2359830
-5154
-3556
352503
-4892
2700
291564
-1732
-8061
2104038
-6801
-3946
4732359
152
875
917506
15576
-10134
438374
-17952
-11101
3440876
9806
-8511
7408659
-1569
3272
3408359
-279
10069
136702
-6635
-2846
7342032
-4319
-5543
283120
5156
-2543
287232
-1714
-8548
2170083
-5265
-5175
550383
9473
-12175
4206848
7135
6171
4464951
2927
5450
550191
934
-17848
469021
9898
-530
6364703
5364
13244
159754
-2962
-461
615623
7275
1020
4728615
1965
4299
2165789
-4324
3975
283378
10371
-11095
2736224
9227
7077
4333825
-13738
-12122
1305777
-6986
6352
4405451
-1161
13488
664043
-7079
-4511
4598210
-8353
9737
4462963
10751
-2373
3195247
-3102
4944
352476
-1710
3141
2170080
-18412
-2583
2131680
9574
8267
5189637
-3819
15177
22464
4825
-12530
422166
-150
-4998
591599
-4932
-4559
31470
4326
5000
479245
-2665
-639
1729993
-4173
11554
85244
7744
1706
5244976
-2061
-10492
2163900
6285
-7212
6882337
-4208
9411
541944
-2483
-13427
3214513
-698
-3351
211169
-2342
4234
2429623
4781
-13472
97309
-4208
-10506
541944
3747
3852
350268
-11585
4568
63903
6106
7741
2441751
-3765
1911
154049
8328
-1803
4849664
-5928
4564
2511078
9854
-14294
7929879
14009
-8341
2267454
-9894
5521
6625891
14478
12837
2720867
-14206
-11114
2719872
-14537
-820
2267539
5572
13317
1075720
-9783
13847
7473512
-20273
-3126
56779
-14182
7405
2982531
1508
5283
1319436
3387
-8923
31527
-14323
-669
2196609
-7495
-482
4340190
-2957
5805
615620
10598
-3602
3133541
3301
-3006
291628
-3
-2162
65789
4911
-2652
32023
-1215
-18934
14832
-4696
-5185
1199326
1711
595
2104607
1779
3030
2167836
-2322
1363
2167999
6154
5025
6488097
-6892
-1870
4208320
-1634
6165
3997931
-13945
-5674
3834249
-1101
3502
77052
2649
-12021
1468722
7785
2825
5899574
4902
-5241
487441
11349
-16049
61280
-5181
9606
92408
6130
-2269
2180124
13511
8444
194889
-1655
2826
3801576
-2470
-19428
3476147
10969
-967
455030
-13209
-9115
975269
-4163
-1448
84221
5433
1962
162054
2179
15947
2686976
-2493
2335
3213488
-8182
-716
4391105
-7173
-9893
4203487
-1068
6705
12024
-530
-2354
1115359
-1577
11345
3280361
-6348
-3254
6428882
-8245
9385
4327801
-12879
-4782
1101212
-1363
5394
81149
-13026
11482
389283
-3204
-9738
549582
1611
12625
3279121
9212
-8277
4203038
6715
-15713
5253943
-2871
-10503
162248
4607
777
1065231
-9131
-14093
4206432
-3706
5647
1786057
-4077
18585
83136
13043
-5425
128092
5860
3538
2380316
-1309
-3620
340220
-4820
3337
32486
13407
-2385
321859
-9810
-6709
7408751
8933
8345
4469532
10671
598
3198319
-10282
10801
2346137
2512
3486
3148808
-3575
4346
1196480
-2104
1406
2230456
-1788
-7233
2101984
3804
-2888
283190
5606
-6904
1531917
-7380
-1029
4210390
6781
8437
5840949
2943
10450
549167
12301
-4989
115777
2034
-7043
2163740
-517
17378
1049567
6878
-9495
4534327
6006
320
2834443
-2815
6356
29120
-5627
4758
1074160
2193
-2578
2622720
-4332
-6937
22256
-9055
5172
4471148
-2000
-6348
2100452
-6629
6171
7603155
4163
-822
83968
1181
8319
860161
13087
10160
323923
16047
7484
40319
3767
-13595
153915
-8507
-2966
4201336
-16903
516
1212894
-8155
434
4457408
3513
79
1198366
-12477
-12994
121008
6168
-1988
6684706
3275
-3151
162089
6295
6511
6948129
-6446
3569
6364376
-3746
1417
350403
-18586
5910
3113133
-2549
1999
3277233
-220
4821
266992
-1076
4899
141560
774
-379
208913
3646
-4495
1132599
-2115
-499
2164925
7604
-6057
5376026
-8349
642
5046380
-12173
245
640132
-7831
-7582
4855238
4286
-2648
88079
6209
520
6293792
1515
4838
1058575
-10608
4560
2675864
1997
-12179
2165785
2455
-5455
3802377
-8008
-5443
4331726
92
8509
264706
-5806
12447
2186464
-7362
10177
4274391
-9363
8706
4793453
-3939
1901
868545
371
-6118
594948
2118
10161
2295809
210
5224
72712
1778
15878
2167836
-4
-4730
766
13450
-4918
778305
9909
17174
6428954
-9204
6184
4333664
-3785
11477
154051
-11043
-4007
389253
-6937
-8696
4600269
3865
-4019
414002
-7202
-12366
4530391
6265
86
6947110
2825
9394
160048
-10308
-6474
2149022
8746
9269
5312007
9862
7094
7016473
-5099
-1219
26592
-21313
3782
63983
199
-4129
137481
-9516
-9411
4210296
-24433
1609
4752835
-7210
-8526
4402393
16719
-8497
40195
8108
-9415
4197950
-5970
-5079
2186479
-4242
9718
607471
-3352
-2813
160990
-4414
-7478
88312
-4131
3864
344309
-3004
7411
27328
-6168
2101
6423774
-9343
-10704
4727160
-6333
5364
6363344
-2150
11913
2949819
-7428
3226
4207326
904
-494
663576
3625
5292
1199414
7496
11047
4339744
5728
923
3948564
-1977
9331
2230753
-1761
-15221
2363875
4272
-9208
23564
1073
12208
11524
5414
6217
487425
22367
11742
2414867
40
-4687
134150
6808
-3793
5124154
-3721
10998
676291
-4087
-6728
147904
5446
-7802
227329
-17759
10765
309756
9541
-9265
4209408
6644
-12554
7471146
17511
11039
958725
-9984
11514
6295648
-1029
110
9215
10007
3369
6427921
-6999
9858
4341198
-10905
7714
979333
-10405
-999
2415507
12798
4390
1163343
5553
-3161
1076492
8275
-4979
4262912
696
-249
145438
-6301
-1670
7143628
4144
8070
19460
672
-3551
276508
5817
3836
2251038
-6591
-13319
7342544
4709
5703
1852164
-10222
-12032
6358112
-330
-1181
203003
-471
3298
1183222
-13121
1560
63919
-4148
519
149752
-883
-7509
599265
11309
-10236
126053
2959
592
550203
11906
4372
643192
-13409
7409
844219
-14224
16003
2655364
-5161
-15313
159225
3066
-227
90687
-3651
10100
1132749
9784
-8972
7473174
12805
-8190
1098560
936
-11531
142366
-4430
1387
89340
130
-2499
589824
-3258
-5750
227537
-2792
-3165
422082
-8018
-11070
4267215
-1896
4510
3014882
8004
-1755
4201008
-7920
12287
4199616
-4390
-10544
348919
1875
-4031
2169872
13962
4289
2854969
-2914
-4218
876739
2702
5861
619579
-16611
-12878
364785
-9043
5733
4275309
-2016
-5171
2359520
2236
-1694
2103822
5443
1909
96256
2290
-1939
2167820
3803
-20269
283447
-2722
-3734
358595
7468
-7700
4210214
6341
-2400
6298408
-17042
11254
636135
105
170
656646
3096
7510
417826
-10929
-9530
64899
3755
2384
24383
-8857
-3675
5124453
6189
7642
6360101
-6390
3443
6492369
8303
6370
4719879
-7886
-13036
4267204
3004
-3924
27198
2963
8735
615480
4625
3250
1066240
11554
-10977
389216
10095
-1102
6817039
-2658
1202
1925323
1284
-6133
12800
-13099
2678
65448
146
8278
590848
10229
12629
6422810
17853
13420
1157133
12409
-3900
704838
-14866
11627
1156239
7973
3659
4461360
-4690
-7935
1133791
-5174
4008
223481
3110
6084
483361
-571
-703
1051608
3197
8368
614437
-8067
7335
4784325
-2566
-8810
1139407
138
-462
720897
-9949
-11502
6623328
9135
-16487
4205855
2857
9550
163126
16849
-16162
1084680
3979
-3736
672057
3688
-6933
1721398
7780
4728
6029876
13598
-1716
389187
8214
11480
4391937
-12879
-16478
1101212
14501
-11673
2399084
-3753
10394
155073
23639
-14555
4369697
6303
7264
7078179
-2898
17179
97487
14860
-5623
1220720
-1171
16174
599277
-5564
-12436
1075952
16713
-2512
170240
3889
7448
23860
3096
-6393
417826
-1084
1490
11000
-15769
-2955
1999237
-11073
-3881
63887
-3846
-3718
86735
-12348
4381
51896
5006
6110
615451
-6258
-8960
6882523
-3568
5830
1066176
-14943
5892
1354124
-4940
381
162026
6061
-18980
2182173
-345
-5651
399869
10335
0
2410851
291
240
331776
8536
3080
4593666
-3695
949
1590728
1037
-2355
74753
6337
-6501
6297896
8736
-2321
5505024
560
-4248
1051652
14938
-5635
1419891
5935
8712
2120983
2311
498
2232577
1055
-5611
270595
-5735
4956
4080106
3550
3827
1392663
-4631
-9013
1197534
-6214
194
6359775
2358
-1132
2299907
15701
-2132
48992
2839
2590
161073
4729
14985
1720582
-16364
-13517
34432
-9126
-3763
4532835
3568
-6064
1066012
-8421
-1805
4461427
300
-5055
7686
9789
-3024
7407637
6661
-409
5251888
3922
990
89136
-2092
3432
2100920
4444
-16707
285186
-6465
-1767
6298079
8423
10120
4591885
12808
-9092
1228864
2523
-2381
3408647
1183
11935
794883
-17331
16795
109793
11074
417
129136
-5585
4344
1076727
9484
8699
4337664
-1339
-1382
15352
8571
-7507
4723463
-7131
3949
4465600
7223
4628
4335907
-8007
-12781
4331982
1825
-5137
2363664
-5570
12722
1140983
6653
-837
7405613
-2298
-3562
2298033
2028
-5604
2098718
-17261
-8951
632032
-7632
-1122
5246148
-6180
14289
6554326
5540
-7748
1337868
10191
8876
6294811
-6299
12676
7078860
4685
-14142
1133569
-5883
-9125
2118624
6734
24642
5319731
283
4361
267011
9411
-2801
4274184
-8862
9706
5058660
-9949
-759
6623328
7614
1115
5310495
2951
3000
680249
3313
14974
29996
-4126
-844
344316
2121
-5190
2230528
-4211
-11208
607481
-122
1154
721145
-2108
-7667
2099896
3155
3474
93216
1922
-6953
2687000
245
740
135434
1166
5728
599043
6633
13663
7472430
-2643
2132
1141965
3917
5556
89137
-3289
-5801
422353
9727
109
5251343
4139
-6341
20231
6580
-8543
7473194
1332
6636
145410
-13884
2296
3181192
-11859
-9406
1166477
-3320
-5248
159952
6356
5061
6299176
11501
-1493
128109
280
-8789
397314
-15357
13124
106624
5386
-1020
225281
-2196
6169
2623150
12826
-12522
1425987
6327
-2074
6428971
5091
2567
352284
5978
-7039
2447891
11998
4907
381047
2628
-9529
1075760
362
-8591
595463
11194
3881
125567
-266
11070
200955
-5604
-817
1336050
-217
3498
397809
-1368
2410
146686
10710
-7642
3394665
3842
-14061
86064
-9294
-4157
4271228
3929
11698
416050
8029
15805
4528177
-7184
-3744
4203740
9734
13209
7536657
-7986
8701
4267211
12943
4064
587099
7886
5237
4267067
-243
7710
70897
-4820
-3918
32486
2203
-18859
2884355
4108
-4659
147456
7965
-698
4526129
-10921
3099
195969
5796
-2116
2382364
6675
8415
5317680
4534
15147
1263627
-5688
-1477
3295464
-2760
-3748
161990
11930
-2861
905851
3155
14919
93216
-4329
3553
153073
2540
10562
3147278
228
-9745
266764
6811
12394
4993851
-1900
-6265
2623200
4678
-6591
1263617
85
-2658
3840
-2487
-931
3279280
6100
1724
2117144
-3131
-3654
27608
-3344
-7449
29916
8531
-479
4267008
-11371
-2921
583576
2894
386
97331
1067
-12250
12039
-11228
-5431
320128
-16027
-13041
824196
1090
-3518
75776
8356
8676
4463116
1301
6656
14080
6155
15156
6422817
-11970
9405
120967
1504
-6075
1318924
849
19920
15632
-9357
2239
4793452
6077
4264
2181149
-11232
-13395
319616
-6282
-11348
7012555
2533
-7977
3408652
-5957
-593
2120687
-948
-9001
141536
2820
-5727
29232
-7651
11315
5570753
9950
-13501
6623255
6382
-3183
6362159
-5935
-723
2121192
12169
-7685
704888
-2969
-1159
942533
6398
2614
6361135
5691
5465
3164951
-891
6603
533472
-5788
4157
2904804
-12363
732
182714
1653
-7880
3801362
469
-4267
1052424
2186
-8040
2818049
-6739
-2771
5319885
-5455
-14886
32252
2509
6899
3214345
-6314
569
6495441
5091
-3632
352284
-13647
10474
64956
14910
6373
1157239
1430
-14231
1778697
-4663
3072
1198552
4584
-544
1197070
-6315
-1277
6299600
-7777
803
6029771
-6138
-5202
2310369
-2578
-8217
1139919
-355
132
856313
5543
5640
1468685
5926
-4458
2576401
-28
3967
262908
571
842
1051399
14437
-1548
2917220
8990
6653
4534291
-3527
-6399
1198534
-14747
-7434
3965844
-10576
-9029
2153628
-16412
-1044
295676
6448
-3535
6298660
11815
2114
1491313
4850
-11283
95260
15694
-7969
113763
-12194
-1112
379011
-2506
-8795
3344563
1014
12237
204827
-1617
6597
3149295
8137
10054
4327736
12133
-4153
836460
-4060
-837
279232
-8883
-5169
4275297
2950
-2422
745529
1018
-13851
74271
-3947
5798
542656
202
8788
202761
-2035
14070
2163937
-7710
-7726
5570764
3071
9516
24895
3151
-8148
27939
2580
9454
1074736
7444
398
4208160
-176
9356
7408
11366
-2171
1040485
-10645
-2517
3721111
5103
-5761
25887
-3652
-6888
1067726
-1831
5273
2494950
-794
7009
471277
-1094
-4282
76543
-1798
13064
2167535
-20171
-8431
186818
7246
8956
4271139
4341
5180
151818
-7427
209
4272349
-4801
7889
31207
-1193
5488
146929
-1474
-10077
1124599
-173
7321
72944
6809
-10489
5124410
7235
1944
4270112
-4672
9845
1067224
-15383
9126
173470
5699
-11063
3229712
1996
4147
2230296
4238
16970
607235
-24414
-1333
4561100
-1856
-14836
2103528
-6799
-13970
4732356
-4932
8777
31470
13676
9779
587334
15491
6218
630880
-2057
5450
2228667
7256
-8341
4597794
4736
-4368
552984
9217
5828
4202752
15188
-10076
48752
1225
1661
145672
-7352
-5825
4339920
2012
5095
2359830
5699
2375
3229712
3236
-2887
293420
6240
6040
7077924
12974
3002
130143
9032
-1777
4339728
-5602
4112
1401075
4553
-3455
1198344
-101
5485
787451
11042
-1114
389232
5827
-11107
2185240
4854
-1461
225307
-2620
4582
1075912
8061
-4419
4784173
4206
20177
607239
12640
-846
839748
743
-12005
405789
-1808
-6676
2102508
-9218
-4038
4268159
-3345
4219
30175
9579
-13930
4732679
13037
8570
128093
9871
-11723
6821147
-695
7296
145888
108
8473
525830
2127
5921
2100483
-1030
-5151
74495
-7466
15008
4406489
-2923
-11716
550848
-8533
13910
4202367
7862
12154
4397115
12148
-3598
704618
1966
-1421
2165791
-2212
-13487
2366130
10024
-10277
6429718
2451
4948
3736584
-2566
3098
1139407
-225
-4686
266739
1939
-1838
2688024
-1830
367
2429671
5424
7963
31748
10776
-7571
1499250
-1636
-14304
3932906
4767
4740
815387
6635
-12688
7341871
4106
-7650
212993
11709
-9405
1165405
-5965
7556
2186476
-7016
2642
5120194
-13567
-9215
61872
2788
-11384
291388
3039
-1812
287031
1772
8748
2102814
-439
-4328
1182192
15293
8271
108669
11249
-6410
58748
12417
-4833
573760
4288
-15794
22536
3307
-11482
30511
5088
6876
286748
-5561
-3647
1206769
-1421
723
1647860
-9244
4230
4465276
-1589
8714
3279337
4796
-4770
31262
589
11230
1117185
4094
-4124
81983
-11166
-3839
909444
-2551
3357
3277232
-43
-2254
4088
-2986
-5416
224449
4151
1715
149763
448
2820
1050632
-871
-10516
926178
-1569
4167
3408359
7686
8164
5439537
11024
1720
62576
-573
13989
1116376
5381
1893
29440
18460
-6622
2392578
-4385
-6096
283127
193
844
6408
-16614
-641
365299
1209
-13733
145678
-14843
-9698
3179408
-7709
1658
5570764
-9996
-6781
6426730
-1935
7566
2622948
1530
-1302
1122831
792
-3704
405522
2412
4939
2627078
-2327
1381
2233790
-6411
16405
6427098
-6845
1538
4274368
2619
6270
1076023
-4346
-2908
217329
1418
1193
1777673
-11189
4820
190849
-8952
-18116
4337760
-2053
-782
2098111
15886
4216
1148019
433
-7411
1051916
-13316
21211
58046
-3093
1768
26591
2241
-870
2103560
-7187
4312
4269277
1929
-11159
2752792
20439
-6223
183609
-943
12167
11744
7570
11543
5833752
-6121
-1117
2246113
1455
1480
1060111
1000
-5416
140318
2778
-7287
356919
3650
6502
1132592
1494
-1677
1256457
-2069
13653
2099135
2895
-10710
32051
-5674
-9255
3362025
-2487
3567
3279280
-7263
-3538
4467164
-2692
-8104
553670
-8464
10822
4199548
15617
-9679
45408
5888
-6772
2117648
-9272
-757
4335736
16584
-1042
169992
2369
-2799
2103552
12713
19456
1232206
776
807
143376
-17857
7992
1092087
-373
-10808
659961
-23
-2511
132606
2800
9076
29756
12172
-10149
704632
4074
8236
83519
-636
8156
1573592
-11137
-1162
582023
-1009
1524
9699
-4979
-12666
615649
1246
-921
339975
-1071
-3007
11768
-6031
12500
2639332
-2493
2483
3213488
7589
6924
5507868
-4580
-11279
1327858
-7101
6857
4270272
-3169
-8668
811483
-1692
1126
2888420
16497
-4312
558340
4654
-11890
1133575
8586
-3827
5963785
3440
5414
554020
12344
-6477
182342
7267
5577
5054500
-4041
-10116
149955
-17885
-13567
1417456
2973
1986
876601
-11962
1252
252033
17178
-7119
373267
-7288
-1106
4858072
-638
-2403
1638616
7658
-20512
5309983
15006
8089
897147
3232
-9569
292908
3710
7037
1654839
6535
-6616
7995689
-5824
8159
2119904
-12822
75
1164959
16782
860
1672203
9484
-4604
4337664
976
-4600
11288
3852
-2496
151600
-3622
2255
1393351
6709
-6719
5384498
1448
-18624
1190926
-2864
-17098
31944
-12492
12434
186546
-13652
1722
65214
-13394
10578
126143
4891
7763
291603
4051
9260
85048
-6426
6192
6754525
1940
-11823
2623000
-327
-11644
137726
-5793
6745
2382307
-570
10003
1247449
13107
-14949
130132
-3185
22555
550363
-3683
-582
1917129
-7117
-12552
4271300
2151
-11739
3014917
-3774
12984
88256
-3594
5507
1261771
5222
8038
1007621
-2241
-7053
2103735
-12387
808
901305
-3370
4203
228569
6589
-4186
7407661
-3619
-6118
1392837
5543
16337
1468685
7135
2393
4464951
7082
-598
4271679
580
3303
1051136
752
-1489
13340
-13233
7433
60835
-6866
938
4275399
4242
-349
607232
6437
15097
6558496
-2280
-3592
2494642
1499
451
1319687
12009
14623
185726
-1465
8080
1190385
-10167
11382
6424928
-1732
7387
2104038
7288
-1118
4857894
13049
3893
192862
4923
-4299
31511
5427
-8064
97284
3549
-914
1392661
-940
-4934
12000
8952
1558
4337694
4059
-7744
279351
-6478
-6550
6364380
-5304
3140
162032
-303
6183
7672
-19477
11885
59359
-8682
-9970
5440625
-3952
6452
541888
-13852
-10099
3441292
8478
-12376
4526083
1511
-6598
1450253
-9837
2316
7930984
2496
7302
3147784
5870
3480
2184223
-9370
-6811
5185645
-826
3769
211177
8648
-181
5376008
-11766
-3088
1294465
-5035
-7496
28640
2098
21598
2165764
-7302
2014
4793039
9371
259
4989699
3614
1167
1392691
-2880
-2132
30920
-7703
-6109
5375438
16405
-5383
34560
10322
9498
2215008
6578
-7031
7408684
-1295
-3296
13820
6830
6079
4275263
12203
12347
53119
-12723
274
1166513
-7919
1848
4199872
-9583
-7767
4732280
-5606
2745
1401587
-3778
2274
88263
12986
-7098
129631
-12115
9506
121997
-15334
1116
369283
-8977
8972
4207983
-4720
1884
1590488
-14343
-8801
2261406
4783
15498
32031
320
4808
6144
-8676
8929
5505650
-1399
-6148
668152
-10393
7490
3064205
-12881
-6830
1101215
-4810
-7284
227555
757
-22728
143642
-5117
13682
90336
-6337
-48
6298071
310
-3054
202755
5191
3489
157953
-9229
4364
4269180
-10868
2630
1761416
8708
15939
5243392
3273
-2340
162088
7745
5988
5245232
-31465
-3981
8533377
3440
3539
554020
7299
8422
4792352
-7486
-3059
4274392
-1960
-7651
2492642
-13234
10919
126115
-190
-15814
71920
335
4224
7427
-3407
-6234
32220
-15432
4069
174238
-2115
-7952
2164925
4306
-9571
89096
6574
-654
7408687
-653
-9019
603364
2016
-10066
2359324
4336
8535
21516
464
4821
1051656
2572
-9036
1204272
-3148
-2829
157914
3495
-2320
1460509
-6129
6379
2115043
-7908
-6308
4461250
-3616
-1815
1327308
-5557
5324
1206769
-3248
2029
31952
1021
8119
73757
438
12752
1247243
8754
3683
5311492
-1501
-10804
1384688
-19383
-13266
190912
11556
4626
324192
1943
-9372
2753817
5931
-2303
2121495
2727
13120
424253
13137
-2778
64848
-6551
-11531
7996886
8856
2940
5124122
-3245
-18868
97488
-11142
1381
647815
10887
3675
717177
12591
-12674
56647
-15788
681
1085056
-2263
-4543
2235830
-13824
1686
1106096
631
5117
1704195
6339
-8417
6363176
-1533
7987
1122544
9850
-2698
7930391
4820
-5369
32280
887
3462
663819
2457
9575
4063498
14087
6575
2265393
-8315
-14304
4719480
-714
7282
211171
-15
-5846
1532
19006
-1886
1173559
3324
9963
29230
-842
-1719
211179
6883
-2877
4534332
-6366
-4116
6623440
-16306
7145
101507
11161
-418
975226
3608
-7442
1458226
295
8462
397569
11697
4100
1101148
-11477
12582
65431
1051
5911
271107
7823
-14740
4724027
1133
8503
599045
7788
14923
5768758
8367
27
4201743
-16795
-1644
1868788
8075
6444
4849977
-6883
-9280
4534465
8682
-7646
5309967
17005
-3289
1672197
6503
-2968
7213349
-18942
5110
3244208
-8532
3459
4202110
5776
-2172
2642968
3213
27
615457
-9331
8326
4793465
2564
12
1073712
4878
-6668
95251
11892
-2499
1753202
11024
-6308
62576
42
15535
69127
-2141
-3366
2427068
8071
-11625
4849977
1521
1313
1058060
3308
4618
30254
-14989
2830
636036
4046
-14578
85051
4603
-2119
1065743
14243
-4647
2459708
2434
1484
3735560
-7039
10623
4727232
-386
4744
1638647
-11245
-4979
124032
6169
6163
6684962
2853
-3810
291632
1666
10492
2691096
2934
1189
745515
-7733
-4206
5376457
5678
14216
3230743
-6763
10493
5777352
-6886
1857
4534979
-8357
1419
4463475
-11206
251
125575
207
-1967
7435
321
-3020
6400
-168
-1999
399602
-11397
-4127
582543
-3264
-7568
30928
12345
-2962
182598
-4122
11019
475389
806
2859
471057
-11597
17117
130204
-5207
-4723
159230
-8469
-7771
4200319
-2336
4112
2363580
6308
840
6560300
1516
9474
1058318
8179
5166
4260924
-299
5076
8184
-345
1895
399869
-2004
-22154
2100966
-2360
3859
2234552
-14732
7573
3834002
5452
2882
161792
9571
-12918
5058564
12331
5033
53063
-7640
1427
5377222
1927
-19
2752793
-437
-9372
1182193
8564
-10691
4853762
-8271
841
4197756
937
-6088
142622
11144
3388
712824
152
1627
917506
805
4974
275216
-5699
6547
3229933
-1017
-11666
139745
5634
-1943
3227664
13611
1641
65351
2040
-11761
2228254
746
-517
79391
7682
4012
5308464
-5447
4112
162302
401
-7219
1574152
934
-11655
469021
-3146
-9898
223451
23505
-6143
4238648
5420
-5763
32262
-8939
2290
4208480
7143
6132
4596029
8737
3148
5505280
-10551
-14694
2283928
-6073
-2418
2247137
3898
-7527
88631
1303
-3135
144641
6725
3352
5253936
7423
-6574
4206895
9910
1327
6494235
5443
524
96256
-11898
10210
1818761
4098
-2041
81920
-2649
-3181
1468877
5888
10334
2117648
-9762
829
7667815
4139
3539
20231
-14968
-349
1745032
-2551
1117
3277232
12431
20035
574787
8447
-15123
4198671
-10687
9632
3197328
-6651
-5026
7341008
-6778
254
5972169
7550
9631
4796455
-2179
6219
2687149
6973
-1675
4274229
-2966
8036
616135
4266
1539
89615
-16959
-13340
1083864
-6735
-873
5254604
-2474
8703
3345585
2572
8716
1204272
-17599
7135
47600
899
-2655
598040
-5006
-1296
615652
4428
12967
153600
11117
-6683
648301
-10112
-4985
6815840
-2887
10083
162254
2317
4165
2167809
-3229
-8888
876748
7281
-8207
4728100
-1277
-14020
78064
4257
-16268
284940
15029
14556
178554
3958
-11654
737323
10282
12495
2215527
6853
-2071
4209464
-3728
1041
545988
1088
-5919
10240
5526
-5110
1795081
10575
-4334
2153827
4044
9198
149560
2636
-1450
1206320
-8315
12001
4719480
21885
-1870
651269
2765
-4250
97337
-5256
2184
680174
8522
-9133
4397057
-6156
-3080
6422746
41
-2929
134406
9386
-2827
4275727
-9690
-11793
5709937
1373
5828
342017
-1040
-16868
9468
-4312
-3662
154870
2069
16694
2098944
-9298
6071
4271231
-3073
-11684
25055
-7656
-8203
5636290
5951
-1133
2119959
40
-17202
134150
-10450
7779
2219159
3137
1558
26912
-9549
4182
4275324
4759
-10743
685337
-17628
3712
307952
-6952
-6708
4600006
57
-6128
133382
-4640
11489
1327324
-1396
3553
667896
-4132
1154
279286
-1078
-7861
207097
1511
4442
1450253
6149
1451
6292256
5031
-2075
420125
13060
-13914
62032
801
2169
274704
-16086
-1945
106119
13910
5211
3378225
2585
-3698
1466674
1889
312
2883852
-107
-13310
526328
13605
-11634
324416
-241
-398
5619
3168
11639
811044
3716
5707
545336
773
-5602
13072
-13646
6585
130236
5033
5746
159006
4929
2385
30992
85
3168
3840
-6987
-13591
4340170
7659
-8533
5244703
7536
-3710
4731940
2646
6630
1272881
-1419
-14630
1712626
-6254
3111
6882520
-5107
-6129
91361
-2026
6816
2295009
-6045
-268
2965732
13730
9517
1435724
1798
-11444
2297873
6111
-19479
2375959
-12852
-9893
1231000
-2993
-1566
28099
-4120
4014
148734
11768
1823
1228894
10839
-3391
1240433
8984
-28542
4599826
-7727
-3690
5246408
-6831
3729
4210112
-2068
5455
2098878
-4944
10346
31980
4570
-5970
1393159
-8706
-3111
5308511
-118
-10678
721145
-11163
-1227
844676
-15275
9410
44928
3085
5937
91169
-9431
-92
4341110
3517
-1589
1132573
-16778
5611
1802483
-11843
-8369
1165453
-1688
-13992
2757862
7219
10513
4271140
-6929
-7547
4208079
-5466
-10478
489725
17527
3218
696579
-21447
-8173
190950
-12180
909
575110
9294
-2617
4271107
2687
-4738
1597751
1981
-294
2164765
7180
-2698
4333600
-5598
-12799
1401072
363
-4697
530183
-15079
-3008
438658
6159
-12913
6292771
3050
7476
91711
-846
19161
81132
7408
2440
4207660
10373
5011
2671456
-12016
20524
54400
12217
-10456
182654
-8120
2906
4327616
-5700
-3476
3164910
-2691
-7279
618693
-19107
-2829
391361
-7433
-83
4338139
-7054
-7752
4793540
2284
6461
2102798
-15149
7399
113800
655
-1820
537883
-7773
1718
5572812
-12262
-703
377475
590
-1882
1117187
-9445
1205
4469619
-1362
-11598
81151
12622
-6967
121923
6085
-3615
2116376
24700
-7845
13107782
9880
-5668
7213082
-6070
3709
2312417
-11391
-3411
582040
-4779
-5326
32736
-8610
-1034
5572723
-8792
-308
5377118
-8793
2748
5638493
-671
-11742
799204
-12406
-5112
770233
4274
3267
89100
5198
4397
93187
-4112
-4183
17660
484
7099
1311244
-3039
3778
287168
16184
-11004
170102
9688
8736
5644294
1584
2825
3148820
5534
-2726
1925131
-6181
12661
6554583
3737
5928
938298
8146
-9007
4262968
-4802
7361
96487
503
1054
1179915
-894
15351
598240
15158
-1138
243827
4732
2453
1589766
2400
-11635
2887684
5297
810
32012
10156
-1688
6295070
438
-11294
1247243
2742
-15518
227387
9759
7893
7602451
3118
11196
93223
-11730
7455
1166471
653
-3560
603161
-6608
-3286
7343316
11613
2900
391265
-5104
-1934
25824
20669
-1784
120845
1262
12951
78863
-4856
-8699
159968
6
7888
196609
-491
7663
1050608
-3041
9677
287171
-24559
-3853
4228544
10941
-2796
129149
-462
6015
1117428
3559
-2045
1458461
-9514
-8864
4406393
-2512
-1677
3148980
3761
15474
23868
5013
1017
550680
6309
-8634
6560556
-5695
-2288
3164648
-6386
12227
6362323
5509
-15350
1598216
-4940
-54
162026
2625
-208
1075504
17611
-4026
178441
-18599
1592
2529714
-2416
1855
2626744
12918
-4768
1818691
6131
2231
2180124
-8067
8611
4784325
2579
-8294
1139760
-4679
-7445
1198558
-5923
-901
2445541
5405
-4490
356353
10014
-279
6623251
1797
570
2102032
7446
1684
4404257
-8934
-1942
4534883
-464
-6943
1051892
-18658
5058
2461875
1173
-12316
534272
-10119
-699
6947174
-4582
10550
1393395
-2334
-461
2429116
1120
-5063
794628
2104
1809
2230278
2728
-984
162878
-10257
-7147
2147743
1334
6126
210947
735
-542
274711
1919
6280
2621711
-431
3048
1052144
611
-4794
1900548
2280
5150
2233358
8888
5978
4339742
-3679
2365
1329612
6209
13229
6293792
4220
8642
541190
-712
-4370
145638
-1663
2015
3670504
3331
10040
94240
-10842
8855
1566861
-16466
7697
101631
-980
2434
12006
-1110
-420
77567
14469
10977
2655072
-13707
-2424
1761714
-7246
4987
4271324
-7037
1290
4792512
-1334
-497
211193
-187
-3318
7152
15294
12413
108671
7567
-8439
5768475
4869
-948
29456
10122
-1924
7012377
2913
3315
811308
-8268
2608
4327546
-7808
12731
5767368
-10608
-6760
2675864
686
-17052
80927
3860
-9562
22064
-5240
-5216
680184
1833
2449
2235670
-648
-5288
667878
-13028
9322
324258
5686
-2969
3360787
-18131
742
2202853
-6666
3591
5447883
3454
-3910
618535
4440
-17520
415746
-9172
8586
4206182
-1843
6052
2170089
5814
7936
2316315
1316
6213
274944
-1526
-797
1253617
-721
-10894
15847
5802
4628
2186783
2732
-6953
32318
-4669
-7047
1132760
-984
-11572
142566
-12579
9400
381109
8928
5531
4468764
-7268
5094
4989658
83
-1744
68608
-13635
17002
129213
3537
-6057
1068312
7494
3900
4405281
661
-11758
538392
-13187
17441
647333
-6198
13376
6490329
-9835
-107
7866216
-5794
5773
2447587
-2896
7129
31948
-11311
5915
60824
8479
1114
4460803
-15773
-2176
1933444
7875
5968
4266040
569
-2917
1181958
2163
-9197
2688004
-10219
4703
6293344
8065
-6485
4718904
-13262
15814
126116
-15626
6391
241819
3447
18360
684323
2318
-290
2167811
-13102
9700
130216
-523
-3651
1180122
-8363
-8499
4202352
-6011
-9223
2638816
-20265
8925
187849
4656
1177
1068036
-11371
-4257
583576
7033
-1201
4858158
14126
1808
2202679
-901
-3649
533479
387
-9683
1638408
-8858
7048
5189733
5866
-10935
2184735
3084
4960
155680
-5943
-13681
2251240
1773
-2240
2167837
6842
-9512
4274751
-7157
-9037
4334017
-14721
-10859
3703191
205
4443
72713
-3522
-1752
1132743
3844
-8516
21040
-2569
-1270
1204683
-8673
3555
5505395
-9668
5040
5253750
-15109
7802
45967
458
4119
1247241
-8259
-1879
4262013
3500
-1680
1068574
-6563
-4749
7669969
2885
-9727
31536
13817
6517
1237326
6819
5747
4536380
-4211
-3154
607481
7474
13859
4275236
7426
-4059
4272160
7036
-4359
4727342
2276
-7350
2363916
-3461
-10666
1590215
-2429
-6984
2691256
7872
-12084
4200504
-2368
11021
2103480
-723
-8363
81125
-5299
6552
97521
11732
-9069
1101400
3396
-680
31264
10306
-4273
2213984
3821
-5191
87101
-2528
9110
3408048
850
2338
80912
-5772
16321
2773218
7247
6092
4205859
-3741
753
872644
12925
-16856
1687621
15723
-7962
571239
13109
-4599
194898
7230
-5095
4270119
-705
9611
14823
4641
-6440
1327360
3868
-7567
283186
-9198
11923
4269152
14435
-1755
2981988
-7434
-5097
4403419
15490
4552
630880
5278
2590
876547
-3209
-649
680395
-13574
2673
127679
-4135
-338
410102
-2907
-4861
293836
1677
3139
2692121
-24695
-1232
13238712
-9095
-15097
4858214
-6379
7235
6297552
10969
13739
455030
-17061
1192
310243
-751
-12764
13792
8548
-12490
4985348
-9248
22059
4464764
-3432
-3015
946394
3175
1410
942373
-653
4385
603364
-7514
-4061
4667613
-19012
3904
1108686
12697
20503
2015562
-1212
1594
15088
11480
-4583
454758
-8808
-5286
6160474
-8137
-6554
4327875
9712
6517
5252108
5912
14891
2510866
5739
19256
3688215
-16153
3734
430477
900
-2413
533016
2365
4366
2168837
-588
12761
1181914
12300
708
180288
-3889
2950
24011
13647
11694
64835
10041
13787
6428950
-6367
-4821
6558160
8779
-6202
5376257
3291
-13804
291623
1699
8392
2431004
3923
-5533
89136
-5657
145
3555821
-4243
-3164
607469
4229
3971
541440
7076
-706
4467260
94
15629
329731
14387
-825
2198628
-4206
-592
607480
5131
-8926
155905
9021
3881
4274197
1724
5438
2103838
21279
-1367
323859
-11729
7937
1101191
9154
1749
4270104
1871
-8039
2104595
2408
5500
2757638
-86
-3130
69375
-11470
2470
130196
8511
-3262
4200711
-8484
3687
4461174
8057
25
4849966
5740
13325
3687958
3064
2604
155710
5491
10327
619524
-18140
-1738
2396896
4385
9602
282880
8124
9716
4196926
3164
-480
289314
-1242
4118
471281
22688
-11784
6592556
359
-4881
921861
8485
2655
4461312
8045
18764
4785197
-4389
-31
283639
6976
-7742
4208688
-7743
-428
5245384
-5740
-14103
3688168
14701
11530
2724965
1200
14826
15372
-2389
-6903
2105279
6767
215
5776695
-882
5890
599267
-2684
-646
1598152
-1232
-2665
15604
-14035
-9151
2202757
-6873
6061
4600257
-8854
-10247
4798055
8978
-2693
4273168
7005
-102
4536369
-5487
9485
554488
-19328
6554
581824
-5661
-2136
3490028
-3662
-7693
1133772
17356
5625
174104
14908
-10496
1092214
-2984
-1182
420034
8121
-347
4327742
-4647
2960
1458646
6123
1151
2115359
-292
-2278
266998
15222
5847
761963
-1355
3062
145914
-8472
-10863
4330622
-5595
5349
1336304
-8659
9131
5311605
410
-8223
1901067
15553
-2793
47464
4963
-18336
876556
12030
-2271
118911
-2525
2172
3473584
2653
-15722
1402929
2236
-7898
2103822
-227
7073
332017
-5993
-13899
2770401
-17614
-3408
113908
6772
8824
5906482
-3808
2463
282816
4795
3390
31519
-8976
-16929
4207724
3545
3327
1458454
4122
-1777
344579
-2002
11006
2165991
11176
1043
191614
6401
-5046
6295840
15347
6938
107644
-4710
-8777
1917659
1890
-780
2949132
2984
-4140
158782
-9599
-8503
4731256
-10767
-5043
1107340
4290
9570
88072
2897
-12384
32048
13682
8451
652356
-4161
-3812
18943
6702
4862
5319735
803
-236
339984
-7477
11675
4340185
743
-2752
405789
-953
-4344
141793
-2553
-2926
3277233
9222
-6114
4399105
-7007
12100
4471244
-14085
-8657
2134927
4754
-11670
619544
-11524
-5853
62110
1434
1706
1909259
5641
6992
3293456
4613
6027
1065728
-970
-451
207075
2909
-300
358449
5754
-11978
3752471
-1873
9037
2104815
14180
2490
2916908
-11144
8140
712838
159
-852
786691
-171
247
8176
4644
2984
1327616
-9865
-275
6951267
6363
2619
6558503
-7316
15868
4728526
5602
-3834
1400844
-1828
2588
2364134
-5259
6787
680426
-7715
-898
5570757
-2637
-3336
1141964
-24855
6076
12719550
2556
13775
3146254
-10577
-15184
2153887
9359
-11137
4728067
-7512
-254
4340958
-5354
10678
226545
-2178
-3140
2687151
1667
-7057
2691096
2906
5082
358963
-9737
-14350
7471467
-5933
-9222
2186472
326
3744
202753
-3062
11717
221377
-7926
-12988
4395201
2920
-6358
681006
6375
-1384
6689069
5409
4815
291072
7415
8999
4337963
-8069
6320
4719559
-1953
-8278
2361827
-7731
3883
5311689
-11118
10533
648320
10709
-7734
3198824
12492
13699
186440
-1097
3487
141819
-19945
-3473
1230273
97
5248
786692
-514
8291
1114335
5827
-3965
2185240
-6749
9843
5581004
-3872
30
282828
-965
4579
11239
-319
-9779
6648
13561
-5586
192846
-3159
852
159198
896
11299
532504
13577
5588
192832
-3638
6201
1263817
-4860
-4885
29408
-4156
3504
19192
4093
-4573
81981
5573
13538
1075976
-3143
-3396
158174
-3778
-1124
88263
-1392
9579
537848
-8229
3682
4457335
-3976
-15116
671942
-10965
-1537
65415
1011
-15100
74780
16895
5101
1081615
6291
1851
6882336
-8714
15043
5439579
8833
-2738
4731160
2014
-5720
2424855
11112
-8100
713838
4071
6237
409917
-4884
-568
30446
-2127
-2265
2100668
-180
-4356
137456
-2826
6553
225483
-6645
-7267
7471569
-1016
-13316
139488
5313
-5313
30984
2741
5834
162106
-8575
7927
4723064
-1427
-2739
1647861
-2735
-3523
32192
4779
1962
32543
363
10109
530183
-4649
-4506
1199577
-15476
83
696472
-8119
-11507
4327872
-1636
5820
3932906
175
-17936
7439
-16400
-9659
34044
12525
-541
119885
-16211
3456
105613
3141
-7637
27424
1471
6116
1059087
-341
-1072
8191
11443
5106
130156
-10436
-3184
2153110
-5783
6920
2774502
-7061
6857
4728775
-3758
9270
89280
847
13200
15635
2294
-6548
2297867
3511
-4107
1198363
-4143
-2996
19960
-6370
5221
6623443
-6676
-3043
5252814
-7813
-429
4723655
-697
12028
145889
-6214
-9186
6359775
4224
-598
540672
-964
3810
10982
-15177
-4237
178571
-3096
7378
156894
9387
8281
4210447
1522
4230
1123340
-1878
-180
2170607
-6240
-15050
6555868
-832
4797
14568
8228
7185
4456960
-4785
-9055
32227
9
7457
131328
-4897
24
291303
917
1877
534296
1605
-5856
3148560
-13037
3942
128160
11968
5048
55416
-14419
-3137
2198685
7386
-19840
4534823
15372
8301
172128
25063
-2240
14025037
-1394
1445
603387
9728
4164
7340048
8929
-7323
4469020
18569
757
2785536
-2410
11406
2823353
6516
7921
6950946
-12069
15811
316295
-137
1648
655851
-5350
-9123
357107
-2139
6924
2362300
4142
-5697
84999
20515
-7945
376832
-1689
7982
3019237
1162
-3030
729089
-4298
-3111
219379
-1705
1987
2235873
1202
2193
80908
-1097
10798
141819
-485
-11593
1311731
18726
-2663
2592769
-4285
-762
88304
6760
-14566
5907510
8606
2060
6094859
12098
2302
120944
9453
-597
4273165
-2082
-8144
2425015
8427
440
4200207
-1130
9122
730361
7007
13045
4471091
6893
-3329
4273213
-1212
7438
15088
-3145
-992
158171
-7197
-571
4530396
7154
-7314
4269116
-1403
5927
537592
-4552
2980
1198326
4857
8610
160030
5208
-886
419842
-4813
17621
97508
3867
23
283443
-5607
-3420
1466866
-5271
-1104
681454
10196
2546
6295064
4622
-10214
1131523
3003
9533
27455
1011
-7683
74780
-5175
-7363
158200
-5142
6080
91903
-6073
-5254
2247137
4
5064
512
1483
2279
1190153
9835
11999
7866135
3267
-2971
96296
-1644
14858
3671784
-141
-1749
591084
-8936
-9526
4599906
918
-14280
730137
-4898
-4091
356583
-13985
-278
2398595
-11957
-5760
186753
7255
-9484
4336929
2929
13266
550188
677
-1697
277276
-3592
-13091
1196238
1306
4767
340483
-16576
-7066
39152
4237
-1981
607233
6767
5946
5776695
82
14944
68608
7790
-3747
5833783
13012
16442
65112
10083
-1588
7143436
-10356
-3387
2801816
6484
-7802
6299168
-10278
2219
2474647
2555
3434
3146511
-6620
-2072
7602896
2539
-13665
3147535
6620
-11666
7602726
7187
1417
4269088
-10878
9621
1695880
-2883
-167
96461
14262
9313
2328635
-1281
19938
12799
2499
15907
3213320
-10617
3260
2806169
951
5375
141595
4901
5038
291600
3053
1783
91197
-99
3761
852217
-10244
-13152
2146974
-907
-6463
664034
5122
-9905
90112
5683
9877
3230740
1148
-1401
532998
11462
3632
260201
19336
10865
712760
5837
173
2186265
-331
7370
137722
-4290
3489
88311
-15287
-9725
174464
-9917
10971
6363232
499
-3007
1115148
2795
1014
30527
4377
-3877
413954
-12383
2742
313788
11777
1058
1098096
-6286
9606
6882508
5815
431
2251035
655
558
537883
-4090
-3699
213185
16523
2029
688385
8158
-7601
4522039
-5418
-7413
228601
-62
5377
67832
-5650
14921
3228911
-1738
-2931
2300131
2868
-9094
161842
1593
-4522
3279126
-4584
7403
1458418
-5446
-378
97023
-19730
5132
128223
-5795
-8330
2447585
1823
4598
2363667
4025
19537
149822
-3158
14127
93919
4052
3323
20024
7347
1389
4275244
5752
-13991
3817494
-694
7864
211169
7505
3555
4209952
12076
-12833
56950
-7891
-1516
4267205
-12171
-7171
704898
12942
-2622
652379
5470
1202
358403
6060
2660
2117150
-12552
-1404
184510
-8101
-1122
4459459
11349
-2819
61280
-5483
1018
555000
2524
1868
3408390
116
-1912
655362
-3992
-4255
672966
-18
180
66815
10685
11203
3262573
-190
4168
71920
5194
4656
223233
-9552
9905
4209788
-3886
-2710
89288
12339
-1436
117828
-4500
-938
1591030
-1052
-7109
271100
-5885
-2766
2183392
-4444
2648
285436
-2474
-3401
3345585
-4032
-16759
18624
-16541
5190
884972
16115
-19046
103548
1608
-7779
3278864
7577
3700
6160666
8917
-6095
4210456
-847
-2616
15852
5323
1925
162057
-21207
2930
196070
6030
-15299
2704411
787
3239
78864
-10330
2235
2607261
1366
11374
211969
2255
56
2104587
3820
-5538
22078
-7126
-3702
4271815
-5520
5060
1598708
-2004
-8023
2100966
-2610
2738
1141963
-3308
1236
30416
-2863
-1781
32200
-2151
-11816
3015098
8073
3034
4849976
2324
-1569
2102784
3276
-1203
161832
8621
-5076
5311501
10725
-9723
3457900
-4703
5733
1329628
-10192
19064
6294628
-1238
-9476
81655
-8423
-6507
4591986
2852
4405
291376
-1279
-3230
12784
13987
190
2463804
8137
3994
4327736
10308
-7703
2148960
-1252
-12873
275186
14942
-5076
1419379
-4124
-6950
279292
-2723
-829
358593
-960
-8581
10464
-1847
675
2234856
-11804
-2128
1360524
7464
3406
4340774
7950
2727
4265011
6339
-15508
6363176
-10325
7851
2150303
-2831
-282
30156
8186
9054
4260415
-454
5722
1116919
-1166
982
599276
115
8382
590852
7386
-194
4534823
-25989
1917
14164919
5881
1946
2248990
-14475
-305
2785674
-20849
-1446
579067
6756
-8842
6038068
9448
17900
4338702
3763
-4855
89148
1443
1981
1386508
1410
3129
1646600
6474
-1816
6494241
1789
-7322
2166813
3557
2754
1327900
9584
1951
4731908
-3367
-13247
422358
8152
-9704
4587574
-19623
-9855
457170
736
866
274460
-4569
-5416
1458673
-12048
4237
54412
-10083
-1270
7143521
8187
-5447
4195135
-7939
10550
4264141
865
-2910
794892
9317
13105
4989700
-6430
-12158
6623452
13135
13635
64851
6316
-3407
6299182
462
1339
1117195
1343
10220
14599
-11455
9479
63888
-8232
3758
4587638
-8172
5311
4196032
7599
-632
5246239
6131
-1423
2180124
1099
-16001
141569
-2974
4440
876740
-10527
-2197
2412956
-1380
-476
799482
8887
-3305
4339995
3307
7599
30511
-7847
3672
4594114
-3254
9143
227537
8281
7043
4589826
-8767
10112
5245272
12500
11526
56904
8990
-6513
4534291
6635
9090
7341871
-3847
161
152014
-4923
9214
31720
6730
-1122
5449777
-4275
6994
89329
7695
-567
5244211
2216
-212
2235406
6462
-4307
6363175
4957
-11141
358417
-1252
12287
275186
11174
-14854
518269
4644
2299
1327616
-4350
-2370
86256
-4592
2298
1066224
-12677
-10676
1622967
-16579
-7028
104693
7169
-2986
4202784
1557
4716
3147536
-9791
-1870
7342440
-8779
9392
5376346
-1786
-2743
2298081
10928
-15061
64636
1781
8778
2232602
-2337
-8485
2363831
4243
-1041
607232
7776
8687
6029364
-4325
3846
283635
-3615
-3533
1327564
-8903
-4664
4340070
2365
11527
2168837
11791
5236
1099123
9895
3111
6691101
-978
4086
77031
1940
1759
2623000
-2551
-4822
3277232
7586
1080
5572636
11103
7590
326003
10563
-6141
2218080
4842
292
95775
6849
3353
4208952
1925
13
2622232
504
2479
1179662
13473
10199
325964
-11817
-5207
1232265
-3431
1650
946650
-464
4933
1051892
15623
8077
176481
-2233
804
2234801
-5966
-2777
2186476
10143
6335
7078171
2834
392
95280
1855
1234
2103575
-2627
-1699
1140941
-9737
-10274
7471467
-9736
-5577
7471214
8544
-6036
4984836
7989
-659
4331826
14229
-2382
2656056
6072
-4433
2246686
14034
-1935
2202680
20965
-886
1360652
-5575
9239
1206774
-4487
2673
1720822
-7832
-634
4854982
-3731
345
611525
2705
1076
554296
-2907
-4280
293836
-7684
15206
5243598
19192
11154
192574
1457
-430
1060108
-2121
-18537
2230715
6955
-3968
4210487
-4159
7479
18936
4467
-9921
611332
-6127
9333
2115040
8384
6474
4200456
1959
10532
2492701
1576
-10012
3279894
10356
-149
2801762
-4670
-6861
1132760
3116
-6346
28198
5057
-11090
26904
8567
7723
4854019
-1694
-5322
2953444
3898
5936
88631
959
-2281
10527
-7896
-4687
4332742
5208
1587
419842
-3489
-2354
1329603
-4329
9637
153073
8562
3583
4789252
127
-6965
524551
-3486
7292
1917124
-654
-6716
603364
-12593
-6814
56763
12382
-9532
378947
2068
-65
2098688
-7024
-8119
4728000
9580
-9539
4732422
-9191
-1006
4596066
898
-4774
598040
5792
8892
2381852
16224
-1656
819308
-4942
-1221
97516
8388
-15014
4200968
3505
4578
1068316
-9304
5027
4336766
11803
11266
1360755
-3117
-2314
93400
9083
2874
4727567
459
-17780
1181961
1220
12909
14856
6400
2145
6295584
-11020
2383
192650
-11209
-920
190851
-4303
-3654
24052
-7951
403
4199884
1223
3862
145673
-3398
-2504
96991
4949
2472
32528
5709
1105
3230737
-3078
13771
90847
1009
6252
9500
15513
-6859
958818
6644
-2344
7471146
3390
-5358
96295
5529
-5039
1990922
-4977
11002
550371
-4023
-1744
149952
-1060
11124
271094
-15415
4832
174488
-4986
-4630
745697
-4922
1484
227561
1559
9622
3278097
7343
-3815
4209967
-1640
-14967
4063466
6460
-6041
6298150
-3147
11631
158170
10077
11527
6625297
-10956
10483
194690
-1086
5268
76024
-229
-5214
267251
-1765
-4069
2364387
-12409
-5771
704953
13081
6273
454994
5451
-7665
162049
-10788
-5414
1368710
5879
15341
2248987
11457
7147
63848
1475
5208
1124360
-3320
2334
159952
102
-2305
983045
-8995
-985
4534373
124
8135
524806
2658
3197
1925172
-7700
-4663
5244622
-8193
-4988
4194687
-1500
-2295
1319664
-5525
-10902
1599479
-2829
-6384
95436
4698
-6330
1395203
-1733
-9299
2104295
9340
-7922
4727302
12746
4729
1296457
7713
-399
5505328
-3664
14961
1068236
7846
1138
4659261
-4243
-11226
607469
6720
-94
5253168
-10082
-3350
7143523
-6707
-3625
5319881
13586
-5877
128064
-160
647
786668
2502
-16304
3344393
315
6331
6919
-5322
6446
227571
-4615
2245
1196510
7241
6550
4335904
-1700
8146
2366178
-2098
9808
2165947
5415
-18702
422145
-3713
-3885
545223
18905
-5072
3571974
4575
-4373
1327367
-1104
5442
11516
-1185
10932
276979
-1126
3568
860923
6136
-7795
2244638
1542
5833
3342353
-2182
-8330
2687663
3449
-675
684326
-6795
4278
4862402
-13852
-13463
3441292
-3468
7702
1720514
-3869
10301
348364
1064
2296
142342
5391
2720
29955
-8429
-6552
4265072
1108
10136
11776
-13175
335
713120
2428
7285
2626054
-5637
-4732
3163119
6635
-522
7341871
7893
-2124
4202296
7875
-1214
4266040
6144
4052
6291488
-14954
-4371
1811593
-2668
-18265
1599176
4377
-3908
413954
-7720
9056
5636294
3930
15830
350771
9466
-8090
4272655
4885
2335
30480
-5463
-6772
163326
-8571
-8768
4723576
-1463
7411
1190384
-12195
7657
379009
-4654
11097
1133784
3437
1480
619557
-1833
-13817
2235881
-9852
-11673
7864936
19022
2506
1174579
-4736
-730
1589464
-1938
3959
2688231
-1187
8380
342257
-6255
307
6817240
4303
4346
23819
-4041
-9645
149955
7694
-785
5309491
16462
3201
101379
4303
-6936
23819
-13814
1594
1302705
-3795
508
89285
11777
7817
1098096
8943
-3089
4207903
4962
3666
876556
-8030
10003
4528332
19191
-5571
192827
-5353
200
161265
-1408
-6051
536824
3597
-1904
1131569
570
6273
1116679
-350
8259
334076
-11245
7979
124032
2220
15171
2104846
3570
-2413
1131548
-32768
4166
8388736
289
16708
266496
2994
5999
93244
301
12129
72709
3653
458
1067824
6811
8959
4993851
13312
15265
57408
5302
-4727
227339
3013
-14080
27448
-7987
6310
4267209
-13709
564
1696948
-6369
-727
6558163
-33
4703
262647
-4341
624
152049
7008
11691
4988972
-4460
-977
546552
8743
-8835
5636353
-639
-23
1573336
-10453
-515
2154391
-4897
-8127
291303
-5069
-9239
93412
7527
378
5124389
-5519
-3738
1598964
-361
-11967
660985
15182
-12144
113779
5328
16049
31752
4713
200
1721606
-4702
6044
1394908
-2124
-8144
2230458
-7522
5458
5058779
-4967
-5793
942562
-7396
1730
4469458
10386
862
2737248
-1147
-8549
533496
1372
-1601
276994
-150
-15433
591599
1000
-31283
140318
-817
-21938
15851
523
1118
1179905
-3690
8600
1787081
-14400
9921
2132120
-1627
6262
3410924
-1163
8071
664042
-8777
6802
5376347
9543
2753
4339969
-831
4699
14824
210
-2053
72712
13810
6071
1172556
-4528
7033
1068272
3895
7802
153907
9358
7221
4793347
-14279
10317
2263430
-6841
943
4340161
-5991
19641
3031522
1212
-1521
14862
-14385
21041
2133403
-1044
6664
9982
-1746
1843
2170087
-9493
-3896
4208511
3658
2833
1263665
10039
-13441
6428947
11503
11630
62831
20423
-2608
182585
12322
4655
376896
6488
3585
6690850
13137
4782
64848
5616
-7482
1074188
-111
3491
525816
6536
-4787
7995432
-3531
-10478
1198530
850
3851
80912
2851
10229
356400
2427
-6518
2626311
4502
-106
1786889
8098
-3440
4524092
12007
-3753
446845
9531
-599
4209415
4555
1116
1198345
-7453
-1283
4534492
-5042
9585
93411
15648
-4875
307296
3523
-541
1132568
-892
767
533216
5786
-4082
2970139
-4666
5314
1263833
-8286
6913
4524156
5462
531
228353
13368
-7493
190534
-1895
2523
3015138
-399
-2248
1574388
6626
-927
7667756
-5505
13653
1597943
-5177
3055
158201
-1420
-1667
1712370
-4093
-32
82112
5217
3940
811268
-13106
5905
130219
1201
771
15628
7132
-1610
4465206
13449
6853
713024
5016
-17845
942106
-3247
-4517
32208
9345
-2896
4727040
12521
-11466
185678
-4852
2456
159968
-11931
2540
840580
-16826
-6839
1280241
9572
-14065
4993540
1748
16875
2104856
-4473
-16006
676345
7689
-2064
5374256
632
-3199
1703942
-4866
-44
94447
-15398
-1833
369303
-7361
-1982
4209111
4791
6147
162075
5180
10750
27142
-10768
5550
1107084
133
-20394
525056
2312
-6979
2232320
2309
5505
2102016
-9131
1045
4206432
4042
-1863
215097
-330
-449
203003
-14736
-5796
3703956
-3658
2873
1263819
-5869
14339
2184416
-6695
5613
5644742
-13157
-9519
844707
-1309
-6219
340220
4896
10381
290832
589
8074
1117185
9181
407
4530197
-8487
-5905
4591990
671
-21152
799003
-4562
-11485
1133815
6201
3975
6424870
3717
-2286
545592
-5606
-11591
1401587
13332
7020
58944
3533
7156
1133593
16471
-4227
167169
-1763
-2768
2429153
3009
-19966
26936
-6469
-9455
6298591
5749
-5531
3817746
-2787
-1309
356545
6275
20026
6881312
11587
4522
129120
-7730
450
5311691
3059
2011
91196
734
-8201
339991
-7236
-5581
4205278
-12033
19186
53647
1708
13104
2104862
-3971
-11257
606405
4175
-10387
19715
-9511
-6077
4600182
-7286
-6275
4923609
-14976
696
1613960
1483
-599
1190153
-21589
-2636
61439
13175
-1171
713035
-1597
4788
3213544
-1016
6212
139488
6231
-9252
6425889
9402
2292
4274703
-2613
-749
1206729
-7272
-503
5120218
8820
-7646
5898242
2702
-1165
619579
-9138
1349
4271203
12053
4028
55152
9418
-4697
4405257
-2691
-8454
618693
2327
2563
2233601
2704
-12038
554040
1893
-10022
2884364
11022
-7095
128115
-13151
-3281
326060
-568
-9569
1181912
-772
12094
13038
9086
-5193
4792335
-2634
-8043
1272011
-5432
-7432
162040
-335
4262
7676
14236
3939
2916922
-2064
3070
2098364
-2790
4609
357059
8118
14161
4393019
-144
5246
525548
-12770
4926
1425587
-1456
10794
1060080
3834
280
86591
32
1437
262144
-4223
-8704
541176
-21032
4061
1491158
4716
214
1590790
-650
-2072
733411
1734
-3692
2299929
3275
-10412
162089
11087
8096
64883
-8776
7540
5376094
-2887
16788
162254
3981
-9007
607289
-624
-21526
1574104
5575
-15100
1206537
9395
-3687
4275212
-271
9732
5628
8226
-4668
4521984
5317
4108
31496
724
-3911
15896
-1757
600
2429152
3540
8094
1068568
-886
7999
729313
5979
812
2382611
-15175
148
178574
-1427
148
1647861
3680
9553
1851444
-2362
-11307
2300089
7826
-6909
4789304
1535
2955
1057039
2272
3772
2363404
-10535
-3296
2544022
-22713
9312
6461905
449
-6510
1050888
-10313
-2176
2279835
17084
1358
47646
22626
-12484
7176228
-9663
-26124
5253488
60
13942
2566
5541
-4852
1338124
-4778
15
228577
1525
-5928
1188106
-8984
-119
4338798
7812
14122
4723256
8130
-11090
4261944
1968
18843
2100252
-6022
-14465
2704103
-7137
12300
4465091
7252
-1000
4206112
5131
2955
155905
200
3795
137224
11301
-15574
320352
-4065
2621
278979
-12336
16587
52408
6855
-6853
4340025
-481
11026
1311219
-1204
-4942
145648
-6898
-4173
4273347
2826
468
225329
4847
11850
29983
-10709
2060
3198871
-4643
-3541
1392853
-4802
-11394
96487
-4597
-2846
1196529
7088
-5289
4205628
12663
5066
708931
-10703
1261
3198356
3352
-4665
421922
3025
1458
27960
-137
18005
655851
4340
-2792
151562
15210
-5988
632431
4953
6600
424210
3326
-9054
94255
4040
-16354
149560
3182
3330
615463
12106
8502
252017
11362
-5996
909412
-1829
11371
2364391
-10295
-5159
2279832
3203
-5507
614432
322
-8172
71680
-9122
-14383
4532323
-2296
7673
2232496
8752
-9384
5245956
3839
-1598
20799
8480
3873
4460544
-13946
7643
3899529
-3637
3173
1198537
9024
-1487
4208656
-6112
12271
2375904
4078
2331
83007
-2285
-3527
2167984
23045
-6478
5284656
8019
-5522
4267056
-10822
6635
1174159
-9042
13709
4275311
-1056
-5885
270588
-806
-435
340711
10689
3950
3197288
-941
3660
77024
15798
8635
1280091
-917
9222
534503
3297
548
291116
-9417
9128
4340083
5371
9752
29455
-4241
-3454
542191
-2051
14236
2162877
-14209
6294
2654599
2660
3288
1860148
3019
-8214
158009
-19648
9682
63696
871
-1770
925965
3339
17832
160033
-5982
87
2447596
5449
-5481
162048
-5905
8932
2119151
-1497
917
1450481
-5289
2825
163313
3581
-10128
1130525
-10977
-1662
323971
-2438
-5472
3736247
-10026
-3198
6495337
13159
-7446
975181
846
-6354
80915
-9465
-5027
4338033
-13443
-3477
647341
-3132
8042
27352
-341
-7119
8191
-1861
4186
2104303
10106
1183
6881807
-940
-1203
12000
-3602
2310
1131727
1722
6186
2169375
-1906
3638
2688227
-6504
-12338
7213274
-10370
-6817
2736271
5534
-318
1925131
-3680
7649
1329356
-1856
4895
2103528
-729
-9436
405985
-624
-4994
1574104
2036
-1810
2228250
8055
1232
4849963
-792
-7955
144622
-6488
2895
6429918
19411
6501
126008
1200
-4815
15372
2994
355
93244
2464
-8312
3409932
1263
3683
13583
-10372
4396
2671246
3593
6712
1196336
247
-10198
135435
2444
-2093
3801096
10280
5724
2280550
-3622
-6496
1393351
3388
-3482
31270
6739
-1056
5319728
5467
2140
293635
1920
1644
2621464
7981
-5782
4267061
-8679
996
5636466
-972
-1597
141538
6285
-12382
6882337
10060
-8926
6428688
6905
8181
4337982
-6058
63
2313441
1751
-1209
2235673
-16226
-2635
884867
-1760
1018
2363616
-623
11271
1574360
-9164
-11522
4335714
-6594
-10323
7407831
10694
2692
3393641
-2517
8072
3149751
-6754
4358
6103243
-5461
-6183
32767
15960
15815
1476722
15333
4618
303996
913
-18931
533784
-3012
5915
27334
1620
-17345
3149328
11011
3370
127088
1102
8555
76803
13122
-9481
129104
7000
7536
4601906
-4547
-8233
1132789
-5181
146
92408
1925
-11831
2622232
-6234
-10581
6752477
8698
-3274
5308943
10842
6636
1436275
-8691
-2128
5309553
1538
12349
3211280
152
266
917506
-1172
6313
534254
14213
-6972
2655032
4969
-6012
681230
-9606
12375
5841527
-8163
-1254
4522177
-6632
1288
7733458
-1990
9608
2165479
3817
71
152894
4477
3953
610309
-5534
-7992
1925364
-416
11646
1835252
-6949
-7973
4469703
481
10534
1310988
-3012
4932
27334
6590
-11262
7407663
-3862
-5832
87759
10945
-12226
63864
-2734
3542
97472
8471
-11191
4330753
2159
512
2622727
-3012
1854
27334
-4035
7932
84165
-13381
4766
60351
1494
-11543
1256457
-3030
-17779
93895
201
-305
137480
10645
-11553
3721064
11589
-3916
64352
4080
10481
17468
8667
761
5505799
-5295
9414
32240
8589
-3163
5833737
3042
-3332
352316
-2928
-13328
550080
-1843
-14416
2170089
-913
1104
533991
-1717
-2889
2234849
-2874
-517
227529
10979
5696
389244
-6047
8972
2900452
18159
-1140
2135327
-2892
1594
161994
-3824
-3105
21696
-9318
10360
5055099
11827
-10836
1166452
-18392
12446
2264294
226
13932
331788
-6632
-7489
7733458
-4590
9936
1131760
6254
3840
6882343
12846
-998
1166407
4216
-5641
671750
-1034
641
205051
3465
-2979
1720600
-7682
-2992
5308623
-1902
6057
2688224
-12189
-6690
901252
-94
11901
329980
-3574
-4950
1261761
3069
811
90173
-16806
-4054
1411827
11430
-10441
522349
-651
-513
668130
13447
-11031
713025
-13571
7399
127165
-12137
-6502
705921
6152
8991
6422560
-14084
3287
2134670
5006
3317
615451
-718
707
81124
-5113
2195
156129
-3594
-18000
1261771
-2519
182
3280310
11627
-11402
587623
9870
-6433
6886427
9266
961
4271108
7117
-289
4271161
-6264
-4899
6947032
8740
-9165
5505536
-13539
8410
389297
6857
3959
4340024
9348
223
4727296
3554
932
1392668
-1155
3594
598253
11755
10750
1099615
10476
-13736
2152046
4497
-2685
1590536
-5605
812
1336307
7421
-7731
4272173
6118
-2944
2572317
-10294
-17148
2345113
9452
2311
4208142
-18350
-3100
2198752
-8262
-471
4262527
-8913
-2043
4210023
-9764
-2103
7602790
10048
4611
6297616
-9904
7282
6298720
1224
-3292
145416
-866
-12272
860387
-5679
6453
3165672
-4100
-1806
17150
4534
-6915
1263627
10200
10340
6684694
-15651
-16345
372885
13325
-8554
123969
424
-11601
1182734
-3367
1413
422358
-6991
-2645
4210124
-4509
296
1917172
2410
1647
2692615
8475
19233
4461315
-1532
-3303
1057520
-6474
5272
6494427
6450
12383
6364196
-9512
-11394
4599926
18472
11038
2264070
-1685
83
2627559
-3428
6717
815834
235
-6434
5903
-5037
-7840
93408
-9378
990
4536435
8145
-2450
4197688
14978
1677
635000
9532
1451
4209158
-2071
7980
2229694
18148
-2829
2396700
3054
8563
91199
-5706
2604
3361003
-824
-2478
145640
4249
-5666
934146
-8190
-11755
4260032
8682
4112
5309967
-815
4407
15848
10949
1238
64376
-7082
-4412
4402369
11597
-3738
130145
7142
-5266
4661309
3860
-3310
22064
-6220
-1176
6424794
1757
3874
2428949
-7160
15647
4333760
-689
2082
15843
7946
8070
4395057
3858
-528
87088
-241
-5944
5619
-7219
6712
4271321
-883
955
599265
-4223
-9809
541176
-11547
-9663
324508
-2750
13439
96448
9293
6721
4271105
4379
772
283395
-6973
-6708
4274376
520
2112
1179648
5480
-2066
685062
5718
7265
3361809
2332
2683
2363906
606
-6915
1378307
611
9716
1900548
-3594
-1606
1261771
4880
6744
29712
22732
-13735
6461480
8361
-6297
4332814
-9312
-5534
4466812
6630
5556
7798829
-6159
-12444
6292956
-8124
5518
4197056
7119
2003
4205883
6607
-13760
7343403
10351
-6639
2671975
-10328
7308
2280606
1652
-886
3801106
3683
-1645
1916980
15879
477
1212785
13884
-528
3181110
-11870
-17608
1427596
1261
3777
78861
407
-210
1705225
-616
-605
1966298
-1330
-4781
81147
15299
6064
108664
-7946
-2328
4395211
-13133
1573
130220
5121
-2824
24832
983
-3096
142617
-6217
-8942
6425051
-2411
1664
2627512
-5718
20104
3231471
-817
1602
15851
7946
8977
4395057
-3418
15992
489693
-1187
6330
342257
-8503
7125
4331896
-3851
-13274
152010
2746
4690
96831
105
-3478
656646
8124
1675
4196926
-4233
13767
672235
-4776
2551
424162
-3883
18289
24520
-7700
-6114
5244622
4449
4554
807172
9696
5887
5513228
5709
-15336
3230737
2671
-11260
1598775
-2438
2735
3736247
274
5594
70656
-10199
-13437
6425958
-10173
1344
6359136
-1882
-5536
2562285
-5834
4357
2316515
-3873
-7203
283079
8093
4129
5046329
10052
3244
6298128
4798
1272
96287
-10856
8308
2023562
13188
-11497
582232
5190
4351
223233
-6032
4059
2639076
3760
-1618
23612
8422
-10103
4657165
-1473
3456
1059319
-4585
4527
1197553
2865
-607
32052
-5888
-2403
2117856
10168
3194
6424606
1829
7239
2364176
6734
-7620
5319731
18140
3663
2396694
-7179
-4819
4334042
16567
5192
170251
6955
843
4210487
10053
14727
6298384
-9063
-3344
5120354
-5241
-6327
680441
-1073
-15393
11771
-8447
14777
4198768
4861
-6084
94237
-10405
13
2415507
225
-3244
266508
-1453
-11611
1125616
12042
8195
249969
-1089
15824
10751
-14230
-6844
2721415
5896
2510
2248720
9975
-3221
6426907
4347
-8408
21263
-9938
848
6364263
-2742
-1561
227521
-6102
-6374
2182887
-5966
1904
2186476
-13320
-1434
188606
-1954
1880
2427107
3169
-2224
811300
12794
4497
1163855
-9993
-4175
6426987
-3028
1451
28358
5240
-17899
679942
-1312
-10217
274684
372
-563
659458
10758
-2424
1302641
8062
5365
4784175
6015
-6976
2638095
6211
-17885
6359072
-21551
-641
60920
-795
-820
275436
-14085
11468
2134927
10865
10031
1631604
16873
-955
1213710
572
-1103
1051142
-6190
-2456
6360280
-2497
-17284
3148215
7458
-5054
4534304
-662
-1584
603879
-4380
5026
283388
21
3271
1792
8671
4931
5505287
-5924
-1249
2380518
-1512
-2751
1450226
2362
-10828
2169351
5669
-13816
3425040
3921
-3837
23856
1488
8617
1059848
-14989
18671
636036
756
-3642
143386
-7401
3576
4339153
3332
653
29216
9558
8039
4406273
5932
6271
2121238
-12874
9099
1296539
9142
-10566
4401179
-14264
-7564
2263168
17065
-5327
179486
-3052
3978
26304
4228
3641
541184
-4850
-5192
95459
11531
4905
192865
11048
284
195702
8115
7238
4262972
-7009
-4794
4989379
-13150
6104
391340
-4637
3428
1392860
14490
-8007
2982499
5014
2330
746521
-11392
-4935
581784
-8041
-12781
4851137
7291
-10852
4727591
-12350
-5536
116920
-5774
2451
2708708
-12349
-2222
116920
-8742
-1114
5571159
2821
-4316
29488
87
-8558
134401
-4556
3537
1198322
-8026
8579
4659405
-9036
3284
4339818
-14244
-7113
2394754
1282
2294
77824
7396
-42
4469292
539
1638
1311491
-860
5449
277228
1007
-13864
9503
-4423
-624
154110
-2622
-6381
1140936
4431
-3840
23811
9596
9694
4731398
-11464
6919
194710
-423
-1486
1444338
-5113
-3394
156129
-3778
3195
88263
10152
-2663
6425630
-8148
-7885
4198086
2730
-1299
97855
-4079
14839
17856
6069
-10501
2246938
9545
12914
4339968
14231
10064
2786617
11708
-8155
1100382
11813
-2873
1360752
-3888
-6906
23752
-8829
-850
5832792
-8905
-9941
4340067
1470
-97
1124367
801
-1165
274704
-5161
7499
159225
-800
-10826
274668
8295
9899
5112069
3352
5620
421922
1000
10850
140318
-6913
-749
4207055
-5545
11691
1207793
-4171
-14076
150010
-1320
8323
405750
-10543
-698
2153880
3196
4559
549414
-44
746
3832
3256
12570
161838
9046
-79
4406289
4786
18251
97308
5302
-9697
227339
2710
5959
750649
-2293
-5778
2232753
5926
9285
2576401
-3802
-3664
479425
-6555
4164
8127444
3482
-2602
1917467
1112
4259
403458
-5839
-3795
2121188
11247
-10212
58751
7421
-991
4272173
-13223
-5252
453026
2731
2096
32575
-9239
3972
4334974
-20971
403
1099760
-4667
2497
1067992
-12922
-2239
1818777
185
-2594
137486
-2322
-13742
2167999
-7265
-7159
4989403
-18572
-10767
2785450
13922
5434
4030516
2113
-2203
2099456
4266
-5222
89615
4019
-8931
85052
-8818
-1011
5833819
-10025
-544
6430057
11258
2008
123519
2677
9539
1728818
9409
2036
4208904
-3840
-2005
20672
-2185
7929
2752939
-4477
-2049
610552
18428
-738
2130462
3388
-4788
31270
-2385
9435
2104767
2215
-5859
2496781
-9257
-3137
4337017
-555
18246
1052632
8858
16014
5059099
4957
-5270
358417
4799
-8820
31007
9162
-4134
4401177
58
4213
68103
8154
-1273
4522551
-1498
3286
1515761
-3996
5664
803524
-10292
6777
2279576
7707
9500
5505843
-373
6508
659961
-10183
2650
6424934
-4537
-9044
1198577
10780
3996
1368690
4590
8794
1131535
3412
8780
32288
5554
5697
1141772
13664
-2660
847940
331
-3930
137473
7727
2356
5246263
-1069
-3402
77048
-8286
8359
4524156
-5122
-177
90367
6980
1210
4209200
6251
2633
6817575
3243
-2511
32559
3680
21198
1851444
39
1977
393473
1047
-3297
140545
-3831
-13769
152000
-8166
-13755
4522691
-9706
-998
5448817
1093
-4040
11008
1222
7090
210953
-1766
4412
2429667
7399
-6266
4600109
14771
-7448
3247212
3646
888
1132599
12941
1002
652377
-3768
6276
153792
-4076
-12118
18112
-3043
-14254
352449
4841
-9754
161054
-4454
6429
873211
8338
-2804
4785152
19379
370
126012
5546
-3199
1142287
-5229
-2826
615672
-1743
-4347
2104804
-1336
-18498
145656
-4778
7425
228577
2906
-28025
358963
7633
-1526
5246232
-16861
2111
1409264
11372
8121
583270
4239
15213
541955
-15404
-5309
44696
-548
-4568
1311446
-8400
-6368
4201588
-2288
574
2102448
694
-654
210971
-3512
-11970
1198272
-7940
4322
4199118
3910
-775
219185
-13245
6324
125088
7144
3086
4334654
-1841
1560
2104811
3766
-5065
219195
9095
5532
4858137
-5104
3898
25824
1339
-6896
15111
-5804
6768
2121440
-1620
23422
3149550
-343
-8153
138750
14959
2119
1615223
-8338
-14694
4785263
-10283
12856
2150296
449
-3587
1050888
-2676
1664
1728712
-20367
-2879
574916
6951
-18493
4600113
-11667
13535
1688709
5086
2208
352279
-1076
-3489
141560
6305
-8681
6560044
3367
8716
422177
-1417
-13025
1712627
1119
-2170
272643
5066
5067
223257
-1131
8184
534520
8345
-1493
5112066
8145
-17331
4197688
-11035
7896
324492
-5175
4411
158200
3722
-4080
741433
-8773
7467
5245791
3316
-777
159786
-5949
-5123
2185448
7470
-340
4275239
3894
9129
219187
-8494
-11035
4267128
-4041
74
149955
-6113
17946
2376163
1313
-9736
274688
2997
-12924
158010
-10533
4955
2413463
394
19834
1769481
2462
4860
3997707
-1368
6034
146686
9390
848
4275215
6016
-12188
2637848
1205
10584
145674
2536
7071
3277838
-5378
-10846
94463
-4371
-3797
87293
9095
4059
4858137
4659
4960
1133572
-789
-3223
14319
292
10664
266752
4970
-730
615951
7545
4621
4862246
1432
-8739
1974282
-725
-13380
16359
-2979
9128
354497
13873
-4101
3181876
-56
-8094
133368
9385
-1627
4341006
5812
3596
2250778
3261
-1874
96301
-2087
-746
2490806
9474
-14703
4272128
-10383
-3286
2672012
4638
14462
1392643
-8239
-2184
4197752
6042
3517
2966043
442
9828
1116687
-3917
5791
89292
-471
7876
1183222
5211
2841
289539
-6800
2587
4732100
8221
2536
4521985
-10876
-3531
1630856
1101
-21793
76801
-17599
-8232
47600
1344
1275
14336
-5157
278
287735
5560
15012
1206286
-9590
3159
4927609
3457
-5669
1589528
566
4344
1247235
11442
8262
130156
-3441
11919
554459
6944
10879
4468784
3325
-9001
94253
4313
2491
413958
-6663
11559
5382606
-3864
-21906
152782
-3311
-2535
30160
-4914
22677
97515
-190
6178
71920
2230
-5106
2299915
9314
-3765
5054468
-3176
16197
942298
241
2018
5388
8413
365
4526085
-7371
846
4340178
-4608
-1906
1065200
-442
2861
1247473
-1188
4709
277234
-14039
-117
2268550
-5434
11208
227577
10833
3374
1109360
1826
-2245
2428944
1547
3085
3277073
-1437
-4247
1908980
4030
-334
84031
355
11798
856068
-8675
7389
5570673
1268
9859
143370
5660
-4440
3424786
1950
-2699
2949147
-9139
-11907
4271201
-11964
15481
55936
5504
-2964
1597448
7209
-3502
4336934
-3769
-2168
154049
-1501
3099
1384688
10261
7865
2148192
1793
5958
2101520
14705
1491
2659684
4026
-1039
84543
-1640
11558
4063466
-8280
-4251
4328574
-2048
3063
2097376
2214
-7354
2562061
6555
-9980
8127275
-5225
-3482
681465
-2720
-2336
815300
-8309
963
4850041
6876
-5172
4469302
-19
3764
66813
8490
-1058
4267527
6077
4925
2181149
-7356
5019
4209360
-4041
-10109
149955
-2266
-1743
2560177
-9282
-6495
4270207
-2411
-10126
2627512
6270
-9792
6881319
2767
-4487
32059
-10439
4119
2283926
1896
-3870
2753550
487
7455
1442061
-17353
9071
174563
6190
6870
6360103
2516
6258
3149320
6686
-4836
5578803
-6117
6243
2376675
20972
-6053
1099278
-3492
9036
1329858
-8888
9426
4339808
959
9265
10527
-4080
-2591
17600
-4472
-1388
676088
-11717
-5445
1100679
4887
9742
161041
-1149
19583
598264
-2314
-6291
2298043
-5688
1545
3295464
-2606
-8335
1141960
-6666
-6174
5447883
559
6588
1051911
-14271
-17117
2132352
4696
-10423
1460226
5428
1540
161794
-13206
15830
648871
8061
-3032
4784173
2256
16852
2104328
-7147
583
4204480
4737
3014
553240
-19593
-554
713163
12476
-9687
55886
4490
-2804
1785865
-8959
-590
4206944
-7530
26236
4928729
19268
-843
64048
17481
8622
174336
6239
-5558
6555939
-94
-4745
329980
-1401
-12689
668153
-1492
-4322
1060598
-9923
5811
6363237
-2455
11376
3802550
-17850
7387
1288433
-12620
877
186554
-9037
-5485
4275308
-9227
4926
4333946
-10886
21998
651911
133
9239
525056
2173
18455
2686981
-15153
6202
48523
395
8439
1704201
1305
14616
405762
-7400
-2854
4600018
6081
-5247
2115864
3000
-8530
157758
-823
-13030
145896
164
8013
268812
-5467
1812
293884
7914
1304
4265535
-11999
-13571
315776
-11579
9701
64408
-1897
1188
2754017
6837
1478
4340026
13684
-5159
716866
-7712
3692
5505228
23204
-3370
4504124
-707
-13165
80101
4684
-9976
1198080
-103
-2013
918010
-1888
-12473
2365676
-4057
9422
410049
9422
9124
4275211
9708
-8152
5252622
-63
-7082
2552
-15762
-1359
1672327
4798
-3134
96287
1322
6518
81415
7740
-4752
5245494
-7106
-4250
4270279
-21271
-8280
194030
-2440
-11613
3801270
8618
-6555
5312015
8995
-406
4534288
2842
33
356915
29495
-4804
8550739
4795
-20022
31519
8530
3646
4267008
-4617
-2301
1196507
-535
4662
1181150
32767
7589
8388991
11718
-7885
1296473
3989
7422
542520
9998
9964
6362131
12428
5656
704576
3635
-5805
1133620
5137
1728
25856
431
-3298
1051919
4280
-12045
153614
-5763
13875
2707685
2050
23710
2162688
846
3696
80915
-1599
-7174
3148264
37
-2015
262912
11657
3176
1753432
-22741
-18249
6332375
-10693
3731
3197847
2899
1876
97328
3572
6436
1196058
3265
6883
31016
-1541
-14176
3146735
-4119
9514
148990
-3761
-5305
24003
352
-1591
790532
-10244
-4975
2146974
2888
9544
161840
3845
10763
21296
8139
5422
4327737
9178
3024
4530711
8056
1878
4849710
13205
-10719
583512
-4643
6973
1392853
2361
6457
2234630
10800
-1701
1109108
14264
2928
2263102
13974
6535
2855993
-4667
-4018
1067992
822
-6308
210963
-8148
1776
4198086
4511
11338
1851659
-2982
2201
355011
-8985
2001
4600173
-3628
18480
1068744
-3802
-5985
479425
-1257
18785
144881
-9407
9006
4209008
-5169
-1117
28155
-1243
4069
275440
2600
743
1207350
8943
-9090
4207903
-2861
-7514
97480
3818
-9682
87615
5366
-2770
225291
10247
11178
2277729
-5780
-21696
2643686
4288
-11788
22536
4322
-19567
348172
-1655
-877
3801576
-5956
-755
2120430
-4485
5564
1590263
9292
1737
4335616
-4634
-4666
1523933
-4130
-2800
344311
-6076
-5180
2116320
6137
3587
2244894
-4950
-2285
98031
3644
-6715
1067574
-15150
12269
113800
-5623
1513
1204720
831
-13406
14615
1237
8924
16136
-6315
-8128
6299600
7173
3269
4203296
-23560
-15064
4366558
1090
5957
75776
13
5162
66561
1909
1737
2752778
-30
102
327932
-7903
-4032
4460992
6518
-4500
7016483
-5964
13725
2250986
-4756
5166
554726
15398
380
499809
-6604
152
7473362
-4353
191
20991
1651
517
3736596
-8877
19836
4275296
794
5103
340499
465
8504
1051912
-2330
16561
2560189
-3797
-1044
24519
-1582
-5132
3214568
-2749
13695
96448
1678
4362
2692123
16147
5723
103536
5765
4768
2642712
-1756
12027
2364128
10137
1273
7209242
-606
-10797
1378524
-15914
-6623
1281161
2900
-751
32304
4987
2716
549647
3210
-10139
745505
1266
-8452
78860
4215
-6798
672003
-7184
2884
4203740
-16421
9973
295927
-10300
6162
2149016
10079
-8236
6560019
-12453
-3638
318387
3942
-16469
999469
1592
2845
3278870
13050
3984
127583
-97
-10068
786939
-4299
15328
154098
10579
2493
2219104
1831
4471
2494737
-1726
1318
2169056
55
-8076
133379
-2063
2642
2098620
932
5598
272924
-2402
-2320
2953403
11754
4770
1164895
7711
-13265
5505331
-10062
-12403
6364268
765
-587
77853
10084
6271
7078412
-4668
-1513
1067736
-4807
-12910
162278
-3003
1576
27584
882
-5915
599052
-279
-11983
136702
1451
5164
1060623
8784
8631
5245952
-2471
-6370
3541426
-8370
4672
4267123
3083
-6846
155937
7663
7535
5244191
1668
-2066
2626072
-5040
11493
27872
3015
-8828
158009
5338
-9530
356871
924
-7626
795162
11869
1052
1427569
-4230
6126
606959
7503
-1723
4209955
5270
4125
746497
-5778
-7734
2708711
-13238
4831
256161
-6168
-2383
6423774
-11890
-15296
1688715
-6632
9309
7733458
-2468
13118
3410610
7656
-821
5375006
3784
5445
153656
4190
-3900
346115
-5331
-2488
97525
-4840
-11049
422114
-19038
3255
1435852
3866
2793
348723
-3887
-3203
24008
3342
7502
95267
1983
647
2099487
-11558
20792
389783
13747
6708
1174604
5349
7507
291596
18078
-5870
2986011
1384
5149
668678
19742
-7127
389155
-5619
-7815
1139953
-6500
9101
7082714
1722
3639
2169375
-6928
4146
4207820
-9409
5024
4209015
-9910
-8412
6494305
2724
-19302
293436
-968
-7995
141542
-1096
3294
141566
4350
6163
86031
3068
3442
25150
-5610
-15142
1271025
3017
3833
158008
4686
-11573
1133571
14358
-2686
2327649
6562
-3379
7669804
1395
12421
603140
-4389
3593
283639
-4510
-4356
1917172
284
-90
266754
14832
-510
3179628
6234
3241
6621731
-6880
1646
4468928
2049
-7132
2097408
-1860
3758
2104046
-11710
17270
1165440
-5587
2676
1142005
-18857
-15494
3313073
-12652
376
579256
1053
1650
335873
-7778
-11614
6095051
6146
-3851
6357024
-4807
-2261
162278
17794
22129
1679368
1974
-2923
2295835
10182
1690
6490137
4861
5017
94237
-7934
-6321
4264128
19407
9548
60731
9350
-4532
4923393
4336
1198
21516
1646
2224
3736599
2113
3714
2099456
-1929
-307
2752995
4716
-14711
1590790
10814
12173
1173623
-11421
11949
909452
-901
15001
533479
2905
3595
424242
-6883
9553
4534465
4031
14118
18751
8040
15156
4850734
3373
2910
97317
4755
-2837
619544
-6654
333
7405776
-8649
-2273
5376371
-2373
-15487
2104255
-4682
12169
1263835
13638
-3747
260161
648
-18903
667672
-4265
-6544
155121
-16000
-3493
1605768
-11222
-5515
126599
956
-11838
10782
5291
-18154
32527
-4970
11347
746721
-2249
-8232
2234803
-10565
-10113
2153375
12138
3011
640623
779
-3666
143633
-9533
10754
4274296
-697
-13583
145889
-6873
-5256
4600257
1316
210
274944
-9436
3200
4469360
14040
4107
2527286
3770
-7075
88639
6033
9534
2639128
2580
-4326
1074736
1532
-872
1057294
-9539
-520
4274301
-356
-7737
791290
3158
14953
224289
-14503
424
2529682
-11646
-2854
651416
-5086
-11862
352480
8286
12494
4524035
11749
-6924
1360732
-13520
8793
64692
-13645
7595
130236
-3807
10260
283072
-6072
-3810
2246880
2533
-6740
3408652
4894
-3560
356371
-15246
-6057
631940
-7964
-5628
4461260
-11100
-7053
326284
3039
-6258
287031
6520
3447
6950950
-11842
-611
1165455
-5878
-2331
2314465
-13831
15080
3309966
-4973
-18144
615648
-9334
2087
4923513
1620
-13811
3149328
-13934
-10835
3769480
3557
2311
1327900
-2098
4576
2165947
2801
1454
30012
-12556
-20218
184506
-4355
-1623
86269
1539
-737
3211280
408
1230
1966090
-12600
2460
186552
-11934
-17646
905348
8137
-118
4327736
-4493
-3917
1656052
20738
-2560
118784
-3297
-10160
291283
3475
-16541
1655832
-19134
16677
129216
5386
7518
225281
-1473
7593
1059319
6886
18262
4665405
4618
1600
1261569
-13548
-8916
63152
-4684
-3754
1198298
-8119
5700
4327872
4194
-4860
868356
-3973
10995
541639
-11620
3976
848538
-9310
1652
4532348
3452
-5663
553510
11436
4763
65134
-7764
6686
5246670
-1800
11161
2232558
-1676
-11511
2756834
-8007
-483
4331982
-2032
-3915
2098400
-3496
-5302
1460418
-5940
1760
2250984
8854
-7966
4928537
2818
12467
94256
1071
-9428
11527
-3674
7535
1525965
-16387
-2664
98557
4102
-8461
212993
6395
22528
6296367
-6598
10023
7408343
6104
577
2506774
-6218
-11109
6490331
83
4926
68608
5821
-1597
2185245
-3145
9966
158171
9907
-3965
6364188
3043
-3977
352316
1816
3464
2494482
3200
-6823
548896
6335
4409
6297903
1576
7780
3279894
3122
35
93220
-976
2147
11492
1877
-3138
2105104
5898
-1572
2314257
-1852
-2605
2104040
-3465
4642
1720771
567
-234
1181955
-10595
6345
3002521
8779
5286
5376257
6384
-12081
6296620
15063
-4677
179577
8966
-13718
4403217
-5367
1403
160240
8843
5721
4862233
19233
1437
323888
23180
4392
4894776
-4833
8410
291299
-11197
7008
125056
5340
4609
291334
244
-4028
135178
9002
-2039
4275735
-526
-9223
1115356
3773
-7041
88125
3536
7165
1068056
7823
-362
4724027
-11281
-3128
58783
12813
6486
1164353
13529
-15485
454982
-8023
17508
4333006
-3693
24
1656008
-7727
4415
5246408
7622
7502
5441561
2006
15477
2296857
-4633
-670
1458653
3055
-1059
25919
-10108
-11114
6816352
-6958
-2051
4275400
7554
-3034
5832728
-2799
-5622
30144
-615
7521
1966554
-24904
1540
12720318
-11557
4027
324503
5265
3897
550144
5968
-16517
2120720
14868
-8932
1091184
4618
-4090
1261569
1562
-5015
3473939
2865
-16168
32052
-99
236
852217
6130
-3388
2180124
2089
6569
2231558
-2695
-5961
684486
7293
-9205
4792357
4768
352
292892
2712
-7576
946234
1131
9981
534279
-10310
6960
2214559
-4096
-4201
16576
-2083
1486
2425013
-14739
-1857
3769493
-255
-1801
4592
4447
-419
284931
-3031
840
159174
864
13625
794636
-276
2545
5886
-5825
2282
2120167
5029
6073
289564
8372
-13888
4331530
3078
23072
221217
-7967
14413
4461004
-8100
70
4459202
3759
9537
23871
-7218
-13837
4271323
-3174
9257
877275
-2206
-8150
2949292
5375
491
28943
990
-7908
335895
-4219
-1968
541688
-2926
-2601
615616
-959
3335
10720
-1232
10782
15604
3564
5982
1066526
-20756
-2651
55038
9282
-11434
4270080
9633
-5912
5515532
2593
2820
1335600
-8628
-8490
5376112
10812
8017
1108598
355
4893
856068
10564
-2875
2153056
6457
5985
6428966
12996
-8453
64088
4359
10305
151809
-897
-11189
532967
12446
-1756
901187
17656
-1730
176142
3534
4615
1133595
-7241
-1478
4336091
8293
-5358
4981508
-7128
3425
4336838
1127
-3891
925957
267
-12821
135425
-3352
-9271
160990
-7549
11068
4796632
-15511
-10333
697742
1852
-4501
2103830
5944
1971
2250774
1636
-5895
3932692
15688
-2566
178272
3294
-3484
356391
-2762
3359
227523
-7983
12062
4201928
2757
10830
31544
989
412
335893
2742
-9303
227387
1349
14916
15104
3937
13144
803116
4607
-8733
1065231
11713
-2924
1100120
-2454
-10727
3737271
5107
-377
91164
9377
-9885
4471052
-1006
-754
74976
-4136
-3266
409846
-338
-11914
72959
4851
8655
95260
-7915
-19095
4200384
-11102
4724
391308
-429
8145
1117424
-4710
10511
1917659
-19555
3231
909529
-11906
4228
643207
-717
-8734
81124
-10840
4986
1240206
-5497
13022
684537
-7691
4592
5374410
3028
-4946
28216
-7917
-6098
4265152
4628
-9097
1066496
-4690
-9501
1133791
4041
-3074
149816
-2026
-3702
2295009
-5609
13861
1205745
19990
-552
1295409
-9173
-4661
4206439
-15762
5955
1672327
-9316
3061
4989562
-7838
-15831
5050564
15308
-10356
174200
-7672
-9202
5374144
3
-1357
65536
-2789
13635
291779
2129
4869
2100480
-11404
-7849
712842
-1812
9969
2103022
1648
-5713
3671060
-11189
11731
190849
9766
9750
7798801
-4883
-2868
95469
150
134
721921
-6538
-2717
8061139
-4457
2483
677369
-1016
-7162
139488
-22577
19217
6327771
15307
4693
174457
-8538
9379
4659325
6327
-2949
6428971
3449
-2704
684326
-4260
-3865
285426
-5011
-14471
615653
-8897
2503
4208999
8103
-2913
4589885
-15531
3243
49040
-1665
-3116
2626023
-5510
4077
1663735
-1008
-3360
9440
-1883
5567
2366444
4357
4843
21248
-8448
129
4198512
5355
6367
30479
7937
-7622
4198704
-11144
-1623
712838
10900
825
587384
-12048
6470
54412
-3636
-14363
1198280
5779
9376
2708504
7603
4107
5311516
2972
5111
811578
3903
-1984
22839
7663
-20809
5244191
1039
-2005
9475
1784
3769
2232350
3228
1110
811554
-5050
-4305
223457
-17172
-5728
46830
-9871
3811
6821220
-9788
-16426
7342696
10745
-2694
3326318
17729
-13703
47360
-24066
4350
5341391
-297
612
138745
-11875
5628
1949833
-8601
1915
6160757
-2022
1403
2425571
-8499
1554
4267129
4160
5714
18432
-15559
13219
178582
-15531
1297
49040
-10189
-4265
6360164
-3561
2089
1197505
6594
-15180
7407656
823
1362
145683
-4790
-13380
227553
-13478
4039
391859
5202
-11345
93184
3724
8250
675896
5831
-10254
2251033
-13271
-9248
191910
-8849
1207
4732263
10082
7921
7143436
-4503
6667
1721846
11445
-1994
194922
-8583
3935
5898614
6276
3481
6816288
-3319
-6510
160208
7847
8555
4593981
2036
-5262
2228250
5681
-11634
3165460
5787
2811
2904859
12078
5588
121975
7719
-3660
5636401
9135
8255
4205855
-5065
-7688
158179
9410
-4452
4274184
-1169
6901
533999
-555
-1387
1052632
12454
6308
514125
12536
-10868
184398
-2174
-5162
2687160
6972
7731
4209206
2330
-50
2429443
-7227
-12407
4205528
3510
-1623
1263643
-5495
-278
684536
-842
4632
211179
-9110
5318
4793959
817
-5769
15636
2131
-8868
2165760
-6078
-1418
2181344
22142
14094
3784727
-328
-10073
137470
-4228
-5067
541422
-1173
-15554
534511
-7797
-1540
5898697
-119
2830
655864
-8408
1154
4332662
-1821
-10820
2429164
-7155
-5857
4269249
2043
-674
2097951
-4784
-3552
31968
-505
-4131
1180145
10376
1936
2801760
3635
475
1133620
-7303
-10308
4858318
-3459
-3599
1654981
11101
-813
391281
2780
3290
291382
-8388
-2825
4201078
9650
9494
5319692
2409
9523
2757894
1615
1531
3149075
-2872
-13724
161992
10991
-3188
62847
-9109
-2331
4728679
4408
3850
153606
16009
3847
692600
-3675
-8519
1330124
-13641
-7972
195003
16716
4698
169984
-806
-7871
340711
11113
-3721
714094
10512
14450
2151520
-2553
19935
3277233
-5756
-1490
3687144
8324
5725
4719104
7028
5271
4857898
-2977
5156
289219
-12578
2506
381111
-4898
-2210
356583
5152
4060
286720
-1133
-9646
599288
1912
2946
2752526
-10833
-2099
1109391
-367
-756
529912
-1056
23215
270588
9094
-6882
4923417
179
2980
72716
9730
10763
7405584
5285
1290
293644
-4964
11458
811746
12419
-14002
639040
-3789
528
89284
7181
3351
4269089
17577
5916
179470
3328
16518
28704
7749
-3148
5245744
6817
7675
4471100
9068
2292
4728334
-4532
10275
1198320
1521
-7890
1058060
6607
6400
7343403
-12236
5000
182402
4272
5469
23564
8327
-6078
4849921
-4509
-10313
1917172
14411
-5640
2263393
-2083
5107
2425013
1142
6395
729091
-3308
4406
30416
-16869
7184
1344499
-2338
1602
2429111
11841
3064
1100144
-8216
-4856
4326526
-2417
3686
2627003
4172
-3560
149504
-161
-1518
268787
-1516
-2409
1058544
-4274
14195
89331
-233
-2747
136689
-2915
-10310
876737
6786
10307
4796472
-4291
7104
88309
3609
2287
1458482
-4947
-15171
97517
3757
-6804
89149
-3732
-11010
546502
-11221
-6697
61319
-358
-2962
856827
6214
-5861
6490145
4497
-8608
1590536
4232
711
671744
9091
1429
4792344
3840
-13149
20528
6718
22480
5318711
-5875
-15790
2184417
-1091
99
76029
5004
-13134
679960
-4074
11825
214209
-483
6465
1376497
465
-19168
1051912
2799
9189
30015
7443
5851
4273184
-11217
-7393
60807
-8689
-4187
5244275
-3856
3899
21708
6467
10235
6363168
1058
5235
335872
-4088
-6912
147648
2984
-4820
158782
4228
2363
541184
10453
-5341
2154344
12624
-10478
56384
-10348
-416
2672280
639
-7386
1573127
1972
9174
2230298
-9606
-16758
5841527
-10045
-8458
6363240
-13009
-7742
64935
3414
-1619
228385
8356
-21162
4463116
-12082
-10291
121995
-11366
-5874
909979
-4462
-1
611576
-5478
2013
881403
6873
-4476
4600118
-2356
4093
2234552
-6371
-14654
6623441
4296
-8845
153608
-7366
-2348
4274903
3978
-6561
737337
8145
1804
4197688
-7441
905
4208095
-2886
9252
96975
-1721
-5700
2234849
-8073
-10687
4850115
-4822
10214
98023
-6042
4649
3096805
-1016
6738
139488
-8540
-7607
4463228
9125
-9763
4467484
18413
15639
2196509
-1953
-11654
2361827
-3525
1599
1067975
164
6497
268812
-4040
-9710
149702
169
1565
138510
-4558
979
1133812
7825
-1160
4724024
-7428
-1781
4207326
-433
5137
1052147
15105
-7000
45424
3431
-6818
946469
-952
-177
141536
-8595
12234
5833845
-4735
1217
1589720
-5075
1506
93413
-11550
-11702
389276
-14196
2144
2785408
4129
3800
278784
4393
-644
154886
-2917
10621
811971
10230
-7802
6488091
-6790
2434
4797127
-1670
-2370
2691815
12224
7676
51320
-10079
11232
6560108
-1899
1684
2623456
4052
-7112
20024
-2430
-1905
2691256
-886
14631
729313
6948
-10407
4469296
-8176
-2257
4195520
-5188
-8632
27390
1553
-8740
3147024
-2536
6846
3539122
-14648
-9068
2267288
125
-6748
589829
-3846
-5003
86735
4836
-10761
291356
5648
3000
3163152
6595
8432
7407656
-5816
-19239
2250976
-14909
-5390
1157256
-814
-5709
81128
-9513
13722
4341113
13184
-4073
581720
-5273
733
942573
-3437
6291
619736
-3586
-5185
1130703
10400
-365
2414700
5485
-2255
619525
-29
2103
327932
-4502
-20
1656567
5859
-2713
2445340
6468
9740
6298144
-786
5516
79087
-3410
10908
97503
-5233
-5867
550395
-13782
11230
1175223
2463
-6725
3932427
-6211
-7722
6359261
11445
-5754
194922
-18194
3491
2200815
4300
5093
153608
6274
-11567
6881312
3806
7714
348215
-12428
-735
704682
618
1120
1639943
1683
4727
2692120
-7484
5880
4209368
3894
-6804
219187
4718
13909
1655815
11680
3572
1362012
14014
-27526
2201663
-12286
3912
114816
18272
2254
2916364
16609
-1749
299276
3098
-179
352803
-5123
-4405
90365
6097
13005
2116888
-9973
-11404
6426977
-49
-9847
3579
-15016
1860
440450
5806
-2469
2186271
-5653
5198
3164143
1961
-6854
2231582
-9098
-10443
4923491
-9900
-2022
6299232
-9153
-15770
4204903
-1027
9407
73981
-1786
-5565
2298081
-10697
5683
3328403
-12626
-9005
122047
-155
3851
787436
2675
15910
1664052
-3827
-11224
87233
2322
-6752
2167808
-1153
4394
532975
4181
7624
20224
8252
5102
4196870
-4077
-11440
83136
3575
3733
1196315
1679
9701
2626843
-674
-7047
342243
-12112
-3183
56460
-3776
2907
22720
-6082
-15724
2181351
-1563
-4557
3408876
-2031
1656
2098656
-757
-1191
143841
-7259
7657
4467676
10480
9486
2151532
7141
-2347
4465468
-10176
11678
6293600
-13225
3566
191905
9272
-3775
4335622
-3828
-11130
151744
2575
-10554
1074483
13689
2845
717126
6768
6898
5776436
-6238
-6982
6621404
-12831
-1108
1360284
712
9108
145432
-5399
1933
161278
-475
-10593
1311728
-6198
-6523
6490329
7569
-1108
5768472
9255
-1541
4595969
-6246
-2525
7144155
-8163
2485
4522177
11360
-19853
843876
3115
1045
28455
3656
11194
1198128
-2933
-8718
680385
2153
-3804
2753798
6547
3917
7930920
9134
-923
4271135
9889
15619
6560028
5076
-30
28184
6560
1427
7604268
-338
1282
72959
14971
-5839
1614711
-6638
-9726
7406800
2304
-7622
2101248
3022
15042
93243
-234
-12150
201969
-1829
19739
2364391
-12990
-8774
129184
-12318
-7966
377020
1758
2052
2428951
15925
4098
1214834
1385
16607
668934
-4443
8901
285692
-6236
-5324
6556380
-14937
17376
1485197
-5213
962
354556
148
20059
525824
-2137
9036
2492861
-2260
-4770
2105014
-8238
-397
4263032
2798
8676
95295
-3499
-7399
1068992
6940
-1473
4469298
6469
-4795
6298400
10954
8736
260217
18240
12702
2136080
8172
-4939
4195902
6525
19800
6885413
11466
-8115
260201
-2884
4955
31438
1753
-6043
2494742
652
3027
667672
-6180
-6306
6554326
7659
3144
5244703
2541
-6286
3212301
-3897
-19709
154057
7502
-4891
4275235
3424
-1427
815140
7439
-7080
4207907
7844
9252
4463164
9088
-5821
4726808
11338
12949
256097
-5570
-6938
1140983
1974
-633
2295835
-13458
-5143
648367
11152
-2797
582776
5493
-6116
684290
-819
-9391
81129
-4383
12925
283132
3183
-2759
550183
3817
-3437
152894
3617
-1520
1327408
-75
-2072
133626
-11778
-7457
1163407
5158
-11273
483329
993
-7639
270620
-1267
8017
79089
-10112
-7365
6815840
-1897
-1324
2754017
-4735
-7785
1589720
-12104
-6273
186510
11175
-5967
452989
4578
27994
1392652
11162
8967
909947
-4729
13967
1720793
-2709
-6197
554951
39
13447
393473
-5981
11257
2447596
-5057
-2609
27111
11491
967
389228
10310
-4648
2345057
351
11302
268547
-371
410
595193
-771
10875
78061
-2020
-761
2360034
5586
3728
1141768
-2000
3447
2100452
8900
9303
4209176
2803
-1769
95292
2514
-340
3214344
-8179
-17807
4261057
8841
-1643
4862232
4269
-988
89101
2967
-8119
681273
2586
-9841
1401395
-3336
1211
159966
-10142
-6954
7143524
9235
-7826
4269056
7607
12166
5376283
6903
-7049
4337979
-278
5878
71423
-3216
9723
550092
9968
5785
6296604
-9595
4552
4731768
-2857
-12599
163273
-5973
-11137
2121711
-6894
8783
4273344
12131
10157
901228
-9431
7654
4341110
960
7835
10264
-2769
-9445
32199
-5026
2982
354531
4565
7997
1068808
-918
-16930
599783
23880
-7965
4372512
-2639
4758
1076684
1509
4298
1319692
-10616
-5236
2805912
-14513
26671
2137491
347
149
269059
9831
-6449
8257813
10428
19694
2153070
1955
-8048
2426908
-4872
1849
159982
-2907
1431
293836
-3585
-1992
1065423
4287
-1278
22799
4968
-436
680974
-1692
5390
2888420
187
-15398
6927
9624
-2054
6168586
102
-10959
983045
6729
-8584
5384496
2474
-11461
3214863
-3733
-4875
546759
-2624
-8714
1075400
8859
2113
4993819
-8462
1924
4265084
-1859
1781
2169069
-5281
5348
293363
-3295
-8916
291280
-6703
12761
5254600
-23180
2899
4894914
18650
16411
2462215
2437
-16215
3670792
3395
-2054
96288
-3359
-6775
291292
-9819
3420
7605100
3915
3183
153905
13197
-3663
648281
744
-10325
144414
-5237
-3398
680441
13080
5787
454738
-15604
7727
176272
-1186
-2489
342259
-4687
-113
1068508
3814
5703
479293
-11500
-7233
63120
19688
-17164
193582
2184
-3803
2752512
2526
17844
3473415
-15663
-15587
48536
642
3440
602136
-399
-14278
1574388
-8593
7162
5768567
-5033
-2288
159201
-7062
-4771
4794055
-15190
-979
114319
-6294
-5141
6883023
-9823
-12885
7604588
-11713
4283
1100167
-7529
4033
4863449
-12254
-9279
376960
5239
10385
680195
7220
-3483
4335650
988
-7225
270870
8682
-8411
5309967
-1415
-5338
1712630
8691
11184
5309452
6624
-3577
7602220
2379
2367
2234625
6291
5517
6882336
12134
-7606
1032301
-8857
-7661
5124453
-16036
-2122
301698
13299
-3435
123996
-3681
12988
1851851
3660
17482
1198128
-1179
10184
795628
8151
-9144
4328761
1328
-7489
15364
-589
-8395
1117404
4396
-8119
24070
-8997
-2839
4469607
2673
-5135
1598772
-4115
-8015
83197
3257
-10420
162094
-8546
8847
5050491
-347
-2156
269308
-2499
8914
3213493
3105
-817
287008
13392
-5960
60480
-1738
-1165
2300131
-6145
18495
6291935
-23287
5143
4370880
-1908
7083
2752736
-10260
4593
2147998
5144
-6917
417794
-7139
-13744
4530369
7332
23187
4471340
17703
18142
438529
8108
-9387
4197950
13973
-8326
2660152
10659
10708
3524716
-5873
-11361
2119139
-12078
-7419
121992
7983
1955
4201783
7875
-15644
4266040
-7618
4710
5310663
-3744
-20854
807108
-17450
320
240889
-900
-2205
533222
4987
-9340
549647
-1141
4373
664057
-5505
905
1597943
-9280
16913
4204664
-7667
-6802
5309633
-6997
5217
4210639
-3464
-11769
1720518
7430
4794
4403233
-1329
-9011
15867
-675
18124
342241
-1801
-691
2232811
-6403
-1394
6361309
10124
547
6946840
3887
-1828
23863
3226
5026
877091
-5341
1284
356592
6680
13510
5644338
6063
414
2116895
7875
-3704
4266040
-2269
-16927
2429104
-4410
-578
219385
-7559
-4921
5898694
-1716
3264
2234592
-5068
5115
157922
-7992
8238
4331720
3523
1723
1132568
3680
3586
1851444
1005
10061
74781
-64
-5440
2296
2997
-3887
158010
22415
-2293
2671899
-8469
1315
4200319
-5189
3638
27647
-1289
1397
143867
3583
7202
1065247
8991
-15440
4469011
-16849
8526
1084919
978
347
76824
-9085
9587
4792416
14489
8053
3047778
5711
3578
3165459
10610
-730
2741348
-10210
-7039
6619235
8781
641
5311489
482
-6772
1376268
-15931
-3587
1084296
-309
1125
137721
-7501
-3790
4275420
2462
15568
3997707
-1344
674
14584
13532
1727
324166
-1236
-11753
16118
-6207
-5767
6293976
-21139
2427
652517
-2555
3105
3146672
1142
-11971
729091
15676
3264
47718
-5830
2491
2185959
4928
-1790
30736
-2937
13442
680385
-6912
2832
4206784
1061
5639
271104
7707
6549
5505843
1723
-1115
2104095
874
-10530
599567
-19961
-3198
1229249
10015
7967
6557971
-10322
-10947
2215071
6576
4816
7343148
1855
913
2103575
7313
10612
4728096
5910
-14447
2315281
-976
-10616
11492
3653
-6259
1067824
3384
-10209
161830
11406
5404
648291
-4394
4725
220409
1233
2669
15624
16902
-2330
1277953
-13390
-1005
126140
-14546
3010
2202775
-15327
1607
303488
-7337
-2233
4341201
4225
-15891
540928
9641
-419
5385486
377
-2079
659718
325
1978
6912
3093
-15246
26400
-8212
-9574
4195966
4744
-10040
684056
8100
1612
4459068
3254
8225
227371
2538
-5719
3212815
-1986
-5219
2164967
-2271
9185
2363824
9103
7722
4728091
-3670
-6590
1134287
-2767
-885
32196
7151
-3046
4203839
-3383
-2340
162264
-1959
-3582
2492898
-2675
-1846
1664201
-14673
6895
2137503
-6010
4007
2834657
-6332
-6626
6298320
2927
4488
550191
-15410
-7704
109723
-11767
-1313
1229184
-10934
-1389
260225
-13209
-11431
975269
-7978
-762
4398281
7535
6594
4732199
-7904
-5609
4460736
-20627
937
640237
-5273
-3007
942573
-4403
1138
89337
9957
12255
6558492
8231
14149
4587777
183
-4319
137483
-2629
-10375
1076175
-2942
6225
614592
273
-11574
5376
5105
-3207
25884
-3828
-3999
151744
-11899
-10016
1622920
2327
-6253
2233601
-7485
8683
4274392
9980
2015
6296094
-6392
2536
6426832
-5145
-1956
418301
7728
5494
5246004
-3501
1128
1133760
1544
13375
3276816
-12425
-11266
704939
881
-8626
533772
9553
-156
4209920
-1263
-11575
13808
316
-403
6662
-8840
6537
4862054
-5149
-4394
352508
-7468
-8294
4210392
10786
4857
1433712
-16573
3819
104688
358
2281
987141
-24340
4872
4232910
15406
-12140
109671
10197
5307
6295320
-2857
13127
163273
-3748
-1241
285378
4738
4435
618520
-308
4903
137464
-10175
10635
6293856
-2469
-2828
3410867
3225
-5820
942370
-1375
-2657
276988
-2335
-4484
2363836
-15235
-3668
630917
3881
-7785
154934
2590
-3905
1400883
-2335
418
2363836
6132
1929
2244634
-12630
1697
122559
6660
218
5251632
-9209
-2492
4333921
5008
-5467
549912
6470
-4596
6494241
-5474
9890
880891
4483
2054
1654792
-8513
-2861
4200831
6841
11410
4340030
-8820
5234
5898328
20738
-9446
118784
7801
-5691
5898550
-2729
8648
163265
-5581
-3590
1142004
4330
1381
87567
-5881
9614
2249185
2
-3105
65536
-2308
-119
2101950
20548
3999
51712
3385
11198
162086
-7212
7551
4206296
-9082
15957
4923489
5845
6711
2121496
-1766
-630
2429667
9748
-4591
7341584
-3613
-7362
1392844
-3612
3926
1327820
-8501
2266
4331897
-7209
-8020
4337113
5502
7070
618503
8130
-417
4261944
-4964
5825
811746
7226
2232
4270631
11975
14057
186745
-309
6254
137721
3081
-11145
155936
12521
13092
185678
-6503
-8959
7213530
4017
-1920
19772
6909
774
4272189
8515
15472
4265984
3627
1388
1068855
1339
197
15111
5948
-3590
2120214
-4566
368
1134327
2006
-9805
2296857
7805
2128
5832757
1511
2508
1450253
917
-1648
534296
4171
-1504
149761
-2213
21667
2366387
85
6704
3840
-9299
5557
4271229
-541
11159
1376476
-10626
15011
3784855
5778
6920
2708504
12175
-9979
574843
-6783
10574
5775816
-1676
1359
2756834
10755
-4714
1171568
4987
-3949
549647
1805
3430
2167825
-20061
5589
1427660
11654
12781
1818713
4806
-2969
227353
7739
3359
5245751
3548
4696
1327638
-1012
-4444
139488
-14105
-2562
2527629
845
6694
80913
-534
3547
1115871
5943
-7909
2251027
3801
5350
414006
1542
-1452
3342353
-10284
-9136
2150040
5278
-469
876547
4342
-8284
217099
-8068
-8248
4719302
-6272
1110
6815960
-1098
569
207099
-9556
3436
4210302
-8462
-2078
4265084
2289
14098
2102540
-10259
-3895
2213021
10255
17963
2147683
2711
8309
685369
-3684
-1070
1852106
2987
15958
28479
8078
6886
4785211
-2346
1796
2301113
2817
3963
28976
-7136
-1056
4464832
-3207
-7447
680398
-2611
-6624
1141961
5961
-1082
2251024
-12178
-9472
640135
-1941
2636
2623463
-2853
20326
291783
13426
-11667
648260
-1412
-4279
1581814
-5183
-7169
27128
-12830
11991
1425564
8665
284
5636358
-4963
5788
876769
-12133
-12295
836483
-22218
1879
2349283
-757
4556
143841
-6603
2090
7473618
-3495
-15152
1460674
15804
7580
1083998
-5117
14285
90336
3212
2270
679968
-466
164
1117431
11225
-626
450934
6500
-5306
7082532
-5963
5384
2251242
4588
502
1066510
3461
-3607
1590040
818
-277
80916
-219
-5032
267248
1270
-2621
208907
9159
-3377
4335897
-11818
1894
1297545
-4745
-2603
684515
-3253
-4834
162257
6227
-5352
6360096
-3976
-4547
671942
-6921
-2745
4338123
-2633
-882
1206731
-15207
-2976
958850
-5693
8384
3229928
7229
2997
4270117
7509
-8753
4210464
-4487
9272
1720822
4175
-5324
19715
-6713
7386
5384649
9463
-8547
4337931
1565
6225
3473425
1062
-4748
466945
-1648
13654
3671272
-15117
9415
111756
-7797
5445
5898697
-4491
-6581
1720818
1631
14718
3410195
466
7753
1117192
1170
3955
599040
13219
17267
387164
2876
-21636
31286
6734
689
5319731
-5388
4127
159994
5399
17185
161025
582
10993
1247233
2420
1565
2756610
-2593
5456
1335751
-5828
-8050
2120422
5874
-9869
2184220
-6294
-7157
6883023
15320
-8851
434294
-2961
-5458
550343
19041
-2879
1892660
-14284
5357
2263170
9104
-2554
4727832
10505
-6856
2281824
-4876
14907
159978
-9385
-5860
4341105
3364
-15162
291360
-2113
-1646
2099647
3509
-8504
1198362
9388
13221
4210190
-1986
3635
2164967
-6769
-4187
5776843
19220
8629
63024
-11018
312
258187
-1187
9590
342257
1174
-14481
730113
-3366
3800
357079
-5305
6420
162289
7731
2531
5311540
649
2315
667928
-279
436
136702
-4694
-5784
1134303
572
-794
1051142
-1250
1978
340211
-13846
18618
3245711
-5792
3484
2904292
10232
6391
6422558
-7220
1781
4335832
-444
-6121
1051376
-13655
-3893
196030
-2392
-1264
2235582
5524
-7919
1598984
4586
-1468
1132047
11090
10994
130160
9215
-3180
4202783
1183
-9508
794883
4452
509
807428
-6538
-5753
8061139
6149
-5987
6292256
-5907
-4745
2184429
6100
3654
2117144
4414
3471
88071
-10280
9191
2539670
4722
-10646
1655812
-9624
10739
5907574
16034
-13225
366716
-8261
9945
4197247
-2331
-5477
2364348
8491
-20827
4202247
-13592
-14644
193726
-10838
10815
1175183
-16096
-7826
299136
-5945
-378
2251241
-7905
1105
4460995
10532
-89
2413152
-4978
-16896
615651
7576
10219
6160410
-6446
3036
6364376
-6004
-6609
2769120
-9783
10978
7473512
-8220
-3823
4457084
-4118
-9925
83711
1525
-16633
1188106
-2294
-6350
2298033
-3375
8085
32216
-7344
4959
4209872
-3503
-2688
1068480
12904
-2890
1754182
-3594
1609
1261771
43
681
3847
-1838
-1010
2170088
1400
874
667654
-20611
2402
639213
22137
-14068
3850518
10378
3832
2867297
-11117
-13772
648320
3399
9795
162081
11129
-5903
713070
3951
1067
541999
-473
-9239
1442289
1024
7751
8192
-3227
11484
811980
-7740
15630
5245640
5931
7181
2121495
-1108
10705
12030
-7711
-6967
5505484
-15003
1282
832388
-553
-3882
1183193
132
92
524800
-6012
3465
2638560
6760
-4700
5907510
5344
4729
290828
-8827
-2426
5768024
-2403
5039
2953401
9431
-450
4341001
-9297
-8766
4205951
-1907
-4730
2688225
-2971
-2688
811972
7798
-7284
5963827
8329
1869
4849920
-1061
-16958
271351
7418
-2398
4272687
6755
17071
6103092
-6276
-9308
6816462
7075
-6349
4532284
328
881
137216
-11367
20436
975258
-9092
-8033
4727398
3426
4333
880676
9840
9459
7865364
7479
-5966
4340003
-2006
-1842
2166503
-17566
11224
893164
2251
-5544
2234633
-10060
-10234
6428778
-5395
937
95485
227
5006
331788
-4575
7063
1327600
1827
68
2428944
9982
-22178
6361119
12847
-12954
1101127
-6713
-889
5384649
-7883
5868
4331970
-10529
2709
2412951
1354
10790
210945
-7019
10454
4728768
2688
6923
553016
7524
7893
4993572
-17558
2785
632559
-802
348
340199
-4569
2976
1458673
2749
-11465
96317
-2854
-25131
357063
-10090
5594
7013473
-4261
3454
285683
7123
4028
4271160
9421
5370
4275209
-4406
-1624
219385
-11681
-3890
1362307
3759
-1023
23871
4684
-300
1198080
5713
-5725
3165456
3781
-5458
23352
1964
-3194
2100766
8929
-12227
4469020
768
-10052
12304
11346
334
126048
-829
8979
80104
-2339
-10574
2429109
-2580
-2625
1074894
4281
4351
153870
-10260
10897
2147998
-10312
-11328
2279582
-13782
8870
1175223
7146
-6537
4269631
8292
-13697
4981252
-6292
1423
6817486
-2957
-5091
615620
2300
-1913
2101774
141
-975
590849
14493
-2925
2981985
6924
7206
4337712
3242
10458
97839
-6319
5770
6299088
-797
6422
340204
-523
-6230
1180122
4131
10932
344064
3317
-9792
160042
5807
33
2120991
-2483
6163
3214513
10314
-8804
2345057
-8610
-7938
5572723
2268
-20947
2363910
8531
-6747
4267008
-395
-7490
1704434
-7926
-15696
4395201
3334
3076
225313
5737
-1835
3818774
5754
1742
3752471
-3296
22730
291024
-23869
-623
4307160
10714
2
3523175
-236
3244
5872
-2636
-10595
1206474
-1966
8027
2165984
-6417
-1451
6297055
-3131
-414
27608
-8071
-8764
4850118
10169
-331
6424862
-3906
2486
88271
9347
-2880
4792320
6330
-3973
6363695
2060
-6028
2228224
2456
-6975
4063242
-6021
-17256
2638823
4836
11879
291356
-12355
5183
116925
-1383
928
930298
-2208
-370
2883756
13731
-1465
1435724
2309
-3685
2102016
-2838
12680
95951
-8952
-1907
4337760
-5732
14859
3949290
-12575
4039
315836
-3408
11945
31964
19505
-6169
60708
10751
3039
3195247
-4911
-5450
32232
-6576
-11157
7343312
1838
-9933
2169879
6943
13532
4469043
-5804
10679
2121440
-1805
11847
2168044
12545
6470
53568
-13834
-2001
3375243
15110
16128
241777
-443
4801
1051632
10293
8344
2279778
-5530
-2910
2056437
-1831
6573
2494950
22270
-10390
2215967
6485
2629
6299424
5302
14888
227339
-3490
-1358
1394883
4374
116
218113
-2343
6507
2494902
-6
-12211
66303
-3279
-12652
32212
-2529
1756
3408307
-16844
19629
1214706
2432
5955
3670024
-5602
12071
1401075
14740
1689
3704424
-2291
4566
2167985
4892
-2547
291346
-13303
-2077
188832
-15185
3958
48527
310
-10095
202755
6760
10695
5907510
-616
-15520
1966298
13431
-8042
713027
8537
-2785
4593922
8480
-14995
4460544
-4263
-5281
416242
-7585
3211
5507523
969
1274
141592
2098
7914
2165764
-7607
572
5376448
-3629
-5940
1133768
-2077
2761
2425020
-6724
-1827
5253838
-5336
10010
163062
-1766
-790
2429667
-1562
-12152
3604717
-764
8865
13024
-518
-940
1114847
-4231
-4237
672238
-10304
-8206
2148504
418
-303
1378316
-13715
-8029
1696949
-7787
-1442
5769160
-8020
10883
4202190
5569
3323
1075464
-15855
4472
1082752
-4071
7837
410050
3043
-1120
352316
-6811
-5374
4993988
-12943
-3282
587172
-7772
-2787
5507788
12520
-4510
185422
1991
-932
2230553
-484
2213
1311474
-1787
927
2102240
-3056
-14549
25792
14624
-15612
2396256
7273
6786
4859174
761
-1582
143646
1031
8339
139521
-1468
-11300
1059568
-7475
231
4275417
-3277
-1683
97492
-4227
-7908
606445
1214
116
79887
-9456
7871
4207728
3966
13174
606255
-8735
21587
5505372
6273
-2635
6816032
-17079
-10723
178656
199
10312
137481
-6164
-26126
6293214
4217
-412
672006
-6276
2906
6816462
6392
-3750
6426670
169
-561
138510
5416
-7451
162822
2142
-18230
2426883
-10057
-4624
6429035
-5715
-5717
3230957
9134
807
4271135
3406
-1563
97315
-16717
8978
105724
2128
-4060
2100224
912
-5976
533528
-22946
5429
7702739
-11864
5816
1232014
-1872
6757
2104556
4255
-2353
803075
-7213
-4006
4271320
11546
7566
389731
5798
1604
2578461
18022
-6337
4161557
4830
2260
356375
-9792
2317
7342184
5326
-6656
97291
-10608
-3066
2675864
12357
-3291
52032
-5318
15343
97015
-1129
-49
665081
4514
2404
1394700
-5116
-7634
25312
6775
-799
5906739
-6133
-6553
2245089
-5327
-8487
32244
-435
-9335
1117425
8354
1361
4528140
-9055
-2999
4471148
7308
-2366
4857888
7864
-5858
4331582
5189
-3181
27392
5632
6988
3162128
-11889
2685
1623435
2908
-4874
293426
5547
215
1077007
4376
835
413698
-3417
-5050
424413
765
-3766
77853
22033
-7905
3196176
-1900
754
2623200
5027
3289
354332
-15483
-1957
566168
-12238
-762
117892
-7719
12249
5636550
14852
2876
1090160
-8077
7443
4785348
-1528
6770
1188080
12494
-5420
121931
-1511
6119
1450482
1236
-2683
15880
-8726
4514
5310047
10841
-1302
1501554
139
10524
655617
7236
16828
4205088
11958
7487
252027
4451
-2133
872452
8154
7386
4522551
-6209
4049
6293983
-3200
-5346
549080
14529
-1436
2136424
1817
-15173
2494738
5570
-7623
1140744
18092
-785
2137630
2202
-7730
2949635
3828
-4757
151610
2603
-13385
1077047
1966
10325
2165791
5511
-3598
1728777
1341
6720
79877
-6839
-19491
4340160
-1849
2534
2234857
1001
290
140574
-16443
-5045
35832
13850
3406
3506739
8633
1993
5376270
1196
171
15886
-11574
-825
260249
-8802
-5139
6094939
2957
-17550
615481
-12282
-2656
245889
-5163
4527
28664
-3331
1622
94429
-4118
5507
83711
4315
-3766
283399
-2485
2117
3279281
4188
-1587
281090
1313
8059
274688
7356
-74
4209198
6620
-16154
7602726
8581
-4679
5767944
-11679
-6567
1884548
-10614
-6636
2871449
-8179
-9805
4261057
-183
1735
137712
570
-5471
1116679
7344
-12396
4209708
-1823
6375
2363884
4954
-3141
358931
-7487
8301
4209112
5846
-5558
2317337
-1786
-11472
2298081
4947
-4073
97296
-3577
9547
1196481
-5747
-3429
3753193
4867
3220
94224
-332
3520
137466
7430
-1352
4403233
-14026
1303
2332803
-7596
-671
5246656
5553
12194
1076492
-2767
-28885
32196
-549
1160
1311703
10110
6660
6881295
1359
2535
15619
-7089
-8829
4206019
4689
-1932
1068288
-6152
3683
6422750
3144
12098
157728
318
-9180
71687
-7258
-1859
4663517
-14419
12817
2198685
10090
-5792
6882831
-6321
4406
6299091
3661
-5895
1133617
9100
868
4857880
-1280
10632
12528
2109
8249
2164741
-9215
2884
4202848
7496
-800
4339744
616
13016
1704966
510
-1376
1114127
7728
-5773
5246004
5474
13460
880644
-11057
-10744
64907
-10242
7303
2211999
-6134
7060
2310369
14554
-80
2462311
5845
-8231
2121496
1021
-7278
73757
-3708
8155
1589960
15545
3774
178542
-3237
3376
293843
6284
-1959
6946848
-9120
-2459
4989028
-3065
7413
156097
-3552
-4824
1327296
5479
6719
946437
7157
2368
4333882
6853
-1456
4209464
-8786
-2366
5311583
9368
-2850
5120002
772
8954
12816
-681
-2566
146913
-887
4361
664032
1586
4913
3214356
4203
9248
542471
-3097
752
418269
-769
-12430
12783
-1658
4309
3866857
7320
5358
5120034
1203
-6693
80908
-10302
-2238
2214040
5582
11045
1141771
10377
5847
2802016
861
-6676
342033
-8306
14910
4785275
-4482
8869
1655031
-74
-31
198907
6545
-327
7865640
-516
-19771
1049310
6993
2483
4209968
12819
13227
1164352
592
-8871
1051648
-117
-12302
655865
-120
14103
655608
4622
-687
1131523
2445
2821
3736585
5537
-644
1337612
-5462
5236
98047
6011
10762
2638607
-6602
-3463
7538899
-2763
2423
162242
-5038
-5072
93408
-2406
2078
2953915
4869
7472
29456
-1831
-5774
2494950
9615
8460
5776651
-6049
-16219
2378211
1295
3116
13571
-1314
6459
340215
-12496
1779
56500
1662
11840
3735575
1294
8621
78851
-9852
-4931
7864936
4673
-6212
1067264
7317
3620
4728608
-11194
-7400
256129
-1517
484
1123568
-5705
-3968
3295723
2020
1923
2359836
14205
-1419
2719789
6766
-2566
5841975
-2824
-9587
159950
-8620
1876
5246576
14298
-2272
2458167
-6396
-5188
6296272
-9544
5392
4339838
-12523
-5502
55216
-8173
-6224
4261056
-3181
-2692
615640
2878
5061
96311
677
-2617
277276
8785
4769
5246208
-1523
-4280
1123569
-5789
-6644
2969828
-6575
12999
7343568
2922
-6735
615983
1940
-11071
2623000
-12352
10731
51384
633
2359
1704198
9200
-4349
4203548
-914
-4566
599271
8197
7220
4195072
-1923
-4916
2687205
18246
-1211
2332689
-924
11732
795364
-1633
2521
3932651
846
1708
80915
-11495
-799
455058
6251
-7690
6817575
-3870
12095
348364
-3699
-12977
1656009
-376
-5827
659704
656
18212
537624
-1805
-4929
2168044
-13179
-5987
582560
11621
7784
848740
-3724
10989
676034
-10337
-4680
2933147
12740
6347
1100360
2784
5761
290876
6512
-7028
6820900
846
1177
80915
-4083
3938
83137
5967
-500
2120979
-12060
-8113
316044
-2747
15182
31680
-3134
2733
92376
12493
8362
121929
15862
-13120
1278043
-3340
1785
159962
-7004
12034
4471500
972
-1628
141336
-4976
2562
550112
-1355
-2463
145914
13479
412
457037
-2707
10587
619717
-5581
-5411
1142004
-260
14392
4862
3796
-2921
24120
-18389
2446
2133991
-2918
2902
877251
2964
-6891
550456
4924
13249
31254
-5334
-11319
98039
5640
15127
3293200
-8666
9516
5701745
-273
-3819
5631
-314
-2177
203001
2348
-2814
2104838
75
-5393
133377
14195
2582
2720812
13334
-11757
255041
-10088
-991
7209058
-12975
2616
64928
4554
2539
1263625
-13140
-2539
65198
9699
-9378
5578764
-13701
-7105
1631159
-6829
1787
4275392
7890
-2868
4267064
15481
12516
696678
-2500
-4261
3148470
-4014
2006
85184
7202
-22180
4530208
601
7588
1444098
5852
-8041
2380310
-2187
6509
2752938
6958
759
4275255
8636
9291
5245454
9845
-12853
7995666
1219
228
79880
-3912
-8574
153806
-24439
-6165
4882880
-4977
-10613
550371
15437
4877
109665
-16794
2708
2064629
6933
2810
4208432
-6380
-14176
6297296
-3328
-5483
28880
-235
-4385
6128
-7131
9096
4465600
6449
-11028
6298916
-4867
-1410
94445
5936
-25984
2120724
8360
9
4332558
-8259
-13633
4262013
8240
-793
4197380
12544
14228
53312
6694
5333
5709873
-14542
-716
2202772
1745
7851
2104600
10905
-2369
979322
-1314
-850
340215
846
4965
80915
351
5392
268547
1748
11379
2104856
4639
12250
1327363
727
2623
146713
4603
-7881
1065743
-6448
17410
6298840
13261
-6301
126041
7466
-4848
4275751
-13968
9583
2659460
-830
11379
80104
-13559
-13798
192944
476
-573
1311238
-1002
1402
206049
-2548
3431
3276976
-15955
2064
1150093
16089
-7012
430454
4514
4845
1394700
-10899
-6742
652421
6500
8659
7082532
-3837
17
86208
-5795
6385
2447585
-13323
7199
188858
9761
17820
7602448
1393
-1461
537860
7399
-4607
4600109
-4311
-8565
155126
12530
-6669
119884
-2231
3692
2234800
10914
-12435
391292
3246
-8873
97327
-11359
1352
321948
1385
2982
668934
-978
-19773
77031
-1380
7697
799482
-5622
-3393
1270001
-2975
-2043
811460
-10106
-11327
7012449
4727
4861
1720579
-4946
-2369
97519
2820
8633
29232
8519
-2634
4331777
-10992
-9221
62592
-6685
2238
5578956
8493
2836
4267013
-3198
9491
614616
134
-12345
720897
-461
-15
1117428
-19348
2492
583366
-1314
9049
340215
-14829
-18366
3245200
-9886
1698
7147620
-8533
12601
4202367
5477
-187
815876
7858
8312
4267068
9815
9225
7474449
-3093
19400
26591
13728
-3011
1370188
-5192
6551
157950
50
6242
68612
-4695
2747
1199582
12260
10254
311932
5635
-1551
3227664
-9581
-5293
4797560
-2858
4259
228553
-9281
-4607
4204927
4912
-10637
31764
9615
-19451
5776651
46
-15565
68615
-4709
-15500
1852379
-19390
-8234
125120
15623
5658
176481
6638
-8439
7406639
-5403
6066
291836
1475
-9202
1124360
-11822
1237
1166472
4370
14918
87040
-12002
-296
381059
8253
5086
4261893
-3050
6883
222401
-1993
-11315
2230755
-11611
2348
326556
-8665
-13853
5636465
-15504
-3443
566412
13461
6153
583488
254
-2265
69647
3051
-15506
26431
3062
4946
221243
-5655
13931
3294702
869
2800
795404
3050
-4051
91711
551
-8057
1442049
-7646
5837
5570752
-3727
3352
546244
4661
3688
1198338
4000
-6826
280636
-4623
15970
1066460
634
3392
1638919
5136
-9044
25600
-22357
-7759
2154479
-4706
-4541
1917147
-10736
2051
3196048
-2809
9657
160193
-11971
-1647
120965
-1870
-13820
2170092
-15636
-1207
46750
4001
7374
280892
-378
-3070
725241
16098
10275
364668
-7440
22782
4207836
341
5432
7936
-1983
19715
2099680
-3173
6548
811995
-8856
-2243
4863078
-3010
-2653
92359
12579
-10627
380992
-1508
3507
1319666
-5076
7601
28390
-2576
-5665
1074380
-8683
5162
5244784
6109
-15956
2441237
-6573
16146
7408848
-17894
-14507
1417971
-6493
-11437
6625500
7017
-5410
4859182
-6407
704
6427102
1365
-3567
16128
20067
-8108
1949748
998
11849
466973
9613
8429
5841929
7657
-1105
5375262
-1579
-7898
3149800
1865
5038
2234640
-5084
40
287456
-8278
-6163
4263551
-420
13496
1313522
-1302
-11132
79615
-3935
13035
285132
-1096
3343
141566
4129
9786
278784
-5652
-9586
3163886
-13686
-8260
782521
16410
-14441
360963
-3760
10536
23744
732
-16243
274966
-1053
-1804
336124
2329
4496
2494722
9987
1699
6361104
-33
-5919
262647
-4941
-99
97516
7043
-7844
4792376
7784
7933
5899318
-2362
15806
2300089
2661
-1397
1860404
-1109
2071
12287
-2277
-6505
2364339
-6497
-3731
7082459
7816
14417
4853816
3682
5030
1916980
8044
-3244
4720174
1829
-2357
2364176
6336
-8001
6297640
11009
-9965
61808
-826
20667
211177
3264
9304
30760
-2106
-9394
2295993
8544
4219
4984836
6684
4870
5513778
3484
2783
1851930
-9981
-15505
6361184
9349
14359
4727552
12389
-1037
836420
-9741
6722
7406700
-19100
1425
848580
-16079
2626
40324
2300
-10032
2101774
-11321
-992
190873
5059
2125
92184
-2833
-8442
30159
6110
-2378
2441239
1675
-7009
2756889
4516
9289
1329676
-4426
4816
219387
-7650
7010
5570755
8311
-3057
4849923
-8509
1226
4266104
-10486
6360
2347153
21729
-8737
323852
2164
-780
2752514
5716
1873
3165712
-17756
9626
310012
9806
4840
7408659
-8529
-10051
4201855
-8353
-633
4462963
-13231
9458
60832
2883
-2245
96304
-349
-1089
334076
-1044
-6332
9982
-7148
-9521
4204224
-5048
-14198
157920
4900
2766
291344
-14452
-9461
2785432
6388
-4014
6426666
4860
4608
29214
18091
-8638
2137887
-9199
2126
4203872
-4453
8887
807931
2172
784
2621958
-4678
-8179
1133279
16935
-13703
1474817
-5789
9599
2969828
-9029
-2750
4209519
-246
10666
200945
-8880
-7250
4209760
1119
2988
272643
-7316
-4756
4728526
6592
4117
7342120
-3239
-2111
424402
623
-5073
1574151
2160
-6056
2622468
11374
5152
648295
-3455
20892
553432
6057
-9285
2247966
-21096
-2594
2015450
2433
255
3670280
-5775
2884
2643428
6798
5157
4797499
12660
1795
708674
-11097
7049
457101
-15233
-5151
565639
1515
1001
1058575
7159
-2418
4333883
-13821
-6401
1171632
-2655
10191
1337804
7095
-9671
4335931
7867
-1366
4201279
3687
2530
1982773
2879
8215
31031
-3118
2019
93400
8855
3550
4863257
14919
-1346
1223025
5631
4140
1073423
5672
8412
3296278
-12769
173
1360307
-8050
3703
4785347
8277
-10864
4198144
1302
-1223
209921
2354
3519
2169860
-7966
-998
4526284
4458
3218
611847
8174
-6400
4260927
3780
4309
23096
-12908
2143
1623704
-2734
-5287
97472
-3913
11519
154059
-865
8868
795107
-3633
6968
1068491
2862
11576
97335
3591
1608
1196337
7283
-7615
4793380
5719
2303
3296529
4344
-15046
151566
6077
12713
2181149
-6027
3343
2769378
1961
1073
2231582
-9885
4433
7147620
987
1212
271127
4572
-3660
1327622
-6301
2983
7143628
6751
8955
5515571
-3127
-6592
158168
-483
-786
1376497
265
-2715
135424
1501
9533
1384453
-9695
2535
5513584
4970
5859
615951
-1637
-1499
3933163
3014
5289
223289
594
2095
1117184
10122
11938
7012377
6860
6774
4339768
-560
3378
1051864
-1428
-1540
1582838
11493
-11671
324460
-1971
-14502
2165985
5169
12413
27908
-4980
590
680160
-9896
1932
6690914
13838
10919
3245107
651
-23983
667929
5240
5036
679942
-6488
613
6429918
-11330
-14998
125087
7336
-4913
4340782
1662
-1963
3735575
13093
2275
324432
-4828
3884
291552
2835
-3555
95280
-14197
-14873
2785665
-289
-4532
266743
-5643
-7471
3293674
-10711
-8221
3329430
-342
1150
73471
-11369
-9367
714137
-7076
-10386
4467394
-1424
15693
1582324
11562
-21733
130663
-10421
10821
2283921
5343
6023
291079
7282
3227
4793380
-800
-4821
274668
9839
2815
7865623
242
14442
70668
10444
972
2283624
5703
3486
3295505
7334
186
4667437
422
5991
1509389
-5054
10704
92384
-8663
-7032
5377398
-12851
-4443
1166489
3383
-13271
162083
4599
-6475
1196299
-3554
3970
1392835
-5404
847
291580
-1322
2615
212217
-17230
-15815
113900
9338
7341
4792839
1384
6151
668678
2569
-10149
1204528
-1737
-9951
2234851
-11968
-129
55424
-805
-2395
275431
-4
-2463
766
11146
-3545
778361
6766
-6189
5841975
-5261
7434
615660
610
4941
1900548
4718
-10577
1655815
1154
-5573
598016
5579
6286
1206537
1388
19080
538118
1645
5832
3736597
2369
-10545
2103552
2295
5005
2232587
-10812
-7864
1108616
-4298
-9431
219379
12584
-1131
187462
7255
3814
4336929
-743
-6713
405986
1045
-14450
9984
309
-219
137474
-12052
1217
54926
16471
-4767
167169
4278
2776
219147
10731
9185
3196783
-8795
3889
5507932
-14270
5764
2197632
8408
-299
4591622
-4037
9363
19399
1106
15525
76800
-6659
-1212
5316813
1766
-1661
2560029
10291
8886
2215012
-9694
-2848
5578864
12807
9870
1229121
-7926
-4837
4395201
13302
2658
254043
346
-5722
334339
-16371
-3785
99457
-1822
1546
2429164
-1230
837
81140
2834
-2857
95280
-13418
-14649
779449
11248
5151
58492
4694
3622
1264641
-4722
-3237
1656027
31
-15845
262403
-14056
17962
2527362
11301
1783
320352
-9693
4029
5578864
-3631
286
1068488
-4927
-8333
31208
-9820
-5047
7604844
1763
-8685
2428956
-4686
-8459
1133788
11662
6192
1688667
-5205
-8188
28671
11144
-8241
712824
-12037
3560
54159
-12040
-1698
184462
-1234
-1738
81143
-5853
4928
2445536
-8325
-5944
4719471
-5045
2954
158177
-2344
-1411
2494646
-3529
-15083
1198531
6823
-2185
4602173
18608
1332
2137100
-6889
-11622
4339137
9494
314
4404225
-11058
-2118
130187
-14122
-1721
2333833
2504
-6933
3278856
-1777
-10752
2102755
9617
3193
5776648
-10140
-13181
7078500
-18583
5252
2786734
1724
-559
2103838
-10500
-23059
2151070
10392
-1805
3063906
-18772
-3717
2137790
12
10232
131072
-5639
-19381
3293678
12949
190
587608
-6607
-6989
7343572
13079
476
193873
8214
16742
4391937
7432
-15567
4337696
-20017
-17052
1101259
-3207
-7609
680398
-2182
7443
2687663
3452
4484
553510
3138
6784
92192
-3939
-8098
868545
6631
-21731
7733549
4881
-2114
29968
1132
8137
534022
-1579
3193
3149800
-8802
4780
6094939
1412
-1473
1581576
4029
1838
84029
11806
-5112
1425523
3328
8247
28704
7631
-17637
5246235
-5474
7434
880891
11589
11405
64352
2765
362
97337
6547
-3039
7930920
432
18216
1051660
15283
12378
109692
-12251
4487
312192
-7686
8031
5309135
-3177
6937
681433
-1536
1214
1057008
-6116
-1832
2376418
-3851
-10718
152010
-11890
-4115
1688715
-428
-13577
1052400
6695
-13070
5644593
491
10458
1050383
3735
-8399
677177
480
-7945
1310732
-8533
-3051
4202367
1417
-4686
1712392
11573
2480
194914
1227
-191
145673
9062
-6093
5185549
-2823
-22448
160206
-3190
-5179
745689
-6897
-14208
4208067
-235
3
6128
1959
-5703
2492701
-1283
-12371
78077
-11229
-5744
385152
-4234
-3812
737515
8739
2390
5570560
-1237
-3526
16375
2625
6319
1075504
5030
-7042
485405
4963
-93
876556
7447
14339
4338977
12406
2981
770115
-2585
-6152
1466829
-4479
-2952
545272
6078
-8618
2181151
-5615
-1041
1074672
-7456
-822
4468956
2744
3144
161854
-2941
-11106
614592
-7700
-9185
5244622
-13520
-3997
64692
-5757
-4475
3752168
-8823
-6759
5898584
17006
-13857
1672199
5712
1926
3165200
19952
-2403
1098780
-1890
1818
2949347
-599
-2295
1183198
4202
4623
607751
-3985
11932
542151
10941
2068
129149
-5966
-2360
2186476
668
-4664
799258
-13177
-2297
713121
20164
-1441
55864
-8656
8998
5246068
14896
-17914
1092724
7787
-5021
5769015
12367
8746
52547
6141
8199
2179101
-4290
-10093
88311
-13888
5065
3180680
-9587
-3795
4797561
4089
-17244
147774
-7010
-5033
5054659
7725
7014
5311541
-802
21003
340199
3599
13829
1066291
-4872
7397
159982
-2785
-7049
291267
-4336
283
21744
-9985
1212
6295919
-12144
-7067
574592
6991
-7660
4209971
-5291
7095
32752
7653
9066
5505820
-8201
10808
4325755
555
3112
1052423
4182
-2377
216065
-6424
-10495
6427870
-8478
14467
4526204
-16128
956
36992
6059
-5058
2117407
6143
3439
2113823
-833
4995
14831
2340
7121
2363904
16306
12245
101500
4171
7532
149761
8458
-16498
4395009
3371
3744
32551
-5028
-5280
289506
-6885
-13
4469699
10251
-471
2277729
6183
8319
6684961
-20395
9145
53184
-417
-9698
1313267
6700
-4694
5254710
-5722
-19056
3623149
352
-4276
790532
12546
-567
118848
502
3772
1245195
-2049
4109
2097599
-13792
-3267
1368240
10477
-8846
2217069
-426
9630
1248497
-3441
9322
554459
8505
-4433
4331782
118
-4295
720899
-8118
-4328
4393153
3341
1723
95265
-752
2601
13536
8379
-6229
4201231
-5540
5934
1338098
9221
6835
4203264
16078
-143
105595
569
-15364
1181958
2969
-4814
942394
-7237
4467
4205535
-1171
9072
599277
14236
6369
2916922
-4037
-2953
19399
31
9956
262403
8357
-5878
4463372
-7721
-7147
5377481
20395
-2450
53055
-3040
-1900
286912
11234
3600
385148
-16136
-13114
168078
2501
11235
3148552
5578
1596
1271817
-13942
4708
3899529
2573
10633
1139761
2902
4369
228401
-8561
5632
4724091
-17577
6135
179697
2817
8350
28976
-779
13861
143850
-13029
8334
324515
741
7017
275228
10244
10127
2146912
-981
2487
12263
5988
-3860
2900492
5893
1661
2118416
-8949
-3969
4338017
-1524
10614
1188080
-1251
-6072
340209
-1789
11045
2167008
15407
1005
44391
589
8256
1117185
11074
2829
129136
5051
-3137
27423
-2548
-767
3276976
293
-5771
267008
-8960
-16905
4206688
4934
-7342
227345
-1138
9763
599291
5044
-6118
157722
-6328
-2468
6428880
19784
8351
194592
1765
3619
2364188
5930
7009
2186775
-10285
20051
2215064
4741
-365
553752
-13819
99
1106864
-15035
-12352
48000
10178
-10016
6359064
1712
-11088
2104348
14369
663
2392416
-88
8104
134398
-809
-997
146921
5630
-1735
1138703
-7073
430
4467139
-848
-7584
15596
15606
10761
241771
12744
-13812
1230920
11609
-4130
457058
-4278
-3293
219377
7360
-1576
4208680
-1206
-7461
211185
5849
4736
2511126
6632
10157
7472174
10632
-2980
3850344
2134
-9991
2296833
2254
-8365
2169867
-886
-5869
729313
-4738
5996
618727
8185
1006
4325694
2693
-4844
553784
-16572
7993
39664
-5999
-4641
2639328
7773
-5081
5572657
4332
8318
22030
-6049
-447
2378211
7824
-967
4723768
5254
1050
745473
8096
-4680
4458556
3426
-9586
880676
7039
2243
4727087
-5737
2880
3818985
726
3541
211993
17028
93
569880
-8689
10656
5244275
8450
-6329
4263936
-9975
58
6426976
4526
3506
1133583
4320
-7597
282636
-9819
-5118
7605100
5297
-4296
32012
682
-3943
81439
1743
-4282
2104603
14915
11742
1157232
-12782
2713
1164464
7845
-399
4463420
-1777
-7591
2102755
-1859
4601
2169069
10705
12394
3198312
3620
-2715
1327664
-2144
-4775
2361532
-7777
-2763
6029771
-11942
5260
383619
9463
-1492
4337931
2796
11373
30270
-10438
-6934
2218647
6904
-5687
4337726
-6768
-1380
5776584
-7685
5128
5243855
138
7165
720897
511
-7413
1048847
-7103
-3925
4204992
7494
4194
4405281
11035
-6962
324467
-6531
-5210
7930069
957
2304
75805
-574
1764
1116376
3671
9356
1199409
7072
-1990
4466748
-9878
7758
6887015
-7997
6272
4266184
-931
4289
338145
-3667
-12213
1133773
-13584
441
62652
-7770
2715
5703885
-10164
-11898
6424672
7017
2500
4859182
4379
-2486
283395
9867
3122
6951193
-240
1602
5360
4429
-13604
89089
1510
-1849
1515533
7038
-5113
4792367
-5185
7715
27135
-988
-283
271072
-13960
-8144
2789510
2533
-9108
3408652
11929
-1318
971130
479
-3322
1310983
-2678
5455
1794249
-5383
-3407
160254
3081
-10456
155936
11643
7739
586599
4382
2655
348163
-455
-10251
1182198
4364
3527
151552
-15644
12347
307868
2654
14324
1402931
-11622
-8496
914075
-5970
-3875
2186479
-12478
3842
121008
-2111
5455
2099640
-1269
8090
143857
-11887
-11351
1623432
-8772
-14226
5245534
-16206
5797
105612
5573
18622
1075976
-2265
5260
2494897
-4156
-3502
19192
11623
-6002
979301
-6221
-6596
6360284
2066
10115
2163712
4092
8298
16958
1613
-1743
3214353
5439
6708
30983
-8979
-3968
4273261
-3101
-3695
352476
5866
-15031
2184735
9572
8768
4993540
-14307
3114
2457729
2958
8764
615483
-2423
9357
2757048
1486
17781
1125387
-7098
-12715
4401345
11631
3618
587111
-717
1371
81124
-8738
-1690
5570647
8640
-4112
5244936
-17983
-3448
3181032
-3683
11462
1917129
-456
2104
1181942
6616
1679
7733286
4601
-2505
1196302
902
-19943
729113
10310
-1424
2345057
5712
11182
3165200
-5924
-3873
2380518
8403
1907
4267016
-2376
-165
2234558
-9089
-9529
4727143
-4532
4266
1198320
480
-2376
1310732
22691
-5969
6658092
-3855
11531
21964
-10714
1465
3653777
2974
8517
876603
-4027
-2354
19392
-2349
6105
2170040
-11455
-1377
63888
263
-7267
135425
1539
-6278
3211280
-6412
-6307
6426842
2474
8467
3214863
-2601
-9574
1207753
-13555
2210
128177
5356
9890
30222
23390
-3492
4569139
-6342
12172
6363863
2848
7780
290864
-343
-3875
138750
3836
6816
21054
3647
-779
1067319
-11552
9661
323740
-2495
1349
3148208
9119
-5258
4989211
-2119
10309
2230718
-8389
4058
4201335
-4443
-15292
285692
-9127
9620
4598114
-14345
7112
2261403
14131
14095
2202676
7570
21949
5833752
-1148
-3643
533240
-16701
-417
104696
-2908
1726
293580
-5808
-313
2120928
1753
4338
2494742
-5640
-724
3293422
-15933
-8596
1149064
-7507
5621
4275421
-1035
2264
139770
-1347
12353
80125
2359
16400
2234627
-7479
882
4340184
-1441
-7689
1321459
6144
-1497
6291488
-4352
-20537
20720
2248
13086
2234376
648
23966
667672
-8909
-3171
4275300
5537
2162
1337612
-17204
3344
178408
14360
7344
2523234
-14888
1557
1482886
3604
2330
1066544
26827
-6999
10639721
12565
-6671
55104
754
-3483
78876
16174
8361
105591
950
7531
206875
-5235
-4443
615673
-13941
-1645
3834249
3246
4275
97327
-2910
-3712
358604
-10609
13663
2676123
2768
-1729
31800
2448
-11388
3671048
8965
-2358
4207376
7868
5275
4201022
12681
-7836
1753416
1352
6423
145408
13392
-9024
60480
3942
1344
999469
18357
368
2263322
-6129
5741
2115043
-3175
11140
942554
-5081
9385
418273
-548
8577
1311446
5286
-3064
489485
11825
-1621
1101172
6991
6341
4209971
1752
19221
2494486
-6189
-5200
6360280
-7777
7989
6029771
3734
6655
742457
-4194
-5532
868603
-9661
4942
5318768
-522
-3997
1245403
-1530
2253
1253617
11402
-7354
778337
5446
-16847
227329
-2444
-11960
3801266
-1358
1154
81148
-10264
-10845
2278558
-125
-12780
590072
-5821
14411
2185440
-2433
11006
3670455
11408
3555
582752
-11653
13448
1622919
-11734
-4311
1166983
-6280
315
6947022
-16051
-10969
105601
-2828
-170
159946
12735
-9860
1100111
9175
2847
4336921
5782
4177
2839577
-4214
-8569
737529
20701
7159
380933
6335
-11161
6297903
-10886
4662
651911
-2286
368
2167984
2900
-6437
32304
4007
568
411965
6132
2483
2244634
-4741
-11722
553959
3314
-1693
95276
-9761
4761
7602535
-5607
-14890
1466866
7882
-13152
4397113
9037
1580
4275217
34
-3141
327680
6845
-11578
4274237
4330
-4184
87567
-6809
-578
5124549
-13515
6048
194994
6424
3227
6688802
-3838
12628
86208
-99
13118
852217
-8795
-2035
5507932
1516
4335
1058318
-3178
-6581
746713
-1298
7450
79103
-7546
-2792
4927705
2475
2623
3149583
17297
16288
566552
-3497
3586
1199553
-5532
7031
1860340
-13653
4938
65471
3630
-8730
1133623
-2259
5699
2170037
-15919
-12750
1084808
-12260
-2617
311938
25163
2985
13764929
-6455
5850
6429144
3977
-611
672056
11388
-8219
582246
-2593
8570
1335751
1813
2525
2103056
3776
6343
22584
9508
790
4469248
-2328
3925
2233534
6357
4901
6299432
10888
2399
716920
9989
2508
6296336
-13089
-10360
324007
-12847
5021
1101208
5142
-6803
222209
-16835
9952
1149173
15642
1530
373347
-5723
-1752
3427308
8047
-5597
4719919
-9365
-3874
4728687
14855
-1682
1220977
-17453
-345
109816
7598
-10487
5311519
-4546
-6766
1132791
8916
11945
4210200
6555
-334
8127275
6127
-6224
2114847
-2077
2558
2425020
5700
-7269
3164688
-3209
3314
680395
-93
3063
329980
-10879
3541
1630600
-227
8380
332017
6321
-12123
6298924
7590
7367
5703709
10944
-3235
63608
23031
-26168
7504171
4500
797
1590792
-309
-8137
137721
-5235
629
615673
20949
-24304
1101576
1176
-638
925698
1671
5961
2756889
-177
6915
7667
-1237
-13988
16375
-8154
3705
4653249
-5563
7123
1076208
-833
-9084
14831
3359
-9191
291107
-4939
2220
162282
14815
10464
3440999
9032
3323
4339728
-8239
-4436
4197752
-4864
-16508
28896
162
-215
333836
2597
-5917
1336112
-8672
3292
5505136
18383
5885
2133275
2006
1720
2296857
3361
6496
291104
588
964
1181696
4343
10662
151819
-5934
2233
2186472
-5864
6253
2511074
-4305
3151
24055
2494
-2296
3213327
-11998
1277
381056
-10682
-6038
3393681
8142
-8862
4262971
-7883
4351
4331970
-10447
-3642
2153876
7252
-1941
4206112
5602
-5655
1400844
2164
11704
2752514
1688
-19996
3018778
1565
-783
3473425
-3995
5937
803780
-5461
10829
32767
-4045
-12646
85188
-4064
4396
278720
-919
7223
665062
13475
-16328
391244
895
-2630
532751
11539
-7586
128096
8380
-2200
4200974
-3163
8604
289756
-1007
-1097
9696
-9297
-4963
4205951
-682
-12699
212193
-4316
-12738
283376
2348
11537
2104838
14879
5696
1352051
485
-14837
1311500
-10178
-7193
6359143
7132
13436
4465206
-8858
4422
5189733
4922
572
96791
7315
7588
4793376
-10381
-7735
2737292
3026
-4330
93240
-2271
-11771
2363824
272
-5232
5120
-4786
-5261
97507
13869
5323
3247157
16946
-8520
1149956
2459
-412
3932939
-7477
12605
4340185
3192
5333
679974
3908
7993
23088
2948
-2718
549432
8125
-3582
4261949
-5901
8717
2184428
-5099
-4675
26592
-4982
16425
745697
12710
3350
1558605
1776
14628
2102300
-190
5319
71920
-16348
2590
295552
7457
7394
4469024
9330
800
4793348
-1596
-6793
3148520
-3395
-10285
96477
-6799
1642
4732356
700
4212
14878
1777
6277
2102556
4143
-4436
19719
16013
-1202
627833
3722
7034
741433
6453
20016
6428962
-17567
-407
827884
-15902
8048
1409164
-4726
311
1786073
-6047
777
2900452
-13663
-346
326076
-1863
-9229
2234862
-9641
13759
5385585
1531
-11568
1057551
22065
-5967
3198228
3552
-10491
1327132
-5934
1952
2186472
-5010
-7453
615655
-11218
-996
126087
5495
9382
684291
-6453
9324
6429145
-5573
15025
1076215
-7198
2206
4530396
-5136
-6945
25852
-516
4825
1049310
5019
9105
811803
12068
-11286
316016
2208
-5771
2365452
-17242
-1538
506093
-6282
3729
7012555
6638
13337
7406639
-5164
10826
28408
7804
197
5767734
-6572
7937
7343824
9742
-13655
7406611
-529
8950
1050079
-8109
8467
4263104
2294
6334
2297867
4682
3341
1263617
-16617
-1864
169457
-4813
13970
97508
9021
8094
4274197
4593
5499
1066252
16885
-20362
1212682
9000
18518
4340758
5098
301
91679
3811
-2650
348220
-6707
2795
5319881
-6472
2939
6428894
7933
-4920
4263997
-10655
-933
3981716
-148
-61
526062
8214
14367
4391937
12932
-9419
586328
-13305
-4023
188833
-7805
7434
5832904
-7454
7206
4534492
14048
1032
2396220
9565
17182
4536321
5270
-6812
746497
2645
10841
1077040
-9264
-12335
4205688
11436
-11631
65134
-9256
-693
4595830
-3758
-1971
89280
-1642
5048
3867881
3284
7041
32296
10766
5569
1172595
12137
-3787
705902
-2617
3012
1206729
-5762
11313
2707687
2273
-3452
2363660
-10513
-9783
2151839
1837
-3474
2169877
-186
3479
202993
8017
1670
4201776
-2188
-3295
2752682
-10651
-999
3982228
16928
-256
1343488
1276
14818
12814
5721
-3707
3557650
13019
14944
324439
2451
-5473
3736584
-4843
-2668
30688
-3059
-7137
91329
-14074
1470
2330753
2708
-2826
554552
1733
4133
2104088
11546
2248
389731
7824
20503
4723768
8639
-1420
5245199
1950
-9851
2949147
-1492
15408
1060598
-5884
3321
2118368
-5986
-486
2965731
-2504
4226
3279030
-10670
5612
3263632
10453
-3264
2154344
-1534
-1761
1122544
4209
5216
541956
151
-9692
656641
-15244
-2316
696450
-1496
-13571
1191158
9515
412
4210439
7035
-6166
4727599
-10809
-1598
1239433
1737
2112
2234648
-8237
8435
4263032
7544
-10006
4861990
5087
-1574
286999
-4181
-15102
20479
-4065
7908
278979
8498
-7482
4267012
1122
-7723
860164
7355
16714
4209455
-3029
2838
28615
-4176
-12796
19708
-4273
4017
24051
-6556
646
8127188
-19260
-10341
64200
-3155
14595
93405
-1315
-2880
340213
3539
-7963
1133592
1591
-2246
3279123
3262
1926
96303
10066
-8913
6364176
-16900
1232
1082078
5496
7043
684038
9049
-931
4602130
9017
-1618
4339990
21970
4719
1174536
7113
-3663
4335928
10627
-3476
3784808
-12414
-6792
639160
-11451
-11884
64400
13236
-5373
190554
10150
8162
6752285
-4850
-5562
95459
777
-10438
143632
-2940
-4648
549568
-11130
4710
778369
-3486
-3765
1917124
-14331
2072
2130816
11784
11521
1228912
-6410
-2227
6492379
-5024
4763
811236
-8246
-12566
4393081
8834
-1419
4796440
7398
3182
4665389
14363
137
2392931
9364
8088
4728320
-14790
7420
3246743
1330
-5873
80900
-9362
-3626
4793455
-4311
-1372
155126
488
-2701
1180686
-9319
-9128
5120378
-13199
-1707
583076
3626
5333
1134135
3519
-3812
1067295
5507
6719
1662984
14433
-3395
2916708
13977
-3895
3051834
4597
532
1196298
-4964
-14047
811746
-12585
-2303
187833
8575
-2426
4722951
-17061
-13379
310243
8240
1593
4197380
10107
3595
6816527
-10463
-2465
2412944
3690
-15457
1656375
-6064
-1899
2116832
-8168
-9313
4587714
2285
12802
2167821
-1001
7954
140769
13252
-10096
59992
-7735
-1111
5376456
750
7180
78879
-1956
-1769
2362082
1775
-12751
2102559
15150
-3150
113783
4525
-10961
1133581
4409
1610
153862
436
-2533
1181706
-9730
-9928
7405679
-7457
-8356
4469207
7503
-1498
4209955
6958
-6596
4275255
7834
6962
5050939
3233
-198
293164
847
7976
15635
-6010
1311
2834657
-2762
14366
227523
-12175
-2119
574852
-2011
-3510
2360288
-6662
-5062
5317327
3872
-19150
282672
-7935
3040
4198848
10454
7307
2350185
-7160
5668
4333760
-2638
1477
1141964
13635
7212
129088
146
-6581
590848
6821
3051
4471612
-3601
5459
1066447
16505
-2881
688390
3539
2556
1133592
4925
-8984
96277
-14438
8434
2982555
9632
-5121
5515276
-1860
10199
2104046
-4891
-8648
291820
-9345
-15837
4727151
-4707
1761
1917145
2575
-2704
1074483
-4815
4426
32228
12492
-12039
186440
-61
4900
67832
-4574
-10025
1392880
-11137
1277
582023
-11207
4800
190854
12776
-6470
1229902
-5130
-11638
221435
-10144
-6865
7077988
-3684
-524
1852106
-1853
-14296
2169064
-7515
1960
4471772
-12179
10248
640133
-1598
13855
3213544
6609
-24098
7343400
1905
4684
2622732
-4681
6648
1198555
-13010
17402
130215
11081
-4910
194928
5032
-9714
158750
-1147
-5133
533496
-2499
7828
3213493
-2418
6531
2692283
-8341
13726
4720495
4780
-2706
32286
10211
3247
6619164
4192
6646
802820
12221
9905
116861
-11724
-5322
1230978
11379
-10930
648292
4778
7362
97823
9933
8391
6364185
-187
-13813
7152
6084
-3661
2116120
-6681
-8021
5644749
-10717
17387
3522704
2115
6679
2164736
-10864
10219
1631368
4748
2619
684056
1609
6822
3279120
12015
-10355
54655
750
1636
78879
-6132
7702
2244832
2060
414
2228224
10281
5459
2280806
-15789
2532
1150080
8771
-20
5310464
-8467
16558
4265085
3554
4975
1392668
13906
-7409
3247152
-11343
-2076
60828
84
-6815
3584
3558
-5771
1523741
9324
-6576
4728326
-4396
-4133
24312
-5535
5758
1860084
14541
2723
2202729
-130
-6952
590063
11843
-11086
1165424
-8748
8970
5246552
4329
6506
152846
-8385
-8774
4200823
-6590
3220
7407824
-6448
-2967
6298840
-1091
3672
76029
-12552
-2890
184510
8767
-15964
5245191
-5112
-2168
155872
-12415
5424
573880
-508
6270
1049328
10044
11874
6298134
-5459
-5542
97533
-1158
4394
598767
-9580
-7721
4732536
-15608
338
176272
-5984
-6915
2382060
-1538
3460
3211503
6024
1765
2768920
-5064
-3069
157926
16365
7443
99453
2322
6539
2167808
2135
10170
2231553
2762
-4369
227385
-9280
9413
4204664
7201
-5420
4464928
-2443
-427
3801522
3447
-4490
684323
-5806
-7221
2186464
4200
-5005
672774
13095
7672
454993
126
-8525
589831
9906
-6218
6364188
5637
4279
3162896
5471
6045
293123
-1724
7695
2104032
4387
-7724
348160
14613
-361
2135904
7358
-3361
4274223
-10106
-7586
7012449
-7679
-3321
5243328
-4458
9377
742649
-8259
8592
4262013
7259
10475
4467491
-3670
11555
1134287
18828
-12514
3833864
14129
-55
2137396
-2154
-1757
2819257
14307
14418
2457660
20490
-17612
245761
-2261
8628
2105271
-3256
-3960
162000
-7814
5799
4788935
-3612
4439
1327820
20614
7705
770049
416
-3217
1312780
-1904
7325
2622688
-2975
-5311
811460
352
5662
790532
3638
-999
1263667
17360
5391
44056
-12811
-3932
1229210
-7370
5007
4405459
-2312
1284
2232510
-14551
4134
2268566
5078
-13842
224281
1189
2781
277260
-9570
4417
5058683
1532
386
1057294
4997
3655
549656
-6151
1756
6423006
-3271
-6002
162262
6444
-3235
6299174
-12166
-53
639623
14941
1932
1419377
-14566
2062
2462355
9454
-2046
4273167
-10296
-5913
2279576
-451
14316
1116405
-8647
-1369
5376374
-2206
3480
2949292
-9049
3384
4602221
-209
3426
7671
-8947
1355
4273249
1088
3288
10240
2949
2590
549688
-4566
-12687
1134327
12441
4502
966978
-38
1258
328439
-5033
6808
159201
6428
2521
6558242
7141
-13756
4465468
773
-8204
13072
6677
2543
5252912
2145
9553
2883844
-17266
-6229
632035
697
14272
145694
-12797
2298
1163440
9731
-14166
7405584
7549
-2604
4796453
6471
-106
6428961
12761
-9861
1491270
-18924
3643
3180208
7025
-3727
4728108
-1121
-5626
795131
2499
-9834
3213320
-3119
8358
28120
6465
5445
6297888
3447
9736
684323
5589
-8067
1077000
14689
-4458
2920804
-11247
-9479
58752
8747
4867
5246727
32767
-7733
8388991
6066
1531
2182172
1417
-11803
1712392
8068
13954
4719160
9082
333
4792847
9104
7079
4727832
-2147
-6038
2949305
-649
-7052
668131
-16126
-9528
102528
4193
4926
803076
-1824
2073
2363628
-6259
15169
6882521
-6737
9495
5254607
9531
-15005
4209415
4816
-9372
31768
-11187
-15054
126081
8840
9174
4861976
10109
7273
6881293
3373
-8861
97317
8329
14063
4849920
8659
-1929
5311496
-2868
9247
161992
-2812
3893
29376
-7604
-683
5376192
-531
21766
1115357
2655
-2788
1337651
14203
1161
2655023
-5138
-10236
91391
-2593
-1375
1335751
1693
8603
2953241
-9938
9737
6364263
9515
2540
4210439
75
-2225
133377
-6743
-6629
5385678
-4273
475
24051
-9925
-2309
6298471
-6666
1744
5447883
13039
-5436
62815
-7068
3273
4989636
-2343
-6551
2494902
8177
11519
4195644
-8220
9501
4457084
13322
-11223
254017
-11758
-15815
1164416
4705
514
1851652
-1762
13676
2429155
5751
-10346
3817747
-9283
-11402
4270205
-12798
13586
1163440
5836
-8046
2250776
-3202
2757
614607
-837
-4932
15343
-3819
10407
22464
4265
7739
154894
5420
-5061
32262
-12214
-2283
247937
-2828
1465
159946
2084
-2911
2359808
-11492
259
324242
5281
1627
293132
10315
5063
2279777
-2465
-6033
3410355
3308
683
30254
-11337
-922
190875
-3788
5068
153794
-658
-222
603367
-2417
7317
2627003
1853
-8988
2168853
-1744
-8525
2104548
-2315
6452
2232762
5728
-3228
3948564
9599
2628
4731143
-4553
16096
1198579
4887
-6295
161041
-1050
9340
467197
2829
3237
95281
-5301
3351
162289
1456
-13714
1059852
-8845
-2375
4797540
-1068
606
12024
-4598
-7440
1261809
9328
-864
4727812
-5801
10909
2252257
3807
-11025
282935
1759
7714
2363671
1822
2367
2428947
-7839
-9918
4985284
3824
13278
21564
4407
6739
153859
669
-14920
864281
2644
-3973
1076784
-2959
-3910
550340
-3897
-7473
154057
-6885
-5990
4469699
-199
1381
137718
-5223
1362
942586
14178
-2202
2981932
7064
-18285
5120058
-10153
24071
6425953
2831
4089
30003
8576
-5185
5767176
-10013
-3099
6623340
3410
-13151
97312
1393
3245
537860
9963
-244
6297375
1175
3903
664833
3260
9446
31278
-7981
4409
4267208
-8826
3564
5963865
7146
-11582
4269631
4642
11824
1392640
8715
-6752
5374209
8851
-5
4797464
-10873
4270
1761673
-1571
3000
3473637
9568
4313
4993028
9915
12941
6298399
12535
-5970
184651
-7783
-7602
6160842
14265
-11157
2263358
-2165
172
2752953
-14146
-12444
2201743
-553
-11618
1183193
3316
-9137
159786
-7128
6445
4336838
2045
13117
2162717
-7257
15878
4598237
-7054
-4172
4793540
2285
4037
2167821
-9454
-2604
4273264
-9167
-12375
4205924
15247
7303
566651
5858
-3536
2445340
-4230
-665
606959
7484
4017
4209190
-11404
-5847
712842
-191
445
6640
-3223
332
681422
-2988
-4885
28352
-6538
1957
8061139
-17892
4185
1352434
2178
4463
2686976
3918
1297
89139
-916
-4261
534246
-3065
-5815
156097
14376
-707
2264166
5165
-12924
93189
2208
-19752
2365452
-3369
8710
163289
-16974
49
1150172
-5678
-196
3230952
2116
2876
2099712
-3591
-604
1196494
6266
6453
6881831
-1672
717
2756838
3074
-3835
90144
-16021
-11594
563079
-11664
9059
1623172
-3920
-8378
23756
-7151
-621
4203968
-1578
-13981
3345641
-2866
81
97483
-10513
998
2151839
-507
11447
1049584
15723
-16329
571239
3089
-7820
25888
-12022
-18519
249985
-10033
-11449
6298987
-7095
-5809
4336064
-3551
3380
1327552
-23335
3725
4633030
4743
395
684313
-3241
16349
163281
-6901
586
4338113
2993
8571
27964
-478
-2793
1376496
-1171
5283
599277
11783
7701
1229169
3191
16310
680227
171
-10011
7951
-14918
8794
1157775
-5175
-763
158200
6217
-1152
6424864
-3617
-11496
1327559
-10290
-7717
2215067
16374
-10227
229499
3187
17903
615460
12188
-10991
836218
3596
-4989
1196080
-8311
-10648
4850040
-717
-2422
81124
-6780
7234
5776072
9738
5453
7536657
5472
3440
815108
-76
-1592
133370
-5840
-6344
2120932
4412
8026
23046
-731
20144
275424
-483
8097
1376497
11131
1408
582511
-2595
5876
1401029
-5306
1979
227569
3240
5646
162862
-190
13656
71920
-923
-11041
795620
2969
-22495
942394
-2467
14993
3475633
6129
-1217
2114844
2293
9505
2232586
5197
-13638
93185
-9882
610
7278693
-2026
-1554
2295009
11523
9432
127072
5865
-3062
2250014
-809
1838
146921
-4829
-2825
356576
6693
3730
5514032
-21059
8094
1165533
-9497
-7509
4600189
-8660
-11395
5246582
-29
-3586
327932
-2713
14404
946629
-10611
5562
2741401
2845
-5258
356401
-324
-6038
6910
3059
-3618
91196
11769
-4645
1229150
-4545
-354
1067511
7486
-7054
4274215
12814
-3953
1164355
1861
-7578
2104080
-4452
-20527
807674
12356
-3211
51776
1782
-5832
2297883
-12178
11703
640135
6998
-6232
4406321
10657
2798
3459436
-7555
-508
5832901
-1960
8260
2492642
-11662
2684
1688708
5817
2452
2251038
2336
2275
2363392
-214
2454
73463
20939
8362
1231113
9817
-14333
7735570
-9776
-14185
7343208
-15057
507
48519
14674
630
2202720
-7595
14420
5246912
-9381
11521
4471667
1766
-4269
2560029
-4013
1962
85184
-13136
-6420
64684
13497
-2775
194894
-7320
-10844
4859086
-7157
-6296
4334017
-13321
1018
188859
11365
4331
844644
3944
9722
672814
-3911
-1522
154062
12576
3303
315456
1410
5338
1646600
635
5830
1573639
2573
-2846
1139761
-6825
2884
4341185
89
-198
395522
-4759
-12020
685542
-4360
-2073
151806
-9535
-7344
4209016
-11777
-1544
1098127
3747
-7887
350268
2798
5006
95295
1165
-5443
599041
2614
-4103
1271859
11596
-7394
194656
2483
-496
3214348
-1011
7459
74977
-6001
-5178
2639331
-6563
-9091
7669969
9226
7680
4399105
-5821
6725
2185440
-17026
2756
635111
3384
-5998
161830
467
984
1117192
407
-1674
1705225
11873
-467
1884532
3612
10063
1327666
4859
3481
29471
6629
6001
7602988
14218
7601
2850873
-25483
-5043
13246882
-191
-9650
6640
-5129
3682
156155
3109
-19406
287520
-1558
-12438
3213039
-3167
13990
289244
4294
3769
219145
13717
4318
1632072
-5359
-8903
30192
5021
2639
876569
13915
10539
3443507
3870
-271
348211
10425
-13236
2283886
-1070
-8415
77048
-2222
-15157
2170032
707
3487
79896
6975
4430
4208951
5547
-1789
1077007
-7013
868
4989891
-3243
-2528
32720
-10686
8322
3262608
-12002
20398
381059
4522
13214
1134095
13394
46
126016
-4609
12125
1065439
-2670
-2068
1664200
-6831
3790
4210112
1202
-7541
80908
-6931
-19298
4273357
10758
6998
1302641
3135
9137
26919
7954
-1106
4265008
-8229
4387
4457335
-5183
2988
27128
14299
-42
2392887
-3667
3804
1133773
-9503
4891
4469116
6476
-1022
6428704
8723
-7512
5309440
5206
1174
224257
-2549
-9342
3277233
9658
-15178
5319183
-11654
22551
1688199
-5305
-7079
162289
6751
-5171
5515571
971
-6171
141593
-3341
-3421
95452
-9786
-8835
7538793
-3346
-11198
95455
-1821
5736
2429164
-13690
-4763
782521
4938
7138
227345
-7914
3435
4396225
8085
-11539
4720440
-11393
-12373
582031
-3400
9211
162014
10421
-1216
2283882
-2237
-18746
2169008
-3601
-11730
1066447
-433
-3413
1052147
-339
-1236
72957
-6929
-8458
4208079
5463
12728
163073
2434
-1860
3735560
7491
4967
4274208
-4258
2201
350451
8390
-3180
4397065
-2038
18507
2293985
4598
-4498
1261579
1255
5705
405773
18672
-3513
2135052
-11027
5152
128141
-18416
-834
2131168
-15621
8358
45983
6122
4317
2180639
2763
498
162105
-9010
-4852
4275307
5769
10058
2773272
14622
19322
2461795
-13224
23452
452770
1565
-4275
3473425
-608
-4170
1312988
9936
-566
6298648
-9911
6039
6429024
-235
-7182
6128
-6914
-1382
4272335
941
-2804
76829
4058
-6364
344631
-434
-1899
1117427
-2323
3075
2167997
2971
3201
811835
12772
642
1360460
-15531
6724
49040
-2669
6204
1664200
5216
-2148
811012
-1993
-1676
2230755
5602
-14638
1400844
4636
11018
1327618
-2502
5339
3214007
-8014
11007
4267212
13963
-11907
2789689
-8913
-5991
4210023
-2115
-141
2164925
2509
6876
3214345
942
16575
76831
-8530
-15362
4267135
-641
8652
537063
14194
10415
2720812
-4885
-8734
30703
-10657
4261
3459475
-2065
2096
2098623
9471
-1389
4206863
16032
-390
301180
-11191
1247
190848
-9908
-10093
6428768
-6840
11982
4339904
7305
4180
4858144
3990
-8302
738361
-2262
5563
2170551
-2125
-4756
2165948
-13997
-4661
2202752
-7719
1176
5636550
4001
4855
280892
-14205
-2770
2719872
4708
2924
1851908
-14449
2639
2655643
-384
-11154
528632
6680
1777
5644338
15385
-14929
434530
12059
-15343
316275
-1377
430
799227
-1021
-267
73952
-10379
-10098
2802058
-6431
-1129
6558172
-5806
-7411
2186464
-4577
-7525
1327603
4287
901
22799
-3826
13039
87235
8069
2579
4719416
-4786
8230
97507
12410
-4374
639559
12711
1339
1493325
-3382
2606
227545
9722
4890
5317135
-5239
5886
680440
6348
-12837
6428712
-8057
6001
4850113
-1558
-2096
3213039
9786
-7071
7408151
1819
1326
2364179
-4418
324
88319
3734
11983
742457
4307
3300
89096
8563
1971
4789252
876
-8472
534030
662
-9885
734233
362
-1358
595463
5062
-5488
223257
-8133
-16450
4197319
-6283
6454
6947274
5712
3054
3165200
-3975
1075
672198
-5788
-7607
2904804
-5091
12789
352481
-1946
-3034
3080421
7947
3267
4329777
7035
-8545
4727599
-3962
405
737473
12069
-1682
316272
11125
7558
713066
-7000
-10128
4340942
-9218
-538
4268159
-4615
-10446
1196510
7903
-3000
4460855
-10434
3016
2218135
-16471
-11978
167422
6877
20420
4534325
230
-5754
462861
-6176
-943
6553820
-1068
5454
12024
-3802
1512
479425
-5888
2663
2117856
-8312
-5151
4849784
-7820
3511
4853954
-6707
2136
5319881
-2916
-6294
811714
1488
-1996
1059848
4212
-1240
671746
11835
14714
1100663
-5181
2626
92408
3441
1359
554276
14791
2110
3311977
7657
-763
5375262
-9448
452
4599922
-5219
-2803
876793
-529
-343
1050079
3742
7765
872507
-1508
-2815
1319666
7507
-8051
4275232
-12806
-3569
1163935
1302
-9472
209921
-1807
-6634
2102764
-4737
1769
553447
-666
-8999
995557
8174
7611
4260927
20555
1671
182529
-4093
-8924
82112
15814
897
1280089
-11591
9651
194974
-3755
4592
24512
3909
-5963
23344
6361
-1596
6689062
1499
-1263
1319687
-7790
8012
5833928
-5950
-3832
2185448
-17503
-21271
305660
-3248
13328
31952
-5893
518
2118639
-7063
976
4859334
4504
4888
1982474
16497
-23937
558340
-3160
-9222
158942
-9913
9786
6429025
-6276
-1781
6816462
-7068
8784
4989636
8333
10
4785153
2033
2753
2098460
-2224
3665
2104496
5662
-3329
3489811
2291
-3640
2167820
5591
-8633
1207561
12965
9112
326492
4031
-769
18751
5283
-3841
358412
1954
1982
2426908
-4168
-8088
149758
-607
33
1313244
3748
572
285244
14055
-1912
2527549
2057
-578
2228480
1113
-6725
403714
-6012
5155
2638560
4285
-1796
88077
-1414
20349
1647351
2801
-5205
30012
-11939
13541
383105
11234
10028
385148
-1281
6766
12799
3423
-2553
293155
16089
-2544
430454
-5237
-3121
680441
-6683
-3579
5514188
17473
539
43264
16324
-6938
35448
5028
2369
289308
-8955
-7663
4207456
-696
-8983
145632
5335
8233
163081
5592
-12811
1466374
-10051
-7437
6363245
3601
-13248
1066288
-11274
-1970
254107
3594
12646
1261617
2065
8063
2098432
-6279
-12760
6947278
692
-22176
145434
-7033
-13127
4858305
-8707
3023
5308509
-601
9941
1444317
5014
-4704
746521
-9399
-730
4340080
366
5984
594951
-5734
134
4014827
-1520
-7249
1058032
-2249
10478
2234803
1383
-4102
930053
15830
1402
1281113
-10469
-7970
2413459
-2543
1244
3147184
12174
-8675
640123
-6654
2353
7405776
-7660
8044
5244608
987
-4673
271127
-4744
-1877
684262
9411
-1650
4274184
2821
-2424
29488
-10909
-2291
913540
-5961
-619
2251243
326
-11323
202753
2580
10467
1074736
-2543
-12857
3147184
-12506
-7251
512177
-2495
12965
3148208
-3950
-3413
607424
-5602
-8721
1401075
8618
-9037
5312015
-455
4357
1182198
-6010
-5897
2834657
9846
-1753
8060947
3060
3014
155706
6681
9114
5644594
-5639
8417
3293678
2460
-4668
3932682
-4877
10000
95468
-16958
-13738
1149144
-10044
-12247
6298216
-968
2820
141542
3770
6998
88639
-6116
-502
2376418
6813
6614
5058617
-11752
-3088
1491074
18487
4651
2263299
6144
-4175
6291488
2836
7544
30256
4503
8104
1721609
6446
-4725
6364199
-5214
-5396
354556
241
-231
5388
398
14307
1639435
944
3688
11292
-10634
2012
3915923
-819
9670
81129
-1539
-2177
3211501
-1253
11670
275443
-6141
1686
2179296
15384
830
434274
3535
-7043
1068315
-6098
10714
2182375
-3042
6703
352451
-3204
-900
549582
-2273
5699
2363827
5395
-16186
95232
7072
-6120
4466748
423
-562
1444109
1758
-5190
2428951
-11170
-3841
387203
5523
-16188
1664008
-6857
14973
4340163
-6338
-6187
6363351
-10931
-4398
130177
1342
-3411
79879
-9748
11872
7341678
-825
-11248
145897
7371
7419
4340009
10415
-855
2153839
-4959
-1176
293356
10838
10202
1305713
1483
9090
1190153
166
-6047
464909
3643
10019
1067831
-8696
7868
5374064
-3351
-5680
161246
2574
-6934
1139763
-5438
-816
96504
-2441
15741
3801523
-11479
-6810
195990
-9802
9886
7538795
-11119
2223
583040
-15306
13772
239747
-4769
2459
293347
654
-5424
603163
-7719
361
5636550
-5314
17812
96503
-1962
5561
2297057
9143
1730
4335899
1286
-3436
208897
525
106
1115137
10368
-6792
2670688
-8479
3442
4460924
5503
-8265
553223
19817
404
718118
-3539
-19097
1133765
-3461
12180
1590215
3838
4796
86079
-1926
55
2687719
-9018
13347
4405353
1421
19931
1647625
-12567
4612
185790
-6825
-6100
4341185
5992
9695
2769934
-4242
8203
607471
1298
5030
78848
1944
-10038
3014682
-3767
11826
154048
3598
487
1131571
7605
6626
5376282
3247
-4338
32047
5844
-1941
2121240
-16307
5589
101505
-380
4741
529144
-7706
-2810
5701837
6303
-5823
7078179
-11688
-3423
1493122
2133
5168
2100992
-7245
-26
4271324
7861
-570
4331834
321
-4860
6400
-1812
-4895
2103022
-4595
7443
1131761
716
-5946
145432
2925
-1668
615469
8872
7761
4340766
-72
-8384
133374
7120
-989
4205624
-222
3906
332016
-5686
-18558
3361001
11037
15217
389233
2186
912
2818049
12064
-3088
315504
5823
-4976
2119967
2276
12304
2363916
-3575
-8443
1196480
-4253
2166
868588
-108
-4645
526072
-13621
13055
195001
-9055
-10720
4471148
-5611
-10693
1075184
-9837
7798
7930984
7157
-14308
4333882
-12947
-9996
652453
-1208
-19652
145648
1391
-10844
537863
-3314
12133
95443
-10983
-620
455042
-901
6604
533479
1440
-7873
1320972
6367
3860
6557991
-1637
9581
3933163
-11563
3750
65432
3901
10806
88117
-3444
-11458
684248
1697
-6797
2365724
10136
-11216
7208986
14294
-5099
2329657
-9943
-6936
6430054
6649
5161
7471406
8109
169
4262973
4630
7159
1262593
-5428
-4709
162040
-10607
8054
2676120
-17144
-9349
176352
3948
1940
542254
2486
-3541
3344395
-13997
928
2202752
-3821
9776
87232
-1090
-3450
76031
2885
-16416
31536
17330
-7624
109596
11305
-10840
191846
18083
10418
2463772
1954
6913
2426908
-4961
13199
811491
-9394
10800
4275315
2796
4517
30270
-5561
-24840
1206769
-4206
-14939
607480
4253
-22762
868353
-762
-3657
209121
-3269
4108
31703
-12229
-1078
52103
-9224
-3530
4333694
15341
221
107645
1614
477
3214355
-5046
-1204
223457
-13171
-11809
648353
4786
-6061
97308
4139
708
20231
-7390
-845
4534480
91
-2939
264963
-10384
6207
2671756
3931
-4290
285491
-7303
-20533
4858318
-5283
12117
358641
-4057
10472
410049
-5310
-741
96496
-1406
-10279
602360
-11338
-8756
256155
6264
4699
6946854
7681
4681
5243184
-3159
-7948
159198
11794
6922
1164400
-6861
-256
4275396
7703
14925
5375281
5564
-15727
1075726
-3488
-1828
1851588
-10028
930
6299240
16317
-17241
100477
-1166
1575
599276
7239
9346
4335905
-5751
6852
3817960
11500
-196
63086
65
15764
2304
-13563
-1562
62384
8205
367
4260865
2035
-3934
2163740
9692
-4655
5513734
722
10357
80920
21640
-16986
712704
3984
1216
541752
-10404
-2597
2415250
5938
587
2186260
8779
-18138
5376257
3803
-1691
283447
1909
-6609
2752778
12904
-9161
1754182
-13358
2939
126136
9392
-9274
4209676
9407
-4553
4208911
21868
1200
587270
-8895
3158
4208992
9729
606
7340304
-11451
-4522
64400
8629
-4871
5376266
5675
1400
3165975
5961
-18322
2251024
-4279
2158
154096
-11591
-2710
194974
-2233
-4891
2234801
10365
-7615
2736229
1847
-4977
2234643
5571
6862
1140744
9037
-1030
4275217
253
1866
69645
6046
5986
2965531
3394
-11121
96288
1684
-5249
2627096
-14446
-9
2720920
-119
4282
655864
-9533
-471
4274296
-10779
-9469
1368972
-4842
1741
226529
10222
10299
6358047
6425
8219
6689058
8963
-930
4272144
9032
-12801
4339728
4407
7425
153859
-435
12271
1117425
-9025
-2849
4209007
-3946
-3509
738497
-2838
-1968
95951
4325
-2339
283404
-1357
17218
81148
1394
-12031
603140
12221
11522
116861
-14295
3106
2264454
5151
-3839
286979
4318
9760
348167
1377
2417
798980
-2463
-10474
3932596
4033
-8185
18744
17640
504
177166
7211
-6680
4206375
3764
-11838
153658
7560
292
5898264
2459
-6007
3932939
9044
7577
4210192
-9798
-4133
7408239
11103
13928
326003
12704
-360
1361996
-5822
9080
2185440
7347
-13160
4275244
-6813
6701
5058756
4926
1738
96279
1185
-4372
276748
2294
-10381
2297867
-11421
-9798
909452
-17237
-1778
49135
12012
-1743
54910
-2261
-8122
2105271
-9984
9280
6295648
943
-2830
11551
-8105
-6918
4328897
6398
8186
6361135
2428
-1374
2626054
5622
-839
1269771
3136
-25727
26656
-3301
1151
291795
21027
4737
1425408
-11698
7037
1166467
-2621
-9318
1140936
1024
6371
8192
-7838
-11596
5050564
-955
2516
11232
-2993
6359
28099
-10631
-10640
3850646
25425
6766
12598608
8544
10336
4984836
-528
-7704
1049820
-2020
-2641
2360034
9705
7051
5383438
-2798
506
95424
2148
-4807
2884100
-6841
-1359
4340161
182
-595
202763
-8002
9871
4266191
-425
2054
1183217
950
-2420
206875
4253
-19846
868353
-9642
8608
5450865
-14283
24680
2263426
-1168
-903
533740
-4677
7925
1067999
6054
5467
2574365
-4700
-596
1329884
4478
15737
610311
3037
-150
352309
7296
-5140
4726816
-85
4564
4095
7288
-760
4857894
-4843
13412
30688
-18994
13501
1174731
-9005
-17187
4275304
3088
-10219
25632
-4454
2730
873211
4591
-3975
1066255
219
-1470
267015
-6663
3743
5382606
-5328
4841
31988
-2102
-3790
2295993
-83
10070
68861
-3542
351
1134279
-6201
-18509
6425049
2195
-1839
2688000
-10646
-733
3786391
-8268
-7624
4327546
-16744
797
954618
-3472
8459
1590468
-2877
11618
96456
-1927
-4796
2752998
5719
19840
3296529
6313
288
6429998
5313
13951
30984
-442
-8419
1247473
2321
469
2102528
-2039
-4758
2228704
2665
-184
1729846
-9167
-5618
4205924
-5882
-9393
2314465
6416
-5526
6296608
3345
7866
29984
5728
-16012
3948564
9566
-4737
4536323
-16331
-6707
166274
5771
-3096
2773273
9098
9836
4923417
-3211
-10161
680394
10114
8257
6881304
-10759
4219
1237390
-9302
7660
4271743
-7021
-8987
4793536
2295
8889
2232587
-5947
-9852
2120680
7212
176
4206118
-3027
1996
93381
-4966
4683
877283
9068
14138
4728334
-6573
-1923
7408848
-3525
-11718
1067975
-3782
-6115
88775
-11235
13042
385153
-10330
-331
2607261
6224
-7440
6294560
5423
-8256
32007
3504
-9109
1068060
8253
-4267
4261893
-479
9417
1311216
2107
-10061
2099975
10888
-3005
716920
294
-206
462849
-3441
11320
554459
-1468
7736
1059568
-11104
-9323
325772
404
3553
1574408
9515
149
4210439
6366
-3070
6623271
-8602
-2464
6226037
1272
-7208
143374
-9099
-9156
4858210
4361
989
151808
-661
-7628
538599
-10096
4331
6816864
689
-5516
15644
4208
-5223
541700
-1988
-1147
2099942
7833
1443
5116218
-4515
3487
1394929
13580
4359
192576
10742
-11375
3391595
2321
175
2102528
4869
26
29456
-1152
-12801
532728
3760
14080
23612
-124
228
525048
-6449
3865
6299099
2095
-3791
2100487
-25
9039
393725
3655
-2845
1198385
-19026
-7296
1174735
-14627
21152
2461845
17814
-16922
1811465
-1622
535
3215087
-3913
-2509
154059
-5506
11571
1663223
6712
-120
5384246
1679
13211
2626843
-2296
-2969
2232496
6160
1099
6292512
6820
5168
4471356
-10781
-4935
1433740
11859
-4777
1166448
-125
9454
590072
3205
-11655
549664
8498
5903
4267012
-6568
-818
7735506
-3303
-23
422354
-2880
1685
30920
19631
5403
64815
-5795
-5405
2447585
-4099
15861
82173
-7537
1548
4732379
-9385
10499
4341105
-3548
-16506
1327808
6396
12218
6296110
-2434
3720
3735735
669
-7579
864281
-394
4891
1769715
-16541
-1266
884972
-1571
-2527
3473637
-17334
3298
239841
-10994
-2804
128131
-9205
4846
4333921
-17813
4056
1615863
-401
13074
1574391
-7005
-5355
4536524
-4269
65
89328
-22165
-16131
2676711
5639
2120
3293457
-5917
-9921
2445548
-5189
-5042
27647
2032
-7823
2098204
-1999
-2825
2100708
-9800
10898
7473262
-1325
4468
81144
-12293
12442
50111
3537
-862
1068312
-14285
10830
2198660
261
-22760
4864
4400
3437
23556
6683
-2915
5514035
204
2047
137224
1460
-899
1189898
14412
-2046
2263136
-4834
10349
356579
5669
640
3425040
2119
11232
2230529
8058
-2191
4784687
3685
6232
1852212
-4825
-6710
422369
2674
5610
1664052
-1367
-8021
146942
16817
3349
1084684
4668
-6305
1067526
8001
6179
4200752
-810
2748
212201
3499
5070
1068831
7187
-4092
4269088
5155
-11209
352256
-10741
-2472
3326353
-5603
-2606
1401073
-1531
4260
1057776
5993
1137
2770190
-2097
-5534
2100667
9983
-598
6295839
-8344
3876
4850798
-5350
-137
357107
3217
-2272
550176
-7192
-1212
4334814
-9694
-12848
5578864
3638
3427
1263667
-9034
-6053
4405355
-13207
-6294
714150
2239
5739
2103567
-2695
573
684486
11157
12015
583544
5565
-10501
1140749
2697
-7392
684344
5827
-1619
2185240
-7364
-7969
4209366
-10461
5575
2478224
-488
-1414
1442034
-6995
11632
4275405
-234
4080
201969
2862
-5191
97335
-3259
6998
31696
-1081
2474
141817
-15551
-3072
47504
-2811
-1868
29632
-11665
11903
1623431
-4382
-3557
348412
-11801
6137
1491341
-14508
242
2137744
-3128
-6203
157912
6147
-8718
6357024
-15192
-8470
179342
1258
15620
79375
17321
2858
175390
-6688
13433
5513420
8289
-14437
4980996
-2113
-3781
2099647
5308
-6356
31246
-6732
-472
5384394
-8368
7126
4201584
2150
16904
3080197
-9093
-5679
4727655
-8563
-13902
4789369
-3180
-4005
550616
-3315
3836
95441
-8830
7792
5832792
15980
3156
1607286
1052
-1955
270850
-11343
-4334
60828
11067
5442
64375
-1784
2839
2232544
-6256
4216
6816984
6544
8395
7865384
3016
5315
157752
1320
-4040
146438
1002
-4666
75295
-2922
-1535
746689
3279
-7310
32043
-11721
3712
1231235
-9494
-4265
4273791
-8220
-1160
4457084
-2567
2921
1204686
6474
-10910
6494241
615
2517
1966341
-9375
8599
4989292
-2354
-5821
2170043
-2070
3122
2164415
3261
3218
96301
-900
-15749
533222
11979
720
186745
2408
2137
2757638
2402
4247
2953220
-7686
1937
5309135
-1870
8717
2170092
-6901
4958
4338113
6978
-815
4274224
-2327
-528
2233790
3692
10815
1590838
-1209
12718
145905
9154
-2806
4270104
-13357
-9502
126136
1150
-14734
598023
2328
2469
2494466
13898
1509
3377201
-14006
-4642
2332801
-309
-7947
137721
-4622
-4941
1131740
11419
-20446
844643
-1768
3167
2494690
7591
-5689
5638429
-6288
-457
6816972
8346
7893
5046787
7819
-7074
4854073
10478
-2643
2217071
-6331
-20036
6298576
-145
2312
525807
-7148
3150
4204224
-12084
5151
186504
3436
-21787
554534
-4539
23692
1068016
4916
4253
161810
647
-2436
667929
3103
8238
287011
5546
-4136
1142287
4710
3013
2048005
-2410
1173
2823353
2489
4823
3279118
2685
8750
1663029
208
8213
7176
-9532
-4283
4209272
-17272
2580
696544
865
244
794892
-26
-5283
459005
-3482
-3932
2048197
12073
-7014
187766
5611
1374
1074959
-3654
4566
1133263
12175
4917
574843
9935
-3443
6298907
13129
3552
194896
-5031
-5713
420322
922
-7007
860699
-2114
5065
2164927
5241
-13102
680198
-2870
-187
227529
2406
-2906
3084293
-4025
-12218
149953
-415
-471
1835508
6620
-6694
7602726
12762
-2091
1425991
-591
6542
1052124
-14693
4694
2921371
3276
5244
161832
-2781
4092
356544
2484
-470
3278858
-2125
-13856
2165948
-7718
20521
5571271
3358
-11779
356387
8166
-12222
4653117
17703
3383
438529
3225
2929
942370
14213
11686
2655032
-7438
25540
4273372
8393
-12581
4331784
-5907
1854
2184429
4246
20481
738305
342
-1749
203777
377
1775
659718
-11759
5179
1099136
-15177
768
178571
6744
10687
5646386
6017
5564
2638104
13706
15109
1826889
6016
6136
2637848
-9963
2711
6297440
-9569
2975
4993403
10726
-2844
3653741
-7243
7302
4336090
8564
6153
4853762
8875
1358
4210463
-12967
1713
457122
18928
14004
3179532
-11639
2648
717208
-9967
3650
6296928
-4755
-7791
619749
-8409
9172
4591985
-3779
6756
88261
-11512
11473
192656
-4812
1455
162018
2772
-9208
32312
4112
4518
17408
10132
-8288
6817304
918
-3430
730137
2750
9523
96319
7270
7147
5185573
1799
-10051
2232593
4308
7619
24072
14546
8314
2202728
6034
6874
2704408
5822
-1686
2185247
5088
10115
286748
4241
-2297
541952
-3990
6148
607943
-15350
564
237697
-4485
684
1590263
-389
12225
1573879
-5475
9781
880889
-8847
-7311
4732260
1856
58
2103312
-21191
8051
195046
-16549
11117
302067
4111
-9908
17667
-4406
-13940
219385
-6943
10673
4469196
9863
188
6951193
6609
-724
7343400
3440
9825
554020
-283
-11089
267260
-10244
15513
2146974
2549
3212
3277066
-7485
-2133
4274392
8959
-6051
4206879
14789
10449
3181416
11131
-1595
582511
-5928
13340
2511078
-8873
7764
4341089
-2762
1000
227523
-4303
4285
24052
3397
-4640
31520
3543
5910
1199385
-7979
6222
4202440
7218
2023
4271140
11472
-4561
64616
-14943
1595
1354124
-1070
9164
77048
-5857
-4371
2380259
-3215
-60
550348
-3152
1538
27868
-2589
3258
1401036
-1129
1962
665081
-11259
-5288
58240
-13059
2777
127149
-6362
2151
6754513
-164
-4166
269042
-4382
-320
348412
4441
-620
416002
-3593
-8099
1196491
-9218
-2415
4268159
-4612
8461
1065694
-6391
-3624
6427088
18204
-7254
2396690
-12970
4881
261281
-586
11
1247451
6977
5680
4208944
-4327
5941
414194
8466
-1313
4264960
-7556
-4922
5767878
2073
-570
2490626
-1919
-10543
2621920
6215
6894
6424865
8580
11726
5767688
-13021
14628
389280
9158
-5376
4401177
5581
3854
1141769
11173
9987
322428
-871
-15429
926178
2486
7284
3344395
7339
2806
4210479
-6524
7466
6820568
15550
-1572
112751
16854
10008
1281033
-9067
12817
4728672
22523
-7962
2147103
1760
-7101
2363420
10476
-13786
2152046
-859
-1784
277484
4254
-985
868355
-3965
10260
606400
4597
-1761
1196298
-4614
-2192
1131231
6168
800
6684706
2143
-7289
2361603
12444
-4370
836162
4170
-6363
215041
-1035
8454
139770
2243
-21423
2168840
853
-2919
16144
-19930
3967
1556673
6208
1998
6293536
-3746
-4442
350403
-3189
5147
680409
5018
5294
877083
-9700
2063
5513842
6129
1425
2114844
-2587
-1634
1336268
-4059
5439
279488
-12188
2605
836228
9330
-7829
4793348
377
-1006
659718
-3434
-13297
750809
8318
8440
4784135
3634
10838
1133620
-6811
-5664
4993988
2468
-8935
3410444
16103
10688
430461
-12747
1741
1231282
10001
-9445
6296848
16403
-1304
99328
-1686
2400
2692839
1067
-10648
12039
7512
8402
4601890
-7885
8839
4267204
9268
2064
4335618
-11046
-7341
389767
-19739
4087
324572
-3905
5775
22991
-2400
3199
2365628
-6634
-8580
7537873
16068
-8168
39544
2185
-11673
2752768
1592
1414
3278870
6574
3006
7408687
-5187
10680
92413
4575
-4257
1327367
-3380
2565
162008
-1320
8888
405750
-7422
-4575
4272336
8952
6739
4337694
10794
14806
1175159
13668
5162
848452
-428
-4851
1052400
333
10315
72705
3221
-11502
550688
-5905
1949
2119151
7848
-5200
4332606
6706
13031
5319732
9931
-6980
6428953
-3804
-15690
283328
-4499
8187
1656053
-2940
-2797
549568
1702
8403
2562077
-3393
5907
31199
-1084
-10361
11000
13872
-1020
3181620
7605
393
5376282
-13942
-8103
3899529
-3699
3512
1656009
3618
2986
1392688
6209
9318
6293792
-1836
-3887
2105064
-6816
-9603
4993220
8433
-2571
4199692
-4691
-2869
1133789
-5047
-8682
158176
-1069
-4191
77048
10293
4808
2279778
-14246
-1040
2460291
5521
2882
1598728
-8301
3201
4785272
-4201
8019
673273
14232
-2286
3047482
8710
20701
5439489
8818
1105
5833732
-154
7563
983277
948
15127
141338
-6371
4464
6623441
6399
-12963
6295855
2707
-4773
619576
1986
-963
2164760
-4986
2640
745697
-2894
12508
97484
346
-874
334339
-5571
-5088
1140981
-1407
1692
537080
-10392
12223
2802830
-7724
8471
5246664
2574
-6303
1139763
-7483
1747
4209624
9459
-1244
4273164
-6904
-2259
4337856
-4675
-2892
1132765
2122
-1176
2295809
-6214
9803
6359775
-2877
4046
96456
-14109
6787
2461836
720
1309
15384
-11394
-5563
647311
-2312
5585
2232510
18970
-6454
1434163
7506
-7085
4275232
-6036
-12150
2639590
-3528
10679
1198278
-1250
7902
340211
-6275
16435
6881485
-1483
-12407
1190386
-7192
-461
4334814
-1101
-173
77052
-1685
-5940
2627559
6399
4433
6295855
3046
-3452
483389
8572
-842
4723206
354
2933
856068
-9804
16982
7473258
5725
-6266
3491857
2703
-6830
554299
2222
-12304
2169871
10448
11467
2153576
-557
-11734
1117400
-273
-781
5631
-11622
4377
914075
2214
4662
2562061
14295
-6170
2264377
-4935
-9056
162286
8017
3267
4201776
-2753
-5121
31175
-556
5315
1052376
-7487
8287
4209112
-229
-7408
267251
2095
7676
2100487
17387
8691
42783
12054
10
250993
9375
-2007
4989187
-16796
1669
1868532
6063
-8589
2116895
-5397
2186
30719
8972
2468
4337680
-8962
1721
4272239
-2047
1025
2097632
-207
823
7668
1665
2692
2625816
3522
-13453
1132568
8943
12065
4207903
5392
10736
29696
4952
-11737
423954
-1639
2315
4063722
5449
-5726
162048
5225
-3474
681222
-10572
10692
2283674
5844
3012
2121240
-4907
10753
32744
2385
11936
2104576
-2386
-6247
2170047
8379
8975
4201231
696
6795
145438
8923
-12691
4469527
-9899
3299
6299488
-7219
-5063
4271321
4602
5363
1131023
-8075
-971
4850114
-9082
-10626
4923489
2391
-2154
2235649
9744
-11663
7341072
-3300
-456
291538
-7435
-8399
4338138
9392
4979
4209676
3425
5391
815396
-2912
-10753
293068
699
4806
15135
-36
5537
262902
-3123
4112
93401
-3281
1856
32215
-5587
-7236
1142005
-25453
2472
13182112
647
9894
667929
-4664
-118
1198296
7687
-8736
5374257
12698
-8332
1950283
7410
7991
4273196
-2064
-476
2098364
-791
1196
144878
12205
514
117885
4005
11562
281404
-13429
8567
713145
-488
7215
1442034
12138
1389
640623
532
-17795
1050112
-4503
-2164
1721846
15542
-962
243819
10322
-16197
2215008
784
2753
13328
4635
-6171
1327875
9172
1078
4206104
-4870
8989
94959
-4530
2613
1133811
10946
4765
129144
3720
1321
675896
9882
-8069
7148059
-10213
5691
6554467
4198
-8942
999429
-9397
4066
4340081
13188
475
582232
8005
5310
4201264
-14480
-15275
2655372
2674
-10974
1664052
8751
-10890
5246215
-1412
6346
1581814
4429
-3042
89089
-1327
-3254
15864
1468
1335
1059342
-5581
-7159
1142004
5211
9937
289539
3535
-13292
1068315
-6349
-11102
6364372
2668
-3142
1599030
3661
3285
1133617
14761
-11320
3313006
-7972
-12346
4461254
8766
-298
5310471
10011
-1295
6558483
3792
4410
23608
-11105
-6433
844163
-12011
780
55168
2482
11850
3214348
-8458
7944
4395131
4818
-11893
97304
322
-2672
71680
-418
-1568
1378547
436
-4108
1181706
4232
1366
671744
15154
-2292
113780
-4533
9495
1198577
2488
-2716
3278862
-21836
6665
194810
8130
-27
4261944
-9164
-1912
4335714
20348
-730
573998
-11541
268
63391
-7446
2926
4273887
771
2375
77840
2746
-7456
96831
4422
-1396
219137
4433
-11406
23808
-6318
-6952
6364368
-779
2164
143850
10853
7045
1893236
7785
950
5899574
12838
11857
1556545
2225
1813
2104588
2595
529
1400880
-11497
-11193
193937
18436
12840
2130432
5860
-1375
2380316
3684
2155
1851956
-7950
-568
4265164
186
-9083
72207
42
-5974
69127
5473
8436
815364
3881
8506
154934
542
-3167
1376259
-8410
-7430
4657265
9854
8732
7929879
-6181
-8312
6554583
-9248
-6577
4464764
15485
3784
630885
-82
-9295
68863
-12269
-4656
115840
-5211
2821
289788
-7355
9786
4209616
-486
-4558
1377011
-6196
3003
6424792
-6205
7479
6359256
1727
-999
2103583
-1991
11246
2230758
4766
-6251
880667
11085
50
130161
9191
12772
4595997
-6122
5233
2311393
-11847
6962
1231246
5526
14491
1795081
-7863
8815
4331968
-1008
-768
9440
-1803
-3536
2232810
-1976
-4341
2230496
12420
3704
574016
-5027
4648
354529
-9052
3699
4471404
6098
6138
2182168
10236
-7111
6291998
-4902
5174
357095
14095
-15162
2135347
-5424
7416
31992
3528
10353
1198104
-319
13656
6648
2480
-3660
3148812
6226
-16979
6360096
-6413
-9838
6362332
-4946
4602
97519
13729
12090
1370444
-8312
4824
4849784
-1418
12979
1777907
-4014
3832
85184
-790
-7141
79599
-7469
9537
4275416
7092
5912
4335674
-4342
-2104
217329
3760
-1875
23612
2402
-2915
2953220
-7589
16206
5508035
947
17273
76828
-4837
116
291811
751
-255
13599
643
-7682
602136
7513
-4376
4602146
-3330
8469
94431
8763
18504
5245703
-10679
399
3328400
-6981
2621
4209615
7851
-6478
4202303
-371
11626
595193
407
2982
1705225
-12963
-2973
391329
-883
6647
599265
-11063
-1355
194952
-5099
7783
26592
-7824
-12885
4723908
-4831
-1204
291296
-1089
-2784
10751
-25673
4285
12724667
8311
-9171
4849923
-8192
6896
4194496
-7219
-6855
4271321
531
11960
1115136
12778
1668
1164879
7941
-3159
4199216
3295
1337
291111
-6783
-2451
5775816
-9403
128
4209520
-1942
-2395
2688743
4555
8109
1198345
-3640
8768
1198280
-4857
3308
160225
-5817
-4077
2251233
-4410
17387
219385
1503
2937
1319175
-524
-12856
1179866
-6715
-444
5254088
3055
-7536
25919
11662
-7275
1688667
-7878
-4222
4266695
-878
-10837
599264
10226
4859
6358044
-4230
10808
606959
-3906
18263
88271
9939
7528
6364184
-2377
6166
2234811
8810
-3019
5834247
4595
10330
1131532
-1491
-662
1125621
1640
3669
3802134
-11278
-5641
124060
-6794
-414
4927683
-3984
11476
541892
10336
38
2932836
3024
-2117
27704
-2926
10273
615616
-2681
-2309
1728969
-11435
2326
65424
-15135
-4081
307596
1743
-9032
2104603
19712
-18169
61472
-2131
-2506
2165949
-621
-8977
1639640
15739
9384
570215
6375
-7515
6689069
-6018
-2988
2703591
-5867
6023
2119648
18225
9079
2137364
-6858
188
4405443
10782
-5846
1433715
6150
-2406
6488097
7629
-2155
5311513
2298
-8751
2167311
-10295
-2914
2279832
2440
7176
3801096
7695
-8665
5244211
5504
-5635
1597448
-6617
-4724
7733713
-3746
-955
350403
15384
4867
434274
7249
-7233
4205856
-4779
11338
32736
5601
-397
1335564
13170
-11287
648268
2845
-10723
356401
-13380
3586
60094
-4995
13813
614629
-3478
10242
1656519
1822
2146
2428947
7593
-8905
5377310
-256
-10901
4336
-826
-12348
211177
322
6349
71680
-7117
-1105
4271300
-59
6347
3064
-1628
17567
3410668
14506
14253
2203247
-9672
-12729
5384310
4404
2721
153602
2325
1985
2103040
-2977
6508
289219
-7
-8523
131582
8349
948
5046273
7189
-19834
4204320
-4311
229
155126
407
50
1705225
755
3199
78876
-15406
1869
109720
3405
9441
97313
13877
-1800
3311922
-9392
-3837
4209776
16724
-13286
40448
11998
8490
381047
-13431
-10486
713144
-1342
7640
80120
9081
4557
4858126
-305
11166
7675
-14527
82
2136464
-4730
-6926
1786073
6941
-3815
4534321
-13259
7633
190882
11266
10269
122976
3266
31932
96296
-4567
11506
1199606
-8200
4283
4325502
3873
5899
282928
188
-13161
6670
-8362
-4956
4398193
15752
5915
1736792
-383
6413
528888
-7508
-7395
4210398
2673
11530
1598772
-13224
-9267
452770
-3794
-19068
89287
-1515
-17095
1058800
-17
-584
1535
-9
12275
131579
-10929
-2524
64899
8917
4821
4210456
425
3294
1182990
1055
7545
270595
-5913
-2521
2511341
1846
-7538
2299923
6500
-2088
7082532
-3411
-4549
97501
-9544
1427
4339838
5177
22728
157958
-5866
-3486
2315489
717
4019
80921
1395
1091
603140
-2801
3795
30147
-1314
-811
340215
-16295
-5030
428418
95
1693
264451
1194
1060
81423
-3938
-13656
868547
-4448
3579
284924
11141
7265
582520
10565
5288
2153312
-11549
-17366
389276
-18446
-14553
2196668
-11696
3577
1100928
15566
-1016
113771
-8786
5902
5311583
936
13399
142366
-2039
-3037
2228704
-6354
728
6364375
-10616
4998
2805912
-6369
-13874
6558163
21265
11117
62736
3637
5312
1198386
7600
5115
5245980
-4639
4993
1327580
4176
3851
19456
-4613
9316
1065951
15033
-5970
178558
4500
-998
1590792
-2434
-656
3735735
-798
-4202
340204
-1295
60
13820
-11666
2782
1688711
-7583
9714
6029764
2141
-2235
2426881
9405
3979
4274189
4877
937
95249
18374
16795
2328601
-527
-5138
1050076
7121
-1938
4205880
-7106
10647
4270279
14255
7288
2133311
10222
303
6358047
-11096
9077
195726
2168
-6449
2752518
8039
-13446
5112109
-601
10842
1444317
-3350
-11012
95967
-1456
-9435
1060080
10841
434
1501554
-9459
8021
4273265
1251
-4171
339980
8345
-3903
5112066
-8266
10191
4393083
11222
-12354
257145
-12271
3290
50560
8623
309
5246223
6871
6630
4341049
-884
-8653
663776
518
-8376
1245185
9239
11798
4334849
4384
-15733
282624
12464
6478
56396
-686
3418
81120
2350
14087
2169863
-12121
-3044
448909
4659
-2775
1133572
2139
15458
2362115
606
-14513
1378307
12107
7863
186737
2905
-12133
424242
-7074
5491
4532419
9418
4741
4405257
-4203
-8619
542712
-3026
10670
93383
-1602
2980
3213551
5400
-9332
421890
-8351
1865
4981100
146
4384
590848
-3044
-8089
287426
7069
-13224
5054521
7080
2507
4336702
-22511
-2137
2147808
4254
-728
868355
-9470
-12832
4272240
-7329
-5340
4471251
-485
-21633
1311731
-14284
3575
2263170
286
12674
331779
2967
-20686
681273
9681
7013
5254408
20777
5341
187654
599
-2591
1182977
-2315
6953
2232762
-2475
-1394
3149744
-11236
1742
320130
-3923
-7556
89293
2747
5840
31551
7451
-1571
4469539
12507
-2191
316231
-13545
4362
193969
-1684
-3871
2627302
-9248
17477
4464764
9258
6363
4271623
5170
1524
93188
3217
-1002
550176
-11376
-6078
582808
-3353
-8986
422365
-14815
1342
3441040
-230
2257
332531
8369
3842
4201740
10215
338
6684957
10002
3945
6362128
-9599
-839
4731256
-897
5447
532967
-14388
5885
2263192
788
3373
13840
2544
-12295
3146764
-5778
1069
2708711
14435
-8593
2981988
-2744
92
161984
-385
-2099
1573367
-1977
3326
2230753
-4092
-4705
17088
10914
-5
391292
21333
-15064
65296
-5066
-13297
223459
3933
-3248
350257
-4182
8828
85759
-4143
5481
19960
-3999
11036
803268
-6864
1176
4209860
-4802
-1469
96487
4548
15380
1067528
-9610
-5005
5972083
-1927
14311
2752998
10585
1957
2546018
-11441
8987
64915
-4097
-8663
16895
6873
-1657
4600118
-12757
2913
1101751
5715
3767
3230736
1324
4455
15878
6988
-13208
4339760
-287
-11475
266748
-4486
-3071
1655543
-8681
-1978
5375345
569
473
1181958
-6394
5535
6492369
13238
-8695
256091
-11946
-2867
253057
7438
-12730
4273187
-8942
10149
4273248
-10731
1970
3196816
3637
-6119
1198386
870
1572
991245
6076
-3609
2116126
8622
-8120
5311503
5209
7022
420098
12224
10180
51320
767
-4441
12575
5600
9989
1335308
1065
2387
142598
-13225
-2773
191905
13297
1256
58716
7196
534
4465186
6385
-197
6296876
232
7828
136206
-5080
-4883
158950
-6470
-840
6363871
6183
-1688
6684961
-5656
-7653
3294446
2061
-15489
2163713
8963
-4195
4272144
3720
10270
675896
-12866
-612
1165471
-76
4561
133370
-5337
3063
422385
-4380
-18389
283388
-5423
48
32248
-1413
17605
1582071
3363
20268
356384
-1963
-11281
2101216
429
-3764
1117197
-14687
9269
2398620
-5408
-195
291068
11181
10825
126077
141
-1745
590849
117
5011
655618
8230
1481
4653057
-6294
-8851
6883023
-424
6757
1444082
-3869
3085
348364
-5040
17010
27872
-12383
10140
313788
8722
7137
5309440
-3237
825
293843
-6610
539
7408855
4916
6913
161810
-3280
2256
31956
-8998
-295
4534887
-10983
1293
455042
-8009
-8772
4331979
1539
1144
3211280
-3757
1874
89280
-5172
5942
157944
-11872
5548
1362060
-4157
-2448
84216
-11416
-71
713870
8051
-3755
4785196
-6635
-18503
7342032
-17600
-7702
47344
13190
-12202
778329
-15667
-13556
113817
-17436
3846
303868
-1262
8162
79088
-2235
-12653
2104240
13687
-7043
717123
1671
11809
2756889
-2306
-2279
2166975
6379
-6875
6297391
16337
7545
36216
11487
-6441
323943
-3437
-19478
619736
-2684
877
1598152
-4145
-6098
19963
-181
-3071
137713
13075
-12264
128080
-9995
-4976
6426986
-4910
2346
97512
-8186
-6852
4391105
-4704
7294
1329372
6733
3617
5319729
8326
-1692
4915201
19279
-5413
64819
-8862
10850
5058660
-2079
4460
2359740
-1845
-891
2234857
10135
13096
6948121
-11463
6013
194966
-3391
-6757
31192
6449
-15926
6298916
-19482
-6232
516317
-5848
-5042
2252006
-1846
2024
2300137
-6045
12276
2965732
-954
-1905
207073
6815
-5434
4993339
-8316
-5097
4719224
-5351
-2089
422386
5508
11090
1597960
8548
-3060
4985348
-11842
4869
1165455
276
-264
5632
-559
-5473
1052120
-9017
8380
4340073
2427
67
2626311
4192
1155
802820
10968
-19917
454774
20869
-3223
1622792
-1022
2013
73952
-3571
13476
1131713
-7052
-7529
4858050
-1979
-6061
2100192
7901
15421
4526133
4473
-3029
676102
5230
4536
615431
-11239
6739
450946
5737
-16113
3818774
-1926
6042
2687719
10136
-5765
7208986
-5054
6359
92384
-10798
2495
1174664
-4323
-3381
348401
13312
-3395
57408
13794
-5450
1433676
-5946
-5642
2316521
7638
-2100
5442585
-5794
6932
2447587
4885
11325
30480
-3628
1356
1068744
11842
-8693
1165424
-9256
-4763
4595830
6313
-4304
6429998
-2338
15115
2429111
-1073
-538
11771
1683
14822
2692120
3481
-5056
1982746
-5325
-6352
97524
276
2717
5632
10111
3203
6816015
6142
-9836
2179103
3030
6780
224313
5889
-4416
2117904
2568
-58
1204272
-10704
-3657
3198100
-8468
8513
4200062
-12502
-14793
122551
18563
-1446
2719744
-303
4378
7672
-7937
2431
4198863
-9043
12099
4275309
-14865
5287
1090959
3140
1459
27168
8803
8758
6094852
3700
2208
1720370
-8394
2667
4397171
-2397
8817
2431164
-8595
3571
5833845
5575
-9052
1206537
390
-3125
1769481
-279
11111
136702
10801
9945
1109364
-12582
-3850
381623
11244
4580
59006
14775
11481
3311979
-8828
5978
5767768
6328
7491
6428718
10830
-4261
1174643
10864
2174
1631348
7239
-2370
4335905
9601
1904
5775624
-5377
-2786
29183
-6967
2248
4340168
763
9064
13087
-6726
10
5319375
-4225
-16870
541167
-10635
5953
3850642
19246
2895
130103
3696
2074
1590324
3844
-3825
21040
-217
-5671
397809
7633
-4633
5246232
4645
13976
1327872
10086
12385
7274509
-9096
7115
4857958
4142
3377
84999
13210
13244
909915
7203
7390
4530208
7113
-20958
4335928
4462
-13331
611335
9948
-1773
6558230
-11728
15975
1100932
-15662
-590
113816
-25688
-3711
12725438
-15389
18591
368796
7974
-7597
4657201
6161
-1097
6292768
-7550
13405
4796632
-109
7901
591096
9227
-14935
4333825
5387
-4242
160001
-7862
709
4397249
21385
-8293
712984
-7563
3409
5898690
5640
5191
3293200
-3377
4279
32219
10172
-4523
6294046
422
-3332
1509389
-5967
1643
2121196
8463
5614
4199683
-3118
3105
93400
17280
6914
565272
3914
-9044
219185
-11632
-11543
586904
-3740
-3360
807620
-257
-4827
4607
3086
1149
91171
-413
7982
1900788
-6899
9032
4273345
11966
-46
120959
-4848
5086
29920
12991
-7111
63839
5696
-1
3164176
2735
1196
32063
9974
3323
6492187
-12387
5081
901305
-1095
-4421
141822
803
-10779
339984
7321
7396
5120290
3690
-2392
1656375
-434
-1151
1117427
-4058
2107
475329
-6746
-2809
5712077
-1076
14501
141560
1679
-4281
2626843
7705
-3101
5636402
6289
-7746
6817056
-15784
6959
1476738
1033
-3168
139520
-384
-4128
528632
-4207
-10190
542200
230
16741
462861
1979
319
2099999
-3696
-4328
1590472
856
-737
407570
-4016
3491
19648
3716
1238
545336
-10343
-572
3064218
3505
-12600
1068316
-9325
3820
4793464
5282
-9001
358412
1076
6578
141314
-9383
11059
4602226
-732
-763
275168
-4274
2350
89331
-8289
-5312
4981115
1004
-890
9758
-2842
3212
487629
-11791
-3095
1099148
5998
4404
2704399
-2629
-24117
1076175
6128
-13166
2114588
-44
-8310
3832
-2241
11693
2103735
-5860
5376
2380514
-9779
-9589
7408745
7228
-9897
4205094
-3201
-5659
549327
5884
-1383
2118174
10118
2221
7012377
12507
1188
316231
-9761
3390
7602535
-5314
6600
96503
-4935
-1520
162286
-2223
3283
2104752
-943
-6431
11744
-18289
21330
2655715
-2164
-1192
2752696
-1412
1921
1581814
-2543
20358
3147184
-8007
-12461
4331982
4218
553
606727
-17169
-7787
46575
1155
18470
598016
6531
10358
7929896
9839
14309
7865623
8623
2545
5246223
-1408
6643
536824
-8522
-8440
4397179
8149
155
4198200
4490
4949
1785865
-13366
-1076
256185
-1275
2625
13296
-7752
14429
5376206
-9236
-2299
4204158
2218
-6845
2170383
5214
13145
354307
8581
-10667
5767944
-12328
-4640
442550
-11410
2281
648335
1807
-7833
2102547
1
-4513
256
-14687
160
2398620
3235
-1813
358444
3331
3394
94240
7802
-4421
5833271
8366
7462
4267023
-16671
9320
299516
-4320
-6652
282864
2012
1181
2359830
-7888
1087
4201668
3906
7695
88112
826
-2083
80407
-10203
13940
6554464
1651
3565
3736596
11070
-10155
129143
13927
15808
4096309
8387
-7639
4265992
385
-177
1573128
-6473
-4909
6429147
1165
3792
599041
-7095
-1586
4336064
13008
5333
64600
-3438
-52
619736
6725
-15883
5253936
5346
3399
356364
3323
3503
29487
-5322
974
227571
587
-3382
1181953
6799
-3885
4732219
-4379
-6226
283644
-7157
16060
4334017
5086
-1878
352279
-5818
3320
2316513
-7998
2753
4266184
-17819
6633
1876980
-10031
-17224
6298984
2179
-1291
2686976
912
5451
533528
1157
1743
533248
-4822
6119
98023
-15304
4451
174214
-4113
-3897
17919
-10261
5000
2148255
9197
-490
4269085
1704
-4859
2235422
9629
-11261
6103049
-16944
-5849
1084632
4338
-2941
87052
11996
-4292
316022
9319
6591
5120261
735
7551
274711
576
3499
1050624
2612
8293
1206322
4633
1775
1458434
6508
-1983
6821414
10645
1240
3721064
-2636
6719
1206474
-8941
-1113
4273248
-6920
-2207
4337870
-2740
13862
161984
9869
10888
6886425
308
-8833
137218
3006
-4099
92223
-2687
-5386
1597896
-226
8379
332019
3241
9166
163118
12175
11806
574843
-9917
19372
6363232
4919
11644
162067
9218
-4788
4268032
-7262
-12218
4532444
1287
-17532
143617
-5305
-13039
162289
-6421
-8407
6297567
563
-2578
1117188
5322
5443
227337
-4833
-7470
291299
-2046
-26034
2162912
6836
2219
4339770
7874
-8575
4266040
-12571
-1834
316348
-8486
17528
4526711
6909
-12219
4272189
398
2541
1639435
768
9316
12304
3097
-10184
418082
-2248
2114
2234550
-1455
6852
1060336
-6167
-6200
6424030
9649
21310
5254412
-380
-6556
529144
-8949
16041
4338017
-99
-7072
852217
5483
14977
554759
1122
7777
860164
-12874
-10508
1296539
10379
-3910
2802017
-1180
1498
795372
6413
7867
6362145
16540
-3657
819714
-12259
4719
376961
8224
-5764
4456448
7202
174
4530208
5006
-12975
615451
-1583
-4441
3149288
-3842
11731
86223
-2785
-577
291267
-4890
-8626
487661
-13991
-10223
2529666
-172
-19810
7920
-123
3686
525304
9869
-3455
6886425
-13161
7966
714145
-3734
9488
612039
-8112
-11146
4197568
-6565
-4601
7605203
9026
16499
4274192
5113
1868
155934
4317
3327
348165
-4882
-8903
95471
-3369
-6404
163289
222
3225
331783
2728
14243
162878
-6438
-1085
6623959
-4447
6701
285180
-4119
-400
148990
5325
-1332
97289
8698
-2156
5308943
-6227
1618
6360285
9363
-1704
4793344
-9356
-5732
4857962
-2913
19614
811459
-1287
-721
143870
1157
3426
533248
7322
6531
5055011
1315
130
339968
1402
-2491
602631
8721
-9809
5244160
-2166
-10937
2818233
10025
-10047
6429974
4828
2734
291350
7302
5938
4923425
3201
-10615
549152
-4639
14224
1327580
333
-3653
72705
1262
12682
78863
2514
-2615
3214344
-1955
4208
2427105
-10778
-14251
1564813
756
-664
143386
379
2691
529159
-3716
21244
545478
20204
746
54846
-9896
-2958
6690914
7590
11578
5703709
-5750
-3309
3883241
-4958
-4942
358636
8749
5484
5311493
-4783
166
32224
-979
15971
77029
-4812
4259
162018
4422
4812
219137
5391
-493
29955
4076
10564
17982
-5288
-3486
424178
-4493
7143
1656052
4313
353
413958
2769
16142
32056
-2566
-11766
1139407
3020
3021
157752
14218
-2150
2850873
-4389
-2116
283639
-934
-4034
338659
6205
-2656
6359077
-6319
-3885
6299088
-2471
11380
3541426
-11378
10978
648347
5858
-7385
2445340
-18139
-2642
2397152
17539
-8442
630784
-2223
2883
2104752
-16732
1693
301820
3135
7204
26919
9874
6985
6886424
-7481
-10904
4340185
441
-2116
1181966
-2391
12937
2235838
-9875
8993
6886501
-2393
-1225
2496957
-397
-5007
1639668
-6506
12518
7017689
8411
1411
4461319
-963
-13875
76005
-13297
-4733
58787
5417
6308
163078
-16675
6322
364789
-193
4030
6647
3330
-12666
94240
-1104
-3369
11516
929
2405
272668
14070
-9616
2330683
-3577
-5877
1196481
-20138
-11875
253121
2189
-224
2688001
1759
5715
2363671
15010
7808
374908
6163
-774
6358048
979
-8951
76824
-4709
-10455
1852379
12337
-2780
52548
-8910
-14001
4275300
-6794
-7796
4927683
-5396
-8687
30462
15290
-5120
109183
-5676
-6553
3165928
3778
-7911
88120
2296
16146
2232334
2653
-3
1402929
-7761
-4194
5246415
-6013
4951
2703584
8113
-4960
4197692
16754
-5237
627716
-11833
-4385
1231241
-642
1187
602343
-20471
-4823
180672
-549
7571
1311703
15089
3289
46460
948
7525
141338
4100
-20551
16896
-17410
-1826
106751
6845
3470
4274237
-5361
4286
30195
1105
-2843
11520
-3204
5578
549582
-2969
338
942533
-6773
-12440
5906889
11401
-5569
713056
-9610
2211
5972083
12858
-1626
1165895
1486
15920
1125387
9338
14031
4792839
7112
9984
4335672
1668
-6284
2626072
-18803
8887
2725049
13203
1660
648280
4253
-5264
868353
7340
6017
4210222
-8444
2735
4199024
-5475
12555
880889
4839
-6318
422173
-7357
6401
4274384
-7504
-8462
4209884
-3408
8666
31964
206
2918
72715
7766
7337
5442609
-2342
3396
2429623
-1482
5312
1255667
-10740
-6833
3326096
1240
8266
405510
2601
4333
1207606
1768
-5020
2233374
12750
399
1166411
2155
2214
2623239
-11269
2206
58271
8028
10575
4463154
-5004
-3352
680162
-11542
-7548
128671
-8037
4436
4981699
621
-13126
1639429
7216
3981
4205604
-1770
-7341
2299105
4180
920
19968
6067
-5666
2182172
-6028
-17863
2769122
2163
12443
2688004
4642
-2287
1392640
300
-393
7686
10035
10677
6364180
-7474
10570
4275419
-1352
10005
145662
9067
8139
4728591
2895
-138
32051
-863
-6689
276972
-3095
-6875
157150
-2136
-6320
2231486
-3327
3746
29136
-842
-11955
211179
9750
7898
7537681
20258
-1762
380976
-14702
-7017
2725016
7028
-1979
4857898
1154
18740
598016
1077
6110
141570
-2611
-1208
1141961
1645
-1238
3736597
6614
-9012
7539753
-3620
855
1327814
-12384
10896
313532
-4164
-246
19198
17991
2806
3311889
-251
5390
5104
8806
641
6225925
-2700
-3028
684226
-1242
3243
471281
2031
-19404
2098463
-1529
2510
1188337
-8093
8419
5046468
7710
7793
5570611
-130
7888
590063
-7352
-4286
4339920
-4150
5884
215289
2154
4485
2688519
4942
6752
97299
-4473
13139
676345
9933
-5038
6364185
-2421
4841
2757049
9596
-17015
4731398
651
11093
667929
10391
-6451
2803041
-10843
-13517
1371020
8641
-2192
5245192
9526
-8109
4405251
8703
16277
5243151
-6189
15984
6360280
10933
-7997
194938
-11758
10230
1164416
2865
1008
32052
299
527
7943
-3022
3401
93380
3968
-817
540728
11089
2565
64880
-5004
-8875
680162
-7311
995
4728268
8610
-584
5572620
6626
7871
7667756
-2532
1085
3408562
2054
-7396
2293761
2593
12094
1335600
-5811
-5184
2186465
4440
-7530
415746
-603
-1873
1313756
-4877
224
95468
8717
6219
5309441
-12458
-7954
253105
-21084
-7326
1362652
-3435
-21865
554968
7102
6459
4270143
4119
-7640
148737
5715
-7377
3230736
4035
-434
84024
-6177
9455
6554071
17576
-14581
179214
3084
3853
155680
9586
2701
4797444
-3082
524
221403
-6532
11021
7865046
-1187
-11329
342257
16642
-11006
102400
3399
2223
162081
-7944
3294
4329678
-203
-4610
137714
-2594
4615
1401031
11949
-7284
121981
-3431
2816
946650
3916
-6945
153648
-130
1034
590063
2880
7082
30768
-9603
834
5841013
3772
-7167
23102
-5888
9921
2117856
-10314
17641
2345115
7460
-10424
4469280
-4049
2722
19911
4432
-9048
23552
3149
3567
93217
-6423
-12889
6428126
-375
6902
659960
-11485
-610
389264
12500
-2213
56904
-5177
-5060
158201
-5837
-7787
2186468
21721
7307
454918
11742
3671
1425495
2047
7257
2097439
314
2552
72199
-5956
-3009
2120430
-2171
-2489
2622392
1425
2416
1582344
-7222
1198
4401369
8420
3994
4461068
-13831
-7501
3309966
3308
-7235
30254
13632
2338
63552
2597
3072
1336112
4858
-664
94751
-3453
6095
618712
-3743
-4170
807364
10526
2715
2478179
1286
-4725
208897
-2867
169
97481
413
9509
1900553
-7869
-6014
4266176
-5749
13060
3817961
10146
14407
6621212
10719
-1214
3457383
163
24044
333836
12355
2667
116800
13373
-2875
124997
-3520
15094
1067200
9529
-6691
4339974
-3239
-10371
424402
15500
-6771
696416
6572
2243
7343662
1847
-21489
2234643
-5915
18773
2380780
-4916
-16086
162024
-9966
8475
6362208
-771
5558
78061
2374
-3421
2299905
-7687
-13612
5374414
-2965
-7461
550855
10437
-3686
2153320
8655
2580
5246219
-2850
4715
356551
-9874
-983
6886503
7843
-8592
4528188
-3494
2603
1395395
6601
-7139
7473448
-7626
-5610
5441731
1656
-10502
3801110
-15952
2513
1084556
5180
10364
27142
8894
-789
4274207
-5813
407
2251233
2448
1390
3671048
5059
-707
92184
-1340
-7672
15096
6788
8143
4731448
859
-3853
277267
-693
-11208
145889
-9247
-3071
4465020
8636
4344
5245454
8775
-5615
5376257
-776
-239
143598
-10216
3033
6684770
15090
-1728
111740
-2977
2483
289219
-13311
80
57760
-3189
-3799
680409
10226
-596
6358044
-9604
-7539
5775990
5463
-6881
163073
-1204
6800
145648
2311
1644
2232577
-2993
-1224
28099
5235
-15347
615428
-11016
-5279
192654
-3766
1650
219329
12480
10982
55368
7849
219
4332862
4496
5470
1590280
5935
-6841
2120983
11297
-6194
319840
-10674
7755
3263635
3774
2547
88127
5185
8486
26880
10375
1946
2802017
-14851
4520
1155213
7792
2185
5768244
8213
7758
4196096
1259
1625
14095
5252
2534
549376
-5609
-8442
1205745
-1238
-11492
81655
5418
4583
97799
4498
7132
1655816
-16608
5012
299248
1575
4910
3539217
6823
3331
4602173
3904
-3973
22576
1056
8458
270336
-10526
-637
2478236
8907
14842
4339993
3621
8120
1327920
9862
-707
7016473
-23788
14890
4241104
11887
-1779
1623415
8035
-5654
5046316
13956
-1717
2658872
-4957
-6130
358636
7458
-16266
4534304
-4526
-11792
1133808
-4025
2879
149953
7501
-12118
4275233
-334
4913
72956
8085
-13866
4720440
18954
464
1302577
1397
4955
667906
-1598
4266
3213544
-5897
-5111
2249195
-4902
-5524
357095
3198
7951
614439
-2838
-3997
95951
-3977
5537
672195
-7676
12774
5243584
-3291
-3642
291792
-4793
9343
162273
-2287
-5987
2102704
13822
4829
1171535
1698
-3782
2431004
7600
-3386
5245980
-446
-6589
1116400
-10947
-11120
129157
-98
-9887
852219
-12044
16464
184458
6028
-9043
2768920
1990
2762
2295833
-4133
2707
279543
3377
-4657
32036
-11183
-360
60800
15946
-1762
1280113
8230
8907
4653057
-6083
-2129
2181349
946
1659
76828
-18972
1988
1368780
-5660
8657
3425004
3647
-1453
1067319
-2344
6547
2494646
7931
-3678
4199231
637
-2614
1638405
-10002
2177
6362223
-6695
-8082
5644742
4646
-984
1523713
633
3020
1704198
2123
13747
2230529
6627
-6035
7667756
306
6157
72708
-658
-12334
603367
4686
-3304
1133571
7842
-4400
4528188
-13460
3787
583342
-2481
-8492
3149235
-5897
-6803
2249195
2140
-6693
2361858
-282
19833
463101
8183
822
4325691
3039
4328
287031
-13360
-3133
60600
-12172
-14800
704642
7653
5813
5505820
-11155
6644
648325
-6920
2241
4337870
-20814
-3863
122108
-16943
5312
1084888
-1168
-897
533740
-5702
12667
3230447
67
-2176
67584
7991
-4076
4331827
-10354
-2900
2737307
-12625
3376
56767
-1376
7749
276732
-8278
-8643
4263551
-91
5200
265212
-11375
5755
583064
-3739
-4755
807876
14472
7095
2785376
-2847
-3138
291276
11151
-2851
583035
-2910
-1122
358604
7704
-15
5636146
-7555
17289
5832901
-5413
-15295
291831
-1819
-9597
2364396
2588
4944
1335858
8430
6143
4264975
-9568
7754
4470908
11339
42
190817
-9020
11654
4209256
6713
5644
5384502
-161
-12085
268787
-6601
-7789
7473619
-1853
-10427
2169064
1056
694
270336
12259
-4678
376956
-8363
5669
4202352
-8358
2490
4528755
124
-4825
524806
2505
-6940
3279112
-41
-3202
134649
4161
-5845
18688
276
1480
5632
650
-14882
733209
3063
9048
155963
-1824
-6972
2363628
-6504
-5577
7213274
2529
-11772
3408140
4266
-8367
89615
-2938
-13915
745665
-6380
8364
6297296
813
-5650
80917
-10743
1421
3326352
6743
-5113
5385521
-13040
-10796
62624
5908
11629
2119184
-722
104
81127
8321
-7029
4718848
4875
2708
160017
12401
-2641
574788
2422
2993
2822147
333
8865
72705
-4407
-4831
154104
3869
-5645
348209
-4988
-15917
549600
3656
-3419
1198128
