-30261
23133
11667849
-30261
28787
11667849
-30261
23080
11667849
-30261
16729
11667849
-30261
28193
11667849
-30261
10685
11667849
-30261
18983
11667849
-30261
15040
11667849
-30261
20696
11667849
-30261
17213
11667849
-30261
2317
11667849
-30261
3442
11667849
-30261
150
11667849
-30261
135
11667849
-30261
-9493
11667849
-30261
8540
11667849
-30261
18426
11667849
-30261
-14938
11667849
-30261
31141
11667849
-30261
21201
11667849
-30261
8825
11667849
-30261
29266
11667849
-30261
-15543
11667849
-30261
-31771
11667849
-30261
-12414
11667849
-30261
18601
11667849
-30261
-9532
11667849
-30261
6373
11667849
-30261
-11618
11667849
-30261
14224
11667849
-30261
32206
11667849
-30261
11001
11667849
-30261
26424
11667849
-30261
18032
11667849
-30261
25142
11667849
-30261
1190
11667849
-30261
-3849
11667849
-30261
-21674
11667849
-30261
27419
11667849
-30261
10999
11667849
-30261
32665
11667849
-30261
-7649
11667849
-30261
-31372
11667849
-30261
-26177
11667849
-30261
-12688
11667849
-30261
3700
11667849
-30261
29761
11667849
-30261
16084
11667849
-30261
28601
11667849
-30261
-27131
11667849
-14866
25168
1156239
-14866
-1482
1156239
-14866
-14688
1156239
-14866
7437
1156239
-14866
-16154
1156239
-14866
24774
1156239
-14866
17356
1156239
-14866
-11741
1156239
-14866
-18111
1156239
-14866
16434
1156239
-14866
-28143
1156239
-14866
10482
1156239
-14866
-9439
1156239
-14866
21947
1156239
-14866
3489
1156239
-14866
-8954
1156239
-14866
-18456
1156239
-14866
-25779
1156239
-14866
15968
1156239
-14866
13578
1156239
-14866
-13152
1156239
-14866
-2856
1156239
-14866
31451
1156239
-14866
-18434
1156239
-14866
23401
1156239
-14866
22227
1156239
-14866
24779
1156239
-14866
26951
1156239
-14866
29266
1156239
-14866
-3003
1156239
-14866
27989
1156239
-14866
-31948
1156239
-14866
17590
1156239
-14866
-12465
1156239
-14866
-12443
1156239
-14866
14923
1156239
-14866
-3780
1156239
-14866
11529
1156239
-14866
-8317
1156239
-14866
17237
1156239
-14866
-775
1156239
-14866
-21144
1156239
-14866
9088
1156239
-14866
14342
1156239
-14866
-25250
1156239
-14866
-18554
1156239
-14866
16284
1156239
-14866
-16515
1156239
-14866
5827
1156239
-14866
31655
1156239
-16180
30104
688256
-16180
-27920
688256
-16180
19980
688256
-16180
10080
688256
-16180
-19995
688256
-16180
-4913
688256
-16180
-5078
688256
-16180
8647
688256
-16180
17881
688256
-16180
19082
688256
-16180
22809
688256
-16180
20534
688256
-16180
476
688256
-16180
19575
688256
-16180
29642
688256
-16180
15272
688256
-16180
2852
688256
-16180
-10194
688256
-16180
13646
688256
-16180
-24848
688256
-16180
-31743
688256
-16180
-22617
688256
-16180
22103
688256
-16180
31894
688256
-16180
31019
688256
-16180
-390
688256
-16180
-32731
688256
-16180
32016
688256
-16180
23286
688256
-16180
13746
688256
-16180
32197
688256
-16180
-5112
688256
-16180
-10499
688256
-16180
2949
688256
-16180
-9759
688256
-16180
7548
688256
-16180
-25127
688256
-16180
26682
688256
-16180
-221
688256
-16180
15684
688256
-16180
-9263
688256
-16180
-19348
688256
-16180
-32149
688256
-16180
22818
688256
-16180
-27119
688256
-16180
-836
688256
-16180
6331
688256
-16180
12252
688256
-16180
27852
688256
-16180
21051
688256
30081
3462
12058920
30081
-30301
12058920
30081
10322
12058920
30081
8180
12058920
30081
-21365
12058920
30081
-28472
12058920
30081
15907
12058920
30081
5075
12058920
30081
-35
12058920
30081
-13535
12058920
30081
31654
12058920
30081
-9390
12058920
30081
4328
12058920
30081
5231
12058920
30081
31656
12058920
30081
-921
12058920
30081
-4445
12058920
30081
17461
12058920
30081
-19903
12058920
30081
32614
12058920
30081
-13189
12058920
30081
-16981
12058920
30081
31104
12058920
30081
15830
12058920
30081
31797
12058920
30081
-29236
12058920
30081
-28212
12058920
30081
-19278
12058920
30081
15500
12058920
30081
31165
12058920
30081
-29111
12058920
30081
-28678
12058920
30081
-19601
12058920
30081
-14466
12058920
30081
-23805
12058920
30081
25834
12058920
30081
5548
12058920
30081
17023
12058920
30081
18271
12058920
30081
-4117
12058920
30081
-17059
12058920
30081
21887
12058920
30081
12861
12058920
30081
2902
12058920
30081
26209
12058920
30081
-2787
12058920
30081
18566
12058920
30081
-10896
12058920
30081
17423
12058920
30081
-2620
12058920
1616
23853
3148816
1616
-20595
3148816
1616
-29904
3148816
1616
19626
3148816
1616
5870
3148816
1616
21335
3148816
1616
-24985
3148816
1616
23838
3148816
1616
14415
3148816
1616
5498
3148816
1616
-23833
3148816
1616
-3506
3148816
1616
753
3148816
1616
-20575
3148816
1616
-18614
3148816
1616
-31423
3148816
1616
23632
3148816
1616
8392
3148816
1616
-30185
3148816
1616
16059
3148816
1616
1049
3148816
1616
26196
3148816
1616
5341
3148816
1616
-8324
3148816
1616
-13903
3148816
1616
323
3148816
1616
-15901
3148816
1616
-30533
3148816
1616
-4782
3148816
1616
-261
3148816
1616
-6648
3148816
1616
10130
3148816
1616
-30859
3148816
1616
-9503
3148816
1616
-11101
3148816
1616
-30025
3148816
1616
22663
3148816
1616
22773
3148816
1616
-513
3148816
1616
-15984
3148816
1616
-27766
3148816
1616
-31963
3148816
1616
-31503
3148816
1616
7678
3148816
1616
-25640
3148816
1616
27518
3148816
1616
27021
3148816
1616
-27078
3148816
1616
3194
3148816
1616
15903
3148816
12604
-27601
55878
12604
27167
55878
12604
-19752
55878
12604
-21502
55878
12604
-27856
55878
12604
1649
55878
12604
28534
55878
12604
-6057
55878
12604
-20078
55878
12604
-12136
55878
12604
4782
55878
12604
-26530
55878
12604
-10489
55878
12604
-7730
55878
12604
-25489
55878
12604
-15210
55878
12604
23939
55878
12604
-23601
55878
12604
-24994
55878
12604
-4552
55878
12604
-11428
55878
12604
11540
55878
12604
27417
55878
12604
13576
55878
12604
-9660
55878
12604
-3263
55878
12604
-20317
55878
12604
-5749
55878
12604
-29537
55878
12604
-121
55878
12604
-10471
55878
12604
21230
55878
12604
-25795
55878
12604
17300
55878
12604
-24750
55878
12604
24444
55878
12604
6224
55878
12604
31820
55878
12604
-9133
55878
12604
-9287
55878
12604
-11055
55878
12604
-12595
55878
12604
4473
55878
12604
-5923
55878
12604
19389
55878
12604
32712
55878
12604
-15843
55878
12604
-29481
55878
12604
5072
55878
12604
30254
55878
-19976
32338
1229006
-19976
-2445
1229006
-19976
22278
1229006
-19976
-3876
1229006
-19976
-26534
1229006
-19976
24722
1229006
-19976
-14598
1229006
-19976
-11872
1229006
-19976
-8741
1229006
-19976
-16811
1229006
-19976
20398
1229006
-19976
-26528
1229006
-19976
28068
1229006
-19976
23657
1229006
-19976
17115
1229006
-19976
-996
1229006
-19976
12845
1229006
-19976
-325
1229006
-19976
31057
1229006
-19976
17975
1229006
-19976
-24996
1229006
-19976
25588
1229006
-19976
-823
1229006
-19976
-335
1229006
-19976
-9053
1229006
-19976
1508
1229006
-19976
-21400
1229006
-19976
-19910
1229006
-19976
31798
1229006
-19976
919
1229006
-19976
9709
1229006
-19976
-30349
1229006
-19976
22660
1229006
-19976
-1568
1229006
-19976
-14046
1229006
-19976
23901
1229006
-19976
24837
1229006
-19976
-21123
1229006
-19976
18607
1229006
-19976
-16676
1229006
-19976
11572
1229006
-19976
-22736
1229006
-19976
-26831
1229006
-19976
-7629
1229006
-19976
-5781
1229006
-19976
-26992
1229006
-19976
30861
1229006
-19976
-24906
1229006
-19976
16380
1229006
-19976
11956
1229006
-31614
-29145
8986752
-31614
9543
8986752
-31614
25909
8986752
-31614
-14613
8986752
-31614
-11909
8986752
-31614
-27570
8986752
-31614
-19030
8986752
-31614
25010
8986752
-31614
13643
8986752
-31614
11273
8986752
-31614
-18090
8986752
-31614
-3243
8986752
-31614
2218
8986752
-31614
-25630
8986752
-31614
25804
8986752
-31614
-266
8986752
-31614
21877
8986752
-31614
-17435
8986752
-31614
-7632
8986752
-31614
21273
8986752
-31614
9990
8986752
-31614
-14886
8986752
-31614
22623
8986752
-31614
-23026
8986752
-31614
14408
8986752
-31614
10475
8986752
-31614
30545
8986752
-31614
-963
8986752
-31614
-19492
8986752
-31614
-22794
8986752
-31614
-3182
8986752
-31614
-14797
8986752
-31614
6594
8986752
-31614
-25093
8986752
-31614
-7682
8986752
-31614
27278
8986752
-31614
-7481
8986752
-31614
-26026
8986752
-31614
-27468
8986752
-31614
-8587
8986752
-31614
-26494
8986752
-31614
-7953
8986752
-31614
12346
8986752
-31614
29840
8986752
-31614
-2753
8986752
-31614
3195
8986752
-31614
-11417
8986752
-31614
10236
8986752
-31614
-13654
8986752
-31614
23955
8986752
-96
-7014
264444
-96
-22392
264444
-96
27790
264444
-96
-31196
264444
-96
30078
264444
-96
23214
264444
-96
-2947
264444
-96
12693
264444
-96
-6651
264444
-96
-4541
264444
-96
-8981
264444
-96
-22214
264444
-96
-8394
264444
-96
-20960
264444
-96
-3673
264444
-96
-4548
264444
-96
-2416
264444
-96
-30302
264444
-96
-15432
264444
-96
30959
264444
-96
2472
264444
-96
-31795
264444
-96
-4074
264444
-96
-21364
264444
-96
4251
264444
-96
-15772
264444
-96
-3128
264444
-96
-13579
264444
-96
1196
264444
-96
21026
264444
-96
-28379
264444
-96
-18867
264444
-96
-9407
264444
-96
-6122
264444
-96
-23528
264444
-96
17929
264444
-96
-12625
264444
-96
5918
264444
-96
-31273
264444
-96
30659
264444
-96
-27383
264444
-96
-10599
264444
-96
2098
264444
-96
3762
264444
-96
-19592
264444
-96
-21288
264444
-96
-9765
264444
-96
-14615
264444
-96
996
264444
-96
-9909
264444
24326
-1789
4427825
24326
-30232
4427825
24326
31935
4427825
24326
-16220
4427825
24326
-32205
4427825
24326
18458
4427825
24326
10160
4427825
24326
-27863
4427825
24326
28826
4427825
24326
24641
4427825
24326
-30372
4427825
24326
11544
4427825
24326
18828
4427825
24326
20787
4427825
24326
-9928
4427825
24326
16976
4427825
24326
-12870
4427825
24326
-27561
4427825
24326
17067
4427825
24326
18470
4427825
24326
-24399
4427825
24326
18135
4427825
24326
-26979
4427825
24326
3798
4427825
24326
-8677
4427825
24326
-16481
4427825
24326
-30114
4427825
24326
-16827
4427825
24326
-13050
4427825
24326
-9343
4427825
24326
8614
4427825
24326
-24951
4427825
24326
29190
4427825
24326
-21244
4427825
24326
20620
4427825
24326
-31777
4427825
24326
-29206
4427825
24326
-316
4427825
24326
-5015
4427825
24326
26612
4427825
24326
-19900
4427825
24326
29947
4427825
24326
15654
4427825
24326
8001
4427825
24326
-21309
4427825
24326
-31812
4427825
24326
29781
4427825
24326
-14686
4427825
24326
-10743
4427825
24326
-1355
4427825
-11721
-9456
1231235
-11721
16538
1231235
-11721
-17267
1231235
-11721
-16687
1231235
-11721
-19807
1231235
-11721
-8344
1231235
-11721
-2183
1231235
-11721
-30476
1231235
-11721
5810
1231235
-11721
26135
1231235
-11721
-17851
1231235
-11721
-13041
1231235
-11721
17939
1231235
-11721
-15572
1231235
-11721
-549
1231235
-11721
-25438
1231235
-11721
21764
1231235
-11721
-5361
1231235
-11721
-29393
1231235
-11721
2646
1231235
-11721
5666
1231235
-11721
7352
1231235
-11721
29376
1231235
-11721
11062
1231235
-11721
12061
1231235
-11721
-25149
1231235
-11721
8941
1231235
-11721
22509
1231235
-11721
-3236
1231235
-11721
-10744
1231235
-11721
-4521
1231235
-11721
10196
1231235
-11721
31322
1231235
-11721
15841
1231235
-11721
-15596
1231235
-11721
25873
1231235
-11721
16152
1231235
-11721
-7868
1231235
-11721
27983
1231235
-11721
30684
1231235
-11721
26537
1231235
-11721
-8925
1231235
-11721
15474
1231235
-11721
15118
1231235
-11721
11473
1231235
-11721
3029
1231235
-11721
9753
1231235
-11721
-2474
1231235
-11721
-6579
1231235
-11721
-3929
1231235
3104
-3056
2359296
3104
9035
2359296
3104
-7036
2359296
3104
-13534
2359296
3104
14345
2359296
3104
-6199
2359296
3104
-24354
2359296
3104
21265
2359296
3104
-6603
2359296
3104
13868
2359296
3104
-17133
2359296
3104
25017
2359296
3104
17247
2359296
3104
-14312
2359296
3104
-19718
2359296
3104
-31946
2359296
3104
6082
2359296
3104
-6234
2359296
3104
-23660
2359296
3104
16995
2359296
3104
-6468
2359296
3104
6781
2359296
3104
15905
2359296
3104
-28486
2359296
3104
-21651
2359296
3104
-26626
2359296
3104
-12368
2359296
3104
21210
2359296
3104
-6419
2359296
3104
13587
2359296
3104
19557
2359296
3104
-28736
2359296
3104
8158
2359296
3104
-4677
2359296
3104
10797
2359296
3104
-23779
2359296
3104
25801
2359296
3104
-12599
2359296
3104
-23638
2359296
3104
8032
2359296
3104
20856
2359296
3104
711
2359296
3104
-28745
2359296
3104
26087
2359296
3104
-17812
2359296
3104
20549
2359296
3104
31376
2359296
3104
21628
2359296
3104
-16966
2359296
3104
4953
2359296
25763
-20823
13443140
25763
13207
13443140
25763
917
13443140
25763
2725
13443140
25763
-13756
13443140
25763
12575
13443140
25763
-1312
13443140
25763
-2279
13443140
25763
18016
13443140
25763
26662
13443140
25763
12669
13443140
25763
10538
13443140
25763
-30267
13443140
25763
20411
13443140
25763
5708
13443140
25763
-16406
13443140
25763
14328
13443140
25763
20140
13443140
25763
-25881
13443140
25763
26991
13443140
25763
27321
13443140
25763
-17825
13443140
25763
7589
13443140
25763
24618
13443140
25763
-29773
13443140
25763
-27729
13443140
25763
8474
13443140
25763
27074
13443140
25763
32521
13443140
25763
187
13443140
25763
-18640
13443140
25763
161
13443140
25763
7686
13443140
25763
19508
13443140
25763
-14135
13443140
25763
-9664
13443140
25763
18813
13443140
25763
29379
13443140
25763
-18025
13443140
25763
-13130
13443140
25763
-23552
13443140
25763
-24290
13443140
25763
-30146
13443140
25763
8092
13443140
25763
-12011
13443140
25763
30460
13443140
25763
-30854
13443140
25763
21322
13443140
25763
12722
13443140
25763
19161
13443140
-32040
28093
9830534
-32040
-17352
9830534
-32040
15130
9830534
-32040
30569
9830534
-32040
15248
9830534
-32040
-1605
9830534
-32040
-20228
9830534
-32040
-7573
9830534
-32040
11815
9830534
-32040
-21728
9830534
-32040
-16596
9830534
-32040
-25809
9830534
-32040
8954
9830534
-32040
-298
9830534
-32040
24868
9830534
-32040
6822
9830534
-32040
-9979
9830534
-32040
-30775
9830534
-32040
902
9830534
-32040
6003
9830534
-32040
-29154
9830534
-32040
29525
9830534
-32040
-8033
9830534
-32040
18182
9830534
-32040
-26878
9830534
-32040
6574
9830534
-32040
6892
9830534
-32040
10706
9830534
-32040
25719
9830534
-32040
-28485
9830534
-32040
-12968
9830534
-32040
19867
9830534
-32040
-18051
9830534
-32040
11133
9830534
-32040
-9878
9830534
-32040
-1631
9830534
-32040
-9658
9830534
-32040
-31113
9830534
-32040
-27090
9830534
-32040
-13811
9830534
-32040
20074
9830534
-32040
-20115
9830534
-32040
-4007
9830534
-32040
29158
9830534
-32040
14108
9830534
-32040
6345
9830534
-32040
-15693
9830534
-32040
-13583
9830534
-32040
23152
9830534
-32040
-15563
9830534
-20849
-17673
579067
-20849
-5798
579067
-20849
29432
579067
-20849
11700
579067
-20849
-30034
579067
-20849
9802
579067
-20849
-24338
579067
-20849
30516
579067
-20849
4411
579067
-20849
21873
579067
-20849
-24432
579067
-20849
8062
579067
-20849
-31369
579067
-20849
21682
579067
-20849
-3119
579067
-20849
-10899
579067
-20849
26690
579067
-20849
-2658
579067
-20849
3363
579067
-20849
18818
579067
-20849
17375
579067
-20849
20486
579067
-20849
-5885
579067
-20849
-31607
579067
-20849
13616
579067
-20849
-1516
579067
-20849
4466
579067
-20849
26797
579067
-20849
10517
579067
-20849
-14380
579067
-20849
-28266
579067
-20849
32704
579067
-20849
-20715
579067
-20849
-21769
579067
-20849
24117
579067
-20849
-26394
579067
-20849
13589
579067
-20849
29548
579067
-20849
14163
579067
-20849
-18317
579067
-20849
-7999
579067
-20849
6208
579067
-20849
-8341
579067
-20849
30841
579067
-20849
-17033
579067
-20849
30865
579067
-20849
-3821
579067
-20849
5479
579067
-20849
-25250
579067
-20849
15193
579067
9690
-2980
5579271
9690
-3944
5579271
9690
3554
5579271
9690
17405
5579271
9690
32745
5579271
9690
-25359
5579271
9690
-7949
5579271
9690
-7644
5579271
9690
-5073
5579271
9690
28001
5579271
9690
-16881
5579271
9690
11489
5579271
9690
-10736
5579271
9690
18606
5579271
9690
24518
5579271
9690
24683
5579271
9690
14965
5579271
9690
-28564
5579271
9690
-20912
5579271
9690
-23225
5579271
9690
-2177
5579271
9690
-30614
5579271
9690
17061
5579271
9690
7160
5579271
9690
-2251
5579271
9690
13389
5579271
9690
-4903
5579271
9690
30416
5579271
9690
-5936
5579271
9690
-16734
5579271
9690
-16023
5579271
9690
26692
5579271
9690
-13584
5579271
9690
18066
5579271
9690
14374
5579271
9690
-1724
5579271
9690
25741
5579271
9690
5385
5579271
9690
-28377
5579271
9690
-29702
5579271
9690
-10986
5579271
9690
-1065
5579271
9690
-4216
5579271
9690
10424
5579271
9690
6784
5579271
9690
-26755
5579271
9690
-27870
5579271
9690
-13055
5579271
9690
24851
5579271
9690
23100
5579271
-23355
-3980
4760512
-23355
-17879
4760512
-23355
28428
4760512
-23355
18607
4760512
-23355
6702
4760512
-23355
22187
4760512
-23355
-16903
4760512
-23355
20032
4760512
-23355
22398
4760512
-23355
29642
4760512
-23355
7579
4760512
-23355
-7359
4760512
-23355
-2229
4760512
-23355
16159
4760512
-23355
1822
4760512
-23355
22247
4760512
-23355
-4395
4760512
-23355
1178
4760512
-23355
21239
4760512
-23355
-19487
4760512
-23355
-11000
4760512
-23355
17447
4760512
-23355
-3595
4760512
-23355
24922
4760512
-23355
-31962
4760512
-23355
-30314
4760512
-23355
-3131
4760512
-23355
26130
4760512
-23355
9327
4760512
-23355
-19950
4760512
-23355
579
4760512
-23355
18852
4760512
-23355
11084
4760512
-23355
22298
4760512
-23355
-8870
4760512
-23355
9195
4760512
-23355
-16704
4760512
-23355
-2932
4760512
-23355
25930
4760512
-23355
-14103
4760512
-23355
12686
4760512
-23355
23655
4760512
-23355
14790
4760512
-23355
-12277
4760512
-23355
-17893
4760512
-23355
-10284
4760512
-23355
1113
4760512
-23355
-24346
4760512
-23355
2371
4760512
-23355
29917
4760512
-8028
-30629
4981444
-8028
-10047
4981444
-8028
-23877
4981444
-8028
-29862
4981444
-8028
29426
4981444
-8028
12327
4981444
-8028
21617
4981444
-8028
-8945
4981444
-8028
-11767
4981444
-8028
17259
4981444
-8028
11400
4981444
-8028
-1799
4981444
-8028
-18477
4981444
-8028
-19118
4981444
-8028
32349
4981444
-8028
-18400
4981444
-8028
23236
4981444
-8028
-18545
4981444
-8028
17374
4981444
-8028
26567
4981444
-8028
-18356
4981444
-8028
1791
4981444
-8028
-1702
4981444
-8028
-28064
4981444
-8028
22728
4981444
-8028
14790
4981444
-8028
21292
4981444
-8028
-27526
4981444
-8028
11689
4981444
-8028
17444
4981444
-8028
-2135
4981444
-8028
-21149
4981444
-8028
10400
4981444
-8028
-20302
4981444
-8028
32292
4981444
-8028
21126
4981444
-8028
-17910
4981444
-8028
5142
4981444
-8028
5935
4981444
-8028
23122
4981444
-8028
-31135
4981444
-8028
20724
4981444
-8028
-9504
4981444
-8028
6165
4981444
-8028
-14880
4981444
-8028
5157
4981444
-8028
-28328
4981444
-8028
-25294
4981444
-8028
7230
4981444
-8028
10913
4981444
27036
-28246
12337770
27036
-32565
12337770
27036
18115
12337770
27036
26048
12337770
27036
8772
12337770
27036
-29728
12337770
27036
28179
12337770
27036
-25858
12337770
27036
-21296
12337770
27036
4319
12337770
27036
10539
12337770
27036
-10854
12337770
27036
-4609
12337770
27036
-17296
12337770
27036
-16096
12337770
27036
-25260
12337770
27036
-6294
12337770
27036
25551
12337770
27036
24932
12337770
27036
3220
12337770
27036
-13933
12337770
27036
1828
12337770
27036
22971
12337770
27036
-15722
12337770
27036
28700
12337770
27036
23976
12337770
27036
-24287
12337770
27036
19080
12337770
27036
1346
12337770
27036
13659
12337770
27036
-27989
12337770
27036
-25926
12337770
27036
22150
12337770
27036
-20449
12337770
27036
-17636
12337770
27036
19910
12337770
27036
19126
12337770
27036
-12229
12337770
27036
-14865
12337770
27036
-8268
12337770
27036
-29786
12337770
27036
12830
12337770
27036
3180
12337770
27036
22729
12337770
27036
21273
12337770
27036
-5800
12337770
27036
1649
12337770
27036
-5226
12337770
27036
-7162
12337770
27036
14377
12337770
9843
13953
7930900
9843
-18197
7930900
9843
9829
7930900
9843
4226
7930900
9843
20169
7930900
9843
-13867
7930900
9843
2685
7930900
9843
-28066
7930900
9843
23753
7930900
9843
-5499
7930900
9843
-4450
7930900
9843
-26135
7930900
9843
8884
7930900
9843
-25789
7930900
9843
17791
7930900
9843
-29449
7930900
9843
-11076
7930900
9843
-20715
7930900
9843
21693
7930900
9843
-25549
7930900
9843
15202
7930900
9843
-18484
7930900
9843
21542
7930900
9843
18266
7930900
9843
-18427
7930900
9843
-24539
7930900
9843
10312
7930900
9843
5405
7930900
9843
-12104
7930900
9843
2922
7930900
9843
-5953
7930900
9843
6358
7930900
9843
-19668
7930900
9843
6729
7930900
9843
4973
7930900
9843
-25505
7930900
9843
21606
7930900
9843
-3803
7930900
9843
10656
7930900
9843
23106
7930900
9843
-18631
7930900
9843
10318
7930900
9843
14695
7930900
9843
30748
7930900
9843
4436
7930900
9843
-21116
7930900
9843
-23466
7930900
9843
11054
7930900
9843
-22230
7930900
9843
-14083
7930900
8351
-7291
4980995
8351
-14309
4980995
8351
-25664
4980995
8351
-25537
4980995
8351
10814
4980995
8351
-2686
4980995
8351
-2834
4980995
8351
17065
4980995
8351
-21345
4980995
8351
-8401
4980995
8351
20931
4980995
8351
1645
4980995
8351
3298
4980995
8351
6872
4980995
8351
12109
4980995
8351
-26939
4980995
8351
2882
4980995
8351
-1683
4980995
8351
-7527
4980995
8351
10237
4980995
8351
-13599
4980995
8351
15036
4980995
8351
28901
4980995
8351
5164
4980995
8351
19925
4980995
8351
-4611
4980995
8351
17696
4980995
8351
21882
4980995
8351
12148
4980995
8351
-2650
4980995
8351
31351
4980995
8351
-2197
4980995
8351
-31223
4980995
8351
-28804
4980995
8351
-29280
4980995
8351
-15587
4980995
8351
-12213
4980995
8351
-26434
4980995
8351
2719
4980995
8351
12115
4980995
8351
6536
4980995
8351
4505
4980995
8351
11645
4980995
8351
-16768
4980995
8351
-21436
4980995
8351
7418
4980995
8351
-11170
4980995
8351
-18439
4980995
8351
20134
4980995
8351
31246
4980995
-1896
-32560
3014882
-1896
28366
3014882
-1896
9066
3014882
-1896
-17093
3014882
-1896
-31601
3014882
-1896
15871
3014882
-1896
31318
3014882
-1896
-13026
3014882
-1896
-15160
3014882
-1896
14360
3014882
-1896
-4032
3014882
-1896
-1749
3014882
-1896
20480
3014882
-1896
-23052
3014882
-1896
-26369
3014882
-1896
30999
3014882
-1896
26659
3014882
-1896
13358
3014882
-1896
-3746
3014882
-1896
-11365
3014882
-1896
27654
3014882
-1896
13364
3014882
-1896
-13083
3014882
-1896
-14123
3014882
-1896
11030
3014882
-1896
-5728
3014882
-1896
-26048
3014882
-1896
12175
3014882
-1896
621
3014882
-1896
2507
3014882
-1896
10211
3014882
-1896
-30911
3014882
-1896
-31657
3014882
-1896
-491
3014882
-1896
-28677
3014882
-1896
8698
3014882
-1896
8455
3014882
-1896
-30213
3014882
-1896
18124
3014882
-1896
31090
3014882
-1896
12555
3014882
-1896
5355
3014882
-1896
-19848
3014882
-1896
-21543
3014882
-1896
9617
3014882
-1896
20584
3014882
-1896
21941
3014882
-1896
15376
3014882
-1896
5968
3014882
-1896
5584
3014882
11173
17129
322428
11173
29251
322428
11173
16817
322428
11173
-15562
322428
11173
-2944
322428
11173
22808
322428
11173
-19936
322428
11173
-18998
322428
11173
-23665
322428
11173
-13615
322428
11173
-25494
322428
11173
16931
322428
11173
28786
322428
11173
32130
322428
11173
31658
322428
11173
29855
322428
11173
20461
322428
11173
-32294
322428
11173
-16002
322428
11173
-20712
322428
11173
-8064
322428
11173
-28503
322428
11173
3902
322428
11173
-30561
322428
11173
2412
322428
11173
-13231
322428
11173
7247
322428
11173
-16033
322428
11173
29254
322428
11173
8337
322428
11173
22218
322428
11173
12544
322428
11173
-4273
322428
11173
25225
322428
11173
-17325
322428
11173
-9978
322428
11173
26345
322428
11173
18892
322428
11173
27632
322428
11173
-22449
322428
11173
-25683
322428
11173
953
322428
11173
-10955
322428
11173
-16748
322428
11173
4510
322428
11173
-9375
322428
11173
-32009
322428
11173
-2581
322428
11173
-28020
322428
11173
25837
322428
-17420
31166
172282
-17420
22524
172282
-17420
32346
172282
-17420
11588
172282
-17420
-10358
172282
-17420
-15466
172282
-17420
-2744
172282
-17420
-9191
172282
-17420
-31024
172282
-17420
-14574
172282
-17420
1531
172282
-17420
-6335
172282
-17420
28605
172282
-17420
-8920
172282
-17420
24298
172282
-17420
30649
172282
-17420
27127
172282
-17420
-10996
172282
-17420
-794
172282
-17420
543
172282
-17420
10376
172282
-17420
20744
172282
-17420
-228
172282
-17420
23868
172282
-17420
6281
172282
-17420
9104
172282
-17420
27211
172282
-17420
13064
172282
-17420
872
172282
-17420
17142
172282
-17420
22883
172282
-17420
23388
172282
-17420
-10878
172282
-17420
-14566
172282
-17420
29704
172282
-17420
19911
172282
-17420
576
172282
-17420
-4289
172282
-17420
-5391
172282
-17420
-26895
172282
-17420
-839
172282
-17420
-7561
172282
-17420
-2327
172282
-17420
-27153
172282
-17420
32005
172282
-17420
-11746
172282
-17420
13299
172282
-17420
-10917
172282
-17420
20427
172282
-17420
679
172282
6645
22539
7471402
6645
25275
7471402
6645
-27884
7471402
6645
-17906
7471402
6645
-4498
7471402
6645
15566
7471402
6645
-32479
7471402
6645
1852
7471402
6645
16816
7471402
6645
-6095
7471402
6645
-529
7471402
6645
21076
7471402
6645
-15780
7471402
6645
23883
7471402
6645
20628
7471402
6645
-19760
7471402
6645
-3876
7471402
6645
-7432
7471402
6645
29104
7471402
6645
902
7471402
6645
-15384
7471402
6645
-16385
7471402
6645
1977
7471402
6645
-3488
7471402
6645
31395
7471402
6645
-15129
7471402
6645
-17654
7471402
6645
-6310
7471402
6645
-23956
7471402
6645
-7437
7471402
6645
17202
7471402
6645
8175
7471402
6645
8586
7471402
6645
25480
7471402
6645
5976
7471402
6645
13869
7471402
6645
-14553
7471402
6645
-27501
7471402
6645
25589
7471402
6645
17079
7471402
6645
-3772
7471402
6645
-9574
7471402
6645
8035
7471402
6645
18774
7471402
6645
25917
7471402
6645
-16889
7471402
6645
4242
7471402
6645
18290
7471402
6645
18108
7471402
6645
-19268
7471402
21783
-13016
193793
21783
3726
193793
21783
32593
193793
21783
24218
193793
21783
19785
193793
21783
23192
193793
21783
-26213
193793
21783
-31686
193793
21783
-12529
193793
21783
-1398
193793
21783
3266
193793
21783
-12438
193793
21783
10178
193793
21783
-29435
193793
21783
-2451
193793
21783
-26729
193793
21783
4356
193793
21783
11722
193793
21783
25855
193793
21783
-1830
193793
21783
-14947
193793
21783
21239
193793
21783
-7789
193793
21783
-22684
193793
21783
23760
193793
21783
11855
193793
21783
-12093
193793
21783
19503
193793
21783
31048
193793
21783
16754
193793
21783
6806
193793
21783
-23402
193793
21783
23244
193793
21783
17544
193793
21783
-31711
193793
21783
30891
193793
21783
-7356
193793
21783
21399
193793
21783
-9287
193793
21783
-16191
193793
21783
-29393
193793
21783
-21034
193793
21783
14901
193793
21783
12409
193793
21783
30539
193793
21783
-10469
193793
21783
-31675
193793
21783
307
193793
21783
-25993
193793
21783
12879
193793
-32632
19924
9044096
-32632
22187
9044096
-32632
24348
9044096
-32632
-25874
9044096
-32632
-4758
9044096
-32632
3028
9044096
-32632
28531
9044096
-32632
-32210
9044096
-32632
-5472
9044096
-32632
4268
9044096
-32632
-9897
9044096
-32632
29395
9044096
-32632
-20052
9044096
-32632
-20605
9044096
-32632
19214
9044096
-32632
8615
9044096
-32632
19405
9044096
-32632
-14401
9044096
-32632
12818
9044096
-32632
12554
9044096
-32632
-18491
9044096
-32632
-31237
9044096
-32632
930
9044096
-32632
2959
9044096
-32632
32305
9044096
-32632
-21877
9044096
-32632
30298
9044096
-32632
30167
9044096
-32632
-16037
9044096
-32632
24620
9044096
-32632
14450
9044096
-32632
-17288
9044096
-32632
-28647
9044096
-32632
-23766
9044096
-32632
-25426
9044096
-32632
-29688
9044096
-32632
22237
9044096
-32632
-22539
9044096
-32632
15158
9044096
-32632
7841
9044096
-32632
31378
9044096
-32632
-11655
9044096
-32632
-3844
9044096
-32632
-23437
9044096
-32632
7236
9044096
-32632
3863
9044096
-32632
19968
9044096
-32632
-5182
9044096
-32632
12660
9044096
-32632
26436
9044096
28570
-12452
9257595
28570
-26508
9257595
28570
-7632
9257595
28570
5133
9257595
28570
25660
9257595
28570
-15735
9257595
28570
-2930
9257595
28570
-28229
9257595
28570
8302
9257595
28570
-10409
9257595
28570
20743
9257595
28570
23392
9257595
28570
11945
9257595
28570
-7024
9257595
28570
21474
9257595
28570
-22736
9257595
28570
10401
9257595
28570
-14008
9257595
28570
-26551
9257595
28570
-8218
9257595
28570
-8428
9257595
28570
-7211
9257595
28570
-9012
9257595
28570
3648
9257595
28570
31491
9257595
28570
8215
9257595
28570
20980
9257595
28570
-13365
9257595
28570
-4729
9257595
28570
-10071
9257595
28570
-24949
9257595
28570
-1695
9257595
28570
-25731
9257595
28570
19778
9257595
28570
-2758
9257595
28570
31543
9257595
28570
-23858
9257595
28570
-30198
9257595
28570
15275
9257595
28570
-12624
9257595
28570
2582
9257595
28570
-2602
9257595
28570
6779
9257595
28570
20593
9257595
28570
16126
9257595
28570
23445
9257595
28570
-11524
9257595
28570
-20741
9257595
28570
-32727
9257595
28570
-8159
9257595
20033
16359
1100080
20033
4891
1100080
20033
32027
1100080
20033
-20965
1100080
20033
21812
1100080
20033
-13993
1100080
20033
29093
1100080
20033
-24609
1100080
20033
-686
1100080
20033
-14201
1100080
20033
6599
1100080
20033
22458
1100080
20033
11462
1100080
20033
-19117
1100080
20033
32278
1100080
20033
-9997
1100080
20033
-18707
1100080
20033
-6823
1100080
20033
30887
1100080
20033
-7776
1100080
20033
-19990
1100080
20033
-3806
1100080
20033
12702
1100080
20033
23907
1100080
20033
-16961
1100080
20033
-24335
1100080
20033
1862
1100080
20033
4457
1100080
20033
28559
1100080
20033
-15490
1100080
20033
-369
1100080
20033
21579
1100080
20033
-14202
1100080
20033
-19322
1100080
20033
-116
1100080
20033
4146
1100080
20033
4695
1100080
20033
18921
1100080
20033
-26856
1100080
20033
-23792
1100080
20033
26463
1100080
20033
-18076
1100080
20033
-16730
1100080
20033
30817
1100080
20033
19018
1100080
20033
4521
1100080
20033
-10315
1100080
20033
-9858
1100080
20033
-1423
1100080
20033
7296
1100080
-23801
-31930
5407169
-23801
-9009
5407169
-23801
-7613
5407169
-23801
8183
5407169
-23801
28285
5407169
-23801
17374
5407169
-23801
32234
5407169
-23801
14141
5407169
-23801
30416
5407169
-23801
-32530
5407169
-23801
-6065
5407169
-23801
-32274
5407169
-23801
-5547
5407169
-23801
-25969
5407169
-23801
17350
5407169
-23801
9994
5407169
-23801
-21375
5407169
-23801
-7517
5407169
-23801
29712
5407169
-23801
24100
5407169
-23801
-12956
5407169
-23801
29944
5407169
-23801
-7235
5407169
-23801
27246
5407169
-23801
-15164
5407169
-23801
-18729
5407169
-23801
7228
5407169
-23801
-7192
5407169
-23801
-11566
5407169
-23801
-10780
5407169
-23801
-14909
5407169
-23801
3486
5407169
-23801
-17801
5407169
-23801
1507
5407169
-23801
25264
5407169
-23801
-10040
5407169
-23801
22807
5407169
-23801
9936
5407169
-23801
13223
5407169
-23801
13124
5407169
-23801
4235
5407169
-23801
-29333
5407169
-23801
4583
5407169
-23801
16572
5407169
-23801
20231
5407169
-23801
-6507
5407169
-23801
25655
5407169
-23801
-30443
5407169
-23801
-8841
5407169
-23801
-14319
5407169
-14266
17811
2328705
-14266
11457
2328705
-14266
-13893
2328705
-14266
7325
2328705
-14266
24932
2328705
-14266
31159
2328705
-14266
-9892
2328705
-14266
24595
2328705
-14266
-22884
2328705
-14266
-3732
2328705
-14266
9189
2328705
-14266
-32767
2328705
-14266
-18380
2328705
-14266
-32622
2328705
-14266
-25621
2328705
-14266
-25545
2328705
-14266
8076
2328705
-14266
29426
2328705
-14266
27523
2328705
-14266
-18680
2328705
-14266
14172
2328705
-14266
-26156
2328705
-14266
29463
2328705
-14266
10081
2328705
-14266
29081
2328705
-14266
5758
2328705
-14266
-15254
2328705
-14266
32663
2328705
-14266
-16245
2328705
-14266
-20373
2328705
-14266
-12475
2328705
-14266
2155
2328705
-14266
-28334
2328705
-14266
-27164
2328705
-14266
15162
2328705
-14266
-3298
2328705
-14266
-849
2328705
-14266
17902
2328705
-14266
25808
2328705
-14266
14640
2328705
-14266
5899
2328705
-14266
-15602
2328705
-14266
-7629
2328705
-14266
-226
2328705
-14266
32116
2328705
-14266
1399
2328705
-14266
-26043
2328705
-14266
-28440
2328705
-14266
-25944
2328705
-14266
20226
2328705
15714
-17337
1933396
15714
29874
1933396
15714
-18480
1933396
15714
24608
1933396
15714
-6378
1933396
15714
19892
1933396
15714
11401
1933396
15714
11308
1933396
15714
-25220
1933396
15714
9272
1933396
15714
-5711
1933396
15714
24881
1933396
15714
-8970
1933396
15714
13900
1933396
15714
25748
1933396
15714
5750
1933396
15714
-18026
1933396
15714
-27609
1933396
15714
-17033
1933396
15714
-15536
1933396
15714
11421
1933396
15714
19835
1933396
15714
-17222
1933396
15714
-27162
1933396
15714
-14023
1933396
15714
6027
1933396
15714
-14480
1933396
15714
-9293
1933396
15714
-21869
1933396
15714
29616
1933396
15714
-21001
1933396
15714
-805
1933396
15714
-2062
1933396
15714
31097
1933396
15714
16711
1933396
15714
-31983
1933396
15714
-27040
1933396
15714
-10031
1933396
15714
18976
1933396
15714
9671
1933396
15714
-6462
1933396
15714
-17285
1933396
15714
-20227
1933396
15714
-24781
1933396
15714
20513
1933396
15714
-29029
1933396
15714
19586
1933396
15714
22217
1933396
15714
3970
1933396
15714
20319
1933396
-31006
-20882
10817692
-31006
-20558
10817692
-31006
24549
10817692
-31006
19248
10817692
-31006
27536
10817692
-31006
-5608
10817692
-31006
-27845
10817692
-31006
8609
10817692
-31006
-23389
10817692
-31006
-28654
10817692
-31006
6057
10817692
-31006
-1660
10817692
-31006
-15596
10817692
-31006
-1003
10817692
-31006
-17852
10817692
-31006
-20430
10817692
-31006
15969
10817692
-31006
8516
10817692
-31006
24487
10817692
-31006
-3352
10817692
-31006
-10130
10817692
-31006
13978
10817692
-31006
-17821
10817692
-31006
-12304
10817692
-31006
13079
10817692
-31006
9621
10817692
-31006
6715
10817692
-31006
-3856
10817692
-31006
-8746
10817692
-31006
-5566
10817692
-31006
-11769
10817692
-31006
-31857
10817692
-31006
-1355
10817692
-31006
-14596
10817692
-31006
6293
10817692
-31006
-23486
10817692
-31006
15437
10817692
-31006
-31733
10817692
-31006
8687
10817692
-31006
-29734
10817692
-31006
15786
10817692
-31006
-16215
10817692
-31006
-15826
10817692
-31006
-4543
10817692
-31006
-15802
10817692
-31006
-4218
10817692
-31006
1138
10817692
-31006
2198
10817692
-31006
-15633
10817692
-31006
-31397
10817692
-9604
18330
5775990
-9604
25466
5775990
-9604
-15382
5775990
-9604
-12043
5775990
-9604
11026
5775990
-9604
31159
5775990
-9604
-6679
5775990
-9604
-9501
5775990
-9604
-32146
5775990
-9604
18999
5775990
-9604
-4192
5775990
-9604
-2054
5775990
-9604
11239
5775990
-9604
-9429
5775990
-9604
9833
5775990
-9604
18608
5775990
-9604
-21474
5775990
-9604
-16551
5775990
-9604
-12812
5775990
-9604
19447
5775990
-9604
6958
5775990
-9604
23877
5775990
-9604
5707
5775990
-9604
-32534
5775990
-9604
-4482
5775990
-9604
14566
5775990
-9604
-4135
5775990
-9604
7091
5775990
-9604
6673
5775990
-9604
18361
5775990
-9604
29349
5775990
-9604
8888
5775990
-9604
-11317
5775990
-9604
1334
5775990
-9604
31216
5775990
-9604
-18741
5775990
-9604
-26230
5775990
-9604
20046
5775990
-9604
24827
5775990
-9604
8724
5775990
-9604
-21568
5775990
-9604
26670
5775990
-9604
18016
5775990
-9604
-17400
5775990
-9604
-5336
5775990
-9604
23517
5775990
-9604
7134
5775990
-9604
4550
5775990
-9604
5597
5775990
-9604
-24866
5775990
4781
5606
1133581
4781
-23024
1133581
4781
-3366
1133581
4781
-3867
1133581
4781
-32300
1133581
4781
30994
1133581
4781
20282
1133581
4781
-24669
1133581
4781
13479
1133581
4781
13080
1133581
4781
24745
1133581
4781
-25807
1133581
4781
-22743
1133581
4781
19571
1133581
4781
501
1133581
4781
-31104
1133581
4781
-3714
1133581
4781
1297
1133581
4781
-20768
1133581
4781
10772
1133581
4781
-25135
1133581
4781
-435
1133581
4781
-27091
1133581
4781
12862
1133581
4781
-6761
1133581
4781
-11927
1133581
4781
13037
1133581
4781
-9806
1133581
4781
-6657
1133581
4781
-14875
1133581
4781
19816
1133581
4781
18739
1133581
4781
-13248
1133581
4781
18563
1133581
4781
15490
1133581
4781
10583
1133581
4781
-26422
1133581
4781
-20540
1133581
4781
-15252
1133581
4781
657
1133581
4781
15970
1133581
4781
1348
1133581
4781
1347
1133581
4781
18769
1133581
4781
-25077
1133581
4781
26999
1133581
4781
3540
1133581
4781
954
1133581
4781
32225
1133581
4781
-13991
1133581
1329
-4063
274688
1329
-6068
274688
1329
-30141
274688
1329
-27562
274688
1329
-1771
274688
1329
-12353
274688
1329
-4349
274688
1329
-13758
274688
1329
-19776
274688
1329
18431
274688
1329
6047
274688
1329
-4282
274688
1329
-4924
274688
1329
2749
274688
1329
28222
274688
1329
18994
274688
1329
-10484
274688
1329
22973
274688
1329
25414
274688
1329
4531
274688
1329
6942
274688
1329
-18464
274688
1329
19628
274688
1329
-25722
274688
1329
-24538
274688
1329
18445
274688
1329
-25738
274688
1329
4645
274688
1329
-27022
274688
1329
2554
274688
1329
-11072
274688
1329
20451
274688
1329
12280
274688
1329
24215
274688
1329
-24177
274688
1329
-29996
274688
1329
-24321
274688
1329
-18810
274688
1329
-25764
274688
1329
25861
274688
1329
-19586
274688
1329
9617
274688
1329
-15993
274688
1329
-538
274688
1329
-4028
274688
1329
17639
274688
1329
6798
274688
1329
-8048
274688
1329
11619
274688
1329
18874
274688
-21608
-1786
975098
-21608
1790
975098
-21608
-889
975098
-21608
-27300
975098
-21608
27868
975098
-21608
-20005
975098
-21608
13090
975098
-21608
13477
975098
-21608
-11701
975098
-21608
-23807
975098
-21608
-9880
975098
-21608
22483
975098
-21608
28412
975098
-21608
-760
975098
-21608
-21839
975098
-21608
29192
975098
-21608
2973
975098
-21608
8961
975098
-21608
12403
975098
-21608
-31694
975098
-21608
28345
975098
-21608
10218
975098
-21608
1548
975098
-21608
10275
975098
-21608
-830
975098
-21608
10819
975098
-21608
21421
975098
-21608
-22767
975098
-21608
-24678
975098
-21608
-13202
975098
-21608
8064
975098
-21608
-16581
975098
-21608
-16806
975098
-21608
2411
975098
-21608
17718
975098
-21608
26502
975098
-21608
2798
975098
-21608
14226
975098
-21608
5651
975098
-21608
-31496
975098
-21608
19776
975098
-21608
-31688
975098
-21608
10165
975098
-21608
31534
975098
-21608
-12144
975098
-21608
19324
975098
-21608
-15188
975098
-21608
-8393
975098
-21608
-13589
975098
-21608
22107
975098
-26370
-11363
14749871
-26370
11738
14749871
-26370
18805
14749871
-26370
-7277
14749871
-26370
-29587
14749871
-26370
12280
14749871
-26370
30893
14749871
-26370
2560
14749871
-26370
-24348
14749871
-26370
-3967
14749871
-26370
1742
14749871
-26370
19111
14749871
-26370
-14773
14749871
-26370
-24342
14749871
-26370
-3936
14749871
-26370
29020
14749871
-26370
20616
14749871
-26370
-4425
14749871
-26370
22854
14749871
-26370
-12662
14749871
-26370
3537
14749871
-26370
27388
14749871
-26370
30621
14749871
-26370
17003
14749871
-26370
19262
14749871
-26370
-11264
14749871
-26370
-26762
14749871
-26370
24883
14749871
-26370
4004
14749871
-26370
25338
14749871
-26370
-32621
14749871
-26370
-16203
14749871
-26370
17894
14749871
-26370
7972
14749871
-26370
13010
14749871
-26370
149
14749871
-26370
-15954
14749871
-26370
-17598
14749871
-26370
-12434
14749871
-26370
-31713
14749871
-26370
5734
14749871
-26370
-19478
14749871
-26370
-946
14749871
-26370
11933
14749871
-26370
-21381
14749871
-26370
-4374
14749871
-26370
28769
14749871
-26370
-779
14749871
-26370
12400
14749871
-26370
17822
14749871
-29075
-17091
10044597
-29075
-31821
10044597
-29075
-10633
10044597
-29075
11620
10044597
-29075
30117
10044597
-29075
-17299
10044597
-29075
-1726
10044597
-29075
5015
10044597
-29075
-13966
10044597
-29075
6907
10044597
-29075
-14194
10044597
-29075
12922
10044597
-29075
-7276
10044597
-29075
-25208
10044597
-29075
-16297
10044597
-29075
-15521
10044597
-29075
11780
10044597
-29075
-18664
10044597
-29075
-8186
10044597
-29075
23707
10044597
-29075
12469
10044597
-29075
9062
10044597
-29075
-481
10044597
-29075
-21115
10044597
-29075
26634
10044597
-29075
2997
10044597
-29075
-729
10044597
-29075
-6513
10044597
-29075
11339
10044597
-29075
22866
10044597
-29075
26107
10044597
-29075
-6372
10044597
-29075
-5558
10044597
-29075
-14180
10044597
-29075
-31653
10044597
-29075
13401
10044597
-29075
23980
10044597
-29075
393
10044597
-29075
32174
10044597
-29075
8774
10044597
-29075
4589
10044597
-29075
-2727
10044597
-29075
2808
10044597
-29075
15798
10044597
-29075
16790
10044597
-29075
6972
10044597
-29075
-8515
10044597
-29075
-4442
10044597
-29075
2354
10044597
-29075
9452
10044597
-12102
-26241
639623
-12102
-14214
639623
-12102
2854
639623
-12102
27495
639623
-12102
-14191
639623
-12102
-3375
639623
-12102
5084
639623
-12102
-14552
639623
-12102
22175
639623
-12102
6574
639623
-12102
32181
639623
-12102
-11549
639623
-12102
13157
639623
-12102
6356
639623
-12102
11404
639623
-12102
-26467
639623
-12102
30984
639623
-12102
-8608
639623
-12102
4465
639623
-12102
-4136
639623
-12102
-11224
639623
-12102
495
639623
-12102
12094
639623
-12102
-26516
639623
-12102
8287
639623
-12102
-27291
639623
-12102
15596
639623
-12102
13763
639623
-12102
9244
639623
-12102
16814
639623
-12102
21598
639623
-12102
-24497
639623
-12102
-3653
639623
-12102
-9361
639623
-12102
9167
639623
-12102
-12771
639623
-12102
18697
639623
-12102
-5107
639623
-12102
-27608
639623
-12102
5502
639623
-12102
7231
639623
-12102
-22257
639623
-12102
-8483
639623
-12102
-12319
639623
-12102
9741
639623
-12102
-8821
639623
-12102
10679
639623
-12102
-28774
639623
-12102
7598
639623
-12102
-19819
639623
-19776
-24805
1099976
-19776
7530
1099976
-19776
-2240
1099976
-19776
-7889
1099976
-19776
18177
1099976
-19776
3536
1099976
-19776
-21005
1099976
-19776
-22482
1099976
-19776
-13260
1099976
-19776
-23115
1099976
-19776
-28474
1099976
-19776
32398
1099976
-19776
-7846
1099976
-19776
-17559
1099976
-19776
-5374
1099976
-19776
11997
1099976
-19776
-24532
1099976
-19776
995
1099976
-19776
-14854
1099976
-19776
-16725
1099976
-19776
27751
1099976
-19776
25593
1099976
-19776
-17270
1099976
-19776
-28024
1099976
-19776
-24359
1099976
-19776
30703
1099976
-19776
-15640
1099976
-19776
19556
1099976
-19776
16009
1099976
-19776
8429
1099976
-19776
-20158
1099976
-19776
6556
1099976
-19776
-3239
1099976
-19776
386
1099976
-19776
-5302
1099976
-19776
18010
1099976
-19776
5641
1099976
-19776
-31496
1099976
-19776
-8928
1099976
-19776
8576
1099976
-19776
10834
1099976
-19776
-7123
1099976
-19776
-16497
1099976
-19776
14695
1099976
-19776
30582
1099976
-19776
-4288
1099976
-19776
-24426
1099976
-19776
-28188
1099976
-19776
-12705
1099976
-19776
-6438
1099976
8108
17071
4197950
8108
21640
4197950
8108
13986
4197950
8108
-6200
4197950
8108
-20703
4197950
8108
12489
4197950
8108
20944
4197950
8108
-20637
4197950
8108
31608
4197950
8108
17420
4197950
8108
1983
4197950
8108
12159
4197950
8108
-268
4197950
8108
-27050
4197950
8108
23508
4197950
8108
-27577
4197950
8108
-7196
4197950
8108
2097
4197950
8108
-7346
4197950
8108
9629
4197950
8108
145
4197950
8108
11479
4197950
8108
8252
4197950
8108
-11979
4197950
8108
-28073
4197950
8108
16781
4197950
8108
-28410
4197950
8108
-26877
4197950
8108
-2103
4197950
8108
-31058
4197950
8108
-9597
4197950
8108
-4981
4197950
8108
14431
4197950
8108
-24266
4197950
8108
-17199
4197950
8108
14490
4197950
8108
-12061
4197950
8108
7811
4197950
8108
-25654
4197950
8108
30356
4197950
8108
28635
4197950
8108
-8761
4197950
8108
-29247
4197950
8108
-12476
4197950
8108
-9137
4197950
8108
-15221
4197950
8108
-11902
4197950
8108
5873
4197950
8108
-16444
4197950
8108
6225
4197950
216
21815
397318
216
17408
397318
216
25579
397318
216
5957
397318
216
13940
397318
216
-10165
397318
216
25255
397318
216
-6253
397318
216
13816
397318
216
29115
397318
216
-20552
397318
216
-4171
397318
216
27973
397318
216
-20270
397318
216
26826
397318
216
-14749
397318
216
-5739
397318
216
-22426
397318
216
25032
397318
216
-8505
397318
216
-13289
397318
216
3438
397318
216
24307
397318
216
9811
397318
216
5531
397318
216
22953
397318
216
-30189
397318
216
23814
397318
216
3763
397318
216
24955
397318
216
27306
397318
216
-5979
397318
216
6630
397318
216
12624
397318
216
-1095
397318
216
328
397318
216
31411
397318
216
-11384
397318
216
-2367
397318
216
-23971
397318
216
13555
397318
216
-15763
397318
216
-9145
397318
216
-27662
397318
216
15454
397318
216
1095
397318
216
-24595
397318
216
-13651
397318
216
6718
397318
216
-3289
397318
-24679
4789
13500858
-24679
-23545
13500858
-24679
7514
13500858
-24679
19455
13500858
-24679
-13953
13500858
-24679
-15756
13500858
-24679
-29539
13500858
-24679
-5637
13500858
-24679
854
13500858
-24679
-2387
13500858
-24679
-25712
13500858
-24679
-3345
13500858
-24679
-18080
13500858
-24679
13942
13500858
-24679
-4709
13500858
-24679
-32002
13500858
-24679
18075
13500858
-24679
6158
13500858
-24679
-10166
13500858
-24679
-26156
13500858
-24679
28347
13500858
-24679
-28503
13500858
-24679
17668
13500858
-24679
-24072
13500858
-24679
-21562
13500858
-24679
5224
13500858
-24679
16920
13500858
-24679
27138
13500858
-24679
-28698
13500858
-24679
23707
13500858
-24679
14781
13500858
-24679
-18868
13500858
-24679
-9478
13500858
-24679
-5202
13500858
-24679
-6628
13500858
-24679
21591
13500858
-24679
-24567
13500858
-24679
-25475
13500858
-24679
-15458
13500858
-24679
7771
13500858
-24679
8460
13500858
-24679
16033
13500858
-24679
28157
13500858
-24679
-11874
13500858
-24679
9078
13500858
-24679
-8254
13500858
-24679
6932
13500858
-24679
-11137
13500858
-24679
-7554
13500858
-24679
-18177
13500858
27170
-29297
9789552
27170
3132
9789552
27170
24282
9789552
27170
-29812
9789552
27170
22065
9789552
27170
-18642
9789552
27170
-27917
9789552
27170
3115
9789552
27170
-27356
9789552
27170
15657
9789552
27170
-906
9789552
27170
15349
9789552
27170
13089
9789552
27170
18364
9789552
27170
11694
9789552
27170
21933
9789552
27170
-20387
9789552
27170
-26978
9789552
27170
21493
9789552
27170
22594
9789552
27170
18241
9789552
27170
-13873
9789552
27170
10867
9789552
27170
1615
9789552
27170
31783
9789552
27170
-12109
9789552
27170
-24308
9789552
27170
-29552
9789552
27170
1444
9789552
27170
22378
9789552
27170
-16202
9789552
27170
-28427
9789552
27170
30077
9789552
27170
-5110
9789552
27170
-4407
9789552
27170
16810
9789552
27170
-10673
9789552
27170
31493
9789552
27170
13416
9789552
27170
-2516
9789552
27170
-27698
9789552
27170
3138
9789552
27170
-31631
9789552
27170
-118
9789552
27170
12700
9789552
27170
-14763
9789552
27170
-30581
9789552
27170
22222
9789552
27170
19595
9789552
27170
-7352
9789552
-6420
24162
6297310
-6420
13846
6297310
-6420
-21660
6297310
-6420
-18315
6297310
-6420
-7323
6297310
-6420
28443
6297310
-6420
31647
6297310
-6420
26105
6297310
-6420
-30606
6297310
-6420
-30005
6297310
-6420
-19694
6297310
-6420
-32478
6297310
-6420
-12074
6297310
-6420
-15976
6297310
-6420
-31489
6297310
-6420
23989
6297310
-6420
-27399
6297310
-6420
-26467
6297310
-6420
-6244
6297310
-6420
-17556
6297310
-6420
-9585
6297310
-6420
5230
6297310
-6420
30538
6297310
-6420
30174
6297310
-6420
1624
6297310
-6420
20602
6297310
-6420
-27613
6297310
-6420
12195
6297310
-6420
-29389
6297310
-6420
2973
6297310
-6420
-12806
6297310
-6420
-30332
6297310
-6420
10724
6297310
-6420
29275
6297310
-6420
-22738
6297310
-6420
9377
6297310
-6420
21800
6297310
-6420
20278
6297310
-6420
16425
6297310
-6420
-20682
6297310
-6420
-17340
6297310
-6420
32310
6297310
-6420
18980
6297310
-6420
-6553
6297310
-6420
16749
6297310
-6420
-5229
6297310
-6420
-9325
6297310
-6420
30927
6297310
-6420
-29455
6297310
-6420
20520
6297310
13137
-28605
2655528
13137
-13419
2655528
13137
22657
2655528
13137
-29457
2655528
13137
32591
2655528
13137
-2859
2655528
13137
-11810
2655528
13137
3269
2655528
13137
29393
2655528
13137
-19113
2655528
13137
-11051
2655528
13137
30263
2655528
13137
-6649
2655528
13137
-32658
2655528
13137
4222
2655528
13137
-20483
2655528
13137
31719
2655528
13137
-20307
2655528
13137
30592
2655528
13137
32662
2655528
13137
4689
2655528
13137
-30446
2655528
13137
-14460
2655528
13137
12578
2655528
13137
-27832
2655528
13137
-26588
2655528
13137
30747
2655528
13137
5630
2655528
13137
-22455
2655528
13137
-9846
2655528
13137
23774
2655528
13137
-14721
2655528
13137
-10122
2655528
13137
18366
2655528
13137
-20740
2655528
13137
31616
2655528
13137
16506
2655528
13137
12933
2655528
13137
23031
2655528
13137
32644
2655528
13137
-30005
2655528
13137
-31700
2655528
13137
-7567
2655528
13137
30743
2655528
13137
-11966
2655528
13137
-29067
2655528
13137
28890
2655528
13137
-12870
2655528
13137
30135
2655528
13137
21150
2655528
-15386
5674
499869
-15386
8454
499869
-15386
16432
499869
-15386
8767
499869
-15386
-29334
499869
-15386
30150
499869
-15386
-28567
499869
-15386
18823
499869
-15386
-1222
499869
-15386
21854
499869
-15386
-11728
499869
-15386
30410
499869
-15386
-3283
499869
-15386
-8604
499869
-15386
16771
499869
-15386
27951
499869
-15386
-19214
499869
-15386
-5686
499869
-15386
14803
499869
-15386
27634
499869
-15386
1187
499869
-15386
8258
499869
-15386
-23558
499869
-15386
4411
499869
-15386
2927
499869
-15386
-30567
499869
-15386
-19270
499869
-15386
17872
499869
-15386
26388
499869
-15386
4581
499869
-15386
12499
499869
-15386
5901
499869
-15386
26847
499869
-15386
-13621
499869
-15386
12061
499869
-15386
4813
499869
-15386
-12020
499869
-15386
-6454
499869
-15386
13111
499869
-15386
1967
499869
-15386
12864
499869
-15386
31409
499869
-15386
-20192
499869
-15386
14097
499869
-15386
-6171
499869
-15386
4073
499869
-15386
16888
499869
-15386
-6798
499869
-15386
9986
499869
-15386
-6824
499869
-16546
-26016
884971
-16546
22911
884971
-16546
14101
884971
-16546
13972
884971
-16546
9975
884971
-16546
-3628
884971
-16546
26400
884971
-16546
-21739
884971
-16546
-32188
884971
-16546
-29949
884971
-16546
5561
884971
-16546
22091
884971
-16546
29933
884971
-16546
22080
884971
-16546
8244
884971
-16546
-19431
884971
-16546
-15467
884971
-16546
-8409
884971
-16546
-18848
884971
-16546
-18484
884971
-16546
-15476
884971
-16546
-26663
884971
-16546
22199
884971
-16546
-30281
884971
-16546
-14344
884971
-16546
3730
884971
-16546
-23549
884971
-16546
3742
884971
-16546
20914
884971
-16546
19667
884971
-16546
15209
884971
-16546
2007
884971
-16546
4805
884971
-16546
14715
884971
-16546
-21144
884971
-16546
12600
884971
-16546
-26719
884971
-16546
10876
884971
-16546
31118
884971
-16546
4432
884971
-16546
-5035
884971
-16546
28205
884971
-16546
-19711
884971
-16546
-9313
884971
-16546
-29173
884971
-16546
-31485
884971
-16546
29548
884971
-16546
26175
884971
-16546
2952
884971
-16546
30772
884971
8699
21617
5243663
8699
894
5243663
8699
1023
5243663
8699
5100
5243663
8699
1145
5243663
8699
21338
5243663
8699
10858
5243663
8699
-2088
5243663
8699
12314
5243663
8699
6834
5243663
8699
11465
5243663
8699
-16306
5243663
8699
14503
5243663
8699
-2663
5243663
8699
-22134
5243663
8699
20217
5243663
8699
6674
5243663
8699
18441
5243663
8699
27943
5243663
8699
-26271
5243663
8699
10231
5243663
8699
-6873
5243663
8699
15685
5243663
8699
16003
5243663
8699
23673
5243663
8699
-21606
5243663
8699
7214
5243663
8699
-5689
5243663
8699
-14991
5243663
8699
4500
5243663
8699
-18370
5243663
8699
25472
5243663
8699
25256
5243663
8699
6784
5243663
8699
5208
5243663
8699
12638
5243663
8699
-22575
5243663
8699
28991
5243663
8699
-2021
5243663
8699
-7593
5243663
8699
27153
5243663
8699
5061
5243663
8699
14588
5243663
8699
-32190
5243663
8699
32345
5243663
8699
-26252
5243663
8699
-18797
5243663
8699
-10395
5243663
8699
14454
5243663
8699
-20255
5243663
-25387
5085
13894548
-25387
27283
13894548
-25387
-28805
13894548
-25387
-17251
13894548
-25387
-1558
13894548
-25387
4119
13894548
-25387
23639
13894548
-25387
-20532
13894548
-25387
-12682
13894548
-25387
-17596
13894548
-25387
30097
13894548
-25387
-16262
13894548
-25387
32095
13894548
-25387
32318
13894548
-25387
27985
13894548
-25387
20121
13894548
-25387
23268
13894548
-25387
-18032
13894548
-25387
1630
13894548
-25387
21464
13894548
-25387
-30058
13894548
-25387
-14289
13894548
-25387
-2822
13894548
-25387
-28739
13894548
-25387
3790
13894548
-25387
18888
13894548
-25387
-6707
13894548
-25387
31252
13894548
-25387
-492
13894548
-25387
16389
13894548
-25387
-19339
13894548
-25387
24844
13894548
-25387
-8814
13894548
-25387
-23894
13894548
-25387
1989
13894548
-25387
-6246
13894548
-25387
-6634
13894548
-25387
-1391
13894548
-25387
20976
13894548
-25387
-11022
13894548
-25387
25647
13894548
-25387
16084
13894548
-25387
-31486
13894548
-25387
2233
13894548
-25387
-30988
13894548
-25387
19741
13894548
-25387
30046
13894548
-25387
10202
13894548
-25387
10124
13894548
-25387
11788
13894548
26032
17543
13642828
26032
13033
13642828
26032
19423
13642828
26032
7466
13642828
26032
10200
13642828
26032
7679
13642828
26032
-4230
13642828
26032
2532
13642828
26032
4103
13642828
26032
-23461
13642828
26032
-4175
13642828
26032
-20423
13642828
26032
27472
13642828
26032
1750
13642828
26032
12305
13642828
26032
23553
13642828
26032
5520
13642828
26032
27814
13642828
26032
-10432
13642828
26032
29299
13642828
26032
-17193
13642828
26032
-19038
13642828
26032
-1741
13642828
26032
-16088
13642828
26032
-11003
13642828
26032
-10050
13642828
26032
-14898
13642828
26032
21390
13642828
26032
19676
13642828
26032
7591
13642828
26032
-14998
13642828
26032
17796
13642828
26032
18378
13642828
26032
1661
13642828
26032
9108
13642828
26032
-1655
13642828
26032
-15608
13642828
26032
9949
13642828
26032
27389
13642828
26032
24846
13642828
26032
21085
13642828
26032
9347
13642828
26032
30552
13642828
26032
5109
13642828
26032
-12606
13642828
26032
29115
13642828
26032
-9806
13642828
26032
24922
13642828
26032
-2005
13642828
26032
22717
13642828
-10813
32543
1173640
-10813
9180
1173640
-10813
-15646
1173640
-10813
3184
1173640
-10813
-15931
1173640
-10813
-31433
1173640
-10813
15966
1173640
-10813
1120
1173640
-10813
27193
1173640
-10813
-32605
1173640
-10813
17746
1173640
-10813
-17025
1173640
-10813
31906
1173640
-10813
16829
1173640
-10813
15789
1173640
-10813
21118
1173640
-10813
10547
1173640
-10813
-18572
1173640
-10813
-2610
1173640
-10813
20631
1173640
-10813
-718
1173640
-10813
17110
1173640
-10813
-24460
1173640
-10813
10138
1173640
-10813
-12669
1173640
-10813
-24825
1173640
-10813
-22522
1173640
-10813
8905
1173640
-10813
-4479
1173640
-10813
-23518
1173640
-10813
2772
1173640
-10813
-16970
1173640
-10813
-4276
1173640
-10813
2311
1173640
-10813
29180
1173640
-10813
-26080
1173640
-10813
19905
1173640
-10813
31921
1173640
-10813
7560
1173640
-10813
30194
1173640
-10813
-18396
1173640
-10813
32574
1173640
-10813
-25977
1173640
-10813
-22688
1173640
-10813
-9433
1173640
-10813
28508
1173640
-10813
31867
1173640
-10813
2789
1173640
-10813
28377
1173640
-10813
-8871
1173640
29624
30234
10618942
29624
-2563
10618942
29624
-22759
10618942
29624
-8181
10618942
29624
30845
10618942
29624
3957
10618942
29624
20779
10618942
29624
20131
10618942
29624
-3447
10618942
29624
-8013
10618942
29624
-443
10618942
29624
11037
10618942
29624
-5236
10618942
29624
21180
10618942
29624
-20317
10618942
29624
-5242
10618942
29624
4341
10618942
29624
-20616
10618942
29624
-23658
10618942
29624
-14881
10618942
29624
11558
10618942
29624
2039
10618942
29624
12041
10618942
29624
7299
10618942
29624
-2054
10618942
29624
2809
10618942
29624
21467
10618942
29624
-6720
10618942
29624
13687
10618942
29624
21759
10618942
29624
-29069
10618942
29624
22088
10618942
29624
13450
10618942
29624
15059
10618942
29624
14650
10618942
29624
-15792
10618942
29624
24152
10618942
29624
16448
10618942
29624
25675
10618942
29624
24106
10618942
29624
21500
10618942
29624
-728
10618942
29624
-13599
10618942
29624
23442
10618942
29624
-25735
10618942
29624
8856
10618942
29624
15425
10618942
29624
26925
10618942
29624
14114
10618942
29624
-3674
10618942
17651
-592
111628
17651
-26111
111628
17651
5222
111628
17651
-2765
111628
17651
24542
111628
17651
-10035
111628
17651
-28161
111628
17651
29200
111628
17651
-32700
111628
17651
22458
111628
17651
21670
111628
17651
-18718
111628
17651
-2494
111628
17651
-19272
111628
17651
32330
111628
17651
-11650
111628
17651
21151
111628
17651
10380
111628
17651
27270
111628
17651
12787
111628
17651
24733
111628
17651
27448
111628
17651
30713
111628
17651
4141
111628
17651
10376
111628
17651
963
111628
17651
13326
111628
17651
-32593
111628
17651
-22610
111628
17651
17570
111628
17651
-24346
111628
17651
-32667
111628
17651
-26203
111628
17651
26835
111628
17651
25531
111628
17651
21413
111628
17651
8488
111628
17651
-10432
111628
17651
31791
111628
17651
2100
111628
17651
-57
111628
17651
-20055
111628
17651
-17440
111628
17651
-9491
111628
17651
-17911
111628
17651
-28695
111628
17651
-12968
111628
17651
-3553
111628
17651
29898
111628
17651
28873
111628
-19665
-12901
1360323
-19665
12512
1360323
-19665
-19568
1360323
-19665
-8939
1360323
-19665
6492
1360323
-19665
-21348
1360323
-19665
-17642
1360323
-19665
-24702
1360323
-19665
25321
1360323
-19665
12206
1360323
-19665
24451
1360323
-19665
16357
1360323
-19665
1697
1360323
-19665
-29263
1360323
-19665
-11501
1360323
-19665
15624
1360323
-19665
-16395
1360323
-19665
20976
1360323
-19665
25945
1360323
-19665
-18194
1360323
-19665
-11499
1360323
-19665
-8117
1360323
-19665
-3287
1360323
-19665
-3977
1360323
-19665
-24735
1360323
-19665
3662
1360323
-19665
-22892
1360323
-19665
-13645
1360323
-19665
-15981
1360323
-19665
26767
1360323
-19665
-7928
1360323
-19665
23999
1360323
-19665
11943
1360323
-19665
408
1360323
-19665
27271
1360323
-19665
10224
1360323
-19665
29922
1360323
-19665
29258
1360323
-19665
23538
1360323
-19665
32300
1360323
-19665
8732
1360323
-19665
-28821
1360323
-19665
-13375
1360323
-19665
-17366
1360323
-19665
-23652
1360323
-19665
-775
1360323
-19665
18604
1360323
-19665
-28709
1360323
-19665
29433
1360323
-19665
-1443
1360323
21218
7468
1425420
21218
-5733
1425420
21218
-16986
1425420
21218
-24035
1425420
21218
12421
1425420
21218
-22496
1425420
21218
-31323
1425420
21218
9217
1425420
21218
27024
1425420
21218
23709
1425420
21218
-19132
1425420
21218
10777
1425420
21218
-11746
1425420
21218
-30007
1425420
21218
-6841
1425420
21218
2789
1425420
21218
1142
1425420
21218
-3313
1425420
21218
3521
1425420
21218
26457
1425420
21218
-21015
1425420
21218
31274
1425420
21218
1230
1425420
21218
-5078
1425420
21218
-8794
1425420
21218
-26318
1425420
21218
3756
1425420
21218
-29022
1425420
21218
-25865
1425420
21218
24815
1425420
21218
-31585
1425420
21218
11450
1425420
21218
-22556
1425420
21218
-13398
1425420
21218
22862
1425420
21218
21608
1425420
21218
-22622
1425420
21218
930
1425420
21218
5440
1425420
21218
-18127
1425420
21218
-24683
1425420
21218
12967
1425420
21218
28913
1425420
21218
-4170
1425420
21218
16543
1425420
21218
-28398
1425420
21218
-29016
1425420
21218
29447
1425420
21218
32418
1425420
21218
-27832
1425420
-9240
30654
4334718
-9240
23891
4334718
-9240
21929
4334718
-9240
14524
4334718
-9240
859
4334718
-9240
-26611
4334718
-9240
23691
4334718
-9240
-1945
4334718
-9240
-30059
4334718
-9240
-3350
4334718
-9240
-31573
4334718
-9240
-9181
4334718
-9240
-23562
4334718
-9240
14942
4334718
-9240
25556
4334718
-9240
12400
4334718
-9240
5846
4334718
-9240
3382
4334718
-9240
-1001
4334718
-9240
-30265
4334718
-9240
-25209
4334718
-9240
-26840
4334718
-9240
-32098
4334718
-9240
-31925
4334718
-9240
-3681
4334718
-9240
-22729
4334718
-9240
25419
4334718
-9240
18830
4334718
-9240
19277
4334718
-9240
2053
4334718
-9240
7222
4334718
-9240
-8414
4334718
-9240
804
4334718
-9240
11186
4334718
-9240
-31588
4334718
-9240
-7372
4334718
-9240
8881
4334718
-9240
-28976
4334718
-9240
27317
4334718
-9240
17930
4334718
-9240
27535
4334718
-9240
30917
4334718
-9240
-17971
4334718
-9240
13030
4334718
-9240
32726
4334718
-9240
-25554
4334718
-9240
31491
4334718
-9240
30163
4334718
-9240
4440
4334718
-9240
-915
4334718
23542
-21475
4431931
23542
-23121
4431931
23542
13990
4431931
23542
19097
4431931
23542
-29990
4431931
23542
-30764
4431931
23542
-5461
4431931
23542
21198
4431931
23542
17974
4431931
23542
-12968
4431931
23542
15076
4431931
23542
21922
4431931
23542
-16342
4431931
23542
3276
4431931
23542
-10806
4431931
23542
26895
4431931
23542
-9203
4431931
23542
30999
4431931
23542
-1789
4431931
23542
24469
4431931
23542
-18011
4431931
23542
-5651
4431931
23542
-28577
4431931
23542
24151
4431931
23542
18529
4431931
23542
-25061
4431931
23542
-20024
4431931
23542
-11585
4431931
23542
18148
4431931
23542
17466
4431931
23542
28258
4431931
23542
30069
4431931
23542
22147
4431931
23542
-5604
4431931
23542
31986
4431931
23542
6813
4431931
23542
-13870
4431931
23542
-16628
4431931
23542
7030
4431931
23542
-27713
4431931
23542
4943
4431931
23542
-16261
4431931
23542
-13043
4431931
23542
10605
4431931
23542
12300
4431931
23542
7376
4431931
23542
11530
4431931
23542
24426
4431931
23542
-25544
4431931
23542
-13310
4431931
17996
14538
3311632
17996
6895
3311632
17996
21095
3311632
17996
5778
3311632
17996
29164
3311632
17996
23475
3311632
17996
-5987
3311632
17996
-24971
3311632
17996
29552
3311632
17996
24733
3311632
17996
6076
3311632
17996
-24961
3311632
17996
-20903
3311632
17996
-8050
3311632
17996
-18122
3311632
17996
-6865
3311632
17996
29519
3311632
17996
19214
3311632
17996
-7718
3311632
17996
5818
3311632
17996
-10591
3311632
17996
-11448
3311632
17996
30184
3311632
17996
-28818
3311632
17996
-32266
3311632
17996
-467
3311632
17996
-16718
3311632
17996
-15505
3311632
17996
-3012
3311632
17996
-14364
3311632
17996
3462
3311632
17996
880
3311632
17996
10485
3311632
17996
27087
3311632
17996
-18286
3311632
17996
-463
3311632
17996
-21420
3311632
17996
14111
3311632
17996
3558
3311632
17996
-236
3311632
17996
-8642
3311632
17996
20897
3311632
17996
1989
3311632
17996
-23814
3311632
17996
12640
3311632
17996
-32617
3311632
17996
-8916
3311632
17996
24553
3311632
17996
-30634
3311632
17996
-3453
3311632
-10150
16355
6621795
-10150
11281
6621795
-10150
7796
6621795
-10150
-24581
6621795
-10150
-24268
6621795
-10150
14546
6621795
-10150
12452
6621795
-10150
-10827
6621795
-10150
-4829
6621795
-10150
-743
6621795
-10150
29273
6621795
-10150
-3766
6621795
-10150
-2573
6621795
-10150
-20551
6621795
-10150
20700
6621795
-10150
-25296
6621795
-10150
-16603
6621795
-10150
-311
6621795
-10150
-21935
6621795
-10150
-93
6621795
-10150
-20479
6621795
-10150
2853
6621795
-10150
19418
6621795
-10150
-5810
6621795
-10150
-23148
6621795
-10150
-20787
6621795
-10150
-3223
6621795
-10150
24155
6621795
-10150
27881
6621795
-10150
16991
6621795
-10150
28438
6621795
-10150
-15885
6621795
-10150
-3781
6621795
-10150
561
6621795
-10150
12965
6621795
-10150
8007
6621795
-10150
21122
6621795
-10150
7809
6621795
-10150
-25198
6621795
-10150
-18662
6621795
-10150
-27561
6621795
-10150
27085
6621795
-10150
-15207
6621795
-10150
7839
6621795
-10150
18160
6621795
-10150
30399
6621795
-10150
-6840
6621795
-10150
-1864
6621795
-10150
-12052
6621795
-10150
-27932
6621795
2353
32230
2363648
2353
-5691
2363648
2353
-6914
2363648
2353
-7380
2363648
2353
-27404
2363648
2353
-23836
2363648
2353
24740
2363648
2353
-25290
2363648
2353
-11119
2363648
2353
-8080
2363648
2353
-13490
2363648
2353
-29349
2363648
2353
-29068
2363648
2353
30244
2363648
2353
-27925
2363648
2353
-32546
2363648
2353
-29429
2363648
2353
-5544
2363648
2353
-12042
2363648
2353
-26728
2363648
2353
7078
2363648
2353
-3782
2363648
2353
23389
2363648
2353
21148
2363648
2353
-15007
2363648
2353
-29983
2363648
2353
15221
2363648
2353
14127
2363648
2353
-23367
2363648
2353
-5387
2363648
2353
-5823
2363648
2353
-560
2363648
2353
-22873
2363648
2353
22480
2363648
2353
-19810
2363648
2353
-30756
2363648
2353
9690
2363648
2353
22778
2363648
2353
-7923
2363648
2353
-32146
2363648
2353
10286
2363648
2353
-1963
2363648
2353
-8056
2363648
2353
23138
2363648
2353
7674
2363648
2353
8784
2363648
2353
-6324
2363648
2353
18592
2363648
2353
6027
2363648
2353
10009
2363648
16929
-20438
1343744
16929
-161
1343744
16929
-20124
1343744
16929
-28903
1343744
16929
-29341
1343744
16929
-16269
1343744
16929
31935
1343744
16929
7478
1343744
16929
-21588
1343744
16929
24088
1343744
16929
16654
1343744
16929
-2908
1343744
16929
6365
1343744
16929
-29562
1343744
16929
29134
1343744
16929
-26776
1343744
16929
-8419
1343744
16929
24392
1343744
16929
-12127
1343744
16929
22344
1343744
16929
-15529
1343744
16929
16654
1343744
16929
7560
1343744
16929
-2158
1343744
16929
9299
1343744
16929
1904
1343744
16929
14033
1343744
16929
30989
1343744
16929
31087
1343744
16929
-535
1343744
16929
21250
1343744
16929
9074
1343744
16929
-9998
1343744
16929
5924
1343744
16929
-11011
1343744
16929
14682
1343744
16929
23881
1343744
16929
-18365
1343744
16929
-30544
1343744
16929
26035
1343744
16929
-32473
1343744
16929
-20148
1343744
16929
-22875
1343744
16929
-12553
1343744
16929
5546
1343744
16929
-9241
1343744
16929
26616
1343744
16929
-28980
1343744
16929
18467
1343744
16929
-12855
1343744
31213
-16037
11601005
31213
16571
11601005
31213
-26188
11601005
31213
-13513
11601005
31213
-5647
11601005
31213
2981
11601005
31213
7611
11601005
31213
-28724
11601005
31213
-9796
11601005
31213
15540
11601005
31213
16359
11601005
31213
-11898
11601005
31213
24620
11601005
31213
-6750
11601005
31213
-13495
11601005
31213
-8081
11601005
31213
19542
11601005
31213
1606
11601005
31213
921
11601005
31213
-6787
11601005
31213
-26130
11601005
31213
24683
11601005
31213
16822
11601005
31213
11786
11601005
31213
-23381
11601005
31213
11038
11601005
31213
26834
11601005
31213
11049
11601005
31213
-5519
11601005
31213
15947
11601005
31213
-19468
11601005
31213
25598
11601005
31213
-27564
11601005
31213
25003
11601005
31213
-9934
11601005
31213
5783
11601005
31213
24466
11601005
31213
16433
11601005
31213
-20844
11601005
31213
13191
11601005
31213
-14352
11601005
31213
-14186
11601005
31213
-7089
11601005
31213
13975
11601005
31213
7488
11601005
31213
25694
11601005
31213
23289
11601005
31213
1223
11601005
31213
26636
11601005
31213
-28989
11601005
28228
18421
9456240
28228
-28841
9456240
28228
30119
9456240
28228
19164
9456240
28228
-26609
9456240
28228
1895
9456240
28228
31785
9456240
28228
9692
9456240
28228
4231
9456240
28228
27961
9456240
28228
21324
9456240
28228
10038
9456240
28228
-24622
9456240
28228
10425
9456240
28228
-7112
9456240
28228
10455
9456240
28228
25470
9456240
28228
23569
9456240
28228
26703
9456240
28228
26448
9456240
28228
14951
9456240
28228
30773
9456240
28228
1383
9456240
28228
7550
9456240
28228
10037
9456240
28228
-22971
9456240
28228
-19152
9456240
28228
-6236
9456240
28228
-20894
9456240
28228
-18122
9456240
28228
-10604
9456240
28228
7056
9456240
28228
-1869
9456240
28228
5079
9456240
28228
-1421
9456240
28228
10058
9456240
28228
30446
9456240
28228
14134
9456240
28228
-6705
9456240
28228
-10771
9456240
28228
803
9456240
28228
-17462
9456240
28228
29052
9456240
28228
-10662
9456240
28228
-31143
9456240
28228
-22452
9456240
28228
945
9456240
28228
9474
9456240
28228
2712
9456240
28228
-13627
9456240
-11736
9001
1491074
-11736
-19589
1491074
-11736
12058
1491074
-11736
26627
1491074
-11736
-9295
1491074
-11736
18234
1491074
-11736
-31377
1491074
-11736
1213
1491074
-11736
-24466
1491074
-11736
22812
1491074
-11736
-31492
1491074
-11736
-22791
1491074
-11736
-10129
1491074
-11736
-6677
1491074
-11736
-29600
1491074
-11736
-31716
1491074
-11736
-6422
1491074
-11736
-3653
1491074
-11736
-25792
1491074
-11736
25411
1491074
-11736
31135
1491074
-11736
13182
1491074
-11736
-18581
1491074
-11736
-6500
1491074
-11736
-5666
1491074
-11736
-4466
1491074
-11736
20957
1491074
-11736
-20013
1491074
-11736
3010
1491074
-11736
12657
1491074
-11736
-27662
1491074
-11736
28656
1491074
-11736
-5549
1491074
-11736
27710
1491074
-11736
-2027
1491074
-11736
2410
1491074
-11736
-18
1491074
-11736
31765
1491074
-11736
17695
1491074
-11736
1337
1491074
-11736
24526
1491074
-11736
15615
1491074
-11736
-8774
1491074
-11736
6353
1491074
-11736
13322
1491074
-11736
-30438
1491074
-11736
-13074
1491074
-11736
1602
1491074
-11736
-327
1491074
-11736
-16601
1491074
-29095
-23748
9849266
-29095
-20156
9849266
-29095
-4975
9849266
-29095
-26019
9849266
-29095
14536
9849266
-29095
-28590
9849266
-29095
25660
9849266
-29095
-8530
9849266
-29095
-26246
9849266
-29095
31357
9849266
-29095
12638
9849266
-29095
653
9849266
-29095
9197
9849266
-29095
10040
9849266
-29095
19939
9849266
-29095
-13041
9849266
-29095
-10008
9849266
-29095
-23965
9849266
-29095
-25854
9849266
-29095
-30639
9849266
-29095
1070
9849266
-29095
30986
9849266
-29095
26027
9849266
-29095
-18829
9849266
-29095
19106
9849266
-29095
30400
9849266
-29095
-23598
9849266
-29095
24593
9849266
-29095
-10789
9849266
-29095
-25488
9849266
-29095
-9050
9849266
-29095
4322
9849266
-29095
32707
9849266
-29095
15704
9849266
-29095
-12114
9849266
-29095
-23085
9849266
-29095
25610
9849266
-29095
23486
9849266
-29095
26672
9849266
-29095
1845
9849266
-29095
-6367
9849266
-29095
-714
9849266
-29095
21377
9849266
-29095
9189
9849266
-29095
-10021
9849266
-29095
-26361
9849266
-29095
-29179
9849266
-29095
-28128
9849266
-29095
15179
9849266
-29095
30087
9849266
8520
27245
4331520
8520
15023
4331520
8520
-10796
4331520
8520
2834
4331520
8520
-28408
4331520
8520
8547
4331520
8520
22297
4331520
8520
-17345
4331520
8520
-27098
4331520
8520
29472
4331520
8520
-7934
4331520
8520
-31812
4331520
8520
-17954
4331520
8520
-25116
4331520
8520
1132
4331520
8520
-24432
4331520
8520
-20907
4331520
8520
-4475
4331520
8520
1050
4331520
8520
1899
4331520
8520
-2118
4331520
8520
-31916
4331520
8520
-6190
4331520
8520
4723
4331520
8520
-24495
4331520
8520
2934
4331520
8520
-23410
4331520
8520
-6562
4331520
8520
14480
4331520
8520
-10905
4331520
8520
-2201
4331520
8520
-8694
4331520
8520
-3991
4331520
8520
20601
4331520
8520
-20417
4331520
8520
-3339
4331520
8520
20850
4331520
8520
-14566
4331520
8520
-9155
4331520
8520
-9476
4331520
8520
-14149
4331520
8520
14394
4331520
8520
-16920
4331520
8520
-25956
4331520
8520
-6684
4331520
8520
18481
4331520
8520
-16479
4331520
8520
23646
4331520
8520
-17596
4331520
8520
7988
4331520
-3018
-25903
2295971
-3018
-31334
2295971
-3018
11190
2295971
-3018
-19229
2295971
-3018
19910
2295971
-3018
25133
2295971
-3018
22066
2295971
-3018
24224
2295971
-3018
20193
2295971
-3018
-29322
2295971
-3018
26702
2295971
-3018
28984
2295971
-3018
29617
2295971
-3018
10442
2295971
-3018
9440
2295971
-3018
5569
2295971
-3018
-30706
2295971
-3018
-30009
2295971
-3018
-21932
2295971
-3018
-8580
2295971
-3018
-18545
2295971
-3018
30086
2295971
-3018
-30511
2295971
-3018
-29742
2295971
-3018
-9838
2295971
-3018
-22490
2295971
-3018
-15041
2295971
-3018
-26933
2295971
-3018
-14261
2295971
-3018
26393
2295971
-3018
-10813
2295971
-3018
25448
2295971
-3018
-786
2295971
-3018
11476
2295971
-3018
10270
2295971
-3018
-21115
2295971
-3018
-25984
2295971
-3018
16483
2295971
-3018
-17211
2295971
-3018
-10074
2295971
-3018
12795
2295971
-3018
-13409
2295971
-3018
-23524
2295971
-3018
3743
2295971
-3018
-6692
2295971
-3018
-17723
2295971
-3018
19811
2295971
-3018
-16219
2295971
-3018
3269
2295971
-3018
31913
2295971
22460
22909
2148894
22460
14555
2148894
22460
-13969
2148894
22460
-27790
2148894
22460
-7652
2148894
22460
17071
2148894
22460
-17767
2148894
22460
6166
2148894
22460
-9515
2148894
22460
2434
2148894
22460
-13191
2148894
22460
7670
2148894
22460
17112
2148894
22460
-4356
2148894
22460
2661
2148894
22460
-8626
2148894
22460
-29766
2148894
22460
3028
2148894
22460
-18722
2148894
22460
13072
2148894
22460
-23854
2148894
22460
13559
2148894
22460
23313
2148894
22460
-10582
2148894
22460
19380
2148894
22460
-22759
2148894
22460
-21197
2148894
22460
4045
2148894
22460
20014
2148894
22460
28932
2148894
22460
27475
2148894
22460
-4017
2148894
22460
-29682
2148894
22460
-29400
2148894
22460
14100
2148894
22460
-16618
2148894
22460
9069
2148894
22460
-11991
2148894
22460
-22759
2148894
22460
-29048
2148894
22460
23258
2148894
22460
9580
2148894
22460
27994
2148894
22460
13505
2148894
22460
21164
2148894
22460
9051
2148894
22460
24087
2148894
22460
16422
2148894
22460
-30635
2148894
22460
20590
2148894
7015
8050
5120301
7015
15777
5120301
7015
22716
5120301
7015
-30253
5120301
7015
-30042
5120301
7015
16048
5120301
7015
24290
5120301
7015
608
5120301
7015
-19239
5120301
7015
3880
5120301
7015
-29832
5120301
7015
-24026
5120301
7015
-7667
5120301
7015
-9440
5120301
7015
23769
5120301
7015
25921
5120301
7015
14558
5120301
7015
952
5120301
7015
24669
5120301
7015
-15547
5120301
7015
-32675
5120301
7015
-3873
5120301
7015
9910
5120301
7015
-27294
5120301
7015
19472
5120301
7015
-10059
5120301
7015
-19552
5120301
7015
5731
5120301
7015
-19069
5120301
7015
19390
5120301
7015
-5295
5120301
7015
24113
5120301
7015
-27600
5120301
7015
-11151
5120301
7015
30072
5120301
7015
13870
5120301
7015
-7929
5120301
7015
10243
5120301
7015
-30112
5120301
7015
23871
5120301
7015
-19068
5120301
7015
30407
5120301
7015
18747
5120301
7015
-11605
5120301
7015
-30517
5120301
7015
-2094
5120301
7015
-12238
5120301
7015
12345
5120301
7015
-24670
5120301
7015
-8628
5120301
12075
-2182
316275
12075
-14004
316275
12075
-964
316275
12075
-13993
316275
12075
-13972
316275
12075
-4534
316275
12075
-17841
316275
12075
-29683
316275
12075
32043
316275
12075
-6418
316275
12075
-14092
316275
12075
-24620
316275
12075
16095
316275
12075
24652
316275
12075
32335
316275
12075
22742
316275
12075
-10194
316275
12075
-20802
316275
12075
22824
316275
12075
7765
316275
12075
-2313
316275
12075
-16305
316275
12075
18123
316275
12075
23472
316275
12075
-18205
316275
12075
3749
316275
12075
2479
316275
12075
19818
316275
12075
-21404
316275
12075
30939
316275
12075
-23574
316275
12075
-3751
316275
12075
-28367
316275
12075
-18161
316275
12075
27891
316275
12075
-3608
316275
12075
-7270
316275
12075
-10318
316275
12075
23407
316275
12075
31095
316275
12075
21565
316275
12075
15770
316275
12075
12808
316275
12075
4415
316275
12075
20425
316275
12075
17382
316275
12075
22724
316275
12075
14186
316275
12075
-825
316275
12075
23051
316275
12425
-21039
704832
12425
-4549
704832
12425
3569
704832
12425
5646
704832
12425
2612
704832
12425
-7274
704832
12425
-26580
704832
12425
7091
704832
12425
-18186
704832
12425
28622
704832
12425
21328
704832
12425
-18668
704832
12425
27173
704832
12425
1528
704832
12425
-2824
704832
12425
30840
704832
12425
18197
704832
12425
7337
704832
12425
10760
704832
12425
23759
704832
12425
-13254
704832
12425
13707
704832
12425
17846
704832
12425
229
704832
12425
28829
704832
12425
-26806
704832
12425
4723
704832
12425
-23250
704832
12425
-29440
704832
12425
-1743
704832
12425
-27000
704832
12425
-22238
704832
12425
5215
704832
12425
28710
704832
12425
-24250
704832
12425
-17442
704832
12425
-16269
704832
12425
560
704832
12425
-3703
704832
12425
27973
704832
12425
-10236
704832
12425
-30385
704832
12425
-20414
704832
12425
-24640
704832
12425
-6810
704832
12425
-14281
704832
12425
15075
704832
12425
1604
704832
12425
9362
704832
12425
-14055
704832
31312
2636
9448560
31312
8281
9448560
31312
-32541
9448560
31312
10911
9448560
31312
-11267
9448560
31312
-13045
9448560
31312
-24049
9448560
31312
-20970
9448560
31312
22472
9448560
31312
3083
9448560
31312
-14110
9448560
31312
28945
9448560
31312
24182
9448560
31312
28542
9448560
31312
-1437
9448560
31312
-11567
9448560
31312
-14833
9448560
31312
13555
9448560
31312
-28723
9448560
31312
-5755
9448560
31312
32005
9448560
31312
-20439
9448560
31312
-32657
9448560
31312
-20065
9448560
31312
-7885
9448560
31312
22236
9448560
31312
-6043
9448560
31312
-13702
9448560
31312
28028
9448560
31312
-23493
9448560
31312
-20549
9448560
31312
-26147
9448560
31312
14300
9448560
31312
-10356
9448560
31312
-18052
9448560
31312
-9796
9448560
31312
960
9448560
31312
-31568
9448560
31312
28552
9448560
31312
19230
9448560
31312
-10503
9448560
31312
25657
9448560
31312
-17989
9448560
31312
-19456
9448560
31312
26705
9448560
31312
-13132
9448560
31312
19964
9448560
31312
18678
9448560
31312
-7627
9448560
31312
32426
9448560
23064
-4167
5677106
23064
24387
5677106
23064
-23515
5677106
23064
6806
5677106
23064
-10244
5677106
23064
32230
5677106
23064
-3757
5677106
23064
-7000
5677106
23064
17208
5677106
23064
-17041
5677106
23064
-2462
5677106
23064
-10902
5677106
23064
5334
5677106
23064
10017
5677106
23064
-127
5677106
23064
-14265
5677106
23064
15473
5677106
23064
-15533
5677106
23064
31288
5677106
23064
-13310
5677106
23064
-28836
5677106
23064
-24294
5677106
23064
-4421
5677106
23064
-6405
5677106
23064
-3335
5677106
23064
9321
5677106
23064
-18760
5677106
23064
12045
5677106
23064
20357
5677106
23064
-28829
5677106
23064
31814
5677106
23064
-18762
5677106
23064
16740
5677106
23064
21327
5677106
23064
4424
5677106
23064
-8610
5677106
23064
4284
5677106
23064
-594
5677106
23064
31376
5677106
23064
-23099
5677106
23064
28342
5677106
23064
-16569
5677106
23064
29820
5677106
23064
24216
5677106
23064
29629
5677106
23064
31142
5677106
23064
-32703
5677106
23064
-8684
5677106
23064
19379
5677106
23064
-8485
5677106
-18074
-28104
3117285
-18074
-17208
3117285
-18074
-10196
3117285
-18074
-27043
3117285
-18074
-8937
3117285
-18074
28450
3117285
-18074
-12611
3117285
-18074
-14528
3117285
-18074
-22686
3117285
-18074
6112
3117285
-18074
-8502
3117285
-18074
-15123
3117285
-18074
24910
3117285
-18074
-10395
3117285
-18074
-28697
3117285
-18074
-26441
3117285
-18074
27624
3117285
-18074
-8451
3117285
-18074
-12232
3117285
-18074
-14448
3117285
-18074
-21294
3117285
-18074
-1901
3117285
-18074
16376
3117285
-18074
8606
3117285
-18074
-18894
3117285
-18074
17598
3117285
-18074
-1685
3117285
-18074
21211
3117285
-18074
-4214
3117285
-18074
-31099
3117285
-18074
11920
3117285
-18074
17830
3117285
-18074
-32103
3117285
-18074
31091
3117285
-18074
6692
3117285
-18074
-28546
3117285
-18074
3101
3117285
-18074
-1043
3117285
-18074
25045
3117285
-18074
2145
3117285
-18074
-25188
3117285
-18074
-19272
3117285
-18074
-24229
3117285
-18074
13624
3117285
-18074
17691
3117285
-18074
-28875
3117285
-18074
30300
3117285
-18074
30536
3117285
-18074
-16105
3117285
-18074
32332
3117285
29078
8984
10175561
29078
-24065
10175561
29078
10940
10175561
29078
27395
10175561
29078
-3360
10175561
29078
25947
10175561
29078
-21611
10175561
29078
-24139
10175561
29078
-157
10175561
29078
-30651
10175561
29078
23967
10175561
29078
-26230
10175561
29078
-29281
10175561
29078
26487
10175561
29078
-22629
10175561
29078
20088
10175561
29078
20935
10175561
29078
-5093
10175561
29078
-28889
10175561
29078
1523
10175561
29078
28531
10175561
29078
-12497
10175561
29078
-27477
10175561
29078
-3623
10175561
29078
-25118
10175561
29078
8690
10175561
29078
11578
10175561
29078
-21773
10175561
29078
18860
10175561
29078
-4182
10175561
29078
-29109
10175561
29078
16852
10175561
29078
-30015
10175561
29078
16233
10175561
29078
-22472
10175561
29078
15830
10175561
29078
21040
10175561
29078
8182
10175561
29078
21123
10175561
29078
30984
10175561
29078
-29712
10175561
29078
-24257
10175561
29078
-22533
10175561
29078
17947
10175561
29078
-21884
10175561
29078
-29222
10175561
29078
20882
10175561
29078
-5304
10175561
29078
670
10175561
29078
29656
10175561
9674
2871
5449737
9674
-5601
5449737
9674
25650
5449737
9674
13867
5449737
9674
-29851
5449737
9674
-13657
5449737
9674
20790
5449737
9674
-14662
5449737
9674
-13304
5449737
9674
792
5449737
9674
-19930
5449737
9674
15519
5449737
9674
-1806
5449737
9674
22210
5449737
9674
3294
5449737
9674
-17046
5449737
9674
-10662
5449737
9674
-13675
5449737
9674
3754
5449737
9674
-2151
5449737
9674
-30893
5449737
9674
-30826
5449737
9674
-21876
5449737
9674
17415
5449737
9674
20313
5449737
9674
-17258
5449737
9674
-23911
5449737
9674
10655
5449737
9674
-6347
5449737
9674
-28554
5449737
9674
-16279
5449737
9674
-8634
5449737
9674
23789
5449737
9674
-4667
5449737
9674
31275
5449737
9674
31428
5449737
9674
-8793
5449737
9674
14002
5449737
9674
385
5449737
9674
6811
5449737
9674
-21226
5449737
9674
-5151
5449737
9674
-3894
5449737
9674
-19676
5449737
9674
21591
5449737
9674
274
5449737
9674
-32052
5449737
9674
11883
5449737
9674
-15391
5449737
9674
-3587
5449737
-24704
30681
13107384
-24704
-13290
13107384
-24704
-13997
13107384
-24704
17115
13107384
-24704
-63
13107384
-24704
-18198
13107384
-24704
12965
13107384
-24704
10950
13107384
-24704
-31723
13107384
-24704
-16619
13107384
-24704
-14580
13107384
-24704
-23957
13107384
-24704
-27776
13107384
-24704
13356
13107384
-24704
-14162
13107384
-24704
25099
13107384
-24704
28536
13107384
-24704
-13630
13107384
-24704
-18835
13107384
-24704
14740
13107384
-24704
-17066
13107384
-24704
-31601
13107384
-24704
-18858
13107384
-24704
-24294
13107384
-24704
16147
13107384
-24704
-10431
13107384
-24704
4264
13107384
-24704
17340
13107384
-24704
30936
13107384
-24704
-29142
13107384
-24704
19607
13107384
-24704
5542
13107384
-24704
-12127
13107384
-24704
-32001
13107384
-24704
6576
13107384
-24704
12660
13107384
-24704
15774
13107384
-24704
-32676
13107384
-24704
-20856
13107384
-24704
-24572
13107384
-24704
-4994
13107384
-24704
-1705
13107384
-24704
29740
13107384
-24704
-24623
13107384
-24704
-20607
13107384
-24704
7761
13107384
-24704
9012
13107384
-24704
-14168
13107384
-24704
6869
13107384
-24704
12830
13107384
-22879
11574
6592988
-22879
13752
6592988
-22879
24630
6592988
-22879
13197
6592988
-22879
16495
6592988
-22879
-17020
6592988
-22879
-15497
6592988
-22879
25815
6592988
-22879
27766
6592988
-22879
18798
6592988
-22879
-3829
6592988
-22879
-14306
6592988
-22879
-7091
6592988
-22879
-9322
6592988
-22879
-9606
6592988
-22879
-28142
6592988
-22879
14009
6592988
-22879
21784
6592988
-22879
9695
6592988
-22879
-143
6592988
-22879
-18479
6592988
-22879
-18634
6592988
-22879
-934
6592988
-22879
11394
6592988
-22879
744
6592988
-22879
-10838
6592988
-22879
-10890
6592988
-22879
-1970
6592988
-22879
-19319
6592988
-22879
-1815
6592988
-22879
-19072
6592988
-22879
-29205
6592988
-22879
5333
6592988
-22879
2475
6592988
-22879
8890
6592988
-22879
-13931
6592988
-22879
-17340
6592988
-22879
4316
6592988
-22879
-30836
6592988
-22879
-17595
6592988
-22879
22409
6592988
-22879
11301
6592988
-22879
-14378
6592988
-22879
-31719
6592988
-22879
18907
6592988
-22879
18184
6592988
-22879
23826
6592988
-22879
23056
6592988
-22879
25271
6592988
-22879
16948
6592988
-32386
29531
8982663
-32386
-15424
8982663
-32386
13889
8982663
-32386
6360
8982663
-32386
-19773
8982663
-32386
-11889
8982663
-32386
26740
8982663
-32386
26352
8982663
-32386
-387
8982663
-32386
-30747
8982663
-32386
-7383
8982663
-32386
1291
8982663
-32386
-29297
8982663
-32386
21861
8982663
-32386
20107
8982663
-32386
9395
8982663
-32386
12538
8982663
-32386
2917
8982663
-32386
32602
8982663
-32386
-18276
8982663
-32386
11131
8982663
-32386
4335
8982663
-32386
32576
8982663
-32386
-12153
8982663
-32386
-8439
8982663
-32386
22351
8982663
-32386
27268
8982663
-32386
23414
8982663
-32386
-22249
8982663
-32386
-1652
8982663
-32386
14573
8982663
-32386
24274
8982663
-32386
-24623
8982663
-32386
22559
8982663
-32386
11069
8982663
-32386
5607
8982663
-32386
10788
8982663
-32386
-1679
8982663
-32386
30367
8982663
-32386
7856
8982663
-32386
18156
8982663
-32386
7778
8982663
-32386
-5744
8982663
-32386
25867
8982663
-32386
10689
8982663
-32386
652
8982663
-32386
29505
8982663
-32386
-8147
8982663
-32386
17061
8982663
-32386
-26180
8982663
-12572
13436
316092
-12572
-17783
316092
-12572
3010
316092
-12572
-7408
316092
-12572
23991
316092
-12572
3428
316092
-12572
28848
316092
-12572
5400
316092
-12572
-11785
316092
-12572
23550
316092
-12572
30145
316092
-12572
-26652
316092
-12572
-6995
316092
-12572
28791
316092
-12572
-26797
316092
-12572
4636
316092
-12572
10952
316092
-12572
31109
316092
-12572
-33
316092
-12572
-698
316092
-12572
-29748
316092
-12572
-12064
316092
-12572
13336
316092
-12572
-10207
316092
-12572
-26495
316092
-12572
-11056
316092
-12572
-23242
316092
-12572
-3416
316092
-12572
-14681
316092
-12572
-4331
316092
-12572
8494
316092
-12572
-11890
316092
-12572
10262
316092
-12572
-21476
316092
-12572
-18388
316092
-12572
-2235
316092
-12572
13987
316092
-12572
-9165
316092
-12572
3571
316092
-12572
17202
316092
-12572
-22776
316092
-12572
9627
316092
-12572
-23352
316092
-12572
-13899
316092
-12572
3072
316092
-12572
-24642
316092
-12572
-8098
316092
-12572
17625
316092
-12572
-751
316092
-12572
-20318
316092
3840
32656
20528
3840
-19334
20528
3840
-19047
20528
3840
29053
20528
3840
5717
20528
3840
929
20528
3840
-201
20528
3840
-11491
20528
3840
-29443
20528
3840
28385
20528
3840
31720
20528
3840
17574
20528
3840
9199
20528
3840
21368
20528
3840
20098
20528
3840
-4925
20528
3840
9923
20528
3840
2095
20528
3840
1518
20528
3840
26066
20528
3840
-31477
20528
3840
-24013
20528
3840
25697
20528
3840
12690
20528
3840
-2125
20528
3840
14521
20528
3840
28878
20528
3840
29998
20528
3840
16690
20528
3840
8034
20528
3840
7924
20528
3840
-1338
20528
3840
-4617
20528
3840
7608
20528
3840
8324
20528
3840
19566
20528
3840
-6030
20528
3840
-10892
20528
3840
-8552
20528
3840
18444
20528
3840
21160
20528
3840
-10559
20528
3840
12237
20528
3840
9445
20528
3840
17070
20528
3840
1208
20528
3840
31040
20528
3840
-4682
20528
3840
3299
20528
3840
-15395
20528
5173
-17867
157954
5173
8289
157954
5173
14600
157954
5173
18824
157954
5173
-5002
157954
5173
-17690
157954
5173
8965
157954
5173
10621
157954
5173
-7206
157954
5173
-13620
157954
5173
-21056
157954
5173
-29173
157954
5173
21926
157954
5173
3584
157954
5173
-17514
157954
5173
-10605
157954
5173
-17794
157954
5173
21523
157954
5173
13563
157954
5173
9369
157954
5173
-26964
157954
5173
-27
157954
5173
13421
157954
5173
32663
157954
5173
730
157954
5173
-10372
157954
5173
24407
157954
5173
-9477
157954
5173
-28371
157954
5173
-24937
157954
5173
41
157954
5173
26641
157954
5173
30525
157954
5173
-24442
157954
5173
-22440
157954
5173
13667
157954
5173
-5073
157954
5173
-4564
157954
5173
16010
157954
5173
6331
157954
5173
-28701
157954
5173
2924
157954
5173
-24330
157954
5173
-16736
157954
5173
12050
157954
5173
-31918
157954
5173
-8689
157954
5173
4343
157954
5173
31564
157954
5173
-14361
157954
-10193
13600
6553955
-10193
1734
6553955
-10193
-29997
6553955
-10193
2052
6553955
-10193
6252
6553955
-10193
-4298
6553955
-10193
11355
6553955
-10193
30900
6553955
-10193
28671
6553955
-10193
9349
6553955
-10193
10002
6553955
-10193
4352
6553955
-10193
20386
6553955
-10193
8520
6553955
-10193
-22410
6553955
-10193
-14508
6553955
-10193
-9035
6553955
-10193
-6883
6553955
-10193
-28824
6553955
-10193
14796
6553955
-10193
-23740
6553955
-10193
-25930
6553955
-10193
-10463
6553955
-10193
-22408
6553955
-10193
-26512
6553955
-10193
2112
6553955
-10193
15051
6553955
-10193
27927
6553955
-10193
94
6553955
-10193
-556
6553955
-10193
-14736
6553955
-10193
-25353
6553955
-10193
-27866
6553955
-10193
27214
6553955
-10193
-28845
6553955
-10193
29343
6553955
-10193
-32167
6553955
-10193
16459
6553955
-10193
24366
6553955
-10193
22843
6553955
-10193
10071
6553955
-10193
-31678
6553955
-10193
23161
6553955
-10193
-29638
6553955
-10193
2572
6553955
-10193
-23919
6553955
-10193
30571
6553955
-10193
-6281
6553955
-10193
-10283
6553955
-10193
9464
6553955
26247
20798
15339865
26247
15382
15339865
26247
31526
15339865
26247
3371
15339865
26247
14208
15339865
26247
-1132
15339865
26247
-28145
15339865
26247
-22089
15339865
26247
-24029
15339865
26247
11084
15339865
26247
20713
15339865
26247
24347
15339865
26247
4850
15339865
26247
26553
15339865
26247
214
15339865
26247
-32014
15339865
26247
20674
15339865
26247
-5698
15339865
26247
-26462
15339865
26247
-10716
15339865
26247
12171
15339865
26247
-7082
15339865
26247
-18689
15339865
26247
5562
15339865
26247
23233
15339865
26247
-32642
15339865
26247
-18311
15339865
26247
18582
15339865
26247
4738
15339865
26247
23350
15339865
26247
-26947
15339865
26247
-6189
15339865
26247
-27664
15339865
26247
-25830
15339865
26247
4990
15339865
26247
-6367
15339865
26247
-28102
15339865
26247
16316
15339865
26247
4984
15339865
26247
28697
15339865
26247
14644
15339865
26247
18437
15339865
26247
19115
15339865
26247
-13812
15339865
26247
-21
15339865
26247
-14945
15339865
26247
-8969
15339865
26247
-12037
15339865
26247
4065
15339865
26247
-25408
15339865
32512
-14324
8392816
32512
8513
8392816
32512
-32673
8392816
32512
-14240
8392816
32512
2298
8392816
32512
-22290
8392816
32512
-473
8392816
32512
-29651
8392816
32512
16162
8392816
32512
-28735
8392816
32512
-5113
8392816
32512
5801
8392816
32512
2958
8392816
32512
32453
8392816
32512
-6938
8392816
32512
5079
8392816
32512
-15003
8392816
32512
21981
8392816
32512
-4535
8392816
32512
15607
8392816
32512
-29392
8392816
32512
12833
8392816
32512
-5579
8392816
32512
-3932
8392816
32512
-9990
8392816
32512
4509
8392816
32512
18866
8392816
32512
-12173
8392816
32512
-17730
8392816
32512
28780
8392816
32512
-4555
8392816
32512
-116
8392816
32512
1981
8392816
32512
-27088
8392816
32512
25203
8392816
32512
32541
8392816
32512
-13966
8392816
32512
16766
8392816
32512
1067
8392816
32512
28331
8392816
32512
-12645
8392816
32512
11148
8392816
32512
-13346
8392816
32512
-22268
8392816
32512
-15281
8392816
32512
9124
8392816
32512
8311
8392816
32512
-7041
8392816
32512
-23260
8392816
32512
10201
8392816
13924
-28706
3965492
13924
13106
3965492
13924
12120
3965492
13924
-20342
3965492
13924
17661
3965492
13924
12221
3965492
13924
7298
3965492
13924
3848
3965492
13924
-24496
3965492
13924
-20701
3965492
13924
1713
3965492
13924
1338
3965492
13924
-28553
3965492
13924
-31873
3965492
13924
-3252
3965492
13924
26552
3965492
13924
-3657
3965492
13924
-5547
3965492
13924
-19128
3965492
13924
-16098
3965492
13924
9204
3965492
13924
-21743
3965492
13924
-3555
3965492
13924
-20569
3965492
13924
550
3965492
13924
21510
3965492
13924
-19040
3965492
13924
-22361
3965492
13924
-4786
3965492
13924
-21695
3965492
13924
28838
3965492
13924
4336
3965492
13924
-2290
3965492
13924
-10893
3965492
13924
-31124
3965492
13924
-29448
3965492
13924
18440
3965492
13924
-26367
3965492
13924
30529
3965492
13924
-22089
3965492
13924
-27459
3965492
13924
-32147
3965492
13924
10585
3965492
13924
-2112
3965492
13924
938
3965492
13924
31637
3965492
13924
12631
3965492
13924
18522
3965492
13924
3105
3965492
13924
-4909
3965492
2096
15332
2359296
2096
15013
2359296
2096
-23585
2359296
2096
-25510
2359296
2096
-24018
2359296
2096
22347
2359296
2096
21618
2359296
2096
-2039
2359296
2096
13509
2359296
2096
28221
2359296
2096
6379
2359296
2096
-3959
2359296
2096
-30898
2359296
2096
-23158
2359296
2096
12087
2359296
2096
-18480
2359296
2096
-21714
2359296
2096
-31224
2359296
2096
-2187
2359296
2096
-13763
2359296
2096
-18040
2359296
2096
-32012
2359296
2096
12606
2359296
2096
-18457
2359296
2096
-5046
2359296
2096
-30219
2359296
2096
-14048
2359296
2096
1896
2359296
2096
30473
2359296
2096
243
2359296
2096
-6265
2359296
2096
7550
2359296
2096
-7195
2359296
2096
-21395
2359296
2096
-12804
2359296
2096
23494
2359296
2096
-11218
2359296
2096
-10532
2359296
2096
11566
2359296
2096
25825
2359296
2096
-26926
2359296
2096
-5542
2359296
2096
27459
2359296
2096
25488
2359296
2096
21872
2359296
2096
-8445
2359296
2096
-7875
2359296
2096
-9959
2359296
2096
-4239
2359296
2096
1767
2359296
16547
4588
884740
16547
-18439
884740
16547
13127
884740
16547
-7456
884740
16547
431
884740
16547
-28870
884740
16547
13625
884740
16547
-4400
884740
16547
1836
884740
16547
-24015
884740
16547
17757
884740
16547
-23540
884740
16547
21834
884740
16547
6524
884740
16547
4697
884740
16547
19165
884740
16547
11
884740
16547
-32750
884740
16547
-27093
884740
16547
-28254
884740
16547
-4272
884740
16547
-24141
884740
16547
5221
884740
16547
-8911
884740
16547
27264
884740
16547
20586
884740
16547
27221
884740
16547
28936
884740
16547
-4494
884740
16547
-19476
884740
16547
-10536
884740
16547
-23045
884740
16547
27772
884740
16547
-29064
884740
16547
-2151
884740
16547
17825
884740
16547
2100
884740
16547
-25710
884740
16547
-32735
884740
16547
9676
884740
16547
-15890
884740
16547
-13728
884740
16547
951
884740
16547
-16101
884740
16547
-25731
884740
16547
-17524
884740
16547
-27073
884740
16547
8688
884740
16547
16005
884740
16547
13835
884740
-11684
7577
1362562
-11684
28530
1362562
-11684
-8313
1362562
-11684
-12816
1362562
-11684
-19526
1362562
-11684
-1057
1362562
-11684
10751
1362562
-11684
-15990
1362562
-11684
4110
1362562
-11684
21557
1362562
-11684
-7998
1362562
-11684
-8039
1362562
-11684
-6929
1362562
-11684
-15846
1362562
-11684
-15917
1362562
-11684
11363
1362562
-11684
-12655
1362562
-11684
26425
1362562
-11684
1452
1362562
-11684
31842
1362562
-11684
23435
1362562
-11684
18251
1362562
-11684
-24460
1362562
-11684
-23292
1362562
-11684
3261
1362562
-11684
23098
1362562
-11684
20807
1362562
-11684
28784
1362562
-11684
-25247
1362562
-11684
-27090
1362562
-11684
-25527
1362562
-11684
18896
1362562
-11684
-3736
1362562
-11684
9149
1362562
-11684
29903
1362562
-11684
29606
1362562
-11684
-9150
1362562
-11684
-4977
1362562
-11684
-18498
1362562
-11684
-21867
1362562
-11684
28322
1362562
-11684
-2494
1362562
-11684
-32243
1362562
-11684
-27656
1362562
-11684
-9778
1362562
-11684
6282
1362562
-11684
16128
1362562
-11684
19114
1362562
-11684
8613
1362562
-11684
17289
1362562
17150
13734
1146895
17150
-6952
1146895
17150
21492
1146895
17150
31740
1146895
17150
15881
1146895
17150
-6929
1146895
17150
-18901
1146895
17150
25307
1146895
17150
10210
1146895
17150
-20598
1146895
17150
-10442
1146895
17150
-21625
1146895
17150
-25268
1146895
17150
24999
1146895
17150
4431
1146895
17150
-24955
1146895
17150
-20868
1146895
17150
23732
1146895
17150
-32751
1146895
17150
-31118
1146895
17150
14330
1146895
17150
-31243
1146895
17150
13013
1146895
17150
17617
1146895
17150
10242
1146895
17150
-9311
1146895
17150
21377
1146895
17150
24225
1146895
17150
-27962
1146895
17150
-11986
1146895
17150
-7392
1146895
17150
-20971
1146895
17150
-32485
1146895
17150
16840
1146895
17150
-11312
1146895
17150
-23250
1146895
17150
-3860
1146895
17150
29327
1146895
17150
10376
1146895
17150
10289
1146895
17150
18599
1146895
17150
-14930
1146895
17150
22355
1146895
17150
19619
1146895
17150
-24728
1146895
17150
25102
1146895
17150
-7938
1146895
17150
25452
1146895
17150
927
1146895
17150
-28864
1146895
-21996
-23837
1107696
-21996
20844
1107696
-21996
-1107
1107696
-21996
-25876
1107696
-21996
22831
1107696
-21996
-27625
1107696
-21996
19206
1107696
-21996
-29294
1107696
-21996
-24731
1107696
-21996
1591
1107696
-21996
-15335
1107696
-21996
-19275
1107696
-21996
24340
1107696
-21996
1651
1107696
-21996
-3019
1107696
-21996
682
1107696
-21996
18163
1107696
-21996
-4438
1107696
-21996
-30408
1107696
-21996
-287
1107696
-21996
-31544
1107696
-21996
22608
1107696
-21996
-25452
1107696
-21996
12745
1107696
-21996
-17181
1107696
-21996
31231
1107696
-21996
-25498
1107696
-21996
-26100
1107696
-21996
26608
1107696
-21996
1188
1107696
-21996
9009
1107696
-21996
7210
1107696
-21996
21697
1107696
-21996
22530
1107696
-21996
11032
1107696
-21996
4947
1107696
-21996
-10132
1107696
-21996
13949
1107696
-21996
17008
1107696
-21996
704
1107696
-21996
-27196
1107696
-21996
-13135
1107696
-21996
-26756
1107696
-21996
5967
1107696
-21996
-8835
1107696
-21996
-27317
1107696
-21996
-21239
1107696
-21996
25098
1107696
-21996
22822
1107696
-21996
6242
1107696
26373
14222
14685008
26373
31088
14685008
26373
-19025
14685008
26373
16122
14685008
26373
-13594
14685008
26373
-28578
14685008
26373
9988
14685008
26373
-6630
14685008
26373
27832
14685008
26373
-14692
14685008
26373
31097
14685008
26373
-31452
14685008
26373
9767
14685008
26373
25712
14685008
26373
7031
14685008
26373
-7815
14685008
26373
-13440
14685008
26373
13457
14685008
26373
-24517
14685008
26373
-23657
14685008
26373
21392
14685008
26373
-12893
14685008
26373
22448
14685008
26373
-15607
14685008
26373
-15995
14685008
26373
8609
14685008
26373
10654
14685008
26373
-27788
14685008
26373
-6930
14685008
26373
16706
14685008
26373
-30728
14685008
26373
412
14685008
26373
-2727
14685008
26373
-4713
14685008
26373
18347
14685008
26373
-4732
14685008
26373
23834
14685008
26373
29178
14685008
26373
20745
14685008
26373
27132
14685008
26373
-29658
14685008
26373
15089
14685008
26373
-29242
14685008
26373
2124
14685008
26373
-12373
14685008
26373
12311
14685008
26373
-6551
14685008
26373
-19615
14685008
26373
-30602
14685008
26373
-12660
14685008
-8564
21662
4853880
-8564
-6556
4853880
-8564
23637
4853880
-8564
25396
4853880
-8564
7133
4853880
-8564
-20293
4853880
-8564
642
4853880
-8564
-18066
4853880
-8564
-21156
4853880
-8564
14899
4853880
-8564
14001
4853880
-8564
-17230
4853880
-8564
25534
4853880
-8564
13670
4853880
-8564
-7031
4853880
-8564
-13153
4853880
-8564
19137
4853880
-8564
31893
4853880
-8564
-28024
4853880
-8564
-18430
4853880
-8564
10237
4853880
-8564
-19256
4853880
-8564
7199
4853880
-8564
-6363
4853880
-8564
11445
4853880
-8564
24022
4853880
-8564
20774
4853880
-8564
23666
4853880
-8564
15992
4853880
-8564
-4796
4853880
-8564
26777
4853880
-8564
-27788
4853880
-8564
-19948
4853880
-8564
16485
4853880
-8564
-11184
4853880
-8564
-23914
4853880
-8564
2119
4853880
-8564
25672
4853880
-8564
31890
4853880
-8564
-23178
4853880
-8564
-7959
4853880
-8564
-8489
4853880
-8564
-9895
4853880
-8564
23086
4853880
-8564
-8359
4853880
-8564
-705
4853880
-8564
-17127
4853880
-8564
16483
4853880
-8564
-6652
4853880
-8564
-27880
4853880
-9793
22744
7342447
-9793
15680
7342447
-9793
-22242
7342447
-9793
-30726
7342447
-9793
-4177
7342447
-9793
28274
7342447
-9793
15445
7342447
-9793
-1789
7342447
-9793
26741
7342447
-9793
69
7342447
-9793
-14604
7342447
-9793
-15231
7342447
-9793
-32053
7342447
-9793
17605
7342447
-9793
700
7342447
-9793
-2577
7342447
-9793
27316
7342447
-9793
-9050
7342447
-9793
-4222
7342447
-9793
20734
7342447
-9793
2082
7342447
-9793
-24051
7342447
-9793
17001
7342447
-9793
9505
7342447
-9793
-26414
7342447
-9793
4900
7342447
-9793
18905
7342447
-9793
-15880
7342447
-9793
-17403
7342447
-9793
7174
7342447
-9793
-25930
7342447
-9793
-5572
7342447
-9793
-6201
7342447
-9793
-29817
7342447
-9793
15462
7342447
-9793
-20260
7342447
-9793
31159
7342447
-9793
-28685
7342447
-9793
-18544
7342447
-9793
-31510
7342447
-9793
-10754
7342447
-9793
20213
7342447
-9793
-23270
7342447
-9793
10423
7342447
-9793
15092
7342447
-9793
-32619
7342447
-9793
-29027
7342447
-9793
-8342
7342447
-9793
-4188
7342447
-9793
11265
7342447
-26376
-19251
14815406
-26376
-331
14815406
-26376
-20213
14815406
-26376
-18819
14815406
-26376
23415
14815406
-26376
-18728
14815406
-26376
1959
14815406
-26376
-27758
14815406
-26376
-9892
14815406
-26376
-22815
14815406
-26376
23798
14815406
-26376
25557
14815406
-26376
32689
14815406
-26376
-27122
14815406
-26376
6821
14815406
-26376
-7397
14815406
-26376
4861
14815406
-26376
-21121
14815406
-26376
-7138
14815406
-26376
-29901
14815406
-26376
18299
14815406
-26376
-24645
14815406
-26376
20427
14815406
-26376
-20517
14815406
-26376
-27779
14815406
-26376
-23117
14815406
-26376
-29517
14815406
-26376
-2854
14815406
-26376
-11153
14815406
-26376
-7650
14815406
-26376
947
14815406
-26376
18972
14815406
-26376
14027
14815406
-26376
-23316
14815406
-26376
8667
14815406
-26376
-6945
14815406
-26376
-2799
14815406
-26376
11326
14815406
-26376
-29767
14815406
-26376
21560
14815406
-26376
-7604
14815406
-26376
-16045
14815406
-26376
17396
14815406
-26376
30843
14815406
-26376
-27421
14815406
-26376
-19151
14815406
-26376
-8555
14815406
-26376
-24869
14815406
-26376
18671
14815406
-26376
-24370
14815406
9197
27995
4269085
9197
-8031
4269085
9197
9761
4269085
9197
27586
4269085
9197
-21786
4269085
9197
7093
4269085
9197
-30425
4269085
9197
5109
4269085
9197
18888
4269085
9197
13241
4269085
9197
10588
4269085
9197
14923
4269085
9197
24342
4269085
9197
-26088
4269085
9197
12119
4269085
9197
-20007
4269085
9197
-19052
4269085
9197
21805
4269085
9197
21579
4269085
9197
-3837
4269085
9197
6431
4269085
9197
-1836
4269085
9197
21784
4269085
9197
-24086
4269085
9197
9608
4269085
9197
6945
4269085
9197
-10602
4269085
9197
26017
4269085
9197
-17464
4269085
9197
11934
4269085
9197
-4206
4269085
9197
9615
4269085
9197
-4413
4269085
9197
-12121
4269085
9197
15721
4269085
9197
9920
4269085
9197
716
4269085
9197
31668
4269085
9197
-26641
4269085
9197
-20682
4269085
9197
-25383
4269085
9197
30476
4269085
9197
-26596
4269085
9197
-9300
4269085
9197
-5672
4269085
9197
-18113
4269085
9197
8346
4269085
9197
-15823
4269085
9197
-22754
4269085
9197
8808
4269085
9865
-24500
6951192
9865
31439
6951192
9865
8598
6951192
9865
9303
6951192
9865
19635
6951192
9865
-29705
6951192
9865
6474
6951192
9865
-26521
6951192
9865
6456
6951192
9865
-28457
6951192
9865
2708
6951192
9865
-29669
6951192
9865
31096
6951192
9865
22474
6951192
9865
-10699
6951192
9865
-10504
6951192
9865
-12045
6951192
9865
199
6951192
9865
29665
6951192
9865
-8741
6951192
9865
43
6951192
9865
18769
6951192
9865
-13631
6951192
9865
-2779
6951192
9865
22433
6951192
9865
-26910
6951192
9865
-8176
6951192
9865
-16870
6951192
9865
-18204
6951192
9865
7343
6951192
9865
-18208
6951192
9865
1476
6951192
9865
-26376
6951192
9865
-24444
6951192
9865
-1966
6951192
9865
-26021
6951192
9865
-14272
6951192
9865
6489
6951192
9865
-569
6951192
9865
28323
6951192
9865
11465
6951192
9865
-19272
6951192
9865
31170
6951192
9865
-3874
6951192
9865
31711
6951192
9865
18424
6951192
9865
29493
6951192
9865
-6400
6951192
9865
-16990
6951192
9865
17963
6951192
-27704
-15732
8546456
-27704
-23104
8546456
-27704
-19407
8546456
-27704
-4892
8546456
-27704
-11712
8546456
-27704
-28778
8546456
-27704
-15873
8546456
-27704
-2332
8546456
-27704
4588
8546456
-27704
30986
8546456
-27704
-3339
8546456
-27704
2493
8546456
-27704
-22594
8546456
-27704
14993
8546456
-27704
9375
8546456
-27704
-16612
8546456
-27704
2567
8546456
-27704
-8308
8546456
-27704
-10436
8546456
-27704
13662
8546456
-27704
9811
8546456
-27704
8862
8546456
-27704
-18139
8546456
-27704
-15492
8546456
-27704
-14487
8546456
-27704
-11815
8546456
-27704
1982
8546456
-27704
-28288
8546456
-27704
26431
8546456
-27704
7278
8546456
-27704
-31918
8546456
-27704
7020
8546456
-27704
26659
8546456
-27704
-8315
8546456
-27704
-30394
8546456
-27704
-3351
8546456
-27704
-5817
8546456
-27704
-1803
8546456
-27704
21546
8546456
-27704
-13344
8546456
-27704
-14020
8546456
-27704
-25318
8546456
-27704
27171
8546456
-27704
5513
8546456
-27704
-5624
8546456
-27704
-14987
8546456
-27704
7348
8546456
-27704
-32125
8546456
-27704
16844
8546456
-27704
29767
8546456
28462
4242
8736883
28462
22357
8736883
28462
-6249
8736883
28462
-7639
8736883
28462
8586
8736883
28462
-14089
8736883
28462
-24754
8736883
28462
-13513
8736883
28462
-23441
8736883
28462
17352
8736883
28462
32639
8736883
28462
-30010
8736883
28462
-7635
8736883
28462
-584
8736883
28462
-21133
8736883
28462
-5759
8736883
28462
-461
8736883
28462
-5944
8736883
28462
19985
8736883
28462
-16936
8736883
28462
-27425
8736883
28462
8340
8736883
28462
29169
8736883
28462
4426
8736883
28462
-320
8736883
28462
20164
8736883
28462
17603
8736883
28462
-14472
8736883
28462
6547
8736883
28462
-16207
8736883
28462
30808
8736883
28462
28717
8736883
28462
-26599
8736883
28462
17423
8736883
28462
13526
8736883
28462
8386
8736883
28462
-25289
8736883
28462
2645
8736883
28462
832
8736883
28462
4988
8736883
28462
8754
8736883
28462
17647
8736883
28462
26870
8736883
28462
-25357
8736883
28462
17352
8736883
28462
-331
8736883
28462
16062
8736883
28462
30433
8736883
28462
5011
8736883
28462
-29764
8736883
-27126
18097
11747473
-27126
-6942
11747473
-27126
6203
11747473
-27126
18747
11747473
-27126
30648
11747473
-27126
15072
11747473
-27126
11886
11747473
-27126
15578
11747473
-27126
-6259
11747473
-27126
5060
11747473
-27126
-32314
11747473
-27126
-27980
11747473
-27126
5473
11747473
-27126
-1040
11747473
-27126
22415
11747473
-27126
2550
11747473
-27126
14397
11747473
-27126
13472
11747473
-27126
22375
11747473
-27126
23321
11747473
-27126
-18242
11747473
-27126
-8385
11747473
-27126
-17429
11747473
-27126
3489
11747473
-27126
4293
11747473
-27126
26757
11747473
-27126
22005
11747473
-27126
4396
11747473
-27126
24850
11747473
-27126
-3089
11747473
-27126
-6288
11747473
-27126
-21288
11747473
-27126
-12412
11747473
-27126
2456
11747473
-27126
4178
11747473
-27126
-4702
11747473
-27126
2253
11747473
-27126
-15962
11747473
-27126
6378
11747473
-27126
-19184
11747473
-27126
16609
11747473
-27126
-7143
11747473
-27126
-5393
11747473
-27126
26600
11747473
-27126
-320
11747473
-27126
-28070
11747473
-27126
9648
11747473
-27126
24871
11747473
-27126
-10517
11747473
-27126
-20705
11747473
21045
19104
1231106
21045
8825
1231106
21045
23249
1231106
21045
32632
1231106
21045
7495
1231106
21045
24197
1231106
21045
-9052
1231106
21045
-8488
1231106
21045
-26369
1231106
21045
17964
1231106
21045
-23019
1231106
21045
-18668
1231106
21045
-267
1231106
21045
-27972
1231106
21045
8230
1231106
21045
-2272
1231106
21045
-20513
1231106
21045
32237
1231106
21045
25713
1231106
21045
-6713
1231106
21045
15618
1231106
21045
14309
1231106
21045
-27481
1231106
21045
12467
1231106
21045
4570
1231106
21045
5578
1231106
21045
1417
1231106
21045
20540
1231106
21045
8685
1231106
21045
10394
1231106
21045
18495
1231106
21045
-20605
1231106
21045
12467
1231106
21045
18383
1231106
21045
-25734
1231106
21045
-1845
1231106
21045
-3416
1231106
21045
14725
1231106
21045
17576
1231106
21045
-5078
1231106
21045
-8398
1231106
21045
115
1231106
21045
-22857
1231106
21045
-25554
1231106
21045
-23466
1231106
21045
-5933
1231106
21045
-29239
1231106
21045
25757
1231106
21045
-3731
1231106
21045
31750
1231106
10629
4066
3720040
10629
32132
3720040
10629
14382
3720040
10629
21071
3720040
10629
31290
3720040
10629
8284
3720040
10629
10419
3720040
10629
-24283
3720040
10629
-19181
3720040
10629
4671
3720040
10629
-19133
3720040
10629
-23561
3720040
10629
-30035
3720040
10629
31553
3720040
10629
20092
3720040
10629
-11242
3720040
10629
9497
3720040
10629
-14302
3720040
10629
2936
3720040
10629
23410
3720040
10629
31742
3720040
10629
1831
3720040
10629
-16280
3720040
10629
446
3720040
10629
30738
3720040
10629
721
3720040
10629
27658
3720040
10629
16166
3720040
10629
22134
3720040
10629
-28761
3720040
10629
-27261
3720040
10629
3173
3720040
10629
20429
3720040
10629
-12264
3720040
10629
30369
3720040
10629
-31618
3720040
10629
29987
3720040
10629
2745
3720040
10629
-18577
3720040
10629
-16373
3720040
10629
-20545
3720040
10629
-15767
3720040
10629
-9381
3720040
10629
21645
3720040
10629
-19493
3720040
10629
9005
3720040
10629
952
3720040
10629
14111
3720040
10629
1607
3720040
10629
31986
3720040
-16842
-6441
1280243
-16842
-4873
1280243
-16842
-21535
1280243
-16842
1355
1280243
-16842
-7171
1280243
-16842
-16854
1280243
-16842
22883
1280243
-16842
-1891
1280243
-16842
5565
1280243
-16842
2172
1280243
-16842
885
1280243
-16842
14270
1280243
-16842
21460
1280243
-16842
19894
1280243
-16842
-6348
1280243
-16842
-29650
1280243
-16842
-3032
1280243
-16842
5274
1280243
-16842
-12650
1280243
-16842
-15066
1280243
-16842
30236
1280243
-16842
-31187
1280243
-16842
-20630
1280243
-16842
-362
1280243
-16842
-3112
1280243
-16842
-9657
1280243
-16842
5355
1280243
-16842
6055
1280243
-16842
-518
1280243
-16842
-4541
1280243
-16842
4234
1280243
-16842
-30167
1280243
-16842
-19596
1280243
-16842
-13561
1280243
-16842
12228
1280243
-16842
27499
1280243
-16842
-14962
1280243
-16842
17945
1280243
-16842
9939
1280243
-16842
18818
1280243
-16842
5805
1280243
-16842
31908
1280243
-16842
22235
1280243
-16842
3234
1280243
-16842
29765
1280243
-16842
146
1280243
-16842
-3311
1280243
-16842
-11961
1280243
-16842
-26104
1280243
-16842
29790
1280243
-14478
-11265
2720908
-14478
-13068
2720908
-14478
-31679
2720908
-14478
-12139
2720908
-14478
4202
2720908
-14478
-32350
2720908
-14478
-15092
2720908
-14478
-18711
2720908
-14478
-27101
2720908
-14478
-31720
2720908
-14478
14212
2720908
-14478
22474
2720908
-14478
-17738
2720908
-14478
5684
2720908
-14478
3397
2720908
-14478
2032
2720908
-14478
3265
2720908
-14478
38
2720908
-14478
-15105
2720908
-14478
-6688
2720908
-14478
-31883
2720908
-14478
-11845
2720908
-14478
-14798
2720908
-14478
13791
2720908
-14478
-29033
2720908
-14478
15414
2720908
-14478
10263
2720908
-14478
22940
2720908
-14478
23180
2720908
-14478
19673
2720908
-14478
-17028
2720908
-14478
31555
2720908
-14478
15143
2720908
-14478
2243
2720908
-14478
27974
2720908
-14478
14792
2720908
-14478
5444
2720908
-14478
-31040
2720908
-14478
7920
2720908
-14478
25014
2720908
-14478
-7941
2720908
-14478
4276
2720908
-14478
-28291
2720908
-14478
3902
2720908
-14478
-1031
2720908
-14478
-9125
2720908
-14478
-31215
2720908
-14478
900
2720908
-14478
8455
2720908
-14478
32187
2720908
24631
20183
12716355
24631
5303
12716355
24631
-26321
12716355
24631
3797
12716355
24631
2985
12716355
24631
23593
12716355
24631
20347
12716355
24631
7942
12716355
24631
19013
12716355
24631
-3330
12716355
24631
-26908
12716355
24631
3654
12716355
24631
-11405
12716355
24631
-28476
12716355
24631
-32200
12716355
24631
-24128
12716355
24631
16644
12716355
24631
11932
12716355
24631
22426
12716355
24631
-9660
12716355
24631
-24492
12716355
24631
25945
12716355
24631
10059
12716355
24631
-19059
12716355
24631
19715
12716355
24631
20400
12716355
24631
-10009
12716355
24631
29909
12716355
24631
8006
12716355
24631
6176
12716355
24631
23586
12716355
24631
-26900
12716355
24631
-28948
12716355
24631
-28539
12716355
24631
12510
12716355
24631
3243
12716355
24631
28271
12716355
24631
6445
12716355
24631
15820
12716355
24631
-26326
12716355
24631
-19022
12716355
24631
31392
12716355
24631
-12582
12716355
24631
-18090
12716355
24631
-16270
12716355
24631
27628
12716355
24631
-19593
12716355
24631
-25234
12716355
24631
29333
12716355
24631
-20603
12716355
-22238
1310
2478304
-22238
12985
2478304
-22238
-25485
2478304
-22238
32158
2478304
-22238
-28136
2478304
-22238
668
2478304
-22238
-20847
2478304
-22238
-19444
2478304
-22238
19825
2478304
-22238
8940
2478304
-22238
-4533
2478304
-22238
-24885
2478304
-22238
-17766
2478304
-22238
-20875
2478304
-22238
-5672
2478304
-22238
-10961
2478304
-22238
18516
2478304
-22238
8492
2478304
-22238
-13558
2478304
-22238
-27765
2478304
-22238
4256
2478304
-22238
26718
2478304
-22238
-19035
2478304
-22238
30915
2478304
-22238
-8584
2478304
-22238
-3574
2478304
-22238
20618
2478304
-22238
-27754
2478304
-22238
28845
2478304
-22238
-12071
2478304
-22238
19779
2478304
-22238
14468
2478304
-22238
10102
2478304
-22238
23114
2478304
-22238
11457
2478304
-22238
-29634
2478304
-22238
-20381
2478304
-22238
17954
2478304
-22238
-31357
2478304
-22238
9597
2478304
-22238
9721
2478304
-22238
15030
2478304
-22238
15362
2478304
-22238
9629
2478304
-22238
-29724
2478304
-22238
18262
2478304
-22238
-778
2478304
-22238
26140
2478304
-22238
-30744
2478304
-22238
10000
2478304
-5287
13442
942570
-5287
-12031
942570
-5287
-22954
942570
-5287
-32101
942570
-5287
-27536
942570
-5287
5913
942570
-5287
-22936
942570
-5287
7995
942570
-5287
-29350
942570
-5287
-7716
942570
-5287
21646
942570
-5287
-521
942570
-5287
-15040
942570
-5287
-27944
942570
-5287
-1893
942570
-5287
-16681
942570
-5287
-19275
942570
-5287
4452
942570
-5287
23936
942570
-5287
-16025
942570
-5287
-20863
942570
-5287
-30698
942570
-5287
-5536
942570
-5287
11984
942570
-5287
-22937
942570
-5287
-31020
942570
-5287
31237
942570
-5287
4956
942570
-5287
-510
942570
-5287
-4612
942570
-5287
21770
942570
-5287
-22980
942570
-5287
-22913
942570
-5287
-6666
942570
-5287
22990
942570
-5287
3101
942570
-5287
-5725
942570
-5287
28391
942570
-5287
-17945
942570
-5287
30796
942570
-5287
-10950
942570
-5287
-2154
942570
-5287
-16555
942570
-5287
23784
942570
-5287
-2786
942570
-5287
18426
942570
-5287
-7313
942570
-5287
-22314
942570
-5287
25563
942570
-5287
-10624
942570
14353
-7153
2131296
14353
15068
2131296
14353
-13812
2131296
14353
16761
2131296
14353
-13073
2131296
14353
-9368
2131296
14353
22839
2131296
14353
30655
2131296
14353
-4606
2131296
14353
17328
2131296
14353
-28189
2131296
14353
12386
2131296
14353
19122
2131296
14353
-8286
2131296
14353
-913
2131296
14353
30390
2131296
14353
21760
2131296
14353
30554
2131296
14353
-13970
2131296
14353
18086
2131296
14353
-32450
2131296
14353
-6511
2131296
14353
10829
2131296
14353
156
2131296
14353
18878
2131296
14353
-12382
2131296
14353
-13179
2131296
14353
8104
2131296
14353
27139
2131296
14353
18211
2131296
14353
26110
2131296
14353
-25705
2131296
14353
2707
2131296
14353
-9195
2131296
14353
-21692
2131296
14353
18735
2131296
14353
-1521
2131296
14353
-10956
2131296
14353
19758
2131296
14353
31838
2131296
14353
-31842
2131296
14353
-31348
2131296
14353
30549
2131296
14353
8613
2131296
14353
-22045
2131296
14353
-11753
2131296
14353
-20876
2131296
14353
12518
2131296
14353
8430
2131296
14353
-14647
2131296
3177
-20955
2753798
3177
-22658
2753798
3177
24825
2753798
3177
874
2753798
3177
-9568
2753798
3177
-28865
2753798
3177
18623
2753798
3177
3380
2753798
3177
-22186
2753798
3177
-23501
2753798
3177
17268
2753798
3177
18586
2753798
3177
-23404
2753798
3177
-6336
2753798
3177
10315
2753798
3177
-25006
2753798
3177
-23136
2753798
3177
31553
2753798
3177
-11197
2753798
3177
16260
2753798
3177
-20637
2753798
3177
-19732
2753798
3177
21129
2753798
3177
30051
2753798
3177
-8185
2753798
3177
11685
2753798
3177
-32076
2753798
3177
-2706
2753798
3177
29404
2753798
3177
-4748
2753798
3177
-31870
2753798
3177
25240
2753798
3177
31677
2753798
3177
-7014
2753798
3177
31797
2753798
3177
29783
2753798
3177
-30172
2753798
3177
-32650
2753798
3177
-7844
2753798
3177
-11079
2753798
3177
6716
2753798
3177
-9111
2753798
3177
26000
2753798
3177
3384
2753798
3177
-32083
2753798
3177
2135
2753798
3177
2977
2753798
3177
-27780
2753798
3177
-22462
2753798
3177
19380
2753798
29824
-25413
11010080
29824
-18598
11010080
29824
11768
11010080
29824
-28458
11010080
29824
5362
11010080
29824
11910
11010080
29824
-24190
11010080
29824
-11748
11010080
29824
29709
11010080
29824
-5617
11010080
29824
31005
11010080
29824
-2247
11010080
29824
-26040
11010080
29824
13130
11010080
29824
-21571
11010080
29824
27444
11010080
29824
-15379
11010080
29824
13548
11010080
29824
-21050
11010080
29824
-5496
11010080
29824
18005
11010080
29824
1329
11010080
29824
-29835
11010080
29824
23413
11010080
29824
30701
11010080
29824
1637
11010080
29824
-15324
11010080
29824
-19170
11010080
29824
-27137
11010080
29824
8112
11010080
29824
12347
11010080
29824
-19472
11010080
29824
21787
11010080
29824
11354
11010080
29824
13282
11010080
29824
-6168
11010080
29824
-10859
11010080
29824
-23528
11010080
29824
-25387
11010080
29824
573
11010080
29824
-25316
11010080
29824
-7390
11010080
29824
-23540
11010080
29824
25086
11010080
29824
1160
11010080
29824
2797
11010080
29824
-8709
11010080
29824
-17467
11010080
29824
-31244
11010080
29824
-18476
11010080
-466
-30669
1376499
-466
-24415
1376499
-466
5843
1376499
-466
28788
1376499
-466
-21195
1376499
-466
-31819
1376499
-466
30592
1376499
-466
-11823
1376499
-466
-32334
1376499
-466
-28023
1376499
-466
28088
1376499
-466
31176
1376499
-466
-16787
1376499
-466
-4673
1376499
-466
-19611
1376499
-466
-18432
1376499
-466
17962
1376499
-466
3553
1376499
-466
-19327
1376499
-466
-26949
1376499
-466
-6037
1376499
-466
-16762
1376499
-466
582
1376499
-466
-3079
1376499
-466
-6105
1376499
-466
-19047
1376499
-466
4953
1376499
-466
6192
1376499
-466
30888
1376499
-466
-17526
1376499
-466
15920
1376499
-466
25900
1376499
-466
-15222
1376499
-466
-29282
1376499
-466
-12366
1376499
-466
-8602
1376499
-466
27068
1376499
-466
2301
1376499
-466
19283
1376499
-466
6121
1376499
-466
-29952
1376499
-466
-315
1376499
-466
32563
1376499
-466
-15521
1376499
-466
30606
1376499
-466
-30676
1376499
-466
11013
1376499
-466
-7672
1376499
-466
-15704
1376499
-466
-22899
1376499
-16860
12894
1344240
-16860
-9997
1344240
-16860
-21890
1344240
-16860
-6887
1344240
-16860
-11312
1344240
-16860
-14337
1344240
-16860
1406
1344240
-16860
24651
1344240
-16860
16344
1344240
-16860
-16735
1344240
-16860
4331
1344240
-16860
-22720
1344240
-16860
14799
1344240
-16860
-31114
1344240
-16860
-20422
1344240
-16860
-4953
1344240
-16860
26453
1344240
-16860
-92
1344240
-16860
12516
1344240
-16860
13684
1344240
-16860
32699
1344240
-16860
27539
1344240
-16860
-11356
1344240
-16860
11815
1344240
-16860
501
1344240
-16860
-3248
1344240
-16860
11273
1344240
-16860
28547
1344240
-16860
-10749
1344240
-16860
-10541
1344240
-16860
-20261
1344240
-16860
-2171
1344240
-16860
18142
1344240
-16860
10967
1344240
-16860
12077
1344240
-16860
-2351
1344240
-16860
-21868
1344240
-16860
-1359
1344240
-16860
13259
1344240
-16860
-1102
1344240
-16860
28036
1344240
-16860
-18781
1344240
-16860
20820
1344240
-16860
-10865
1344240
-16860
-24221
1344240
-16860
13339
1344240
-16860
-9477
1344240
-16860
909
1344240
-16860
-15320
1344240
-16860
-18207
1344240
22093
-8777
3263505
22093
22396
3263505
22093
19427
3263505
22093
-29339
3263505
22093
-24727
3263505
22093
-24629
3263505
22093
-8101
3263505
22093
-2970
3263505
22093
606
3263505
22093
28802
3263505
22093
-27460
3263505
22093
-2109
3263505
22093
-28422
3263505
22093
-6003
3263505
22093
-18830
3263505
22093
27166
3263505
22093
27974
3263505
22093
-24830
3263505
22093
-7907
3263505
22093
30321
3263505
22093
18369
3263505
22093
-11218
3263505
22093
-2974
3263505
22093
-23396
3263505
22093
-21711
3263505
22093
-9126
3263505
22093
159
3263505
22093
-15017
3263505
22093
5839
3263505
22093
-8144
3263505
22093
-31455
3263505
22093
-13431
3263505
22093
21316
3263505
22093
-630
3263505
22093
-15911
3263505
22093
-12749
3263505
22093
-19997
3263505
22093
15532
3263505
22093
27191
3263505
22093
-20412
3263505
22093
3327
3263505
22093
-24336
3263505
22093
2858
3263505
22093
3875
3263505
22093
20582
3263505
22093
-6407
3263505
22093
6065
3263505
22093
18899
3263505
22093
-6742
3263505
22093
31399
3263505
28986
13031
8477255
28986
-16202
8477255
28986
-23830
8477255
28986
31844
8477255
28986
-25386
8477255
28986
22308
8477255
28986
-7676
8477255
28986
17802
8477255
28986
-10951
8477255
28986
3853
8477255
28986
30117
8477255
28986
9639
8477255
28986
-11287
8477255
28986
-21937
8477255
28986
11219
8477255
28986
-12009
8477255
28986
16410
8477255
28986
-15868
8477255
28986
12925
8477255
28986
-32177
8477255
28986
21294
8477255
28986
-21245
8477255
28986
12163
8477255
28986
-28259
8477255
28986
25661
8477255
28986
-826
8477255
28986
11494
8477255
28986
-18378
8477255
28986
-31911
8477255
28986
11074
8477255
28986
-25384
8477255
28986
11368
8477255
28986
5249
8477255
28986
-18926
8477255
28986
25943
8477255
28986
-22333
8477255
28986
27105
8477255
28986
2069
8477255
28986
31302
8477255
28986
-26851
8477255
28986
-29331
8477255
28986
-21809
8477255
28986
1194
8477255
28986
16709
8477255
28986
-10503
8477255
28986
-29175
8477255
28986
-5023
8477255
28986
-5441
8477255
28986
2985
8477255
28986
5289
8477255
-6939
24068
4469708
-6939
14486
4469708
-6939
17986
4469708
-6939
-14190
4469708
-6939
-15666
4469708
-6939
-5485
4469708
-6939
22538
4469708
-6939
26252
4469708
-6939
24619
4469708
-6939
23217
4469708
-6939
1398
4469708
-6939
-16678
4469708
-6939
-28842
4469708
-6939
-3862
4469708
-6939
22947
4469708
-6939
4955
4469708
-6939
32461
4469708
-6939
14825
4469708
-6939
-789
4469708
-6939
16115
4469708
-6939
12185
4469708
-6939
5092
4469708
-6939
21305
4469708
-6939
-29647
4469708
-6939
22532
4469708
-6939
-664
4469708
-6939
10995
4469708
-6939
-716
4469708
-6939
28670
4469708
-6939
1717
4469708
-6939
3230
4469708
-6939
-4704
4469708
-6939
7747
4469708
-6939
-16848
4469708
-6939
25057
4469708
-6939
10171
4469708
-6939
8727
4469708
-6939
32469
4469708
-6939
-12947
4469708
-6939
-24639
4469708
-6939
-30336
4469708
-6939
-30401
4469708
-6939
-32046
4469708
-6939
20872
4469708
-6939
-15291
4469708
-6939
-9370
4469708
-6939
-5666
4469708
-6939
3329
4469708
-6939
1048
4469708
-6939
10067
4469708
-2350
-16585
2429108
-2350
16873
2429108
-2350
-4791
2429108
-2350
31350
2429108
-2350
9356
2429108
-2350
17620
2429108
-2350
23655
2429108
-2350
31271
2429108
-2350
7561
2429108
-2350
13708
2429108
-2350
-7499
2429108
-2350
-8663
2429108
-2350
13914
2429108
-2350
-9230
2429108
-2350
1907
2429108
-2350
-25381
2429108
-2350
9475
2429108
-2350
-29601
2429108
-2350
20292
2429108
-2350
-19292
2429108
-2350
31487
2429108
-2350
18749
2429108
-2350
12343
2429108
-2350
24013
2429108
-2350
9951
2429108
-2350
-17292
2429108
-2350
-26027
2429108
-2350
-9826
2429108
-2350
-30301
2429108
-2350
-7779
2429108
-2350
-23779
2429108
-2350
11150
2429108
-2350
-29914
2429108
-2350
25450
2429108
-2350
-18005
2429108
-2350
-6892
2429108
-2350
-18123
2429108
-2350
13818
2429108
-2350
24404
2429108
-2350
22974
2429108
-2350
20311
2429108
-2350
-10255
2429108
-2350
-8995
2429108
-2350
14971
2429108
-2350
14640
2429108
-2350
4942
2429108
-2350
-22580
2429108
-2350
19183
2429108
-2350
-22170
2429108
-2350
-6458
2429108
-16317
13230
100480
-16317
9489
100480
-16317
-10689
100480
-16317
-14878
100480
-16317
7182
100480
-16317
-12076
100480
-16317
-24984
100480
-16317
-1820
100480
-16317
28853
100480
-16317
-17998
100480
-16317
-26385
100480
-16317
14317
100480
-16317
30382
100480
-16317
-28737
100480
-16317
26106
100480
-16317
11337
100480
-16317
-29236
100480
-16317
22903
100480
-16317
-3823
100480
-16317
-3072
100480
-16317
27738
100480
-16317
-14624
100480
-16317
25510
100480
-16317
32548
100480
-16317
-727
100480
-16317
-87
100480
-16317
25075
100480
-16317
-28211
100480
-16317
29535
100480
-16317
27199
100480
-16317
21825
100480
-16317
-28599
100480
-16317
1153
100480
-16317
29499
100480
-16317
-27624
100480
-16317
6305
100480
-16317
14118
100480
-16317
23331
100480
-16317
20812
100480
-16317
19187
100480
-16317
-7489
100480
-16317
21288
100480
-16317
17446
100480
-16317
-16480
100480
-16317
-26665
100480
-16317
8026
100480
-16317
3135
100480
-16317
18580
100480
-16317
-32601
100480
-16317
9827
100480
5407
-12324
291075
5407
5647
291075
5407
-26573
291075
5407
24380
291075
5407
10285
291075
5407
-2673
291075
5407
31659
291075
5407
25019
291075
5407
3302
291075
5407
-15615
291075
5407
27297
291075
5407
32642
291075
5407
27032
291075
5407
32180
291075
5407
24332
291075
5407
-7949
291075
5407
31564
291075
5407
25549
291075
5407
-21310
291075
5407
30739
291075
5407
28188
291075
5407
29688
291075
5407
-2586
291075
5407
-25937
291075
5407
-10849
291075
5407
-32672
291075
5407
16357
291075
5407
3829
291075
5407
3330
291075
5407
-15859
291075
5407
24809
291075
5407
16824
291075
5407
13770
291075
5407
20888
291075
5407
21380
291075
5407
28765
291075
5407
-18752
291075
5407
6551
291075
5407
11723
291075
5407
4261
291075
5407
-32379
291075
5407
-18661
291075
5407
28430
291075
5407
-17679
291075
5407
-888
291075
5407
-17208
291075
5407
-30082
291075
5407
744
291075
5407
-10219
291075
5407
17911
291075
4505
-954
1982730
4505
-21514
1982730
4505
11436
1982730
4505
-2659
1982730
4505
-8742
1982730
4505
14354
1982730
4505
-23533
1982730
4505
8873
1982730
4505
-24290
1982730
4505
13716
1982730
4505
-13786
1982730
4505
-27904
1982730
4505
-27818
1982730
4505
-10306
1982730
4505
21258
1982730
4505
-20561
1982730
4505
9817
1982730
4505
27709
1982730
4505
-28244
1982730
4505
25630
1982730
4505
21184
1982730
4505
-12658
1982730
4505
31750
1982730
4505
-32631
1982730
4505
3430
1982730
4505
-7769
1982730
4505
-7746
1982730
4505
-30941
1982730
4505
25750
1982730
4505
11809
1982730
4505
10687
1982730
4505
-1585
1982730
4505
30189
1982730
4505
13370
1982730
4505
-13489
1982730
4505
-10301
1982730
4505
19164
1982730
4505
-32142
1982730
4505
14412
1982730
4505
27999
1982730
4505
-30682
1982730
4505
-22246
1982730
4505
-21692
1982730
4505
6858
1982730
4505
-24319
1982730
4505
-22785
1982730
4505
869
1982730
4505
-6835
1982730
4505
12372
1982730
4505
-3780
1982730
-9237
22256
4204415
-9237
-23294
4204415
-9237
-22062
4204415
-9237
23749
4204415
-9237
-10131
4204415
-9237
24978
4204415
-9237
15280
4204415
-9237
-10328
4204415
-9237
-15892
4204415
-9237
558
4204415
-9237
-4106
4204415
-9237
20356
4204415
-9237
-340
4204415
-9237
-11965
4204415
-9237
30244
4204415
-9237
1988
4204415
-9237
23580
4204415
-9237
9027
4204415
-9237
11789
4204415
-9237
-3966
4204415
-9237
-21281
4204415
-9237
12256
4204415
-9237
-4704
4204415
-9237
30983
4204415
-9237
9344
4204415
-9237
23114
4204415
-9237
21183
4204415
-9237
16692
4204415
-9237
-31259
4204415
-9237
-13037
4204415
-9237
-18367
4204415
-9237
21237
4204415
-9237
6348
4204415
-9237
-28806
4204415
-9237
2643
4204415
-9237
31433
4204415
-9237
164
4204415
-9237
349
4204415
-9237
13741
4204415
-9237
-27378
4204415
-9237
-22845
4204415
-9237
-85
4204415
-9237
-32066
4204415
-9237
22354
4204415
-9237
23063
4204415
-9237
-13193
4204415
-9237
-12518
4204415
-9237
27984
4204415
-9237
-4350
4204415
-9237
-20560
4204415
-4890
-583
1523933
-4890
16544
1523933
-4890
-31608
1523933
-4890
-31731
1523933
-4890
24307
1523933
-4890
-4602
1523933
-4890
15683
1523933
-4890
-1257
1523933
-4890
31260
1523933
-4890
1584
1523933
-4890
-26395
1523933
-4890
-11802
1523933
-4890
27558
1523933
-4890
-20479
1523933
-4890
-30612
1523933
-4890
31767
1523933
-4890
-16425
1523933
-4890
10132
1523933
-4890
15362
1523933
-4890
-30283
1523933
-4890
18337
1523933
-4890
21172
1523933
-4890
-6093
1523933
-4890
-21846
1523933
-4890
-23022
1523933
-4890
17990
1523933
-4890
-32270
1523933
-4890
-16014
1523933
-4890
32114
1523933
-4890
-27416
1523933
-4890
-19646
1523933
-4890
6489
1523933
-4890
-8887
1523933
-4890
-18957
1523933
-4890
-17315
1523933
-4890
-7479
1523933
-4890
14671
1523933
-4890
29766
1523933
-4890
-3710
1523933
-4890
26445
1523933
-4890
15964
1523933
-4890
6879
1523933
-4890
891
1523933
-4890
-27766
1523933
-4890
4557
1523933
-4890
-1025
1523933
-4890
2053
1523933
-4890
-26388
1523933
-4890
21549
1523933
-4890
-28695
1523933
11849
30109
1231216
11849
-17493
1231216
11849
-23794
1231216
11849
-13649
1231216
11849
5692
1231216
11849
19541
1231216
11849
13389
1231216
11849
19414
1231216
11849
-22375
1231216
11849
-20723
1231216
11849
30695
1231216
11849
8333
1231216
11849
-1483
1231216
11849
15056
1231216
11849
24722
1231216
11849
11369
1231216
11849
-13741
1231216
11849
29582
1231216
11849
21480
1231216
11849
-16242
1231216
11849
-28899
1231216
11849
-28230
1231216
11849
28974
1231216
11849
25389
1231216
11849
24480
1231216
11849
-19796
1231216
11849
21476
1231216
11849
9738
1231216
11849
13594
1231216
11849
-26822
1231216
11849
31400
1231216
11849
28105
1231216
11849
-13435
1231216
11849
-20263
1231216
11849
1910
1231216
11849
-24326
1231216
11849
-8659
1231216
11849
25957
1231216
11849
-19872
1231216
11849
18511
1231216
11849
22280
1231216
11849
-12955
1231216
11849
-10018
1231216
11849
26856
1231216
11849
-21533
1231216
11849
9974
1231216
11849
31732
1231216
11849
1447
1231216
11849
-29885
1231216
11849
9843
1231216
-4366
14254
87292
-4366
-3017
87292
-4366
3494
87292
-4366
-4397
87292
-4366
-25451
87292
-4366
31803
87292
-4366
27462
87292
-4366
30572
87292
-4366
-11969
87292
-4366
23823
87292
-4366
18839
87292
-4366
-30441
87292
-4366
-21382
87292
-4366
-29616
87292
-4366
-25412
87292
-4366
5296
87292
-4366
9277
87292
-4366
21234
87292
-4366
-11406
87292
-4366
13196
87292
-4366
-11583
87292
-4366
-7148
87292
-4366
29586
87292
-4366
23836
87292
-4366
18057
87292
-4366
1920
87292
-4366
-29929
87292
-4366
9284
87292
-4366
-25965
87292
-4366
20486
87292
-4366
-25058
87292
-4366
9735
87292
-4366
2803
87292
-4366
-23540
87292
-4366
24730
87292
-4366
3815
87292
-4366
-13727
87292
-4366
-12649
87292
-4366
-30419
87292
-4366
2814
87292
-4366
-11103
87292
-4366
2392
87292
-4366
22228
87292
-4366
27010
87292
-4366
19346
87292
-4366
27462
87292
-4366
-3352
87292
-4366
-18133
87292
-4366
-8790
87292
-4366
15413
87292
2467
11657
3475468
2467
-8886
3475468
2467
30241
3475468
2467
-15486
3475468
2467
908
3475468
2467
8952
3475468
2467
6665
3475468
2467
-27931
3475468
2467
-5416
3475468
2467
-16223
3475468
2467
-18123
3475468
2467
4257
3475468
2467
-1105
3475468
2467
18637
3475468
2467
17142
3475468
2467
15572
3475468
2467
10706
3475468
2467
-31046
3475468
2467
-5575
3475468
2467
4210
3475468
2467
-14571
3475468
2467
-19706
3475468
2467
16371
3475468
2467
-29124
3475468
2467
-14002
3475468
2467
10979
3475468
2467
-5040
3475468
2467
5073
3475468
2467
-28010
3475468
2467
-1950
3475468
2467
12852
3475468
2467
-13911
3475468
2467
22181
3475468
2467
31094
3475468
2467
-14928
3475468
2467
-28979
3475468
2467
-20440
3475468
2467
-11400
3475468
2467
8353
3475468
2467
-1312
3475468
2467
18557
3475468
2467
-17821
3475468
2467
-17881
3475468
2467
-13068
3475468
2467
13462
3475468
2467
22030
3475468
2467
-5781
3475468
2467
1720
3475468
2467
-10614
3475468
2467
-328
3475468
-31502
-18218
8467596
-31502
25254
8467596
-31502
-20857
8467596
-31502
-16113
8467596
-31502
20321
8467596
-31502
-26270
8467596
-31502
-27044
8467596
-31502
-3247
8467596
-31502
12812
8467596
-31502
-24676
8467596
-31502
-30401
8467596
-31502
19921
8467596
-31502
17764
8467596
-31502
-14756
8467596
-31502
29336
8467596
-31502
-29215
8467596
-31502
-10597
8467596
-31502
3794
8467596
-31502
-17121
8467596
-31502
-32142
8467596
-31502
9754
8467596
-31502
19235
8467596
-31502
17680
8467596
-31502
-6726
8467596
-31502
-17491
8467596
-31502
-32554
8467596
-31502
14858
8467596
-31502
-32007
8467596
-31502
3260
8467596
-31502
-9820
8467596
-31502
-24896
8467596
-31502
-12449
8467596
-31502
21594
8467596
-31502
30279
8467596
-31502
-6310
8467596
-31502
-2028
8467596
-31502
-26828
8467596
-31502
-22395
8467596
-31502
-746
8467596
-31502
-23065
8467596
-31502
20165
8467596
-31502
-24263
8467596
-31502
27923
8467596
-31502
5780
8467596
-31502
-25257
8467596
-31502
9841
8467596
-31502
-13033
8467596
-31502
-29498
8467596
-31502
-15115
8467596
-31502
4393
8467596
-8601
3867
6160757
-8601
3511
6160757
-8601
18218
6160757
-8601
-12930
6160757
-8601
1757
6160757
-8601
27770
6160757
-8601
-11052
6160757
-8601
-5749
6160757
-8601
-1492
6160757
-8601
15429
6160757
-8601
-20936
6160757
-8601
-28526
6160757
-8601
20773
6160757
-8601
21740
6160757
-8601
6222
6160757
-8601
-21503
6160757
-8601
22533
6160757
-8601
-5927
6160757
-8601
-24404
6160757
-8601
4364
6160757
-8601
-16141
6160757
-8601
-4843
6160757
-8601
2815
6160757
-8601
-21384
6160757
-8601
18538
6160757
-8601
748
6160757
-8601
15187
6160757
-8601
23279
6160757
-8601
-19712
6160757
-8601
-1024
6160757
-8601
-4279
6160757
-8601
27941
6160757
-8601
30026
6160757
-8601
17072
6160757
-8601
-2043
6160757
-8601
20290
6160757
-8601
19387
6160757
-8601
11689
6160757
-8601
-8781
6160757
-8601
20587
6160757
-8601
26275
6160757
-8601
-22927
6160757
-8601
29531
6160757
-8601
-20458
6160757
-8601
-26256
6160757
-8601
-30167
6160757
-8601
-28612
6160757
-8601
-27362
6160757
-8601
11989
6160757
-8601
-9818
6160757
19140
-10629
2136600
19140
-18213
2136600
19140
6709
2136600
19140
-7951
2136600
19140
20411
2136600
19140
23918
2136600
19140
11587
2136600
19140
23761
2136600
19140
-16681
2136600
19140
3644
2136600
19140
28772
2136600
19140
32001
2136600
19140
8408
2136600
19140
-19082
2136600
19140
-4963
2136600
19140
16517
2136600
19140
-2645
2136600
19140
3544
2136600
19140
7641
2136600
19140
-24270
2136600
19140
2743
2136600
19140
-26418
2136600
19140
29690
2136600
19140
9667
2136600
19140
-5163
2136600
19140
13515
2136600
19140
-29621
2136600
19140
-15665
2136600
19140
-28612
2136600
19140
3562
2136600
19140
-26082
2136600
19140
25218
2136600
19140
-26433
2136600
19140
4036
2136600
19140
-30251
2136600
19140
-27134
2136600
19140
8981
2136600
19140
-12496
2136600
19140
-22833
2136600
19140
-13602
2136600
19140
20949
2136600
19140
-24823
2136600
19140
10832
2136600
19140
25236
2136600
19140
4535
2136600
19140
16700
2136600
19140
599
2136600
19140
32741
2136600
19140
-32050
2136600
19140
-2203
2136600
-22375
29219
3064290
-22375
-20303
3064290
-22375
28758
3064290
-22375
1433
3064290
-22375
-32005
3064290
-22375
16470
3064290
-22375
-24372
3064290
-22375
3207
3064290
-22375
30990
3064290
-22375
20671
3064290
-22375
-22955
3064290
-22375
16876
3064290
-22375
12661
3064290
-22375
26973
3064290
-22375
26323
3064290
-22375
1829
3064290
-22375
12792
3064290
-22375
8565
3064290
-22375
16787
3064290
-22375
-25451
3064290
-22375
-699
3064290
-22375
-18279
3064290
-22375
-25717
3064290
-22375
26124
3064290
-22375
-20465
3064290
-22375
23446
3064290
-22375
-21713
3064290
-22375
27974
3064290
-22375
9137
3064290
-22375
-32302
3064290
-22375
18081
3064290
-22375
25332
3064290
-22375
-20520
3064290
-22375
-5219
3064290
-22375
12652
3064290
-22375
30757
3064290
-22375
1608
3064290
-22375
24032
3064290
-22375
-22976
3064290
-22375
-31438
3064290
-22375
13477
3064290
-22375
18512
3064290
-22375
29227
3064290
-22375
-17216
3064290
-22375
3998
3064290
-22375
18365
3064290
-22375
-5435
3064290
-22375
-31194
3064290
-22375
-15547
3064290
-22375
5620
3064290
28787
-14103
8995908
28787
-29784
8995908
28787
-28559
8995908
28787
14953
8995908
28787
-29794
8995908
28787
5689
8995908
28787
-135
8995908
28787
19061
8995908
28787
-22253
8995908
28787
-26850
8995908
28787
-21983
8995908
28787
27718
8995908
28787
-129
8995908
28787
-23051
8995908
28787
32351
8995908
28787
-24119
8995908
28787
6918
8995908
28787
27041
8995908
28787
-5298
8995908
28787
-3569
8995908
28787
26184
8995908
28787
-17391
8995908
28787
14110
8995908
28787
11778
8995908
28787
1906
8995908
28787
-19335
8995908
28787
23378
8995908
28787
20997
8995908
28787
-28729
8995908
28787
-27898
8995908
28787
-21478
8995908
28787
-18181
8995908
28787
19535
8995908
28787
-5324
8995908
28787
-15807
8995908
28787
-11615
8995908
28787
25080
8995908
28787
30278
8995908
28787
19933
8995908
28787
24792
8995908
28787
-7578
8995908
28787
-6823
8995908
28787
4717
8995908
28787
13650
8995908
28787
8006
8995908
28787
-9390
8995908
28787
-17939
8995908
28787
-4463
8995908
28787
21532
8995908
28787
9956
8995908
15668
-24377
1214546
15668
12458
1214546
15668
-32232
1214546
15668
2285
1214546
15668
-17575
1214546
15668
-19569
1214546
15668
21491
1214546
15668
-17507
1214546
15668
23693
1214546
15668
24499
1214546
15668
23701
1214546
15668
19488
1214546
15668
8431
1214546
15668
-2778
1214546
15668
13653
1214546
15668
-23693
1214546
15668
-20859
1214546
15668
-4920
1214546
15668
-23730
1214546
15668
15429
1214546
15668
-2008
1214546
15668
-13819
1214546
15668
-29367
1214546
15668
-23984
1214546
15668
24392
1214546
15668
1928
1214546
15668
4318
1214546
15668
684
1214546
15668
26855
1214546
15668
-8181
1214546
15668
22468
1214546
15668
-22868
1214546
15668
24350
1214546
15668
32601
1214546
15668
18998
1214546
15668
-2764
1214546
15668
-27772
1214546
15668
15690
1214546
15668
13739
1214546
15668
22257
1214546
15668
25495
1214546
15668
9630
1214546
15668
-21125
1214546
15668
11753
1214546
15668
-10631
1214546
15668
-25883
1214546
15668
12820
1214546
15668
-6642
1214546
15668
-29756
1214546
15668
23901
1214546
3265
-5031
2621696
3265
14195
2621696
3265
16022
2621696
3265
-24884
2621696
3265
-13845
2621696
3265
7938
2621696
3265
1772
2621696
3265
-1890
2621696
3265
-16278
2621696
3265
32013
2621696
3265
21440
2621696
3265
-23364
2621696
3265
-18964
2621696
3265
-30344
2621696
3265
20509
2621696
3265
-5190
2621696
3265
649
2621696
3265
-5915
2621696
3265
18124
2621696
3265
-9946
2621696
3265
-7983
2621696
3265
-10274
2621696
3265
-5618
2621696
3265
-31436
2621696
3265
-23733
2621696
3265
5596
2621696
3265
-26247
2621696
3265
11075
2621696
3265
-13279
2621696
3265
22667
2621696
3265
-19928
2621696
3265
162
2621696
3265
11824
2621696
3265
18068
2621696
3265
-28775
2621696
3265
27418
2621696
3265
-14287
2621696
3265
13222
2621696
3265
-30563
2621696
3265
-29375
2621696
3265
-30736
2621696
3265
12574
2621696
3265
29211
2621696
3265
29705
2621696
3265
25391
2621696
3265
805
2621696
3265
-14550
2621696
3265
-11220
2621696
3265
-24868
2621696
3265
4506
2621696
-11405
-1919
648332
-11405
-16350
648332
-11405
22626
648332
-11405
8471
648332
-11405
9238
648332
-11405
2537
648332
-11405
3281
648332
-11405
-29718
648332
-11405
23047
648332
-11405
18294
648332
-11405
-12756
648332
-11405
-4570
648332
-11405
21918
648332
-11405
1235
648332
-11405
-20685
648332
-11405
-32198
648332
-11405
-5289
648332
-11405
28999
648332
-11405
29151
648332
-11405
21367
648332
-11405
-5351
648332
-11405
6361
648332
-11405
-8789
648332
-11405
-8903
648332
-11405
-26594
648332
-11405
4531
648332
-11405
2770
648332
-11405
1390
648332
-11405
9696
648332
-11405
-11851
648332
-11405
-26243
648332
-11405
-22363
648332
-11405
-7108
648332
-11405
18058
648332
-11405
20961
648332
-11405
16483
648332
-11405
28676
648332
-11405
-14772
648332
-11405
5852
648332
-11405
-5328
648332
-11405
30726
648332
-11405
-14354
648332
-11405
-21441
648332
-11405
8571
648332
-11405
3356
648332
-11405
-4146
648332
-11405
13059
648332
-11405
13714
648332
-11405
26789
648332
-11405
-19112
648332
4601
-21174
1196302
4601
-13769
1196302
4601
24297
1196302
4601
27312
1196302
4601
-18371
1196302
4601
32366
1196302
4601
-1010
1196302
4601
-17839
1196302
4601
22519
1196302
4601
-13784
1196302
4601
-6998
1196302
4601
24208
1196302
4601
18568
1196302
4601
-26018
1196302
4601
-8967
1196302
4601
-19558
1196302
4601
3458
1196302
4601
-25005
1196302
4601
-23565
1196302
4601
27232
1196302
4601
6429
1196302
4601
-8840
1196302
4601
15134
1196302
4601
27483
1196302
4601
-4973
1196302
4601
-3079
1196302
4601
-29085
1196302
4601
21935
1196302
4601
-5709
1196302
4601
4978
1196302
4601
-23287
1196302
4601
-28322
1196302
4601
-16118
1196302
4601
-29301
1196302
4601
-14890
1196302
4601
28678
1196302
4601
5610
1196302
4601
21039
1196302
4601
-11604
1196302
4601
28084
1196302
4601
-10146
1196302
4601
-24291
1196302
4601
-1872
1196302
4601
-21818
1196302
4601
5166
1196302
4601
22220
1196302
4601
-32383
1196302
4601
1841
1196302
4601
26520
1196302
4601
21405
1196302
634
-10541
1638919
634
1225
1638919
634
24022
1638919
634
11233
1638919
634
8896
1638919
634
14883
1638919
634
-291
1638919
634
-15790
1638919
634
-21281
1638919
634
21324
1638919
634
6013
1638919
634
8922
1638919
634
-20068
1638919
634
-14592
1638919
634
12818
1638919
634
-2001
1638919
634
8256
1638919
634
26974
1638919
634
20620
1638919
634
-24167
1638919
634
-14219
1638919
634
1194
1638919
634
4263
1638919
634
27455
1638919
634
14553
1638919
634
-25363
1638919
634
29511
1638919
634
-10036
1638919
634
-2995
1638919
634
-22274
1638919
634
-7733
1638919
634
-14127
1638919
634
-16118
1638919
634
18379
1638919
634
21536
1638919
634
-17692
1638919
634
-17764
1638919
634
21173
1638919
634
-26594
1638919
634
19583
1638919
634
-20371
1638919
634
-4024
1638919
634
16292
1638919
634
-3810
1638919
634
-8450
1638919
634
-29187
1638919
634
-20083
1638919
634
9749
1638919
634
23990
1638919
634
-24453
1638919
6812
-28
4993594
6812
-16618
4993594
6812
27668
4993594
6812
-3587
4993594
6812
30134
4993594
6812
19384
4993594
6812
-416
4993594
6812
30121
4993594
6812
-28823
4993594
6812
21042
4993594
6812
-2227
4993594
6812
-21066
4993594
6812
11585
4993594
6812
10600
4993594
6812
-17620
4993594
6812
12056
4993594
6812
-16004
4993594
6812
28213
4993594
6812
-3562
4993594
6812
10831
4993594
6812
7942
4993594
6812
-11561
4993594
6812
-22316
4993594
6812
-27783
4993594
6812
15020
4993594
6812
-19107
4993594
6812
-31156
4993594
6812
-7100
4993594
6812
11280
4993594
6812
12071
4993594
6812
22912
4993594
6812
-24174
4993594
6812
26863
4993594
6812
-16995
4993594
6812
12639
4993594
6812
29473
4993594
6812
17038
4993594
6812
28685
4993594
6812
6371
4993594
6812
26702
4993594
6812
12763
4993594
6812
-32370
4993594
6812
3155
4993594
6812
-28036
4993594
6812
-1147
4993594
6812
14528
4993594
6812
-12126
4993594
6812
-1542
4993594
6812
27397
4993594
6812
-12984
4993594
11927
27029
710009
11927
-9654
710009
11927
19081
710009
11927
796
710009
11927
16666
710009
11927
30169
710009
11927
-10344
710009
11927
-21414
710009
11927
-19831
710009
11927
-5670
710009
11927
28009
710009
11927
-12787
710009
11927
1700
710009
11927
-10588
710009
11927
27636
710009
11927
12009
710009
11927
-27189
710009
11927
30292
710009
11927
-31840
710009
11927
22369
710009
11927
22504
710009
11927
29092
710009
11927
-17467
710009
11927
23474
710009
11927
-24261
710009
11927
16644
710009
11927
21267
710009
11927
18101
710009
11927
-26938
710009
11927
25196
710009
11927
14390
710009
11927
2291
710009
11927
-21369
710009
11927
-6940
710009
11927
-13413
710009
11927
19162
710009
11927
3341
710009
11927
-15656
710009
11927
9166
710009
11927
9437
710009
11927
14788
710009
11927
-22434
710009
11927
27874
710009
11927
-64
710009
11927
1440
710009
11927
20398
710009
11927
18981
710009
11927
-29832
710009
11927
-12792
710009
11927
-21073
710009
14074
1169
2200127
14074
-20046
2200127
14074
21163
2200127
14074
-22983
2200127
14074
-10026
2200127
14074
5850
2200127
14074
14840
2200127
14074
3240
2200127
14074
-24222
2200127
14074
-4780
2200127
14074
-19797
2200127
14074
-20620
2200127
14074
-7692
2200127
14074
-4788
2200127
14074
32042
2200127
14074
31579
2200127
14074
20750
2200127
14074
24605
2200127
14074
6002
2200127
14074
-26800
2200127
14074
-9825
2200127
14074
-16383
2200127
14074
14325
2200127
14074
10549
2200127
14074
2865
2200127
14074
21407
2200127
14074
26450
2200127
14074
23547
2200127
14074
7613
2200127
14074
21305
2200127
14074
13946
2200127
14074
19811
2200127
14074
3171
2200127
14074
18043
2200127
14074
6972
2200127
14074
7565
2200127
14074
-4972
2200127
14074
-28827
2200127
14074
18058
2200127
14074
22684
2200127
14074
-21411
2200127
14074
17334
2200127
14074
-1256
2200127
14074
13624
2200127
14074
-2363
2200127
14074
-8411
2200127
14074
30149
2200127
14074
13204
2200127
14074
32383
2200127
14074
27444
2200127
-17061
6849
1346515
-17061
-32735
1346515
-17061
14951
1346515
-17061
23594
1346515
-17061
-19010
1346515
-17061
-415
1346515
-17061
-3007
1346515
-17061
-9782
1346515
-17061
-5633
1346515
-17061
-19082
1346515
-17061
4651
1346515
-17061
-2862
1346515
-17061
1119
1346515
-17061
-30888
1346515
-17061
22433
1346515
-17061
12506
1346515
-17061
-2366
1346515
-17061
30198
1346515
-17061
-7184
1346515
-17061
13967
1346515
-17061
19176
1346515
-17061
-2567
1346515
-17061
-24012
1346515
-17061
-9432
1346515
-17061
11264
1346515
-17061
-15731
1346515
-17061
7029
1346515
-17061
31647
1346515
-17061
-21962
1346515
-17061
4355
1346515
-17061
-573
1346515
-17061
-15064
1346515
-17061
-9313
1346515
-17061
-24843
1346515
-17061
-21306
1346515
-17061
27205
1346515
-17061
20781
1346515
-17061
-15252
1346515
-17061
27277
1346515
-17061
-27425
1346515
-17061
6580
1346515
-17061
-10518
1346515
-17061
10854
1346515
-17061
19744
1346515
-17061
2544
1346515
-17061
-21210
1346515
-17061
-14041
1346515
-17061
7318
1346515
-17061
1588
1346515
-17061
-12886
1346515
-19049
-27830
3835305
-19049
21253
3835305
-19049
-6475
3835305
-19049
24006
3835305
-19049
27316
3835305
-19049
-21771
3835305
-19049
8843
3835305
-19049
25639
3835305
-19049
-940
3835305
-19049
12406
3835305
-19049
8846
3835305
-19049
28327
3835305
-19049
1247
3835305
-19049
-31405
3835305
-19049
17714
3835305
-19049
-22354
3835305
-19049
-1226
3835305
-19049
-21186
3835305
-19049
25184
3835305
-19049
11626
3835305
-19049
-26161
3835305
-19049
-26526
3835305
-19049
-8821
3835305
-19049
24791
3835305
-19049
-139
3835305
-19049
-16936
3835305
-19049
23033
3835305
-19049
-29299
3835305
-19049
-12453
3835305
-19049
31643
3835305
-19049
-8108
3835305
-19049
-7401
3835305
-19049
5972
3835305
-19049
-16591
3835305
-19049
26130
3835305
-19049
-23771
3835305
-19049
6241
3835305
-19049
11113
3835305
-19049
5431
3835305
-19049
-21245
3835305
-19049
-2707
3835305
-19049
-31843
3835305
-19049
-14513
3835305
-19049
-19723
3835305
-19049
5863
3835305
-19049
-11852
3835305
-19049
64
3835305
-19049
-21850
3835305
-19049
-21841
3835305
-19049
-9674
3835305
10907
31530
848763
10907
29384
848763
10907
5150
848763
10907
31613
848763
10907
-16117
848763
10907
23825
848763
10907
4452
848763
10907
7445
848763
10907
644
848763
10907
7824
848763
10907
1057
848763
10907
-20338
848763
10907
-4530
848763
10907
-25304
848763
10907
-980
848763
10907
21718
848763
10907
4040
848763
10907
-24813
848763
10907
7933
848763
10907
-2489
848763
10907
-28606
848763
10907
-31863
848763
10907
22985
848763
10907
5648
848763
10907
30383
848763
10907
13054
848763
10907
-18437
848763
10907
-13537
848763
10907
-9619
848763
10907
3202
848763
10907
-24460
848763
10907
5157
848763
10907
-10708
848763
10907
9418
848763
10907
28821
848763
10907
-26470
848763
10907
-31258
848763
10907
1703
848763
10907
-24466
848763
10907
-16077
848763
10907
-9699
848763
10907
28717
848763
10907
-21115
848763
10907
-13714
848763
10907
1712
848763
10907
-17045
848763
10907
7432
848763
10907
-629
848763
10907
-19955
848763
10907
-26759
848763
18049
28834
2658584
18049
-11714
2658584
18049
-2671
2658584
18049
10825
2658584
18049
-3334
2658584
18049
-21889
2658584
18049
14053
2658584
18049
-21313
2658584
18049
707
2658584
18049
13725
2658584
18049
1719
2658584
18049
14905
2658584
18049
18962
2658584
18049
14209
2658584
18049
19569
2658584
18049
-14767
2658584
18049
27321
2658584
18049
9413
2658584
18049
-21167
2658584
18049
30115
2658584
18049
-19125
2658584
18049
-28064
2658584
18049
-6101
2658584
18049
1447
2658584
18049
-2059
2658584
18049
-30660
2658584
18049
-2688
2658584
18049
5880
2658584
18049
-16202
2658584
18049
2940
2658584
18049
28499
2658584
18049
-15180
2658584
18049
31691
2658584
18049
12254
2658584
18049
12295
2658584
18049
-10422
2658584
18049
-19570
2658584
18049
-19952
2658584
18049
15635
2658584
18049
-4733
2658584
18049
1989
2658584
18049
-14377
2658584
18049
29404
2658584
18049
-20239
2658584
18049
30359
2658584
18049
167
2658584
18049
22435
2658584
18049
10231
2658584
18049
24799
2658584
18049
2916
2658584
109
-19029
590853
109
-24353
590853
109
24325
590853
109
-24258
590853
109
-18561
590853
109
17044
590853
109
20277
590853
109
-17411
590853
109
27766
590853
109
32598
590853
109
16722
590853
109
-24657
590853
109
-5774
590853
109
-23268
590853
109
11900
590853
109
11438
590853
109
-7182
590853
109
22924
590853
109
24928
590853
109
13185
590853
109
7394
590853
109
-15064
590853
109
-18982
590853
109
-1364
590853
109
-31550
590853
109
13556
590853
109
17146
590853
109
22719
590853
109
-15300
590853
109
24944
590853
109
31114
590853
109
-7977
590853
109
6444
590853
109
21313
590853
109
28017
590853
109
16171
590853
109
-9435
590853
109
26150
590853
109
17564
590853
109
24445
590853
109
7693
590853
109
15771
590853
109
-16356
590853
109
-2153
590853
109
-10264
590853
109
31758
590853
109
-10901
590853
109
-5365
590853
109
-21695
590853
109
-12127
590853
-9701
20458
5514099
-9701
30425
5514099
-9701
1223
5514099
-9701
-20060
5514099
-9701
6041
5514099
-9701
27234
5514099
-9701
-1610
5514099
-9701
26071
5514099
-9701
-16836
5514099
-9701
29544
5514099
-9701
-15442
5514099
-9701
-1769
5514099
-9701
876
5514099
-9701
5162
5514099
-9701
11077
5514099
-9701
-32664
5514099
-9701
19309
5514099
-9701
-26999
5514099
-9701
5687
5514099
-9701
-3900
5514099
-9701
-3840
5514099
-9701
14504
5514099
-9701
-14521
5514099
-9701
-26496
5514099
-9701
20772
5514099
-9701
24884
5514099
-9701
-9279
5514099
-9701
-2777
5514099
-9701
-13703
5514099
-9701
19782
5514099
-9701
31068
5514099
-9701
10595
5514099
-9701
-29225
5514099
-9701
-20946
5514099
-9701
-4150
5514099
-9701
3262
5514099
-9701
-14990
5514099
-9701
14174
5514099
-9701
-6994
5514099
-9701
5
5514099
-9701
28489
5514099
-9701
10571
5514099
-9701
5830
5514099
-9701
22909
5514099
-9701
-14500
5514099
-9701
-23210
5514099
-9701
11773
5514099
-9701
22337
5514099
-9701
9890
5514099
-9701
-11611
5514099
2541
7278
3212301
2541
-13012
3212301
2541
21716
3212301
2541
-18417
3212301
2541
4433
3212301
2541
-29293
3212301
2541
24582
3212301
2541
-4136
3212301
2541
558
3212301
2541
31319
3212301
2541
20360
3212301
2541
12303
3212301
2541
28812
3212301
2541
22537
3212301
2541
9585
3212301
2541
-11048
3212301
2541
-302
3212301
2541
-24022
3212301
2541
31034
3212301
2541
4750
3212301
2541
-2446
3212301
2541
22625
3212301
2541
-17593
3212301
2541
24663
3212301
2541
-28263
3212301
2541
24673
3212301
2541
-977
3212301
2541
23263
3212301
2541
28548
3212301
2541
-1858
3212301
2541
-4998
3212301
2541
16891
3212301
2541
32757
3212301
2541
18132
3212301
2541
1252
3212301
2541
-1041
3212301
2541
19130
3212301
2541
-307
3212301
2541
29114
3212301
2541
14868
3212301
2541
-428
3212301
2541
18954
3212301
2541
-19197
3212301
2541
26090
3212301
2541
-2836
3212301
2541
-29361
3212301
2541
19011
3212301
2541
-25986
3212301
2541
18219
3212301
2541
-29481
3212301
21098
-27736
1689095
21098
16722
1689095
21098
-28326
1689095
21098
8875
1689095
21098
9409
1689095
21098
22427
1689095
21098
23453
1689095
21098
24268
1689095
21098
13023
1689095
21098
23150
1689095
21098
-23399
1689095
21098
-28673
1689095
21098
-25144
1689095
21098
8481
1689095
21098
6810
1689095
21098
-16719
1689095
21098
-6318
1689095
21098
-27630
1689095
21098
9726
1689095
21098
-22979
1689095
21098
31781
1689095
21098
-3101
1689095
21098
-114
1689095
21098
-4176
1689095
21098
1485
1689095
21098
5536
1689095
21098
4527
1689095
21098
29508
1689095
21098
21594
1689095
21098
-28350
1689095
21098
29053
1689095
21098
30075
1689095
21098
-17037
1689095
21098
-7224
1689095
21098
-24476
1689095
21098
28735
1689095
21098
30509
1689095
21098
-32521
1689095
21098
-24750
1689095
21098
-13805
1689095
21098
27412
1689095
21098
-24341
1689095
21098
-30273
1689095
21098
31394
1689095
21098
1886
1689095
21098
-8161
1689095
21098
2386
1689095
21098
5611
1689095
21098
-12046
1689095
21098
-28457
1689095
-16335
-12186
295296
-16335
-10288
295296
-16335
23044
295296
-16335
25546
295296
-16335
-16420
295296
-16335
18683
295296
-16335
-23859
295296
-16335
-27090
295296
-16335
-21186
295296
-16335
7456
295296
-16335
-25999
295296
-16335
-3786
295296
-16335
-5889
295296
-16335
-21912
295296
-16335
8780
295296
-16335
8212
295296
-16335
7189
295296
-16335
-1800
295296
-16335
-11332
295296
-16335
-4696
295296
-16335
-18842
295296
-16335
12364
295296
-16335
-28673
295296
-16335
-27219
295296
-16335
-32084
295296
-16335
25764
295296
-16335
-20789
295296
-16335
-21106
295296
-16335
-10569
295296
-16335
12473
295296
-16335
-9240
295296
-16335
15015
295296
-16335
19628
295296
-16335
-9217
295296
-16335
8524
295296
-16335
-26162
295296
-16335
22450
295296
-16335
4114
295296
-16335
-30077
295296
-16335
-15749
295296
-16335
17582
295296
-16335
-6130
295296
-16335
14247
295296
-16335
-7158
295296
-16335
4519
295296
-16335
-20509
295296
-16335
31003
295296
-16335
9863
295296
-16335
-26127
295296
-16335
14003
295296
12016
-27990
54396
12016
19070
54396
12016
21516
54396
12016
-32425
54396
12016
12254
54396
12016
30965
54396
12016
22556
54396
12016
-7314
54396
12016
10918
54396
12016
7706
54396
12016
-32329
54396
12016
-23558
54396
12016
-28545
54396
12016
-23643
54396
12016
-20027
54396
12016
22861
54396
12016
844
54396
12016
2767
54396
12016
28289
54396
12016
28186
54396
12016
22176
54396
12016
15671
54396
12016
-7901
54396
12016
-12537
54396
12016
19501
54396
12016
-18078
54396
12016
-19426
54396
12016
28196
54396
12016
22156
54396
12016
30697
54396
12016
6916
54396
12016
4044
54396
12016
-6717
54396
12016
-14249
54396
12016
9814
54396
12016
1394
54396
12016
-23407
54396
12016
16837
54396
12016
-17855
54396
12016
22461
54396
12016
-7035
54396
12016
23347
54396
12016
6185
54396
12016
-7748
54396
12016
-15478
54396
12016
-26957
54396
12016
-25487
54396
12016
9135
54396
12016
-6317
54396
12016
19208
54396
-268
2733
135418
-268
-15478
135418
-268
7882
135418
-268
-7307
135418
-268
-31330
135418
-268
25889
135418
-268
-29223
135418
-268
-27620
135418
-268
-24361
135418
-268
-599
135418
-268
8765
135418
-268
14152
135418
-268
-9919
135418
-268
10366
135418
-268
-31481
135418
-268
-28912
135418
-268
25702
135418
-268
-23599
135418
-268
4819
135418
-268
29659
135418
-268
-26770
135418
-268
-9594
135418
-268
-30552
135418
-268
-20701
135418
-268
18651
135418
-268
-21735
135418
-268
13637
135418
-268
9986
135418
-268
-5597
135418
-268
15241
135418
-268
18568
135418
-268
-11633
135418
-268
22023
135418
-268
27283
135418
-268
-2262
135418
-268
31251
135418
-268
-2874
135418
-268
28790
135418
-268
-23849
135418
-268
17646
135418
-268
22534
135418
-268
-27923
135418
-268
-24426
135418
-268
-3779
135418
-268
-113
135418
-268
-2537
135418
-268
-54
135418
-268
-8132
135418
-268
-17367
135418
-268
5098
135418
-26116
-16788
15729326
-26116
6096
15729326
-26116
-32757
15729326
-26116
27419
15729326
-26116
27440
15729326
-26116
8364
15729326
-26116
18023
15729326
-26116
-2653
15729326
-26116
8551
15729326
-26116
15522
15729326
-26116
9137
15729326
-26116
-24454
15729326
-26116
-32253
15729326
-26116
32287
15729326
-26116
-12649
15729326
-26116
5101
15729326
-26116
31849
15729326
-26116
12089
15729326
-26116
-14699
15729326
-26116
-26438
15729326
-26116
-29737
15729326
-26116
8778
15729326
-26116
-12412
15729326
-26116
-3221
15729326
-26116
15636
15729326
-26116
-8108
15729326
-26116
-1140
15729326
-26116
23940
15729326
-26116
-19641
15729326
-26116
2916
15729326
-26116
-17811
15729326
-26116
-6317
15729326
-26116
-16955
15729326
-26116
4133
15729326
-26116
-18042
15729326
-26116
22961
15729326
-26116
-7660
15729326
-26116
26147
15729326
-26116
-12200
15729326
-26116
28904
15729326
-26116
-25663
15729326
-26116
-7187
15729326
-26116
-18353
15729326
-26116
13667
15729326
-26116
3024
15729326
-26116
-8884
15729326
-26116
-30162
15729326
-26116
-29837
15729326
-26116
9305
15729326
-26116
17061
15729326
14666
-23891
2332769
14666
-4346
2332769
14666
-22365
2332769
14666
2381
2332769
14666
-3572
2332769
14666
14235
2332769
14666
3431
2332769
14666
-5834
2332769
14666
24531
2332769
14666
24230
2332769
14666
-14802
2332769
14666
31602
2332769
14666
18798
2332769
14666
24802
2332769
14666
17698
2332769
14666
16243
2332769
14666
21381
2332769
14666
21521
2332769
14666
22027
2332769
14666
-1328
2332769
14666
1462
2332769
14666
-30612
2332769
14666
-10644
2332769
14666
-7027
2332769
14666
-22323
2332769
14666
-26587
2332769
14666
-29139
2332769
14666
-29173
2332769
14666
5704
2332769
14666
-27939
2332769
14666
-8110
2332769
14666
-20374
2332769
14666
-10911
2332769
14666
19162
2332769
14666
-28022
2332769
14666
-18507
2332769
14666
19567
2332769
14666
13833
2332769
14666
-10668
2332769
14666
-21750
2332769
14666
7956
2332769
14666
-3445
2332769
14666
-3605
2332769
14666
-22063
2332769
14666
-21829
2332769
14666
-6666
2332769
14666
-24726
2332769
14666
-9162
2332769
14666
27411
2332769
14666
-13394
2332769
16644
-31820
37376
16644
-32723
37376
16644
-21163
37376
16644
16879
37376
16644
-17093
37376
16644
-12917
37376
16644
-10284
37376
16644
-5263
37376
16644
22683
37376
16644
30742
37376
16644
-21500
37376
16644
2437
37376
16644
-15751
37376
16644
-808
37376
16644
19522
37376
16644
19134
37376
16644
-30886
37376
16644
-5716
37376
16644
-6381
37376
16644
3790
37376
16644
-16568
37376
16644
7295
37376
16644
22147
37376
16644
-31831
37376
16644
13930
37376
16644
-3358
37376
16644
-16560
37376
16644
27407
37376
16644
-17839
37376
16644
-13089
37376
16644
-25739
37376
16644
28871
37376
16644
8620
37376
16644
7423
37376
16644
31898
37376
16644
21475
37376
16644
7712
37376
16644
1168
37376
16644
15648
37376
16644
-30923
37376
16644
-23839
37376
16644
12606
37376
16644
467
37376
16644
13300
37376
16644
17224
37376
16644
-24426
37376
16644
15810
37376
16644
-32142
37376
16644
-18915
37376
16644
5940
37376
-29768
-1416
10619038
-29768
25467
10619038
-29768
-31635
10619038
-29768
5166
10619038
-29768
29007
10619038
-29768
11824
10619038
-29768
11094
10619038
-29768
12913
10619038
-29768
29274
10619038
-29768
3879
10619038
-29768
15832
10619038
-29768
-12669
10619038
-29768
-25734
10619038
-29768
5343
10619038
-29768
11990
10619038
-29768
-3164
10619038
-29768
23836
10619038
-29768
18476
10619038
-29768
-1706
10619038
-29768
-24181
10619038
-29768
29235
10619038
-29768
-19716
10619038
-29768
-11425
10619038
-29768
-9194
10619038
-29768
1147
10619038
-29768
-8744
10619038
-29768
29411
10619038
-29768
20925
10619038
-29768
18822
10619038
-29768
-26188
10619038
-29768
-28386
10619038
-29768
10583
10619038
-29768
-23298
10619038
-29768
-12916
10619038
-29768
30819
10619038
-29768
-2883
10619038
-29768
20604
10619038
-29768
-5480
10619038
-29768
-30951
10619038
-29768
-6658
10619038
-29768
-8736
10619038
-29768
-16342
10619038
-29768
-2331
10619038
-29768
12938
10619038
-29768
-11060
10619038
-29768
-9221
10619038
-29768
-17176
10619038
-29768
21517
10619038
-29768
6679
10619038
-29768
19541
10619038
4840
22536
1197070
4840
-10793
1197070
4840
-16287
1197070
4840
8129
1197070
4840
-26524
1197070
4840
17663
1197070
4840
19340
1197070
4840
6699
1197070
4840
-20987
1197070
4840
-3602
1197070
4840
-12822
1197070
4840
24373
1197070
4840
14282
1197070
4840
-15188
1197070
4840
-12706
1197070
4840
-31774
1197070
4840
9526
1197070
4840
-13911
1197070
4840
-11977
1197070
4840
-10524
1197070
4840
-14642
1197070
4840
28055
1197070
4840
7921
1197070
4840
-20287
1197070
4840
-21260
1197070
4840
12666
1197070
4840
-2334
1197070
4840
28365
1197070
4840
18456
1197070
4840
-17521
1197070
4840
-3628
1197070
4840
26994
1197070
4840
1897
1197070
4840
-32677
1197070
4840
11146
1197070
4840
-18454
1197070
4840
-15500
1197070
4840
-22767
1197070
4840
9179
1197070
4840
-30996
1197070
4840
27866
1197070
4840
27320
1197070
4840
9648
1197070
4840
-26102
1197070
4840
13064
1197070
4840
2306
1197070
4840
9589
1197070
4840
-15941
1197070
4840
-23424
1197070
4840
12430
1197070
-31282
23451
9773191
-31282
-30175
9773191
-31282
1192
9773191
-31282
32147
9773191
-31282
-15376
9773191
-31282
-11850
9773191
-31282
-28903
9773191
-31282
-4812
9773191
-31282
11404
9773191
-31282
-2822
9773191
-31282
-6826
9773191
-31282
8194
9773191
-31282
-14128
9773191
-31282
-32019
9773191
-31282
-20626
9773191
-31282
-29336
9773191
-31282
-13820
9773191
-31282
-13063
9773191
-31282
-16054
9773191
-31282
-9245
9773191
-31282
8785
9773191
-31282
-690
9773191
-31282
4530
9773191
-31282
-23230
9773191
-31282
1528
9773191
-31282
14578
9773191
-31282
-17384
9773191
-31282
-27144
9773191
-31282
-5708
9773191
-31282
-13596
9773191
-31282
-13288
9773191
-31282
21692
9773191
-31282
-25154
9773191
-31282
-30274
9773191
-31282
-10793
9773191
-31282
-15338
9773191
-31282
3281
9773191
-31282
-28916
9773191
-31282
-23259
9773191
-31282
-15153
9773191
-31282
22180
9773191
-31282
15912
9773191
-31282
19205
9773191
-31282
-30446
9773191
-31282
1252
9773191
-31282
-44
9773191
-31282
-14178
9773191
-31282
7914
9773191
-31282
-12615
9773191
-31282
-14365
9773191
13024
-5803
1359948
13024
5107
1359948
13024
-10175
1359948
13024
16170
1359948
13024
-17917
1359948
13024
-13937
1359948
13024
27005
1359948
13024
26146
1359948
13024
-4847
1359948
13024
-25386
1359948
13024
31722
1359948
13024
-21023
1359948
13024
5646
1359948
13024
-10793
1359948
13024
-17891
1359948
13024
28137
1359948
13024
7662
1359948
13024
17248
1359948
13024
5346
1359948
13024
13208
1359948
13024
16936
1359948
13024
13969
1359948
13024
27825
1359948
13024
2151
1359948
13024
4222
1359948
13024
-9796
1359948
13024
8611
1359948
13024
-29640
1359948
13024
-26010
1359948
13024
24106
1359948
13024
4891
1359948
13024
24207
1359948
13024
-27695
1359948
13024
-4258
1359948
13024
-19142
1359948
13024
15129
1359948
13024
-3120
1359948
13024
20061
1359948
13024
25278
1359948
13024
-31319
1359948
13024
-29467
1359948
13024
-7194
1359948
13024
-30960
1359948
13024
22222
1359948
13024
25946
1359948
13024
16494
1359948
13024
-26831
1359948
13024
27474
1359948
13024
-14778
1359948
13024
18977
1359948
32390
-11771
9113721
32390
-15628
9113721
32390
2874
9113721
32390
29406
9113721
32390
-9199
9113721
32390
-29622
9113721
32390
-17304
9113721
32390
1025
9113721
32390
-19343
9113721
32390
16279
9113721
32390
-4342
9113721
32390
3941
9113721
32390
32158
9113721
32390
-30408
9113721
32390
3200
9113721
32390
31065
9113721
32390
19823
9113721
32390
-12217
9113721
32390
25010
9113721
32390
-29048
9113721
32390
-15607
9113721
32390
20739
9113721
32390
-12849
9113721
32390
22172
9113721
32390
13291
9113721
32390
7412
9113721
32390
31451
9113721
32390
-31398
9113721
32390
10576
9113721
32390
10123
9113721
32390
10893
9113721
32390
11750
9113721
32390
29067
9113721
32390
-147
9113721
32390
-30667
9113721
32390
-20768
9113721
32390
9509
9113721
32390
21918
9113721
32390
13847
9113721
32390
-22460
9113721
32390
8503
9113721
32390
-13861
9113721
32390
-22622
9113721
32390
14342
9113721
32390
12620
9113721
32390
2405
9113721
32390
15483
9113721
32390
-27204
9113721
32390
-8364
9113721
32390
28177
9113721
-22061
-26848
3522788
-22061
-20747
3522788
-22061
-31657
3522788
-22061
-15572
3522788
-22061
8968
3522788
-22061
263
3522788
-22061
-9218
3522788
-22061
-14190
3522788
-22061
-22776
3522788
-22061
-14453
3522788
-22061
-22951
3522788
-22061
-26450
3522788
-22061
1353
3522788
-22061
-12410
3522788
-22061
22950
3522788
-22061
-29818
3522788
-22061
-6689
3522788
-22061
-31057
3522788
-22061
25900
3522788
-22061
28744
3522788
-22061
-23595
3522788
-22061
10366
3522788
-22061
20177
3522788
-22061
-2423
3522788
-22061
-992
3522788
-22061
13758
3522788
-22061
20469
3522788
-22061
17925
3522788
-22061
-28149
3522788
-22061
17812
3522788
-22061
11650
3522788
-22061
-12969
3522788
-22061
31114
3522788
-22061
3996
3522788
-22061
16177
3522788
-22061
-8018
3522788
-22061
-7523
3522788
-22061
-8145
3522788
-22061
-25809
3522788
-22061
-10447
3522788
-22061
8192
3522788
-22061
-14231
3522788
-22061
14767
3522788
-22061
-605
3522788
-22061
19998
3522788
-22061
2438
3522788
-22061
23699
3522788
-22061
-9710
3522788
-22061
3320
3522788
-22061
8887
3522788
7234
537
4270112
7234
25890
4270112
7234
-17329
4270112
7234
29104
4270112
7234
-20458
4270112
7234
5359
4270112
7234
29807
4270112
7234
-24535
4270112
7234
-3130
4270112
7234
17937
4270112
7234
-25486
4270112
7234
3336
4270112
7234
-28648
4270112
7234
11352
4270112
7234
-17858
4270112
7234
19028
4270112
7234
20765
4270112
7234
-14284
4270112
7234
-15254
4270112
7234
2669
4270112
7234
-31451
4270112
7234
26756
4270112
7234
1195
4270112
7234
9530
4270112
7234
-4638
4270112
7234
-24567
4270112
7234
5177
4270112
7234
9464
4270112
7234
22617
4270112
7234
5702
4270112
7234
18193
4270112
7234
32619
4270112
7234
15867
4270112
7234
-5771
4270112
7234
5230
4270112
7234
11566
4270112
7234
12144
4270112
7234
-31516
4270112
7234
-30801
4270112
7234
-26107
4270112
7234
589
4270112
7234
23630
4270112
7234
7134
4270112
7234
-353
4270112
7234
-10125
4270112
7234
-291
4270112
7234
6378
4270112
7234
-10709
4270112
7234
-13486
4270112
7234
-22415
4270112
-9441
-10074
4469107
-9441
3472
4469107
-9441
-18002
4469107
-9441
-11272
4469107
-9441
14213
4469107
-9441
-20085
4469107
-9441
-13353
4469107
-9441
16010
4469107
-9441
31593
4469107
-9441
-4170
4469107
-9441
28638
4469107
-9441
18191
4469107
-9441
25864
4469107
-9441
-32534
4469107
-9441
-23155
4469107
-9441
8903
4469107
-9441
-27190
4469107
-9441
-19767
4469107
-9441
14148
4469107
-9441
339
4469107
-9441
-18648
4469107
-9441
-22711
4469107
-9441
5674
4469107
-9441
13376
4469107
-9441
22818
4469107
-9441
-2531
4469107
-9441
-31432
4469107
-9441
-32383
4469107
-9441
-4452
4469107
-9441
21511
4469107
-9441
-21461
4469107
-9441
-1222
4469107
-9441
10980
4469107
-9441
-10923
4469107
-9441
27433
4469107
-9441
-4115
4469107
-9441
-4752
4469107
-9441
-20790
4469107
-9441
-31212
4469107
-9441
-5001
4469107
-9441
-28862
4469107
-9441
18088
4469107
-9441
-11581
4469107
-9441
10880
4469107
-9441
-21810
4469107
-9441
21102
4469107
-9441
-17913
4469107
-9441
9452
4469107
-9441
-8310
4469107
-9441
20581
4469107
-17108
20457
1344210
-17108
30939
1344210
-17108
-3200
1344210
-17108
31019
1344210
-17108
7628
1344210
-17108
1367
1344210
-17108
18696
1344210
-17108
19899
1344210
-17108
-9565
1344210
-17108
18711
1344210
-17108
-15962
1344210
-17108
17130
1344210
-17108
-20502
1344210
-17108
27689
1344210
-17108
-23009
1344210
-17108
-22993
1344210
-17108
30731
1344210
-17108
-26789
1344210
-17108
29219
1344210
-17108
8963
1344210
-17108
-19084
1344210
-17108
32631
1344210
-17108
-19517
1344210
-17108
-30855
1344210
-17108
21938
1344210
-17108
27707
1344210
-17108
-16550
1344210
-17108
-2690
1344210
-17108
2620
1344210
-17108
-10839
1344210
-17108
-12140
1344210
-17108
233
1344210
-17108
-22488
1344210
-17108
15207
1344210
-17108
-17494
1344210
-17108
5855
1344210
-17108
11415
1344210
-17108
-32724
1344210
-17108
-4581
1344210
-17108
20202
1344210
-17108
5424
1344210
-17108
1997
1344210
-17108
-12825
1344210
-17108
1703
1344210
-17108
-19172
1344210
-17108
14299
1344210
-17108
3772
1344210
-17108
31479
1344210
-17108
20584
1344210
-17108
25772
1344210
-28121
24745
9847169
-28121
-19476
9847169
-28121
4566
9847169
-28121
31138
9847169
-28121
-7823
9847169
-28121
13345
9847169
-28121
949
9847169
-28121
27402
9847169
-28121
10402
9847169
-28121
-7348
9847169
-28121
19281
9847169
-28121
8327
9847169
-28121
-32701
9847169
-28121
8961
9847169
-28121
27864
9847169
-28121
-6425
9847169
-28121
-411
9847169
-28121
7883
9847169
-28121
23221
9847169
-28121
-30431
9847169
-28121
4489
9847169
-28121
23238
9847169
-28121
-17647
9847169
-28121
-31230
9847169
-28121
-116
9847169
-28121
-11332
9847169
-28121
19277
9847169
-28121
11559
9847169
-28121
-2355
9847169
-28121
-24294
9847169
-28121
20381
9847169
-28121
15316
9847169
-28121
-1848
9847169
-28121
23454
9847169
-28121
19840
9847169
-28121
-26232
9847169
-28121
-25515
9847169
-28121
-13730
9847169
-28121
-7621
9847169
-28121
-29423
9847169
-28121
-24022
9847169
-28121
-13843
9847169
-28121
-6297
9847169
-28121
27125
9847169
-28121
-23015
9847169
-28121
-1322
9847169
-28121
-17376
9847169
-28121
-11331
9847169
-28121
2255
9847169
-28121
-15811
9847169
-26222
24979
16319656
-26222
8386
16319656
-26222
1771
16319656
-26222
30371
16319656
-26222
-14428
16319656
-26222
-645
16319656
-26222
17665
16319656
-26222
14243
16319656
-26222
-2768
16319656
-26222
8197
16319656
-26222
10534
16319656
-26222
16197
16319656
-26222
-16420
16319656
-26222
32586
16319656
-26222
19808
16319656
-26222
-7833
16319656
-26222
-30116
16319656
-26222
6890
16319656
-26222
27028
16319656
-26222
23209
16319656
-26222
-30865
16319656
-26222
-6087
16319656
-26222
-3997
16319656
-26222
18510
16319656
-26222
-9936
16319656
-26222
-12350
16319656
-26222
-29753
16319656
-26222
-17975
16319656
-26222
5841
16319656
-26222
-903
16319656
-26222
-20993
16319656
-26222
2373
16319656
-26222
27046
16319656
-26222
19941
16319656
-26222
-11211
16319656
-26222
8568
16319656
-26222
-26050
16319656
-26222
1451
16319656
-26222
-17802
16319656
-26222
1716
16319656
-26222
-15511
16319656
-26222
-18562
16319656
-26222
-20733
16319656
-26222
-19458
16319656
-26222
6098
16319656
-26222
-1516
16319656
-26222
-10301
16319656
-26222
-3717
16319656
-26222
-32061
16319656
-26222
-17175
16319656
-32419
26776
8722561
-32419
-17490
8722561
-32419
-8011
8722561
-32419
-8349
8722561
-32419
-20087
8722561
-32419
780
8722561
-32419
3131
8722561
-32419
6370
8722561
-32419
20693
8722561
-32419
-28758
8722561
-32419
-13632
8722561
-32419
28693
8722561
-32419
-2351
8722561
-32419
-6514
8722561
-32419
12761
8722561
-32419
23424
8722561
-32419
-7882
8722561
-32419
17895
8722561
-32419
-23856
8722561
-32419
22400
8722561
-32419
-16993
8722561
-32419
-20717
8722561
-32419
12486
8722561
-32419
29076
8722561
-32419
14468
8722561
-32419
-10615
8722561
-32419
30983
8722561
-32419
-26087
8722561
-32419
1825
8722561
-32419
469
8722561
-32419
10821
8722561
-32419
3345
8722561
-32419
-20465
8722561
-32419
-11213
8722561
-32419
-10989
8722561
-32419
14355
8722561
-32419
-14761
8722561
-32419
12196
8722561
-32419
2530
8722561
-32419
25652
8722561
-32419
-5201
8722561
-32419
-24537
8722561
-32419
-31597
8722561
-32419
25216
8722561
-32419
-3271
8722561
-32419
-31117
8722561
-32419
-1882
8722561
-32419
24145
8722561
-32419
-6072
8722561
-32419
-7585
8722561
12297
-20018
180544
12297
23092
180544
12297
-25210
180544
12297
-7026
180544
12297
-8482
180544
12297
15920
180544
12297
10368
180544
12297
-31158
180544
12297
1931
180544
12297
13556
180544
12297
-7197
180544
12297
28541
180544
12297
-10658
180544
12297
-12152
180544
12297
-13899
180544
12297
24375
180544
12297
1100
180544
12297
-12367
180544
12297
20367
180544
12297
8787
180544
12297
29351
180544
12297
8647
180544
12297
25648
180544
12297
22650
180544
12297
-16979
180544
12297
26371
180544
12297
23774
180544
12297
3963
180544
12297
-7785
180544
12297
8332
180544
12297
-28865
180544
12297
24512
180544
12297
21539
180544
12297
28284
180544
12297
-30865
180544
12297
22510
180544
12297
-2480
180544
12297
6405
180544
12297
15606
180544
12297
19278
180544
12297
29543
180544
12297
-8854
180544
12297
-28869
180544
12297
-15735
180544
12297
-2233
180544
12297
8022
180544
12297
25232
180544
12297
26144
180544
12297
15090
180544
12297
-9888
180544
24344
29620
4624434
24344
-1456
4624434
24344
-30895
4624434
24344
20805
4624434
24344
4209
4624434
24344
-12557
4624434
24344
652
4624434
24344
-8601
4624434
24344
-4775
4624434
24344
-6812
4624434
24344
24298
4624434
24344
19714
4624434
24344
-12316
4624434
24344
3751
4624434
24344
-1129
4624434
24344
15890
4624434
24344
-16402
4624434
24344
30285
4624434
24344
-3713
4624434
24344
-17567
4624434
24344
30167
4624434
24344
-32727
4624434
24344
9712
4624434
24344
22163
4624434
24344
20615
4624434
24344
-8638
4624434
24344
22087
4624434
24344
-20287
4624434
24344
11221
4624434
24344
18057
4624434
24344
20976
4624434
24344
-26871
4624434
24344
-26562
4624434
24344
15405
4624434
24344
-11379
4624434
24344
-5268
4624434
24344
32603
4624434
24344
8737
4624434
24344
16812
4624434
24344
-8756
4624434
24344
-14501
4624434
24344
-2907
4624434
24344
-6354
4624434
24344
27045
4624434
24344
31066
4624434
24344
24866
4624434
24344
28473
4624434
24344
-20586
4624434
24344
32624
4624434
24344
19478
4624434
7510
-3901
5442577
7510
-20749
5442577
7510
6804
5442577
7510
-1323
5442577
7510
-1770
5442577
7510
-15283
5442577
7510
4229
5442577
7510
-8020
5442577
7510
32448
5442577
7510
9601
5442577
7510
23264
5442577
7510
8591
5442577
7510
-14588
5442577
7510
21985
5442577
7510
8439
5442577
7510
23462
5442577
7510
-31191
5442577
7510
22487
5442577
7510
-14509
5442577
7510
26317
5442577
7510
-11523
5442577
7510
32486
5442577
7510
-22436
5442577
7510
8039
5442577
7510
25172
5442577
7510
-10988
5442577
7510
-1436
5442577
7510
-22414
5442577
7510
-14529
5442577
7510
-17905
5442577
7510
10993
5442577
7510
15984
5442577
7510
-27645
5442577
7510
-9227
5442577
7510
-16116
5442577
7510
-25857
5442577
7510
-31393
5442577
7510
-21361
5442577
7510
-8003
5442577
7510
-11526
5442577
7510
5393
5442577
7510
1469
5442577
7510
8994
5442577
7510
-4783
5442577
7510
25082
5442577
7510
17881
5442577
7510
16574
5442577
7510
3416
5442577
7510
28345
5442577
7510
13751
5442577
-8609
29037
5507443
-8609
9422
5507443
-8609
-5647
5507443
-8609
-32295
5507443
-8609
23535
5507443
-8609
-13868
5507443
-8609
28197
5507443
-8609
26852
5507443
-8609
20112
5507443
-8609
-26707
5507443
-8609
28995
5507443
-8609
25154
5507443
-8609
-13129
5507443
-8609
31259
5507443
-8609
9592
5507443
-8609
-15904
5507443
-8609
18076
5507443
-8609
-6294
5507443
-8609
-12294
5507443
-8609
31029
5507443
-8609
3302
5507443
-8609
30903
5507443
-8609
21698
5507443
-8609
10967
5507443
-8609
-16419
5507443
-8609
-21903
5507443
-8609
-11344
5507443
-8609
12314
5507443
-8609
-30200
5507443
-8609
18675
5507443
-8609
-2813
5507443
-8609
18572
5507443
-8609
26693
5507443
-8609
27724
5507443
-8609
-8846
5507443
-8609
-21891
5507443
-8609
29207
5507443
-8609
15857
5507443
-8609
-9504
5507443
-8609
29939
5507443
-8609
-9655
5507443
-8609
28019
5507443
-8609
-6983
5507443
-8609
-18877
5507443
-8609
-15936
5507443
-8609
13624
5507443
-8609
12393
5507443
-8609
19259
5507443
-8609
-1620
5507443
-8609
-22544
5507443
23799
-22203
5407003
23799
10664
5407003
23799
11947
5407003
23799
-15485
5407003
23799
-3903
5407003
23799
5091
5407003
23799
-1843
5407003
23799
-23335
5407003
23799
3448
5407003
23799
-32295
5407003
23799
-23728
5407003
23799
-20740
5407003
23799
24194
5407003
23799
-2578
5407003
23799
-17439
5407003
23799
30715
5407003
23799
1324
5407003
23799
7153
5407003
23799
3501
5407003
23799
6550
5407003
23799
8916
5407003
23799
13485
5407003
23799
2192
5407003
23799
-30500
5407003
23799
-22988
5407003
23799
-3779
5407003
23799
-28169
5407003
23799
-4273
5407003
23799
-15308
5407003
23799
3971
5407003
23799
-529
5407003
23799
-27323
5407003
23799
31205
5407003
23799
-21794
5407003
23799
-18310
5407003
23799
-5154
5407003
23799
27817
5407003
23799
3751
5407003
23799
2399
5407003
23799
-11923
5407003
23799
21746
5407003
23799
27377
5407003
23799
-2228
5407003
23799
17428
5407003
23799
29873
5407003
23799
-21731
5407003
23799
1256
5407003
23799
1629
5407003
23799
-14797
5407003
23799
-20943
5407003
27659
-19726
8544609
27659
-20508
8544609
27659
-22556
8544609
27659
5039
8544609
27659
9539
8544609
27659
18292
8544609
27659
-2377
8544609
27659
881
8544609
27659
-24804
8544609
27659
29921
8544609
27659
27189
8544609
27659
23638
8544609
27659
-6157
8544609
27659
10602
8544609
27659
31102
8544609
27659
-9666
8544609
27659
-28114
8544609
27659
-1011
8544609
27659
71
8544609
27659
-16176
8544609
27659
10473
8544609
27659
-28919
8544609
27659
-18916
8544609
27659
-30056
8544609
27659
25810
8544609
27659
-19704
8544609
27659
-28095
8544609
27659
-9577
8544609
27659
2614
8544609
27659
-14637
8544609
27659
-15478
8544609
27659
-15078
8544609
27659
26410
8544609
27659
27238
8544609
27659
-16554
8544609
27659
-5170
8544609
27659
367
8544609
27659
5247
8544609
27659
-16936
8544609
27659
-27792
8544609
27659
30209
8544609
27659
-18534
8544609
27659
-24257
8544609
27659
32613
8544609
27659
-3412
8544609
27659
-17792
8544609
27659
-1988
8544609
27659
-26717
8544609
27659
-27848
8544609
27659
16713
8544609
-12610
29214
121023
-12610
31400
121023
-12610
16606
121023
-12610
-27053
121023
-12610
27354
121023
-12610
17939
121023
-12610
9856
121023
-12610
-2411
121023
-12610
-13121
121023
-12610
7546
121023
-12610
2657
121023
-12610
-17747
121023
-12610
-1133
121023
-12610
-20200
121023
-12610
-524
121023
-12610
-19344
121023
-12610
-8746
121023
-12610
26589
121023
-12610
31942
121023
-12610
10924
121023
-12610
-1061
121023
-12610
20991
121023
-12610
28664
121023
-12610
16161
121023
-12610
2558
121023
-12610
-6294
121023
-12610
-18845
121023
-12610
4659
121023
-12610
30412
121023
-12610
-3117
121023
-12610
14108
121023
-12610
-12008
121023
-12610
-20723
121023
-12610
-4656
121023
-12610
27756
121023
-12610
-32046
121023
-12610
948
121023
-12610
24769
121023
-12610
-1254
121023
-12610
-23948
121023
-12610
-15333
121023
-12610
1688
121023
-12610
-27775
121023
-12610
-5704
121023
-12610
8528
121023
-12610
488
121023
-12610
29875
121023
-12610
-5058
121023
-12610
-18605
121023
-12610
28197
121023
-23659
18062
4761560
-23659
-25995
4761560
-23659
-26805
4761560
-23659
-4148
4761560
-23659
-27523
4761560
-23659
22423
4761560
-23659
-15150
4761560
-23659
-9278
4761560
-23659
2588
4761560
-23659
-27603
4761560
-23659
17714
4761560
-23659
32134
4761560
-23659
28829
4761560
-23659
8665
4761560
-23659
12576
4761560
-23659
19160
4761560
-23659
-16716
4761560
-23659
30635
4761560
-23659
24675
4761560
-23659
-13833
4761560
-23659
-24365
4761560
-23659
8339
4761560
-23659
-2728
4761560
-23659
-9886
4761560
-23659
8080
4761560
-23659
-32239
4761560
-23659
-5034
4761560
-23659
-24861
4761560
-23659
-3688
4761560
-23659
-15664
4761560
-23659
4045
4761560
-23659
13435
4761560
-23659
-3021
4761560
-23659
-5091
4761560
-23659
-14267
4761560
-23659
24369
4761560
-23659
12308
4761560
-23659
20238
4761560
-23659
6236
4761560
-23659
-24793
4761560
-23659
-30615
4761560
-23659
-27486
4761560
-23659
-17149
4761560
-23659
-2399
4761560
-23659
23087
4761560
-23659
12107
4761560
-23659
-30378
4761560
-23659
-14307
4761560
-23659
-5312
4761560
-23659
26619
4761560
-30403
19164
10557573
-30403
4322
10557573
-30403
-24723
10557573
-30403
6101
10557573
-30403
-25210
10557573
-30403
-21060
10557573
-30403
27034
10557573
-30403
-12148
10557573
-30403
-24215
10557573
-30403
11335
10557573
-30403
21780
10557573
-30403
-20984
10557573
-30403
-15339
10557573
-30403
-16074
10557573
-30403
16552
10557573
-30403
-16375
10557573
-30403
-20724
10557573
-30403
-23304
10557573
-30403
-23962
10557573
-30403
-24067
10557573
-30403
24189
10557573
-30403
-29293
10557573
-30403
-8266
10557573
-30403
-15200
10557573
-30403
-8537
10557573
-30403
-29515
10557573
-30403
-11446
10557573
-30403
30671
10557573
-30403
10831
10557573
-30403
-6058
10557573
-30403
-26402
10557573
-30403
16476
10557573
-30403
-22267
10557573
-30403
30862
10557573
-30403
-1025
10557573
-30403
-31545
10557573
-30403
21584
10557573
-30403
6921
10557573
-30403
1558
10557573
-30403
3919
10557573
-30403
15130
10557573
-30403
-6169
10557573
-30403
-1240
10557573
-30403
-18871
10557573
-30403
18889
10557573
-30403
-2924
10557573
-30403
-909
10557573
-30403
6803
10557573
-30403
16269
10557573
-30403
-32581
10557573
-5318
-11755
615151
-5318
-5545
615151
-5318
-4162
615151
-5318
21221
615151
-5318
-6581
615151
-5318
-1570
615151
-5318
14000
615151
-5318
19115
615151
-5318
-30513
615151
-5318
-3664
615151
-5318
-11075
615151
-5318
-22136
615151
-5318
-10811
615151
-5318
-3044
615151
-5318
30844
615151
-5318
15136
615151
-5318
20513
615151
-5318
4407
615151
-5318
12993
615151
-5318
-9418
615151
-5318
-4419
615151
-5318
-6492
615151
-5318
32429
615151
-5318
-9379
615151
-5318
21298
615151
-5318
26932
615151
-5318
-20459
615151
-5318
-18932
615151
-5318
-26070
615151
-5318
-11256
615151
-5318
11623
615151
-5318
-13886
615151
-5318
25419
615151
-5318
21377
615151
-5318
-2137
615151
-5318
18120
615151
-5318
20820
615151
-5318
10897
615151
-5318
-11802
615151
-5318
-2793
615151
-5318
-11163
615151
-5318
23001
615151
-5318
30847
615151
-5318
16140
615151
-5318
15561
615151
-5318
-28221
615151
-5318
22207
615151
-5318
39
615151
-5318
30241
615151
-5318
13805
615151
-25978
6309
13316281
-25978
-18561
13316281
-25978
-1052
13316281
-25978
30222
13316281
-25978
-10577
13316281
-25978
-24044
13316281
-25978
9202
13316281
-25978
18031
13316281
-25978
-16262
13316281
-25978
19087
13316281
-25978
-13126
13316281
-25978
15075
13316281
-25978
3124
13316281
-25978
-32134
13316281
-25978
7120
13316281
-25978
9893
13316281
-25978
4627
13316281
-25978
-20880
13316281
-25978
24053
13316281
-25978
-4290
13316281
-25978
-18080
13316281
-25978
1067
13316281
-25978
23883
13316281
-25978
-18286
13316281
-25978
-527
13316281
-25978
4073
13316281
-25978
-2247
13316281
-25978
-30253
13316281
-25978
-26207
13316281
-25978
28352
13316281
-25978
-27468
13316281
-25978
-12294
13316281
-25978
3823
13316281
-25978
17918
13316281
-25978
-10199
13316281
-25978
15224
13316281
-25978
1757
13316281
-25978
-13669
13316281
-25978
-8187
13316281
-25978
-10546
13316281
-25978
15167
13316281
-25978
-31810
13316281
-25978
12776
13316281
-25978
-16570
13316281
-25978
27519
13316281
-25978
-10441
13316281
-25978
-23945
13316281
-25978
26749
13316281
-25978
-6995
13316281
-25978
29640
13316281
26205
29643
16058449
26205
-17249
16058449
26205
-4174
16058449
26205
-14053
16058449
26205
5592
16058449
26205
25587
16058449
26205
11017
16058449
26205
-24432
16058449
26205
-17703
16058449
26205
-21071
16058449
26205
30898
16058449
26205
24823
16058449
26205
15256
16058449
26205
15843
16058449
26205
17632
16058449
26205
21367
16058449
26205
-26331
16058449
26205
20649
16058449
26205
-4623
16058449
26205
-10971
16058449
26205
-23355
16058449
26205
1261
16058449
26205
14329
16058449
26205
23590
16058449
26205
-28592
16058449
26205
-15478
16058449
26205
16620
16058449
26205
27492
16058449
26205
7401
16058449
26205
-31867
16058449
26205
11879
16058449
26205
-14650
16058449
26205
13918
16058449
26205
6483
16058449
26205
2283
16058449
26205
-17823
16058449
26205
-22583
16058449
26205
3087
16058449
26205
-13847
16058449
26205
23581
16058449
26205
-27800
16058449
26205
-4378
16058449
26205
24553
16058449
26205
-2770
16058449
26205
12645
16058449
26205
26553
16058449
26205
29886
16058449
26205
-18575
16058449
26205
-6726
16058449
26205
10432
16058449
10581
-10157
2154336
10581
2220
2154336
10581
-18862
2154336
10581
-20405
2154336
10581
-1270
2154336
10581
-15377
2154336
10581
290
2154336
10581
24944
2154336
10581
-28315
2154336
10581
-28623
2154336
10581
6166
2154336
10581
-13572
2154336
10581
3675
2154336
10581
738
2154336
10581
-12230
2154336
10581
-5274
2154336
10581
2955
2154336
10581
-1958
2154336
10581
-4532
2154336
10581
6320
2154336
10581
-15175
2154336
10581
-15949
2154336
10581
17438
2154336
10581
18505
2154336
10581
-28841
2154336
10581
-3597
2154336
10581
10514
2154336
10581
31282
2154336
10581
-23671
2154336
10581
30676
2154336
10581
-18639
2154336
10581
28813
2154336
10581
4451
2154336
10581
4058
2154336
10581
-14627
2154336
10581
5674
2154336
10581
1500
2154336
10581
12954
2154336
10581
-9563
2154336
10581
-26998
2154336
10581
24780
2154336
10581
31892
2154336
10581
-10518
2154336
10581
-31101
2154336
10581
-7137
2154336
10581
-23094
2154336
10581
-9361
2154336
10581
7628
2154336
10581
18876
2154336
10581
1029
2154336
32696
17216
8521854
32696
-19636
8521854
32696
-6822
8521854
32696
2319
8521854
32696
-26577
8521854
32696
1200
8521854
32696
30982
8521854
32696
26337
8521854
32696
-7041
8521854
32696
-30208
8521854
32696
11863
8521854
32696
-19724
8521854
32696
-8560
8521854
32696
-24188
8521854
32696
-23264
8521854
32696
-24630
8521854
32696
6551
8521854
32696
-9146
8521854
32696
-25789
8521854
32696
1956
8521854
32696
-11423
8521854
32696
30196
8521854
32696
27856
8521854
32696
12466
8521854
32696
2265
8521854
32696
-5732
8521854
32696
17257
8521854
32696
15630
8521854
32696
-30580
8521854
32696
10194
8521854
32696
6233
8521854
32696
2268
8521854
32696
-17764
8521854
32696
21941
8521854
32696
-2063
8521854
32696
-13841
8521854
32696
22579
8521854
32696
843
8521854
32696
-18407
8521854
32696
-8645
8521854
32696
-3476
8521854
32696
-17210
8521854
32696
25179
8521854
32696
10298
8521854
32696
-9104
8521854
32696
5357
8521854
32696
-18972
8521854
32696
-13247
8521854
32696
-10464
8521854
32696
25705
8521854
-9556
-21217
4210302
-9556
6010
4210302
-9556
23467
4210302
-9556
-15935
4210302
-9556
-8069
4210302
-9556
-3577
4210302
-9556
20588
4210302
-9556
9704
4210302
-9556
19081
4210302
-9556
-11453
4210302
-9556
12978
4210302
-9556
-28961
4210302
-9556
-26068
4210302
-9556
-11023
4210302
-9556
32035
4210302
-9556
18498
4210302
-9556
-25921
4210302
-9556
25938
4210302
-9556
-30744
4210302
-9556
15826
4210302
-9556
-20848
4210302
-9556
-3119
4210302
-9556
-17421
4210302
-9556
-10679
4210302
-9556
14017
4210302
-9556
26669
4210302
-9556
14952
4210302
-9556
-8614
4210302
-9556
27272
4210302
-9556
7667
4210302
-9556
31912
4210302
-9556
23149
4210302
-9556
20630
4210302
-9556
-28493
4210302
-9556
-16186
4210302
-9556
21185
4210302
-9556
6969
4210302
-9556
32229
4210302
-9556
-15233
4210302
-9556
-31363
4210302
-9556
-1629
4210302
-9556
2355
4210302
-9556
30027
4210302
-9556
25593
4210302
-9556
1035
4210302
-9556
-3065
4210302
-9556
-13046
4210302
-9556
-9633
4210302
-9556
-7577
4210302
-9556
28676
4210302
15251
15327
631928
15251
-18367
631928
15251
76
631928
15251
32422
631928
15251
25873
631928
15251
6374
631928
15251
26602
631928
15251
24103
631928
15251
-26012
631928
15251
-22160
631928
15251
-19541
631928
15251
-6586
631928
15251
5572
631928
15251
-13722
631928
15251
30628
631928
15251
-9972
631928
15251
-14589
631928
15251
-21521
631928
15251
15135
631928
15251
30460
631928
15251
-20977
631928
15251
-11775
631928
15251
18875
631928
15251
-12367
631928
15251
-8867
631928
15251
12971
631928
15251
-28300
631928
15251
7338
631928
15251
6134
631928
15251
10484
631928
15251
5379
631928
15251
-30980
631928
15251
-1305
631928
15251
5878
631928
15251
7041
631928
15251
18443
631928
15251
-17516
631928
15251
-4137
631928
15251
-5826
631928
15251
1927
631928
15251
-5546
631928
15251
29307
631928
15251
-23970
631928
15251
-14776
631928
15251
21728
631928
15251
-25499
631928
15251
-29780
631928
15251
-27514
631928
15251
-9118
631928
15251
-1737
631928
13422
9657
2720807
13422
-192
2720807
13422
20791
2720807
13422
14812
2720807
13422
29732
2720807
13422
28959
2720807
13422
-6931
2720807
13422
-7345
2720807
13422
-155
2720807
13422
5784
2720807
13422
4846
2720807
13422
31476
2720807
13422
-7125
2720807
13422
16244
2720807
13422
-17261
2720807
13422
21266
2720807
13422
-23653
2720807
13422
-6509
2720807
13422
29830
2720807
13422
-13392
2720807
13422
-18205
2720807
13422
20646
2720807
13422
-18677
2720807
13422
25593
2720807
13422
9853
2720807
13422
1007
2720807
13422
19334
2720807
13422
-21639
2720807
13422
-18724
2720807
13422
-20079
2720807
13422
9787
2720807
13422
-6642
2720807
13422
27611
2720807
13422
-11976
2720807
13422
10996
2720807
13422
-15673
2720807
13422
-3075
2720807
13422
-5487
2720807
13422
-31476
2720807
13422
2111
2720807
13422
-31354
2720807
13422
-4427
2720807
13422
13863
2720807
13422
-23308
2720807
13422
-2847
2720807
13422
-13488
2720807
13422
27022
2720807
13422
-24641
2720807
13422
21588
2720807
13422
-691
2720807
31232
6788
9445488
31232
11876
9445488
31232
28264
9445488
31232
28158
9445488
31232
-19407
9445488
31232
-6623
9445488
31232
-14671
9445488
31232
-15003
9445488
31232
3714
9445488
31232
-27439
9445488
31232
27695
9445488
31232
13560
9445488
31232
-28439
9445488
31232
22960
9445488
31232
21006
9445488
31232
-4158
9445488
31232
-3518
9445488
31232
6820
9445488
31232
-10603
9445488
31232
-17703
9445488
31232
29039
9445488
31232
-15793
9445488
31232
-18470
9445488
31232
-8349
9445488
31232
5085
9445488
31232
-17913
9445488
31232
-28436
9445488
31232
6202
9445488
31232
-30918
9445488
31232
28997
9445488
31232
15858
9445488
31232
-21228
9445488
31232
3271
9445488
31232
28039
9445488
31232
19971
9445488
31232
7936
9445488
31232
-16868
9445488
31232
5890
9445488
31232
-27400
9445488
31232
-2544
9445488
31232
29792
9445488
31232
-1759
9445488
31232
4145
9445488
31232
-3382
9445488
31232
13962
9445488
31232
-18650
9445488
31232
28305
9445488
31232
22023
9445488
31232
6810
9445488
31232
12375
9445488
6626
20545
7667756
6626
-61
7667756
6626
14859
7667756
6626
10188
7667756
6626
-12025
7667756
6626
7735
7667756
6626
-3467
7667756
6626
-31016
7667756
6626
-21952
7667756
6626
-13819
7667756
6626
-29288
7667756
6626
-650
7667756
6626
30259
7667756
6626
475
7667756
6626
15327
7667756
6626
-32455
7667756
6626
1476
7667756
6626
-12839
7667756
6626
-6329
7667756
6626
-22019
7667756
6626
-28080
7667756
6626
-8059
7667756
6626
-20492
7667756
6626
6165
7667756
6626
19993
7667756
6626
10970
7667756
6626
-18225
7667756
6626
-17469
7667756
6626
-15923
7667756
6626
18264
7667756
6626
9347
7667756
6626
-21984
7667756
6626
7093
7667756
6626
-32438
7667756
6626
-26339
7667756
6626
19110
7667756
6626
28620
7667756
6626
-26187
7667756
6626
-14507
7667756
6626
-9091
7667756
6626
-7613
7667756
6626
25199
7667756
6626
-15663
7667756
6626
25501
7667756
6626
-20481
7667756
6626
8388
7667756
6626
14686
7667756
6626
-11658
7667756
6626
5860
7667756
6626
-2222
7667756
28195
988
9781360
28195
29286
9781360
28195
-1697
9781360
28195
6664
9781360
28195
-21798
9781360
28195
-1253
9781360
28195
-8998
9781360
28195
23526
9781360
28195
6314
9781360
28195
25805
9781360
28195
32706
9781360
28195
5558
9781360
28195
13882
9781360
28195
-1116
9781360
28195
-18227
9781360
28195
15296
9781360
28195
18546
9781360
28195
-28523
9781360
28195
1700
9781360
28195
-2546
9781360
28195
17751
9781360
28195
-13946
9781360
28195
21596
9781360
28195
-2071
9781360
28195
2576
9781360
28195
-10822
9781360
28195
30730
9781360
28195
-17448
9781360
28195
22950
9781360
28195
-24089
9781360
28195
10564
9781360
28195
28767
9781360
28195
-5698
9781360
28195
-28414
9781360
28195
-7047
9781360
28195
-3089
9781360
28195
-13149
9781360
28195
10396
9781360
28195
-24322
9781360
28195
-32622
9781360
28195
-1909
9781360
28195
-10159
9781360
28195
19597
9781360
28195
-13318
9781360
28195
21609
9781360
28195
25199
9781360
28195
3392
9781360
28195
-7708
9781360
28195
-4279
9781360
28195
23223
9781360
-22441
-3661
2280929
-22441
-23352
2280929
-22441
-16622
2280929
-22441
-13791
2280929
-22441
-4261
2280929
-22441
-9614
2280929
-22441
-5166
2280929
-22441
6345
2280929
-22441
11705
2280929
-22441
-3835
2280929
-22441
-11433
2280929
-22441
2323
2280929
-22441
3715
2280929
-22441
-8446
2280929
-22441
10617
2280929
-22441
12065
2280929
-22441
678
2280929
-22441
6910
2280929
-22441
29682
2280929
-22441
-20381
2280929
-22441
-27884
2280929
-22441
1010
2280929
-22441
29753
2280929
-22441
25491
2280929
-22441
28103
2280929
-22441
-704
2280929
-22441
25530
2280929
-22441
16831
2280929
-22441
-26154
2280929
-22441
16253
2280929
-22441
14007
2280929
-22441
22407
2280929
-22441
374
2280929
-22441
10089
2280929
-22441
-23419
2280929
-22441
-2724
2280929
-22441
30171
2280929
-22441
-1951
2280929
-22441
-17715
2280929
-22441
24011
2280929
-22441
24591
2280929
-22441
-4849
2280929
-22441
30903
2280929
-22441
-17592
2280929
-22441
6037
2280929
-22441
-32302
2280929
-22441
14467
2280929
-22441
15349
2280929
-22441
25774
2280929
-22441
-21175
2280929
-8165
-18528
4457411
-8165
-17228
4457411
-8165
-9119
4457411
-8165
-20026
4457411
-8165
-17214
4457411
-8165
-32058
4457411
-8165
-17782
4457411
-8165
1639
4457411
-8165
9223
4457411
-8165
-24079
4457411
-8165
-25292
4457411
-8165
23176
4457411
-8165
-8528
4457411
-8165
-23821
4457411
-8165
-25210
4457411
-8165
22937
4457411
-8165
-12080
4457411
-8165
-12298
4457411
-8165
-31428
4457411
-8165
7568
4457411
-8165
-21416
4457411
-8165
-3479
4457411
-8165
-14474
4457411
-8165
26984
4457411
-8165
-2935
4457411
-8165
21451
4457411
-8165
-7673
4457411
-8165
-3852
4457411
-8165
-20806
4457411
-8165
-21769
4457411
-8165
-5897
4457411
-8165
18274
4457411
-8165
-25443
4457411
-8165
-4919
4457411
-8165
24002
4457411
-8165
32734
4457411
-8165
-16433
4457411
-8165
20067
4457411
-8165
18862
4457411
-8165
25454
4457411
-8165
-29371
4457411
-8165
22509
4457411
-8165
24175
4457411
-8165
11145
4457411
-8165
-31943
4457411
-8165
5357
4457411
-8165
-9748
4457411
-8165
1143
4457411
-8165
18974
4457411
-8165
-7852
4457411
-18485
11793
2263481
-18485
-6765
2263481
-18485
-9921
2263481
-18485
25338
2263481
-18485
-4977
2263481
-18485
-15281
2263481
-18485
-13782
2263481
-18485
14126
2263481
-18485
3094
2263481
-18485
-16437
2263481
-18485
15173
2263481
-18485
-21728
2263481
-18485
-8340
2263481
-18485
-17751
2263481
-18485
-7403
2263481
-18485
22460
2263481
-18485
-19792
2263481
-18485
7171
2263481
-18485
32676
2263481
-18485
5761
2263481
-18485
-7500
2263481
-18485
-29560
2263481
-18485
-4307
2263481
-18485
2405
2263481
-18485
24541
2263481
-18485
32333
2263481
-18485
14895
2263481
-18485
31330
2263481
-18485
22933
2263481
-18485
14238
2263481
-18485
7034
2263481
-18485
30964
2263481
-18485
16879
2263481
-18485
-2573
2263481
-18485
-3177
2263481
-18485
24165
2263481
-18485
28796
2263481
-18485
16022
2263481
-18485
26832
2263481
-18485
-493
2263481
-18485
-27971
2263481
-18485
5702
2263481
-18485
31207
2263481
-18485
-22623
2263481
-18485
-24770
2263481
-18485
-13535
2263481
-18485
-28359
2263481
-18485
6691
2263481
-18485
-21799
2263481
-18485
13751
2263481
28232
-27398
9586800
28232
19068
9586800
28232
5489
9586800
28232
3165
9586800
28232
12221
9586800
28232
-5942
9586800
28232
23987
9586800
28232
-25688
9586800
28232
-23204
9586800
28232
24958
9586800
28232
31686
9586800
28232
-6390
9586800
28232
-16129
9586800
28232
24330
9586800
28232
8779
9586800
28232
10813
9586800
28232
-10466
9586800
28232
-16337
9586800
28232
31908
9586800
28232
-22173
9586800
28232
-27757
9586800
28232
-17112
9586800
28232
20981
9586800
28232
-6194
9586800
28232
21215
9586800
28232
28273
9586800
28232
-11132
9586800
28232
140
9586800
28232
32385
9586800
28232
-14255
9586800
28232
-27086
9586800
28232
15102
9586800
28232
7110
9586800
28232
-4871
9586800
28232
5326
9586800
28232
-13434
9586800
28232
-20230
9586800
28232
29367
9586800
28232
22422
9586800
28232
-4467
9586800
28232
10468
9586800
28232
18254
9586800
28232
19403
9586800
28232
16503
9586800
28232
26029
9586800
28232
-23454
9586800
28232
-20815
9586800
28232
12176
9586800
28232
27154
9586800
28232
-25664
9586800
19319
29760
2785547
19319
777
2785547
19319
17701
2785547
19319
-29008
2785547
19319
11936
2785547
19319
4590
2785547
19319
-31642
2785547
19319
32122
2785547
19319
26163
2785547
19319
-15171
2785547
19319
-11904
2785547
19319
-886
2785547
19319
27846
2785547
19319
15629
2785547
19319
-5237
2785547
19319
-9580
2785547
19319
23117
2785547
19319
-31345
2785547
19319
-3474
2785547
19319
86
2785547
19319
-11758
2785547
19319
-17478
2785547
19319
25777
2785547
19319
5304
2785547
19319
-8377
2785547
19319
18037
2785547
19319
-13993
2785547
19319
21100
2785547
19319
28891
2785547
19319
10099
2785547
19319
9258
2785547
19319
-19553
2785547
19319
-9291
2785547
19319
16288
2785547
19319
10895
2785547
19319
16067
2785547
19319
-23280
2785547
19319
9835
2785547
19319
-17926
2785547
19319
-24538
2785547
19319
-16655
2785547
19319
19435
2785547
19319
-8333
2785547
19319
-12540
2785547
19319
-2078
2785547
19319
6291
2785547
19319
12641
2785547
19319
-5701
2785547
19319
-16150
2785547
19319
-10279
2785547
5764
29553
2642456
5764
24467
2642456
5764
20014
2642456
5764
2536
2642456
5764
15551
2642456
5764
-29118
2642456
5764
-9631
2642456
5764
-1470
2642456
5764
19251
2642456
5764
-27547
2642456
5764
-23541
2642456
5764
22994
2642456
5764
19741
2642456
5764
-25654
2642456
5764
16329
2642456
5764
-31670
2642456
5764
-10212
2642456
5764
15823
2642456
5764
3383
2642456
5764
-22187
2642456
5764
-3807
2642456
5764
-21093
2642456
5764
-12645
2642456
5764
6394
2642456
5764
-31248
2642456
5764
26773
2642456
5764
-18903
2642456
5764
6871
2642456
5764
5596
2642456
5764
-7086
2642456
5764
-31381
2642456
5764
-29345
2642456
5764
22170
2642456
5764
22826
2642456
5764
-3272
2642456
5764
31136
2642456
5764
23068
2642456
5764
-30473
2642456
5764
-3626
2642456
5764
-30120
2642456
5764
7573
2642456
5764
-8806
2642456
5764
23496
2642456
5764
30382
2642456
5764
-32285
2642456
5764
14361
2642456
5764
-17210
2642456
5764
749
2642456
5764
-28485
2642456
5764
-30405
2642456
24342
735
4428849
24342
2559
4428849
24342
25133
4428849
24342
18898
4428849
24342
-7427
4428849
24342
16237
4428849
24342
4488
4428849
24342
24654
4428849
24342
13553
4428849
24342
20563
4428849
24342
-3883
4428849
24342
-16674
4428849
24342
-3033
4428849
24342
-18074
4428849
24342
-16707
4428849
24342
-8930
4428849
24342
9971
4428849
24342
-28523
4428849
24342
17961
4428849
24342
18088
4428849
24342
-18751
4428849
24342
-24865
4428849
24342
5254
4428849
24342
-23107
4428849
24342
-19582
4428849
24342
20316
4428849
24342
666
4428849
24342
-23228
4428849
24342
-25823
4428849
24342
-28460
4428849
24342
-12587
4428849
24342
-12119
4428849
24342
29894
4428849
24342
-22723
4428849
24342
4029
4428849
24342
11349
4428849
24342
21916
4428849
24342
-9653
4428849
24342
-23538
4428849
24342
-14787
4428849
24342
-24575
4428849
24342
15627
4428849
24342
3637
4428849
24342
-15150
4428849
24342
-9031
4428849
24342
-24203
4428849
24342
-6483
4428849
24342
-21927
4428849
24342
15286
4428849
24342
28510
4428849
-16841
30588
1214963
-16841
15524
1214963
-16841
-16568
1214963
-16841
29552
1214963
-16841
2955
1214963
-16841
-28273
1214963
-16841
-3396
1214963
-16841
-28714
1214963
-16841
32233
1214963
-16841
9924
1214963
-16841
-14011
1214963
-16841
-28669
1214963
-16841
21381
1214963
-16841
-7861
1214963
-16841
10964
1214963
-16841
27179
1214963
-16841
9098
1214963
-16841
30009
1214963
-16841
1774
1214963
-16841
-7488
1214963
-16841
-4424
1214963
-16841
5057
1214963
-16841
11466
1214963
-16841
-18093
1214963
-16841
-7788
1214963
-16841
14272
1214963
-16841
31428
1214963
-16841
-24400
1214963
-16841
21114
1214963
-16841
16556
1214963
-16841
26106
1214963
-16841
-16537
1214963
-16841
26589
1214963
-16841
27300
1214963
-16841
-16760
1214963
-16841
-22379
1214963
-16841
30660
1214963
-16841
23604
1214963
-16841
20500
1214963
-16841
11114
1214963
-16841
2008
1214963
-16841
30311
1214963
-16841
-12057
1214963
-16841
-9845
1214963
-16841
-6424
1214963
-16841
-2116
1214963
-16841
8985
1214963
-16841
22700
1214963
-16841
197
1214963
-16841
18952
1214963
-17772
6696
571128
-17772
-9371
571128
-17772
31820
571128
-17772
-15972
571128
-17772
-25286
571128
-17772
19
571128
-17772
25461
571128
-17772
27488
571128
-17772
-13206
571128
-17772
-14959
571128
-17772
-14234
571128
-17772
6658
571128
-17772
-10992
571128
-17772
32509
571128
-17772
-1322
571128
-17772
-14958
571128
-17772
9210
571128
-17772
7807
571128
-17772
-25049
571128
-17772
-6123
571128
-17772
-30843
571128
-17772
-361
571128
-17772
7474
571128
-17772
-4855
571128
-17772
27796
571128
-17772
-9563
571128
-17772
5737
571128
-17772
25390
571128
-17772
14841
571128
-17772
6757
571128
-17772
-14335
571128
-17772
-28612
571128
-17772
24887
571128
-17772
-30464
571128
-17772
7727
571128
-17772
-26192
571128
-17772
29248
571128
-17772
-5136
571128
-17772
-19876
571128
-17772
18119
571128
-17772
26263
571128
-17772
-14966
571128
-17772
-19617
571128
-17772
-26622
571128
-17772
-2399
571128
-17772
-29613
571128
-17772
-1120
571128
-17772
-4558
571128
-17772
25464
571128
-17772
-4507
571128
-7181
-32500
4269276
-7181
19485
4269276
-7181
3525
4269276
-7181
6674
4269276
-7181
-32523
4269276
-7181
20168
4269276
-7181
-23941
4269276
-7181
8744
4269276
-7181
28043
4269276
-7181
12402
4269276
-7181
9609
4269276
-7181
-3255
4269276
-7181
-27420
4269276
-7181
-5820
4269276
-7181
28646
4269276
-7181
-20799
4269276
-7181
-3074
4269276
-7181
-28005
4269276
-7181
-22758
4269276
-7181
-10100
4269276
-7181
32666
4269276
-7181
4471
4269276
-7181
-22342
4269276
-7181
19719
4269276
-7181
-3295
4269276
-7181
-17740
4269276
-7181
-17072
4269276
-7181
16464
4269276
-7181
3991
4269276
-7181
1309
4269276
-7181
-10243
4269276
-7181
15922
4269276
-7181
24288
4269276
-7181
21519
4269276
-7181
12313
4269276
-7181
-19099
4269276
-7181
5565
4269276
-7181
-23915
4269276
-7181
-29847
4269276
-7181
-32104
4269276
-7181
-9035
4269276
-7181
493
4269276
-7181
25741
4269276
-7181
-32689
4269276
-7181
-12098
4269276
-7181
12909
4269276
-7181
29069
4269276
-7181
-27129
4269276
-7181
13616
4269276
-7181
-26408
4269276
-27504
3399
8938624
-27504
29980
8938624
-27504
644
8938624
-27504
-32085
8938624
-27504
-18372
8938624
-27504
5652
8938624
-27504
26334
8938624
-27504
21164
8938624
-27504
13002
8938624
-27504
-334
8938624
-27504
18177
8938624
-27504
25605
8938624
-27504
10546
8938624
-27504
-12785
8938624
-27504
-7921
8938624
-27504
-23806
8938624
-27504
-6345
8938624
-27504
-10083
8938624
-27504
22995
8938624
-27504
28509
8938624
-27504
-11268
8938624
-27504
-29458
8938624
-27504
-21366
8938624
-27504
21595
8938624
-27504
20928
8938624
-27504
-30278
8938624
-27504
6378
8938624
-27504
13617
8938624
-27504
29364
8938624
-27504
-32104
8938624
-27504
5397
8938624
-27504
-26325
8938624
-27504
-13232
8938624
-27504
11453
8938624
-27504
-19128
8938624
-27504
29876
8938624
-27504
-23258
8938624
-27504
-127
8938624
-27504
-27409
8938624
-27504
-26297
8938624
-27504
-28758
8938624
-27504
12733
8938624
-27504
-5866
8938624
-27504
-6125
8938624
-27504
15906
8938624
-27504
-15463
8938624
-27504
10794
8938624
-27504
-1633
8938624
-27504
-14947
8938624
-27504
8731
8938624
27716
-18676
8415840
27716
-16446
8415840
27716
-29215
8415840
27716
-2928
8415840
27716
-14171
8415840
27716
20804
8415840
27716
17206
8415840
27716
15515
8415840
27716
3765
8415840
27716
-6636
8415840
27716
27333
8415840
27716
26708
8415840
27716
-11569
8415840
27716
-13797
8415840
27716
28293
8415840
27716
-29771
8415840
27716
20208
8415840
27716
-1032
8415840
27716
14723
8415840
27716
15367
8415840
27716
-26517
8415840
27716
14468
8415840
27716
-14720
8415840
27716
-25167
8415840
27716
1032
8415840
27716
1824
8415840
27716
4036
8415840
27716
-4668
8415840
27716
9868
8415840
27716
-15919
8415840
27716
-14432
8415840
27716
-23492
8415840
27716
-7965
8415840
27716
-13961
8415840
27716
-30439
8415840
27716
-3166
8415840
27716
8456
8415840
27716
-9262
8415840
27716
-10496
8415840
27716
-25143
8415840
27716
-18199
8415840
27716
-29717
8415840
27716
-4550
8415840
27716
-30904
8415840
27716
8412
8415840
27716
31090
8415840
27716
5047
8415840
27716
-12946
8415840
27716
31264
8415840
27716
-27214
8415840
-25081
19704
13762993
-25081
-11312
13762993
-25081
-24272
13762993
-25081
-12711
13762993
-25081
-29174
13762993
-25081
30297
13762993
-25081
8073
13762993
-25081
-14104
13762993
-25081
20431
13762993
-25081
2123
13762993
-25081
-267
13762993
-25081
4696
13762993
-25081
6049
13762993
-25081
21530
13762993
-25081
1011
13762993
-25081
-21763
13762993
-25081
12850
13762993
-25081
-14514
13762993
-25081
7785
13762993
-25081
28844
13762993
-25081
11898
13762993
-25081
22868
13762993
-25081
-7709
13762993
-25081
18554
13762993
-25081
-28081
13762993
-25081
19618
13762993
-25081
15833
13762993
-25081
2769
13762993
-25081
-10109
13762993
-25081
32280
13762993
-25081
-18249
13762993
-25081
27099
13762993
-25081
-15423
13762993
-25081
1252
13762993
-25081
-22827
13762993
-25081
-3840
13762993
-25081
-23437
13762993
-25081
-24227
13762993
-25081
23147
13762993
-25081
-12677
13762993
-25081
-13497
13762993
-25081
8529
13762993
-25081
-1682
13762993
-25081
-13129
13762993
-25081
21062
13762993
-25081
-24581
13762993
-25081
-2621
13762993
-25081
-31027
13762993
-25081
6467
13762993
-25081
-12607
13762993
3119
-20233
2359555
3119
-12888
2359555
3119
4688
2359555
3119
-19931
2359555
3119
-28252
2359555
3119
-23973
2359555
3119
-4387
2359555
3119
-1
2359555
3119
30352
2359555
3119
-6944
2359555
3119
-11280
2359555
3119
32132
2359555
3119
29111
2359555
3119
-297
2359555
3119
2844
2359555
3119
22792
2359555
3119
30228
2359555
3119
-31209
2359555
3119
29558
2359555
3119
25566
2359555
3119
25886
2359555
3119
1939
2359555
3119
-3359
2359555
3119
-15430
2359555
3119
29443
2359555
3119
-10822
2359555
3119
-4
2359555
3119
-6579
2359555
3119
-21164
2359555
3119
26144
2359555
3119
-28109
2359555
3119
-18531
2359555
3119
22953
2359555
3119
-3862
2359555
3119
-18043
2359555
3119
19139
2359555
3119
-14649
2359555
3119
-24123
2359555
3119
-12860
2359555
3119
-12892
2359555
3119
-10661
2359555
3119
-24638
2359555
3119
11026
2359555
3119
22851
2359555
3119
19888
2359555
3119
-12251
2359555
3119
10097
2359555
3119
-11302
2359555
3119
-87
2359555
3119
-27479
2359555
-2724
15136
2366114
-2724
13238
2366114
-2724
-22238
2366114
-2724
2909
2366114
-2724
24884
2366114
-2724
19338
2366114
-2724
-13534
2366114
-2724
-15211
2366114
-2724
27194
2366114
-2724
-27409
2366114
-2724
17088
2366114
-2724
-32083
2366114
-2724
18368
2366114
-2724
25445
2366114
-2724
14787
2366114
-2724
15087
2366114
-2724
22841
2366114
-2724
31007
2366114
-2724
1326
2366114
-2724
-24108
2366114
-2724
3438
2366114
-2724
-1471
2366114
-2724
-12644
2366114
-2724
26371
2366114
-2724
15091
2366114
-2724
8206
2366114
-2724
-23439
2366114
-2724
-21297
2366114
-2724
8048
2366114
-2724
7175
2366114
-2724
8969
2366114
-2724
-22711
2366114
-2724
-19936
2366114
-2724
-17844
2366114
-2724
-9097
2366114
-2724
25685
2366114
-2724
-32518
2366114
-2724
14766
2366114
-2724
-29232
2366114
-2724
22687
2366114
-2724
17447
2366114
-2724
19150
2366114
-2724
-249
2366114
-2724
-30493
2366114
-2724
12374
2366114
-2724
-12669
2366114
-2724
-9519
2366114
-2724
-32006
2366114
-2724
10618
2366114
-2724
-12316
2366114
