-30261
23133
28787
23080
16729
28193
10685
18983
15040
20696
17213
2317
3442
150
135
-9493
8540
18426
-14938
31141
21201
8825
29266
-15543
-31771
-12414
18601
-9532
6373
-11618
14224
32206
11001
26424
18032
25142
1190
-3849
-21674
27419
10999
32665
-7649
-31372
-26177
-12688
3700
29761
16084
28601
-27131
-14866
25168
-1482
-14688
7437
-16154
24774
17356
-11741
-18111
16434
-28143
10482
-9439
21947
3489
-8954
-18456
-25779
15968
13578
-13152
-2856
31451
-18434
23401
22227
24779
26951
29266
-3003
27989
-31948
17590
-12465
-12443
14923
-3780
11529
-8317
17237
-775
-21144
9088
14342
-25250
-18554
16284
-16515
5827
31655
-16180
30104
-27920
19980
10080
-19995
-4913
-5078
8647
17881
19082
22809
20534
476
19575
29642
15272
2852
-10194
13646
-24848
-31743
-22617
22103
31894
31019
-390
-32731
32016
23286
13746
32197
-5112
-10499
2949
-9759
7548
-25127
26682
-221
15684
-9263
-19348
-32149
22818
-27119
-836
6331
12252
27852
21051
30081
3462
-30301
10322
8180
-21365
-28472
15907
5075
-35
-13535
31654
-9390
4328
5231
31656
-921
-4445
17461
-19903
32614
-13189
-16981
31104
15830
31797
-29236
-28212
-19278
15500
31165
-29111
-28678
-19601
-14466
-23805
25834
5548
17023
18271
-4117
-17059
21887
12861
2902
26209
-2787
18566
-10896
17423
-2620
1616
23853
-20595
-29904
19626
5870
21335
-24985
23838
14415
5498
-23833
-3506
753
-20575
-18614
-31423
23632
8392
-30185
16059
1049
26196
5341
-8324
-13903
323
-15901
-30533
-4782
-261
-6648
10130
-30859
-9503
-11101
-30025
22663
22773
-513
-15984
-27766
-31963
-31503
7678
-25640
27518
27021
-27078
3194
15903
12604
-27601
27167
-19752
-21502
-27856
1649
28534
-6057
-20078
-12136
4782
-26530
-10489
-7730
-25489
-15210
23939
-23601
-24994
-4552
-11428
11540
27417
13576
-9660
-3263
-20317
-5749
-29537
-121
-10471
21230
-25795
17300
-24750
24444
6224
31820
-9133
-9287
-11055
-12595
4473
-5923
19389
32712
-15843
-29481
5072
30254
-19976
32338
-2445
22278
-3876
-26534
24722
-14598
-11872
-8741
-16811
20398
-26528
28068
23657
17115
-996
12845
-325
31057
17975
-24996
25588
-823
-335
-9053
1508
-21400
-19910
31798
919
9709
-30349
22660
-1568
-14046
23901
24837
-21123
18607
-16676
11572
-22736
-26831
-7629
-5781
-26992
30861
-24906
16380
11956
-31614
-29145
9543
25909
-14613
-11909
-27570
-19030
25010
13643
11273
-18090
-3243
2218
-25630
25804
-266
21877
-17435
-7632
21273
9990
-14886
22623
-23026
14408
10475
30545
-963
-19492
-22794
-3182
-14797
6594
-25093
-7682
27278
-7481
-26026
-27468
-8587
-26494
-7953
12346
29840
-2753
3195
-11417
10236
-13654
23955
-96
-7014
-22392
27790
-31196
30078
23214
-2947
12693
-6651
-4541
-8981
-22214
-8394
-20960
-3673
-4548
-2416
-30302
-15432
30959
2472
-31795
-4074
-21364
4251
-15772
-3128
-13579
1196
21026
-28379
-18867
-9407
-6122
-23528
17929
-12625
5918
-31273
30659
-27383
-10599
2098
3762
-19592
-21288
-9765
-14615
996
-9909
24326
-1789
-30232
31935
-16220
-32205
18458
10160
-27863
28826
24641
-30372
11544
18828
20787
-9928
16976
-12870
-27561
17067
18470
-24399
18135
-26979
3798
-8677
-16481
-30114
-16827
-13050
-9343
8614
-24951
29190
-21244
20620
-31777
-29206
-316
-5015
26612
-19900
29947
15654
8001
-21309
-31812
29781
-14686
-10743
-1355
-11721
-9456
16538
-17267
-16687
-19807
-8344
-2183
-30476
5810
26135
-17851
-13041
17939
-15572
-549
-25438
21764
-5361
-29393
2646
5666
7352
29376
11062
12061
-25149
8941
22509
-3236
-10744
-4521
10196
31322
15841
-15596
25873
16152
-7868
27983
30684
26537
-8925
15474
15118
11473
3029
9753
-2474
-6579
-3929
3104
-3056
9035
-7036
-13534
14345
-6199
-24354
21265
-6603
13868
-17133
25017
17247
-14312
-19718
-31946
6082
-6234
-23660
16995
-6468
6781
15905
-28486
-21651
-26626
-12368
21210
-6419
13587
19557
-28736
8158
-4677
10797
-23779
25801
-12599
-23638
8032
20856
711
-28745
26087
-17812
20549
31376
21628
-16966
4953
25763
-20823
13207
917
2725
-13756
12575
-1312
-2279
18016
26662
12669
10538
-30267
20411
5708
-16406
14328
20140
-25881
26991
27321
-17825
7589
24618
-29773
-27729
8474
27074
32521
187
-18640
161
7686
19508
-14135
-9664
18813
29379
-18025
-13130
-23552
-24290
-30146
8092
-12011
30460
-30854
21322
12722
19161
-32040
28093
-17352
15130
30569
15248
-1605
-20228
-7573
11815
-21728
-16596
-25809
8954
-298
24868
6822
-9979
-30775
902
6003
-29154
29525
-8033
18182
-26878
6574
6892
10706
25719
-28485
-12968
19867
-18051
11133
-9878
-1631
-9658
-31113
-27090
-13811
20074
-20115
-4007
29158
14108
6345
-15693
-13583
23152
-15563
-20849
-17673
-5798
29432
11700
-30034
9802
-24338
30516
4411
21873
-24432
8062
-31369
21682
-3119
-10899
26690
-2658
3363
18818
17375
20486
-5885
-31607
13616
-1516
4466
26797
10517
-14380
-28266
32704
-20715
-21769
24117
-26394
13589
29548
14163
-18317
-7999
6208
-8341
30841
-17033
30865
-3821
5479
-25250
15193
9690
-2980
-3944
3554
17405
32745
-25359
-7949
-7644
-5073
28001
-16881
11489
-10736
18606
24518
24683
14965
-28564
-20912
-23225
-2177
-30614
17061
7160
-2251
13389
-4903
30416
-5936
-16734
-16023
26692
-13584
18066
14374
-1724
25741
5385
-28377
-29702
-10986
-1065
-4216
10424
6784
-26755
-27870
-13055
24851
23100
-23355
-3980
-17879
28428
18607
6702
22187
-16903
20032
22398
29642
7579
-7359
-2229
16159
1822
22247
-4395
1178
21239
-19487
-11000
17447
-3595
24922
-31962
-30314
-3131
26130
9327
-19950
579
18852
11084
22298
-8870
9195
-16704
-2932
25930
-14103
12686
23655
14790
-12277
-17893
-10284
1113
-24346
2371
29917
-8028
-30629
-10047
-23877
-29862
29426
12327
21617
-8945
-11767
17259
11400
-1799
-18477
-19118
32349
-18400
23236
-18545
17374
26567
-18356
1791
-1702
-28064
22728
14790
21292
-27526
11689
17444
-2135
-21149
10400
-20302
32292
21126
-17910
5142
5935
23122
-31135
20724
-9504
6165
-14880
5157
-28328
-25294
7230
10913
27036
-28246
-32565
18115
26048
8772
-29728
28179
-25858
-21296
4319
10539
-10854
-4609
-17296
-16096
-25260
-6294
25551
24932
3220
-13933
1828
22971
-15722
28700
23976
-24287
19080
1346
13659
-27989
-25926
22150
-20449
-17636
19910
19126
-12229
-14865
-8268
-29786
12830
3180
22729
21273
-5800
1649
-5226
-7162
14377
9843
13953
-18197
9829
4226
20169
-13867
2685
-28066
23753
-5499
-4450
-26135
8884
-25789
17791
-29449
-11076
-20715
21693
-25549
15202
-18484
21542
18266
-18427
-24539
10312
5405
-12104
2922
-5953
6358
-19668
6729
4973
-25505
21606
-3803
10656
23106
-18631
10318
14695
30748
4436
-21116
-23466
11054
-22230
-14083
8351
-7291
-14309
-25664
-25537
10814
-2686
-2834
17065
-21345
-8401
20931
1645
3298
6872
12109
-26939
2882
-1683
-7527
10237
-13599
15036
28901
5164
19925
-4611
17696
21882
12148
-2650
31351
-2197
-31223
-28804
-29280
-15587
-12213
-26434
2719
12115
6536
4505
11645
-16768
-21436
7418
-11170
-18439
20134
31246
-1896
-32560
28366
9066
-17093
-31601
15871
31318
-13026
-15160
14360
-4032
-1749
20480
-23052
-26369
30999
26659
13358
-3746
-11365
27654
13364
-13083
-14123
11030
-5728
-26048
12175
621
2507
10211
-30911
-31657
-491
-28677
8698
8455
-30213
18124
31090
12555
5355
-19848
-21543
9617
20584
21941
15376
5968
5584
11173
17129
29251
16817
-15562
-2944
22808
-19936
-18998
-23665
-13615
-25494
16931
28786
32130
31658
29855
20461
-32294
-16002
-20712
-8064
-28503
3902
-30561
2412
-13231
7247
-16033
29254
8337
22218
12544
-4273
25225
-17325
-9978
26345
18892
27632
-22449
-25683
953
-10955
-16748
4510
-9375
-32009
-2581
-28020
25837
-17420
31166
22524
32346
11588
-10358
-15466
-2744
-9191
-31024
-14574
1531
-6335
28605
-8920
24298
30649
27127
-10996
-794
543
10376
20744
-228
23868
6281
9104
27211
13064
872
17142
22883
23388
-10878
-14566
29704
19911
576
-4289
-5391
-26895
-839
-7561
-2327
-27153
32005
-11746
13299
-10917
20427
679
6645
22539
25275
-27884
-17906
-4498
15566
-32479
1852
16816
-6095
-529
21076
-15780
23883
20628
-19760
-3876
-7432
29104
902
-15384
-16385
1977
-3488
31395
-15129
-17654
-6310
-23956
-7437
17202
8175
8586
25480
5976
13869
-14553
-27501
25589
17079
-3772
-9574
8035
18774
25917
-16889
4242
18290
18108
-19268
21783
-13016
3726
32593
24218
19785
23192
-26213
-31686
-12529
-1398
3266
-12438
10178
-29435
-2451
-26729
4356
11722
25855
-1830
-14947
21239
-7789
-22684
23760
11855
-12093
19503
31048
16754
6806
-23402
23244
17544
-31711
30891
-7356
21399
-9287
-16191
-29393
-21034
14901
12409
30539
-10469
-31675
307
-25993
12879
-32632
19924
22187
24348
-25874
-4758
3028
28531
-32210
-5472
4268
-9897
29395
-20052
-20605
19214
8615
19405
-14401
12818
12554
-18491
-31237
930
2959
32305
-21877
30298
30167
-16037
24620
14450
-17288
-28647
-23766
-25426
-29688
22237
-22539
15158
7841
31378
-11655
-3844
-23437
7236
3863
19968
-5182
12660
26436
28570
-12452
-26508
-7632
5133
25660
-15735
-2930
-28229
8302
-10409
20743
23392
11945
-7024
21474
-22736
10401
-14008
-26551
-8218
-8428
-7211
-9012
3648
31491
8215
20980
-13365
-4729
-10071
-24949
-1695
-25731
19778
-2758
31543
-23858
-30198
15275
-12624
2582
-2602
6779
20593
16126
23445
-11524
-20741
-32727
-8159
20033
16359
4891
32027
-20965
21812
-13993
29093
-24609
-686
-14201
6599
22458
11462
-19117
32278
-9997
-18707
-6823
30887
-7776
-19990
-3806
12702
23907
-16961
-24335
1862
4457
28559
-15490
-369
21579
-14202
-19322
-116
4146
4695
18921
-26856
-23792
26463
-18076
-16730
30817
19018
4521
-10315
-9858
-1423
7296
-23801
-31930
-9009
-7613
8183
28285
17374
32234
14141
30416
-32530
-6065
-32274
-5547
-25969
17350
9994
-21375
-7517
29712
24100
-12956
29944
-7235
27246
-15164
-18729
7228
-7192
-11566
-10780
-14909
3486
-17801
1507
25264
-10040
22807
9936
13223
13124
4235
-29333
4583
16572
20231
-6507
25655
-30443
-8841
-14319
-14266
17811
11457
-13893
7325
24932
31159
-9892
24595
-22884
-3732
9189
-32767
-18380
-32622
-25621
-25545
8076
29426
27523
-18680
14172
-26156
29463
10081
29081
5758
-15254
32663
-16245
-20373
-12475
2155
-28334
-27164
15162
-3298
-849
17902
25808
14640
5899
-15602
-7629
-226
32116
1399
-26043
-28440
-25944
20226
15714
-17337
29874
-18480
24608
-6378
19892
11401
11308
-25220
9272
-5711
24881
-8970
13900
25748
5750
-18026
-27609
-17033
-15536
11421
19835
-17222
-27162
-14023
6027
-14480
-9293
-21869
29616
-21001
-805
-2062
31097
16711
-31983
-27040
-10031
18976
9671
-6462
-17285
-20227
-24781
20513
-29029
19586
22217
3970
20319
-31006
-20882
-20558
24549
19248
27536
-5608
-27845
8609
-23389
-28654
6057
-1660
-15596
-1003
-17852
-20430
15969
8516
24487
-3352
-10130
13978
-17821
-12304
13079
9621
6715
-3856
-8746
-5566
-11769
-31857
-1355
-14596
6293
-23486
15437
-31733
8687
-29734
15786
-16215
-15826
-4543
-15802
-4218
1138
2198
-15633
-31397
-9604
18330
25466
-15382
-12043
11026
31159
-6679
-9501
-32146
18999
-4192
-2054
11239
-9429
9833
18608
-21474
-16551
-12812
19447
6958
23877
5707
-32534
-4482
14566
-4135
7091
6673
18361
29349
8888
-11317
1334
31216
-18741
-26230
20046
24827
8724
-21568
26670
18016
-17400
-5336
23517
7134
4550
5597
-24866
4781
5606
-23024
-3366
-3867
-32300
30994
20282
-24669
13479
13080
24745
-25807
-22743
19571
501
-31104
-3714
1297
-20768
10772
-25135
-435
-27091
12862
-6761
-11927
13037
-9806
-6657
-14875
19816
18739
-13248
18563
15490
10583
-26422
-20540
-15252
657
15970
1348
1347
18769
-25077
26999
3540
954
32225
-13991
1329
-4063
-6068
-30141
-27562
-1771
-12353
-4349
-13758
-19776
18431
6047
-4282
-4924
2749
28222
18994
-10484
22973
25414
4531
6942
-18464
19628
-25722
-24538
18445
-25738
4645
-27022
2554
-11072
20451
12280
24215
-24177
-29996
-24321
-18810
-25764
25861
-19586
9617
-15993
-538
-4028
17639
6798
-8048
11619
18874
-21608
-1786
1790
-889
-27300
27868
-20005
13090
13477
-11701
-23807
-9880
22483
28412
-760
-21839
29192
2973
8961
12403
-31694
28345
10218
1548
10275
-830
10819
21421
-22767
-24678
-13202
8064
-16581
-16806
2411
17718
26502
2798
14226
5651
-31496
19776
-31688
10165
31534
-12144
19324
-15188
-8393
-13589
22107
-26370
-11363
11738
18805
-7277
-29587
12280
30893
2560
-24348
-3967
1742
19111
-14773
-24342
-3936
29020
20616
-4425
22854
-12662
3537
27388
30621
17003
19262
-11264
-26762
24883
4004
25338
-32621
-16203
17894
7972
13010
149
-15954
-17598
-12434
-31713
5734
-19478
-946
11933
-21381
-4374
28769
-779
12400
17822
-29075
-17091
-31821
-10633
11620
30117
-17299
-1726
5015
-13966
6907
-14194
12922
-7276
-25208
-16297
-15521
11780
-18664
-8186
23707
12469
9062
-481
-21115
26634
2997
-729
-6513
11339
22866
26107
-6372
-5558
-14180
-31653
13401
23980
393
32174
8774
4589
-2727
2808
15798
16790
6972
-8515
-4442
2354
9452
-12102
-26241
-14214
2854
27495
-14191
-3375
5084
-14552
22175
6574
32181
-11549
13157
6356
11404
-26467
30984
-8608
4465
-4136
-11224
495
12094
-26516
8287
-27291
15596
13763
9244
16814
21598
-24497
-3653
-9361
9167
-12771
18697
-5107
-27608
5502
7231
-22257
-8483
-12319
9741
-8821
10679
-28774
7598
-19819
-19776
-24805
7530
-2240
-7889
18177
3536
-21005
-22482
-13260
-23115
-28474
32398
-7846
-17559
-5374
11997
-24532
995
-14854
-16725
27751
25593
-17270
-28024
-24359
30703
-15640
19556
16009
8429
-20158
6556
-3239
386
-5302
18010
5641
-31496
-8928
8576
10834
-7123
-16497
14695
30582
-4288
-24426
-28188
-12705
-6438
8108
17071
21640
13986
-6200
-20703
12489
20944
-20637
31608
17420
1983
12159
-268
-27050
23508
-27577
-7196
2097
-7346
9629
145
11479
8252
-11979
-28073
16781
-28410
-26877
-2103
-31058
-9597
-4981
14431
-24266
-17199
14490
-12061
7811
-25654
30356
28635
-8761
-29247
-12476
-9137
-15221
-11902
5873
-16444
6225
216
21815
17408
25579
5957
13940
-10165
25255
-6253
13816
29115
-20552
-4171
27973
-20270
26826
-14749
-5739
-22426
25032
-8505
-13289
3438
24307
9811
5531
22953
-30189
23814
3763
24955
27306
-5979
6630
12624
-1095
328
31411
-11384
-2367
-23971
13555
-15763
-9145
-27662
15454
1095
-24595
-13651
6718
-3289
-24679
4789
-23545
7514
19455
-13953
-15756
-29539
-5637
854
-2387
-25712
-3345
-18080
13942
-4709
-32002
18075
6158
-10166
-26156
28347
-28503
17668
-24072
-21562
5224
16920
27138
-28698
23707
14781
-18868
-9478
-5202
-6628
21591
-24567
-25475
-15458
7771
8460
16033
28157
-11874
9078
-8254
6932
-11137
-7554
-18177
27170
-29297
3132
24282
-29812
22065
-18642
-27917
3115
-27356
15657
-906
15349
13089
18364
11694
21933
-20387
-26978
21493
22594
18241
-13873
10867
1615
31783
-12109
-24308
-29552
1444
22378
-16202
-28427
30077
-5110
-4407
16810
-10673
31493
13416
-2516
-27698
3138
-31631
-118
12700
-14763
-30581
22222
19595
-7352
-6420
24162
13846
-21660
-18315
-7323
28443
31647
26105
-30606
-30005
-19694
-32478
-12074
-15976
-31489
23989
-27399
-26467
-6244
-17556
-9585
5230
30538
30174
1624
20602
-27613
12195
-29389
2973
-12806
-30332
10724
29275
-22738
9377
21800
20278
16425
-20682
-17340
32310
18980
-6553
16749
-5229
-9325
30927
-29455
20520
13137
-28605
-13419
22657
-29457
32591
-2859
-11810
3269
29393
-19113
-11051
30263
-6649
-32658
4222
-20483
31719
-20307
30592
32662
4689
-30446
-14460
12578
-27832
-26588
30747
5630
-22455
-9846
23774
-14721
-10122
18366
-20740
31616
16506
12933
23031
32644
-30005
-31700
-7567
30743
-11966
-29067
28890
-12870
30135
21150
-15386
5674
8454
16432
8767
-29334
30150
-28567
18823
-1222
21854
-11728
30410
-3283
-8604
16771
27951
-19214
-5686
14803
27634
1187
8258
-23558
4411
2927
-30567
-19270
17872
26388
4581
12499
5901
26847
-13621
12061
4813
-12020
-6454
13111
1967
12864
31409
-20192
14097
-6171
4073
16888
-6798
9986
-6824
-16546
-26016
22911
14101
13972
9975
-3628
26400
-21739
-32188
-29949
5561
22091
29933
22080
8244
-19431
-15467
-8409
-18848
-18484
-15476
-26663
22199
-30281
-14344
3730
-23549
3742
20914
19667
15209
2007
4805
14715
-21144
12600
-26719
10876
31118
4432
-5035
28205
-19711
-9313
-29173
-31485
29548
26175
2952
30772
8699
21617
894
1023
5100
1145
21338
10858
-2088
12314
6834
11465
-16306
14503
-2663
-22134
20217
6674
18441
27943
-26271
10231
-6873
15685
16003
23673
-21606
7214
-5689
-14991
4500
-18370
25472
25256
6784
5208
12638
-22575
28991
-2021
-7593
27153
5061
14588
-32190
32345
-26252
-18797
-10395
14454
-20255
-25387
5085
27283
-28805
-17251
-1558
4119
23639
-20532
-12682
-17596
30097
-16262
32095
32318
27985
20121
23268
-18032
1630
21464
-30058
-14289
-2822
-28739
3790
18888
-6707
31252
-492
16389
-19339
24844
-8814
-23894
1989
-6246
-6634
-1391
20976
-11022
25647
16084
-31486
2233
-30988
19741
30046
10202
10124
11788
26032
17543
13033
19423
7466
10200
7679
-4230
2532
4103
-23461
-4175
-20423
27472
1750
12305
23553
5520
27814
-10432
29299
-17193
-19038
-1741
-16088
-11003
-10050
-14898
21390
19676
7591
-14998
17796
18378
1661
9108
-1655
-15608
9949
27389
24846
21085
9347
30552
5109
-12606
29115
-9806
24922
-2005
22717
-10813
32543
9180
-15646
3184
-15931
-31433
15966
1120
27193
-32605
17746
-17025
31906
16829
15789
21118
10547
-18572
-2610
20631
-718
17110
-24460
10138
-12669
-24825
-22522
8905
-4479
-23518
2772
-16970
-4276
2311
29180
-26080
19905
31921
7560
30194
-18396
32574
-25977
-22688
-9433
28508
31867
2789
28377
-8871
29624
30234
-2563
-22759
-8181
30845
3957
20779
20131
-3447
-8013
-443
11037
-5236
21180
-20317
-5242
4341
-20616
-23658
-14881
11558
2039
12041
7299
-2054
2809
21467
-6720
13687
21759
-29069
22088
13450
15059
14650
-15792
24152
16448
25675
24106
21500
-728
-13599
23442
-25735
8856
15425
26925
14114
-3674
17651
-592
-26111
5222
-2765
24542
-10035
-28161
29200
-32700
22458
21670
-18718
-2494
-19272
32330
-11650
21151
10380
27270
12787
24733
27448
30713
4141
10376
963
13326
-32593
-22610
17570
-24346
-32667
-26203
26835
25531
21413
8488
-10432
31791
2100
-57
-20055
-17440
-9491
-17911
-28695
-12968
-3553
29898
28873
-19665
-12901
12512
-19568
-8939
6492
-21348
-17642
-24702
25321
12206
24451
16357
1697
-29263
-11501
15624
-16395
20976
25945
-18194
-11499
-8117
-3287
-3977
-24735
3662
-22892
-13645
-15981
26767
-7928
23999
11943
408
27271
10224
29922
29258
23538
32300
8732
-28821
-13375
-17366
-23652
-775
18604
-28709
29433
-1443
21218
7468
-5733
-16986
-24035
12421
-22496
-31323
9217
27024
23709
-19132
10777
-11746
-30007
-6841
2789
1142
-3313
3521
26457
-21015
31274
1230
-5078
-8794
-26318
3756
-29022
-25865
24815
-31585
11450
-22556
-13398
22862
21608
-22622
930
5440
-18127
-24683
12967
28913
-4170
16543
-28398
-29016
29447
32418
-27832
-9240
30654
23891
21929
14524
859
-26611
23691
-1945
-30059
-3350
-31573
-9181
-23562
14942
25556
12400
5846
3382
-1001
-30265
-25209
-26840
-32098
-31925
-3681
-22729
25419
18830
19277
2053
7222
-8414
804
11186
-31588
-7372
8881
-28976
27317
17930
27535
30917
-17971
13030
32726
-25554
31491
30163
4440
-915
23542
-21475
-23121
13990
19097
-29990
-30764
-5461
21198
17974
-12968
15076
21922
-16342
3276
-10806
26895
-9203
30999
-1789
24469
-18011
-5651
-28577
24151
18529
-25061
-20024
-11585
18148
17466
28258
30069
22147
-5604
31986
6813
-13870
-16628
7030
-27713
4943
-16261
-13043
10605
12300
7376
11530
24426
-25544
-13310
17996
14538
6895
21095
5778
29164
23475
-5987
-24971
29552
24733
6076
-24961
-20903
-8050
-18122
-6865
29519
19214
-7718
5818
-10591
-11448
30184
-28818
-32266
-467
-16718
-15505
-3012
-14364
3462
880
10485
27087
-18286
-463
-21420
14111
3558
-236
-8642
20897
1989
-23814
12640
-32617
-8916
24553
-30634
-3453
-10150
16355
11281
7796
-24581
-24268
14546
12452
-10827
-4829
-743
29273
-3766
-2573
-20551
20700
-25296
-16603
-311
-21935
-93
-20479
2853
19418
-5810
-23148
-20787
-3223
24155
27881
16991
28438
-15885
-3781
561
12965
8007
21122
7809
-25198
-18662
-27561
27085
-15207
7839
18160
30399
-6840
-1864
-12052
-27932
2353
32230
-5691
-6914
-7380
-27404
-23836
24740
-25290
-11119
-8080
-13490
-29349
-29068
30244
-27925
-32546
-29429
-5544
-12042
-26728
7078
-3782
23389
21148
-15007
-29983
15221
14127
-23367
-5387
-5823
-560
-22873
22480
-19810
-30756
9690
22778
-7923
-32146
10286
-1963
-8056
23138
7674
8784
-6324
18592
6027
10009
16929
-20438
-161
-20124
-28903
-29341
-16269
31935
7478
-21588
24088
16654
-2908
6365
-29562
29134
-26776
-8419
24392
-12127
22344
-15529
16654
7560
-2158
9299
1904
14033
30989
31087
-535
21250
9074
-9998
5924
-11011
14682
23881
-18365
-30544
26035
-32473
-20148
-22875
-12553
5546
-9241
26616
-28980
18467
-12855
31213
-16037
16571
-26188
-13513
-5647
2981
7611
-28724
-9796
15540
16359
-11898
24620
-6750
-13495
-8081
19542
1606
921
-6787
-26130
24683
16822
11786
-23381
11038
26834
11049
-5519
15947
-19468
25598
-27564
25003
-9934
5783
24466
16433
-20844
13191
-14352
-14186
-7089
13975
7488
25694
23289
1223
26636
-28989
28228
18421
-28841
30119
19164
-26609
1895
31785
9692
4231
27961
21324
10038
-24622
10425
-7112
10455
25470
23569
26703
26448
14951
30773
1383
7550
10037
-22971
-19152
-6236
-20894
-18122
-10604
7056
-1869
5079
-1421
10058
30446
14134
-6705
-10771
803
-17462
29052
-10662
-31143
-22452
945
9474
2712
-13627
-11736
9001
-19589
12058
26627
-9295
18234
-31377
1213
-24466
22812
-31492
-22791
-10129
-6677
-29600
-31716
-6422
-3653
-25792
25411
31135
13182
-18581
-6500
-5666
-4466
20957
-20013
3010
12657
-27662
28656
-5549
27710
-2027
2410
-18
31765
17695
1337
24526
15615
-8774
6353
13322
-30438
-13074
1602
-327
-16601
-29095
-23748
-20156
-4975
-26019
14536
-28590
25660
-8530
-26246
31357
12638
653
9197
10040
19939
-13041
-10008
-23965
-25854
-30639
1070
30986
26027
-18829
19106
30400
-23598
24593
-10789
-25488
-9050
4322
32707
15704
-12114
-23085
25610
23486
26672
1845
-6367
-714
21377
9189
-10021
-26361
-29179
-28128
15179
30087
8520
27245
15023
-10796
2834
-28408
8547
22297
-17345
-27098
29472
-7934
-31812
-17954
-25116
1132
-24432
-20907
-4475
1050
1899
-2118
-31916
-6190
4723
-24495
2934
-23410
-6562
14480
-10905
-2201
-8694
-3991
20601
-20417
-3339
20850
-14566
-9155
-9476
-14149
14394
-16920
-25956
-6684
18481
-16479
23646
-17596
7988
-3018
-25903
-31334
11190
-19229
19910
25133
22066
24224
20193
-29322
26702
28984
29617
10442
9440
5569
-30706
-30009
-21932
-8580
-18545
30086
-30511
-29742
-9838
-22490
-15041
-26933
-14261
26393
-10813
25448
-786
11476
10270
-21115
-25984
16483
-17211
-10074
12795
-13409
-23524
3743
-6692
-17723
19811
-16219
3269
31913
22460
22909
14555
-13969
-27790
-7652
17071
-17767
6166
-9515
2434
-13191
7670
17112
-4356
2661
-8626
-29766
3028
-18722
13072
-23854
13559
23313
-10582
19380
-22759
-21197
4045
20014
28932
27475
-4017
-29682
-29400
14100
-16618
9069
-11991
-22759
-29048
23258
9580
27994
13505
21164
9051
24087
16422
-30635
20590
7015
8050
15777
22716
-30253
-30042
16048
24290
608
-19239
3880
-29832
-24026
-7667
-9440
23769
25921
14558
952
24669
-15547
-32675
-3873
9910
-27294
19472
-10059
-19552
5731
-19069
19390
-5295
24113
-27600
-11151
30072
13870
-7929
10243
-30112
23871
-19068
30407
18747
-11605
-30517
-2094
-12238
12345
-24670
-8628
12075
-2182
-14004
-964
-13993
-13972
-4534
-17841
-29683
32043
-6418
-14092
-24620
16095
24652
32335
22742
-10194
-20802
22824
7765
-2313
-16305
18123
23472
-18205
3749
2479
19818
-21404
30939
-23574
-3751
-28367
-18161
27891
-3608
-7270
-10318
23407
31095
21565
15770
12808
4415
20425
17382
22724
14186
-825
23051
12425
-21039
-4549
3569
5646
2612
-7274
-26580
7091
-18186
28622
21328
-18668
27173
1528
-2824
30840
18197
7337
10760
23759
-13254
13707
17846
229
28829
-26806
4723
-23250
-29440
-1743
-27000
-22238
5215
28710
-24250
-17442
-16269
560
-3703
27973
-10236
-30385
-20414
-24640
-6810
-14281
15075
1604
9362
-14055
31312
2636
8281
-32541
10911
-11267
-13045
-24049
-20970
22472
3083
-14110
28945
24182
28542
-1437
-11567
-14833
13555
-28723
-5755
32005
-20439
-32657
-20065
-7885
22236
-6043
-13702
28028
-23493
-20549
-26147
14300
-10356
-18052
-9796
960
-31568
28552
19230
-10503
25657
-17989
-19456
26705
-13132
19964
18678
-7627
32426
23064
-4167
24387
-23515
6806
-10244
32230
-3757
-7000
17208
-17041
-2462
-10902
5334
10017
-127
-14265
15473
-15533
31288
-13310
-28836
-24294
-4421
-6405
-3335
9321
-18760
12045
20357
-28829
31814
-18762
16740
21327
4424
-8610
4284
-594
31376
-23099
28342
-16569
29820
24216
29629
31142
-32703
-8684
19379
-8485
-18074
-28104
-17208
-10196
-27043
-8937
28450
-12611
-14528
-22686
6112
-8502
-15123
24910
-10395
-28697
-26441
27624
-8451
-12232
-14448
-21294
-1901
16376
8606
-18894
17598
-1685
21211
-4214
-31099
11920
17830
-32103
31091
6692
-28546
3101
-1043
25045
2145
-25188
-19272
-24229
13624
17691
-28875
30300
30536
-16105
32332
29078
8984
-24065
10940
27395
-3360
25947
-21611
-24139
-157
-30651
23967
-26230
-29281
26487
-22629
20088
20935
-5093
-28889
1523
28531
-12497
-27477
-3623
-25118
8690
11578
-21773
18860
-4182
-29109
16852
-30015
16233
-22472
15830
21040
8182
21123
30984
-29712
-24257
-22533
17947
-21884
-29222
20882
-5304
670
29656
9674
2871
-5601
25650
13867
-29851
-13657
20790
-14662
-13304
792
-19930
15519
-1806
22210
3294
-17046
-10662
-13675
3754
-2151
-30893
-30826
-21876
17415
20313
-17258
-23911
10655
-6347
-28554
-16279
-8634
23789
-4667
31275
31428
-8793
14002
385
6811
-21226
-5151
-3894
-19676
21591
274
-32052
11883
-15391
-3587
-24704
30681
-13290
-13997
17115
-63
-18198
12965
10950
-31723
-16619
-14580
-23957
-27776
13356
-14162
25099
28536
-13630
-18835
14740
-17066
-31601
-18858
-24294
16147
-10431
4264
17340
30936
-29142
19607
5542
-12127
-32001
6576
12660
15774
-32676
-20856
-24572
-4994
-1705
29740
-24623
-20607
7761
9012
-14168
6869
12830
-22879
11574
13752
24630
13197
16495
-17020
-15497
25815
27766
18798
-3829
-14306
-7091
-9322
-9606
-28142
14009
21784
9695
-143
-18479
-18634
-934
11394
744
-10838
-10890
-1970
-19319
-1815
-19072
-29205
5333
2475
8890
-13931
-17340
4316
-30836
-17595
22409
11301
-14378
-31719
18907
18184
23826
23056
25271
16948
-32386
29531
-15424
13889
6360
-19773
-11889
26740
26352
-387
-30747
-7383
1291
-29297
21861
20107
9395
12538
2917
32602
-18276
11131
4335
32576
-12153
-8439
22351
27268
23414
-22249
-1652
14573
24274
-24623
22559
11069
5607
10788
-1679
30367
7856
18156
7778
-5744
25867
10689
652
29505
-8147
17061
-26180
-12572
13436
-17783
3010
-7408
23991
3428
28848
5400
-11785
23550
30145
-26652
-6995
28791
-26797
4636
10952
31109
-33
-698
-29748
-12064
13336
-10207
-26495
-11056
-23242
-3416
-14681
-4331
8494
-11890
10262
-21476
-18388
-2235
13987
-9165
3571
17202
-22776
9627
-23352
-13899
3072
-24642
-8098
17625
-751
-20318
3840
32656
-19334
-19047
29053
5717
929
-201
-11491
-29443
28385
31720
17574
9199
21368
20098
-4925
9923
2095
1518
26066
-31477
-24013
25697
12690
-2125
14521
28878
29998
16690
8034
7924
-1338
-4617
7608
8324
19566
-6030
-10892
-8552
18444
21160
-10559
12237
9445
17070
1208
31040
-4682
3299
-15395
5173
-17867
8289
14600
18824
-5002
-17690
8965
10621
-7206
-13620
-21056
-29173
21926
3584
-17514
-10605
-17794
21523
13563
9369
-26964
-27
13421
32663
730
-10372
24407
-9477
-28371
-24937
41
26641
30525
-24442
-22440
13667
-5073
-4564
16010
6331
-28701
2924
-24330
-16736
12050
-31918
-8689
4343
31564
-14361
-10193
13600
1734
-29997
2052
6252
-4298
11355
30900
28671
9349
10002
4352
20386
8520
-22410
-14508
-9035
-6883
-28824
14796
-23740
-25930
-10463
-22408
-26512
2112
15051
27927
94
-556
-14736
-25353
-27866
27214
-28845
29343
-32167
16459
24366
22843
10071
-31678
23161
-29638
2572
-23919
30571
-6281
-10283
9464
26247
20798
15382
31526
3371
14208
-1132
-28145
-22089
-24029
11084
20713
24347
4850
26553
214
-32014
20674
-5698
-26462
-10716
12171
-7082
-18689
5562
23233
-32642
-18311
18582
4738
23350
-26947
-6189
-27664
-25830
4990
-6367
-28102
16316
4984
28697
14644
18437
19115
-13812
-21
-14945
-8969
-12037
4065
-25408
32512
-14324
8513
-32673
-14240
2298
-22290
-473
-29651
16162
-28735
-5113
5801
2958
32453
-6938
5079
-15003
21981
-4535
15607
-29392
12833
-5579
-3932
-9990
4509
18866
-12173
-17730
28780
-4555
-116
1981
-27088
25203
32541
-13966
16766
1067
28331
-12645
11148
-13346
-22268
-15281
9124
8311
-7041
-23260
10201
13924
-28706
13106
12120
-20342
17661
12221
7298
3848
-24496
-20701
1713
1338
-28553
-31873
-3252
26552
-3657
-5547
-19128
-16098
9204
-21743
-3555
-20569
550
21510
-19040
-22361
-4786
-21695
28838
4336
-2290
-10893
-31124
-29448
18440
-26367
30529
-22089
-27459
-32147
10585
-2112
938
31637
12631
18522
3105
-4909
2096
15332
15013
-23585
-25510
-24018
22347
21618
-2039
13509
28221
6379
-3959
-30898
-23158
12087
-18480
-21714
-31224
-2187
-13763
-18040
-32012
12606
-18457
-5046
-30219
-14048
1896
30473
243
-6265
7550
-7195
-21395
-12804
23494
-11218
-10532
11566
25825
-26926
-5542
27459
25488
21872
-8445
-7875
-9959
-4239
1767
16547
4588
-18439
13127
-7456
431
-28870
13625
-4400
1836
-24015
17757
-23540
21834
6524
4697
19165
11
-32750
-27093
-28254
-4272
-24141
5221
-8911
27264
20586
27221
28936
-4494
-19476
-10536
-23045
27772
-29064
-2151
17825
2100
-25710
-32735
9676
-15890
-13728
951
-16101
-25731
-17524
-27073
8688
16005
13835
-11684
7577
28530
-8313
-12816
-19526
-1057
10751
-15990
4110
21557
-7998
-8039
-6929
-15846
-15917
11363
-12655
26425
1452
31842
23435
18251
-24460
-23292
3261
23098
20807
28784
-25247
-27090
-25527
18896
-3736
9149
29903
29606
-9150
-4977
-18498
-21867
28322
-2494
-32243
-27656
-9778
6282
16128
19114
8613
17289
17150
13734
-6952
21492
31740
15881
-6929
-18901
25307
10210
-20598
-10442
-21625
-25268
24999
4431
-24955
-20868
23732
-32751
-31118
14330
-31243
13013
17617
10242
-9311
21377
24225
-27962
-11986
-7392
-20971
-32485
16840
-11312
-23250
-3860
29327
10376
10289
18599
-14930
22355
19619
-24728
25102
-7938
25452
927
-28864
-21996
-23837
20844
-1107
-25876
22831
-27625
19206
-29294
-24731
1591
-15335
-19275
24340
1651
-3019
682
18163
-4438
-30408
-287
-31544
22608
-25452
12745
-17181
31231
-25498
-26100
26608
1188
9009
7210
21697
22530
11032
4947
-10132
13949
17008
704
-27196
-13135
-26756
5967
-8835
-27317
-21239
25098
22822
6242
26373
14222
31088
-19025
16122
-13594
-28578
9988
-6630
27832
-14692
31097
-31452
9767
25712
7031
-7815
-13440
13457
-24517
-23657
21392
-12893
22448
-15607
-15995
8609
10654
-27788
-6930
16706
-30728
412
-2727
-4713
18347
-4732
23834
29178
20745
27132
-29658
15089
-29242
2124
-12373
12311
-6551
-19615
-30602
-12660
-8564
21662
-6556
23637
25396
7133
-20293
642
-18066
-21156
14899
14001
-17230
25534
13670
-7031
-13153
19137
31893
-28024
-18430
10237
-19256
7199
-6363
11445
24022
20774
23666
15992
-4796
26777
-27788
-19948
16485
-11184
-23914
2119
25672
31890
-23178
-7959
-8489
-9895
23086
-8359
-705
-17127
16483
-6652
-27880
-9793
22744
15680
-22242
-30726
-4177
28274
15445
-1789
26741
69
-14604
-15231
-32053
17605
700
-2577
27316
-9050
-4222
20734
2082
-24051
17001
9505
-26414
4900
18905
-15880
-17403
7174
-25930
-5572
-6201
-29817
15462
-20260
31159
-28685
-18544
-31510
-10754
20213
-23270
10423
15092
-32619
-29027
-8342
-4188
11265
-26376
-19251
-331
-20213
-18819
23415
-18728
1959
-27758
-9892
-22815
23798
25557
32689
-27122
6821
-7397
4861
-21121
-7138
-29901
18299
-24645
20427
-20517
-27779
-23117
-29517
-2854
-11153
-7650
947
18972
14027
-23316
8667
-6945
-2799
11326
-29767
21560
-7604
-16045
17396
30843
-27421
-19151
-8555
-24869
18671
-24370
9197
27995
-8031
9761
27586
-21786
7093
-30425
5109
18888
13241
10588
14923
24342
-26088
12119
-20007
-19052
21805
21579
-3837
6431
-1836
21784
-24086
9608
6945
-10602
26017
-17464
11934
-4206
9615
-4413
-12121
15721
9920
716
31668
-26641
-20682
-25383
30476
-26596
-9300
-5672
-18113
8346
-15823
-22754
8808
9865
-24500
31439
8598
9303
19635
-29705
6474
-26521
6456
-28457
2708
-29669
31096
22474
-10699
-10504
-12045
199
29665
-8741
43
18769
-13631
-2779
22433
-26910
-8176
-16870
-18204
7343
-18208
1476
-26376
-24444
-1966
-26021
-14272
6489
-569
28323
11465
-19272
31170
-3874
31711
18424
29493
-6400
-16990
17963
-27704
-15732
-23104
-19407
-4892
-11712
-28778
-15873
-2332
4588
30986
-3339
2493
-22594
14993
9375
-16612
2567
-8308
-10436
13662
9811
8862
-18139
-15492
-14487
-11815
1982
-28288
26431
7278
-31918
7020
26659
-8315
-30394
-3351
-5817
-1803
21546
-13344
-14020
-25318
27171
5513
-5624
-14987
7348
-32125
16844
29767
28462
4242
22357
-6249
-7639
8586
-14089
-24754
-13513
-23441
17352
32639
-30010
-7635
-584
-21133
-5759
-461
-5944
19985
-16936
-27425
8340
29169
4426
-320
20164
17603
-14472
6547
-16207
30808
28717
-26599
17423
13526
8386
-25289
2645
832
4988
8754
17647
26870
-25357
17352
-331
16062
30433
5011
-29764
-27126
18097
-6942
6203
18747
30648
15072
11886
15578
-6259
5060
-32314
-27980
5473
-1040
22415
2550
14397
13472
22375
23321
-18242
-8385
-17429
3489
4293
26757
22005
4396
24850
-3089
-6288
-21288
-12412
2456
4178
-4702
2253
-15962
6378
-19184
16609
-7143
-5393
26600
-320
-28070
9648
24871
-10517
-20705
21045
19104
8825
23249
32632
7495
24197
-9052
-8488
-26369
17964
-23019
-18668
-267
-27972
8230
-2272
-20513
32237
25713
-6713
15618
14309
-27481
12467
4570
5578
1417
20540
8685
10394
18495
-20605
12467
18383
-25734
-1845
-3416
14725
17576
-5078
-8398
115
-22857
-25554
-23466
-5933
-29239
25757
-3731
31750
10629
4066
32132
14382
21071
31290
8284
10419
-24283
-19181
4671
-19133
-23561
-30035
31553
20092
-11242
9497
-14302
2936
23410
31742
1831
-16280
446
30738
721
27658
16166
22134
-28761
-27261
3173
20429
-12264
30369
-31618
29987
2745
-18577
-16373
-20545
-15767
-9381
21645
-19493
9005
952
14111
1607
31986
-16842
-6441
-4873
-21535
1355
-7171
-16854
22883
-1891
5565
2172
885
14270
21460
19894
-6348
-29650
-3032
5274
-12650
-15066
30236
-31187
-20630
-362
-3112
-9657
5355
6055
-518
-4541
4234
-30167
-19596
-13561
12228
27499
-14962
17945
9939
18818
5805
31908
22235
3234
29765
146
-3311
-11961
-26104
29790
-14478
-11265
-13068
-31679
-12139
4202
-32350
-15092
-18711
-27101
-31720
14212
22474
-17738
5684
3397
2032
3265
38
-15105
-6688
-31883
-11845
-14798
13791
-29033
15414
10263
22940
23180
19673
-17028
31555
15143
2243
27974
14792
5444
-31040
7920
25014
-7941
4276
-28291
3902
-1031
-9125
-31215
900
8455
32187
24631
20183
5303
-26321
3797
2985
23593
20347
7942
19013
-3330
-26908
3654
-11405
-28476
-32200
-24128
16644
11932
22426
-9660
-24492
25945
10059
-19059
19715
20400
-10009
29909
8006
6176
23586
-26900
-28948
-28539
12510
3243
28271
6445
15820
-26326
-19022
31392
-12582
-18090
-16270
27628
-19593
-25234
29333
-20603
-22238
1310
12985
-25485
32158
-28136
668
-20847
-19444
19825
8940
-4533
-24885
-17766
-20875
-5672
-10961
18516
8492
-13558
-27765
4256
26718
-19035
30915
-8584
-3574
20618
-27754
28845
-12071
19779
14468
10102
23114
11457
-29634
-20381
17954
-31357
9597
9721
15030
15362
9629
-29724
18262
-778
26140
-30744
10000
-5287
13442
-12031
-22954
-32101
-27536
5913
-22936
7995
-29350
-7716
21646
-521
-15040
-27944
-1893
-16681
-19275
4452
23936
-16025
-20863
-30698
-5536
11984
-22937
-31020
31237
4956
-510
-4612
21770
-22980
-22913
-6666
22990
3101
-5725
28391
-17945
30796
-10950
-2154
-16555
23784
-2786
18426
-7313
-22314
25563
-10624
14353
-7153
15068
-13812
16761
-13073
-9368
22839
30655
-4606
17328
-28189
12386
19122
-8286
-913
30390
21760
30554
-13970
18086
-32450
-6511
10829
156
18878
-12382
-13179
8104
27139
18211
26110
-25705
2707
-9195
-21692
18735
-1521
-10956
19758
31838
-31842
-31348
30549
8613
-22045
-11753
-20876
12518
8430
-14647
3177
-20955
-22658
24825
874
-9568
-28865
18623
3380
-22186
-23501
17268
18586
-23404
-6336
10315
-25006
-23136
31553
-11197
16260
-20637
-19732
21129
30051
-8185
11685
-32076
-2706
29404
-4748
-31870
25240
31677
-7014
31797
29783
-30172
-32650
-7844
-11079
6716
-9111
26000
3384
-32083
2135
2977
-27780
-22462
19380
29824
-25413
-18598
11768
-28458
5362
11910
-24190
-11748
29709
-5617
31005
-2247
-26040
13130
-21571
27444
-15379
13548
-21050
-5496
18005
1329
-29835
23413
30701
1637
-15324
-19170
-27137
8112
12347
-19472
21787
11354
13282
-6168
-10859
-23528
-25387
573
-25316
-7390
-23540
25086
1160
2797
-8709
-17467
-31244
-18476
-466
-30669
-24415
5843
28788
-21195
-31819
30592
-11823
-32334
-28023
28088
31176
-16787
-4673
-19611
-18432
17962
3553
-19327
-26949
-6037
-16762
582
-3079
-6105
-19047
4953
6192
30888
-17526
15920
25900
-15222
-29282
-12366
-8602
27068
2301
19283
6121
-29952
-315
32563
-15521
30606
-30676
11013
-7672
-15704
-22899
-16860
12894
-9997
-21890
-6887
-11312
-14337
1406
24651
16344
-16735
4331
-22720
14799
-31114
-20422
-4953
26453
-92
12516
13684
32699
27539
-11356
11815
501
-3248
11273
28547
-10749
-10541
-20261
-2171
18142
10967
12077
-2351
-21868
-1359
13259
-1102
28036
-18781
20820
-10865
-24221
13339
-9477
909
-15320
-18207
22093
-8777
22396
19427
-29339
-24727
-24629
-8101
-2970
606
28802
-27460
-2109
-28422
-6003
-18830
27166
27974
-24830
-7907
30321
18369
-11218
-2974
-23396
-21711
-9126
159
-15017
5839
-8144
-31455
-13431
21316
-630
-15911
-12749
-19997
15532
27191
-20412
3327
-24336
2858
3875
20582
-6407
6065
18899
-6742
31399
28986
13031
-16202
-23830
31844
-25386
22308
-7676
17802
-10951
3853
30117
9639
-11287
-21937
11219
-12009
16410
-15868
12925
-32177
21294
-21245
12163
-28259
25661
-826
11494
-18378
-31911
11074
-25384
11368
5249
-18926
25943
-22333
27105
2069
31302
-26851
-29331
-21809
1194
16709
-10503
-29175
-5023
-5441
2985
5289
-6939
24068
14486
17986
-14190
-15666
-5485
22538
26252
24619
23217
1398
-16678
-28842
-3862
22947
4955
32461
14825
-789
16115
12185
5092
21305
-29647
22532
-664
10995
-716
28670
1717
3230
-4704
7747
-16848
25057
10171
8727
32469
-12947
-24639
-30336
-30401
-32046
20872
-15291
-9370
-5666
3329
1048
10067
-2350
-16585
16873
-4791
31350
9356
17620
23655
31271
7561
13708
-7499
-8663
13914
-9230
1907
-25381
9475
-29601
20292
-19292
31487
18749
12343
24013
9951
-17292
-26027
-9826
-30301
-7779
-23779
11150
-29914
25450
-18005
-6892
-18123
13818
24404
22974
20311
-10255
-8995
14971
14640
4942
-22580
19183
-22170
-6458
-16317
13230
9489
-10689
-14878
7182
-12076
-24984
-1820
28853
-17998
-26385
14317
30382
-28737
26106
11337
-29236
22903
-3823
-3072
27738
-14624
25510
32548
-727
-87
25075
-28211
29535
27199
21825
-28599
1153
29499
-27624
6305
14118
23331
20812
19187
-7489
21288
17446
-16480
-26665
8026
3135
18580
-32601
9827
5407
-12324
5647
-26573
24380
10285
-2673
31659
25019
3302
-15615
27297
32642
27032
32180
24332
-7949
31564
25549
-21310
30739
28188
29688
-2586
-25937
-10849
-32672
16357
3829
3330
-15859
24809
16824
13770
20888
21380
28765
-18752
6551
11723
4261
-32379
-18661
28430
-17679
-888
-17208
-30082
744
-10219
17911
4505
-954
-21514
11436
-2659
-8742
14354
-23533
8873
-24290
13716
-13786
-27904
-27818
-10306
21258
-20561
9817
27709
-28244
25630
21184
-12658
31750
-32631
3430
-7769
-7746
-30941
25750
11809
10687
-1585
30189
13370
-13489
-10301
19164
-32142
14412
27999
-30682
-22246
-21692
6858
-24319
-22785
869
-6835
12372
-3780
-9237
22256
-23294
-22062
23749
-10131
24978
15280
-10328
-15892
558
-4106
20356
-340
-11965
30244
1988
23580
9027
11789
-3966
-21281
12256
-4704
30983
9344
23114
21183
16692
-31259
-13037
-18367
21237
6348
-28806
2643
31433
164
349
13741
-27378
-22845
-85
-32066
22354
23063
-13193
-12518
27984
-4350
-20560
-4890
-583
16544
-31608
-31731
24307
-4602
15683
-1257
31260
1584
-26395
-11802
27558
-20479
-30612
31767
-16425
10132
15362
-30283
18337
21172
-6093
-21846
-23022
17990
-32270
-16014
32114
-27416
-19646
6489
-8887
-18957
-17315
-7479
14671
29766
-3710
26445
15964
6879
891
-27766
4557
-1025
2053
-26388
21549
-28695
11849
30109
-17493
-23794
-13649
5692
19541
13389
19414
-22375
-20723
30695
8333
-1483
15056
24722
11369
-13741
29582
21480
-16242
-28899
-28230
28974
25389
24480
-19796
21476
9738
13594
-26822
31400
28105
-13435
-20263
1910
-24326
-8659
25957
-19872
18511
22280
-12955
-10018
26856
-21533
9974
31732
1447
-29885
9843
-4366
14254
-3017
3494
-4397
-25451
31803
27462
30572
-11969
23823
18839
-30441
-21382
-29616
-25412
5296
9277
21234
-11406
13196
-11583
-7148
29586
23836
18057
1920
-29929
9284
-25965
20486
-25058
9735
2803
-23540
24730
3815
-13727
-12649
-30419
2814
-11103
2392
22228
27010
19346
27462
-3352
-18133
-8790
15413
2467
11657
-8886
30241
-15486
908
8952
6665
-27931
-5416
-16223
-18123
4257
-1105
18637
17142
15572
10706
-31046
-5575
4210
-14571
-19706
16371
-29124
-14002
10979
-5040
5073
-28010
-1950
12852
-13911
22181
31094
-14928
-28979
-20440
-11400
8353
-1312
18557
-17821
-17881
-13068
13462
22030
-5781
1720
-10614
-328
-31502
-18218
25254
-20857
-16113
20321
-26270
-27044
-3247
12812
-24676
-30401
19921
17764
-14756
29336
-29215
-10597
3794
-17121
-32142
9754
19235
17680
-6726
-17491
-32554
14858
-32007
3260
-9820
-24896
-12449
21594
30279
-6310
-2028
-26828
-22395
-746
-23065
20165
-24263
27923
5780
-25257
9841
-13033
-29498
-15115
4393
-8601
3867
3511
18218
-12930
1757
27770
-11052
-5749
-1492
15429
-20936
-28526
20773
21740
6222
-21503
22533
-5927
-24404
4364
-16141
-4843
2815
-21384
18538
748
15187
23279
-19712
-1024
-4279
27941
30026
17072
-2043
20290
19387
11689
-8781
20587
26275
-22927
29531
-20458
-26256
-30167
-28612
-27362
11989
-9818
19140
-10629
-18213
6709
-7951
20411
23918
11587
23761
-16681
3644
28772
32001
8408
-19082
-4963
16517
-2645
3544
7641
-24270
2743
-26418
29690
9667
-5163
13515
-29621
-15665
-28612
3562
-26082
25218
-26433
4036
-30251
-27134
8981
-12496
-22833
-13602
20949
-24823
10832
25236
4535
16700
599
32741
-32050
-2203
-22375
29219
-20303
28758
1433
-32005
16470
-24372
3207
30990
20671
-22955
16876
12661
26973
26323
1829
12792
8565
16787
-25451
-699
-18279
-25717
26124
-20465
23446
-21713
27974
9137
-32302
18081
25332
-20520
-5219
12652
30757
1608
24032
-22976
-31438
13477
18512
29227
-17216
3998
18365
-5435
-31194
-15547
5620
28787
-14103
-29784
-28559
14953
-29794
5689
-135
19061
-22253
-26850
-21983
27718
-129
-23051
32351
-24119
6918
27041
-5298
-3569
26184
-17391
14110
11778
1906
-19335
23378
20997
-28729
-27898
-21478
-18181
19535
-5324
-15807
-11615
25080
30278
19933
24792
-7578
-6823
4717
13650
8006
-9390
-17939
-4463
21532
9956
15668
-24377
12458
-32232
2285
-17575
-19569
21491
-17507
23693
24499
23701
19488
8431
-2778
13653
-23693
-20859
-4920
-23730
15429
-2008
-13819
-29367
-23984
24392
1928
4318
684
26855
-8181
22468
-22868
24350
32601
18998
-2764
-27772
15690
13739
22257
25495
9630
-21125
11753
-10631
-25883
12820
-6642
-29756
23901
3265
-5031
14195
16022
-24884
-13845
7938
1772
-1890
-16278
32013
21440
-23364
-18964
-30344
20509
-5190
649
-5915
18124
-9946
-7983
-10274
-5618
-31436
-23733
5596
-26247
11075
-13279
22667
-19928
162
11824
18068
-28775
27418
-14287
13222
-30563
-29375
-30736
12574
29211
29705
25391
805
-14550
-11220
-24868
4506
-11405
-1919
-16350
22626
8471
9238
2537
3281
-29718
23047
18294
-12756
-4570
21918
1235
-20685
-32198
-5289
28999
29151
21367
-5351
6361
-8789
-8903
-26594
4531
2770
1390
9696
-11851
-26243
-22363
-7108
18058
20961
16483
28676
-14772
5852
-5328
30726
-14354
-21441
8571
3356
-4146
13059
13714
26789
-19112
4601
-21174
-13769
24297
27312
-18371
32366
-1010
-17839
22519
-13784
-6998
24208
18568
-26018
-8967
-19558
3458
-25005
-23565
27232
6429
-8840
15134
27483
-4973
-3079
-29085
21935
-5709
4978
-23287
-28322
-16118
-29301
-14890
28678
5610
21039
-11604
28084
-10146
-24291
-1872
-21818
5166
22220
-32383
1841
26520
21405
634
-10541
1225
24022
11233
8896
14883
-291
-15790
-21281
21324
6013
8922
-20068
-14592
12818
-2001
8256
26974
20620
-24167
-14219
1194
4263
27455
14553
-25363
29511
-10036
-2995
-22274
-7733
-14127
-16118
18379
21536
-17692
-17764
21173
-26594
19583
-20371
-4024
16292
-3810
-8450
-29187
-20083
9749
23990
-24453
6812
-28
-16618
27668
-3587
30134
19384
-416
30121
-28823
21042
-2227
-21066
11585
10600
-17620
12056
-16004
28213
-3562
10831
7942
-11561
-22316
-27783
15020
-19107
-31156
-7100
11280
12071
22912
-24174
26863
-16995
12639
29473
17038
28685
6371
26702
12763
-32370
3155
-28036
-1147
14528
-12126
-1542
27397
-12984
11927
27029
-9654
19081
796
16666
30169
-10344
-21414
-19831
-5670
28009
-12787
1700
-10588
27636
12009
-27189
30292
-31840
22369
22504
29092
-17467
23474
-24261
16644
21267
18101
-26938
25196
14390
2291
-21369
-6940
-13413
19162
3341
-15656
9166
9437
14788
-22434
27874
-64
1440
20398
18981
-29832
-12792
-21073
14074
1169
-20046
21163
-22983
-10026
5850
14840
3240
-24222
-4780
-19797
-20620
-7692
-4788
32042
31579
20750
24605
6002
-26800
-9825
-16383
14325
10549
2865
21407
26450
23547
7613
21305
13946
19811
3171
18043
6972
7565
-4972
-28827
18058
22684
-21411
17334
-1256
13624
-2363
-8411
30149
13204
32383
27444
-17061
6849
-32735
14951
23594
-19010
-415
-3007
-9782
-5633
-19082
4651
-2862
1119
-30888
22433
12506
-2366
30198
-7184
13967
19176
-2567
-24012
-9432
11264
-15731
7029
31647
-21962
4355
-573
-15064
-9313
-24843
-21306
27205
20781
-15252
27277
-27425
6580
-10518
10854
19744
2544
-21210
-14041
7318
1588
-12886
-19049
-27830
21253
-6475
24006
27316
-21771
8843
25639
-940
12406
8846
28327
1247
-31405
17714
-22354
-1226
-21186
25184
11626
-26161
-26526
-8821
24791
-139
-16936
23033
-29299
-12453
31643
-8108
-7401
5972
-16591
26130
-23771
6241
11113
5431
-21245
-2707
-31843
-14513
-19723
5863
-11852
64
-21850
-21841
-9674
10907
31530
29384
5150
31613
-16117
23825
4452
7445
644
7824
1057
-20338
-4530
-25304
-980
21718
4040
-24813
7933
-2489
-28606
-31863
22985
5648
30383
13054
-18437
-13537
-9619
3202
-24460
5157
-10708
9418
28821
-26470
-31258
1703
-24466
-16077
-9699
28717
-21115
-13714
1712
-17045
7432
-629
-19955
-26759
18049
28834
-11714
-2671
10825
-3334
-21889
14053
-21313
707
13725
1719
14905
18962
14209
19569
-14767
27321
9413
-21167
30115
-19125
-28064
-6101
1447
-2059
-30660
-2688
5880
-16202
2940
28499
-15180
31691
12254
12295
-10422
-19570
-19952
15635
-4733
1989
-14377
29404
-20239
30359
167
22435
10231
24799
2916
109
-19029
-24353
24325
-24258
-18561
17044
20277
-17411
27766
32598
16722
-24657
-5774
-23268
11900
11438
-7182
22924
24928
13185
7394
-15064
-18982
-1364
-31550
13556
17146
22719
-15300
24944
31114
-7977
6444
21313
28017
16171
-9435
26150
17564
24445
7693
15771
-16356
-2153
-10264
31758
-10901
-5365
-21695
-12127
-9701
20458
30425
1223
-20060
6041
27234
-1610
26071
-16836
29544
-15442
-1769
876
5162
11077
-32664
19309
-26999
5687
-3900
-3840
14504
-14521
-26496
20772
24884
-9279
-2777
-13703
19782
31068
10595
-29225
-20946
-4150
3262
-14990
14174
-6994
5
28489
10571
5830
22909
-14500
-23210
11773
22337
9890
-11611
2541
7278
-13012
21716
-18417
4433
-29293
24582
-4136
558
31319
20360
12303
28812
22537
9585
-11048
-302
-24022
31034
4750
-2446
22625
-17593
24663
-28263
24673
-977
23263
28548
-1858
-4998
16891
32757
18132
1252
-1041
19130
-307
29114
14868
-428
18954
-19197
26090
-2836
-29361
19011
-25986
18219
-29481
21098
-27736
16722
-28326
8875
9409
22427
23453
24268
13023
23150
-23399
-28673
-25144
8481
6810
-16719
-6318
-27630
9726
-22979
31781
-3101
-114
-4176
1485
5536
4527
29508
21594
-28350
29053
30075
-17037
-7224
-24476
28735
30509
-32521
-24750
-13805
27412
-24341
-30273
31394
1886
-8161
2386
5611
-12046
-28457
-16335
-12186
-10288
23044
25546
-16420
18683
-23859
-27090
-21186
7456
-25999
-3786
-5889
-21912
8780
8212
7189
-1800
-11332
-4696
-18842
12364
-28673
-27219
-32084
25764
-20789
-21106
-10569
12473
-9240
15015
19628
-9217
8524
-26162
22450
4114
-30077
-15749
17582
-6130
14247
-7158
4519
-20509
31003
9863
-26127
14003
12016
-27990
19070
21516
-32425
12254
30965
22556
-7314
10918
7706
-32329
-23558
-28545
-23643
-20027
22861
844
2767
28289
28186
22176
15671
-7901
-12537
19501
-18078
-19426
28196
22156
30697
6916
4044
-6717
-14249
9814
1394
-23407
16837
-17855
22461
-7035
23347
6185
-7748
-15478
-26957
-25487
9135
-6317
19208
-268
2733
-15478
7882
-7307
-31330
25889
-29223
-27620
-24361
-599
8765
14152
-9919
10366
-31481
-28912
25702
-23599
4819
29659
-26770
-9594
-30552
-20701
18651
-21735
13637
9986
-5597
15241
18568
-11633
22023
27283
-2262
31251
-2874
28790
-23849
17646
22534
-27923
-24426
-3779
-113
-2537
-54
-8132
-17367
5098
-26116
-16788
6096
-32757
27419
27440
8364
18023
-2653
8551
15522
9137
-24454
-32253
32287
-12649
5101
31849
12089
-14699
-26438
-29737
8778
-12412
-3221
15636
-8108
-1140
23940
-19641
2916
-17811
-6317
-16955
4133
-18042
22961
-7660
26147
-12200
28904
-25663
-7187
-18353
13667
3024
-8884
-30162
-29837
9305
17061
14666
-23891
-4346
-22365
2381
-3572
14235
3431
-5834
24531
24230
-14802
31602
18798
24802
17698
16243
21381
21521
22027
-1328
1462
-30612
-10644
-7027
-22323
-26587
-29139
-29173
5704
-27939
-8110
-20374
-10911
19162
-28022
-18507
19567
13833
-10668
-21750
7956
-3445
-3605
-22063
-21829
-6666
-24726
-9162
27411
-13394
16644
-31820
-32723
-21163
16879
-17093
-12917
-10284
-5263
22683
30742
-21500
2437
-15751
-808
19522
19134
-30886
-5716
-6381
3790
-16568
7295
22147
-31831
13930
-3358
-16560
27407
-17839
-13089
-25739
28871
8620
7423
31898
21475
7712
1168
15648
-30923
-23839
12606
467
13300
17224
-24426
15810
-32142
-18915
5940
-29768
-1416
25467
-31635
5166
29007
11824
11094
12913
29274
3879
15832
-12669
-25734
5343
11990
-3164
23836
18476
-1706
-24181
29235
-19716
-11425
-9194
1147
-8744
29411
20925
18822
-26188
-28386
10583
-23298
-12916
30819
-2883
20604
-5480
-30951
-6658
-8736
-16342
-2331
12938
-11060
-9221
-17176
21517
6679
19541
4840
22536
-10793
-16287
8129
-26524
17663
19340
6699
-20987
-3602
-12822
24373
14282
-15188
-12706
-31774
9526
-13911
-11977
-10524
-14642
28055
7921
-20287
-21260
12666
-2334
28365
18456
-17521
-3628
26994
1897
-32677
11146
-18454
-15500
-22767
9179
-30996
27866
27320
9648
-26102
13064
2306
9589
-15941
-23424
12430
-31282
23451
-30175
1192
32147
-15376
-11850
-28903
-4812
11404
-2822
-6826
8194
-14128
-32019
-20626
-29336
-13820
-13063
-16054
-9245
8785
-690
4530
-23230
1528
14578
-17384
-27144
-5708
-13596
-13288
21692
-25154
-30274
-10793
-15338
3281
-28916
-23259
-15153
22180
15912
19205
-30446
1252
-44
-14178
7914
-12615
-14365
13024
-5803
5107
-10175
16170
-17917
-13937
27005
26146
-4847
-25386
31722
-21023
5646
-10793
-17891
28137
7662
17248
5346
13208
16936
13969
27825
2151
4222
-9796
8611
-29640
-26010
24106
4891
24207
-27695
-4258
-19142
15129
-3120
20061
25278
-31319
-29467
-7194
-30960
22222
25946
16494
-26831
27474
-14778
18977
32390
-11771
-15628
2874
29406
-9199
-29622
-17304
1025
-19343
16279
-4342
3941
32158
-30408
3200
31065
19823
-12217
25010
-29048
-15607
20739
-12849
22172
13291
7412
31451
-31398
10576
10123
10893
11750
29067
-147
-30667
-20768
9509
21918
13847
-22460
8503
-13861
-22622
14342
12620
2405
15483
-27204
-8364
28177
-22061
-26848
-20747
-31657
-15572
8968
263
-9218
-14190
-22776
-14453
-22951
-26450
1353
-12410
22950
-29818
-6689
-31057
25900
28744
-23595
10366
20177
-2423
-992
13758
20469
17925
-28149
17812
11650
-12969
31114
3996
16177
-8018
-7523
-8145
-25809
-10447
8192
-14231
14767
-605
19998
2438
23699
-9710
3320
8887
7234
537
25890
-17329
29104
-20458
5359
29807
-24535
-3130
17937
-25486
3336
-28648
11352
-17858
19028
20765
-14284
-15254
2669
-31451
26756
1195
9530
-4638
-24567
5177
9464
22617
5702
18193
32619
15867
-5771
5230
11566
12144
-31516
-30801
-26107
589
23630
7134
-353
-10125
-291
6378
-10709
-13486
-22415
-9441
-10074
3472
-18002
-11272
14213
-20085
-13353
16010
31593
-4170
28638
18191
25864
-32534
-23155
8903
-27190
-19767
14148
339
-18648
-22711
5674
13376
22818
-2531
-31432
-32383
-4452
21511
-21461
-1222
10980
-10923
27433
-4115
-4752
-20790
-31212
-5001
-28862
18088
-11581
10880
-21810
21102
-17913
9452
-8310
20581
-17108
20457
30939
-3200
31019
7628
1367
18696
19899
-9565
18711
-15962
17130
-20502
27689
-23009
-22993
30731
-26789
29219
8963
-19084
32631
-19517
-30855
21938
27707
-16550
-2690
2620
-10839
-12140
233
-22488
15207
-17494
5855
11415
-32724
-4581
20202
5424
1997
-12825
1703
-19172
14299
3772
31479
20584
25772
-28121
24745
-19476
4566
31138
-7823
13345
949
27402
10402
-7348
19281
8327
-32701
8961
27864
-6425
-411
7883
23221
-30431
4489
23238
-17647
-31230
-116
-11332
19277
11559
-2355
-24294
20381
15316
-1848
23454
19840
-26232
-25515
-13730
-7621
-29423
-24022
-13843
-6297
27125
-23015
-1322
-17376
-11331
2255
-15811
-26222
24979
8386
1771
30371
-14428
-645
17665
14243
-2768
8197
10534
16197
-16420
32586
19808
-7833
-30116
6890
27028
23209
-30865
-6087
-3997
18510
-9936
-12350
-29753
-17975
5841
-903
-20993
2373
27046
19941
-11211
8568
-26050
1451
-17802
1716
-15511
-18562
-20733
-19458
6098
-1516
-10301
-3717
-32061
-17175
-32419
26776
-17490
-8011
-8349
-20087
780
3131
6370
20693
-28758
-13632
28693
-2351
-6514
12761
23424
-7882
17895
-23856
22400
-16993
-20717
12486
29076
14468
-10615
30983
-26087
1825
469
10821
3345
-20465
-11213
-10989
14355
-14761
12196
2530
25652
-5201
-24537
-31597
25216
-3271
-31117
-1882
24145
-6072
-7585
12297
-20018
23092
-25210
-7026
-8482
15920
10368
-31158
1931
13556
-7197
28541
-10658
-12152
-13899
24375
1100
-12367
20367
8787
29351
8647
25648
22650
-16979
26371
23774
3963
-7785
8332
-28865
24512
21539
28284
-30865
22510
-2480
6405
15606
19278
29543
-8854
-28869
-15735
-2233
8022
25232
26144
15090
-9888
24344
29620
-1456
-30895
20805
4209
-12557
652
-8601
-4775
-6812
24298
19714
-12316
3751
-1129
15890
-16402
30285
-3713
-17567
30167
-32727
9712
22163
20615
-8638
22087
-20287
11221
18057
20976
-26871
-26562
15405
-11379
-5268
32603
8737
16812
-8756
-14501
-2907
-6354
27045
31066
24866
28473
-20586
32624
19478
7510
-3901
-20749
6804
-1323
-1770
-15283
4229
-8020
32448
9601
23264
8591
-14588
21985
8439
23462
-31191
22487
-14509
26317
-11523
32486
-22436
8039
25172
-10988
-1436
-22414
-14529
-17905
10993
15984
-27645
-9227
-16116
-25857
-31393
-21361
-8003
-11526
5393
1469
8994
-4783
25082
17881
16574
3416
28345
13751
-8609
29037
9422
-5647
-32295
23535
-13868
28197
26852
20112
-26707
28995
25154
-13129
31259
9592
-15904
18076
-6294
-12294
31029
3302
30903
21698
10967
-16419
-21903
-11344
12314
-30200
18675
-2813
18572
26693
27724
-8846
-21891
29207
15857
-9504
29939
-9655
28019
-6983
-18877
-15936
13624
12393
19259
-1620
-22544
23799
-22203
10664
11947
-15485
-3903
5091
-1843
-23335
3448
-32295
-23728
-20740
24194
-2578
-17439
30715
1324
7153
3501
6550
8916
13485
2192
-30500
-22988
-3779
-28169
-4273
-15308
3971
-529
-27323
31205
-21794
-18310
-5154
27817
3751
2399
-11923
21746
27377
-2228
17428
29873
-21731
1256
1629
-14797
-20943
27659
-19726
-20508
-22556
5039
9539
18292
-2377
881
-24804
29921
27189
23638
-6157
10602
31102
-9666
-28114
-1011
71
-16176
10473
-28919
-18916
-30056
25810
-19704
-28095
-9577
2614
-14637
-15478
-15078
26410
27238
-16554
-5170
367
5247
-16936
-27792
30209
-18534
-24257
32613
-3412
-17792
-1988
-26717
-27848
16713
-12610
29214
31400
16606
-27053
27354
17939
9856
-2411
-13121
7546
2657
-17747
-1133
-20200
-524
-19344
-8746
26589
31942
10924
-1061
20991
28664
16161
2558
-6294
-18845
4659
30412
-3117
14108
-12008
-20723
-4656
27756
-32046
948
24769
-1254
-23948
-15333
1688
-27775
-5704
8528
488
29875
-5058
-18605
28197
-23659
18062
-25995
-26805
-4148
-27523
22423
-15150
-9278
2588
-27603
17714
32134
28829
8665
12576
19160
-16716
30635
24675
-13833
-24365
8339
-2728
-9886
8080
-32239
-5034
-24861
-3688
-15664
4045
13435
-3021
-5091
-14267
24369
12308
20238
6236
-24793
-30615
-27486
-17149
-2399
23087
12107
-30378
-14307
-5312
26619
-30403
19164
4322
-24723
6101
-25210
-21060
27034
-12148
-24215
11335
21780
-20984
-15339
-16074
16552
-16375
-20724
-23304
-23962
-24067
24189
-29293
-8266
-15200
-8537
-29515
-11446
30671
10831
-6058
-26402
16476
-22267
30862
-1025
-31545
21584
6921
1558
3919
15130
-6169
-1240
-18871
18889
-2924
-909
6803
16269
-32581
-5318
-11755
-5545
-4162
21221
-6581
-1570
14000
19115
-30513
-3664
-11075
-22136
-10811
-3044
30844
15136
20513
4407
12993
-9418
-4419
-6492
32429
-9379
21298
26932
-20459
-18932
-26070
-11256
11623
-13886
25419
21377
-2137
18120
20820
10897
-11802
-2793
-11163
23001
30847
16140
15561
-28221
22207
39
30241
13805
-25978
6309
-18561
-1052
30222
-10577
-24044
9202
18031
-16262
19087
-13126
15075
3124
-32134
7120
9893
4627
-20880
24053
-4290
-18080
1067
23883
-18286
-527
4073
-2247
-30253
-26207
28352
-27468
-12294
3823
17918
-10199
15224
1757
-13669
-8187
-10546
15167
-31810
12776
-16570
27519
-10441
-23945
26749
-6995
29640
26205
29643
-17249
-4174
-14053
5592
25587
11017
-24432
-17703
-21071
30898
24823
15256
15843
17632
21367
-26331
20649
-4623
-10971
-23355
1261
14329
23590
-28592
-15478
16620
27492
7401
-31867
11879
-14650
13918
6483
2283
-17823
-22583
3087
-13847
23581
-27800
-4378
24553
-2770
12645
26553
29886
-18575
-6726
10432
10581
-10157
2220
-18862
-20405
-1270
-15377
290
24944
-28315
-28623
6166
-13572
3675
738
-12230
-5274
2955
-1958
-4532
6320
-15175
-15949
17438
18505
-28841
-3597
10514
31282
-23671
30676
-18639
28813
4451
4058
-14627
5674
1500
12954
-9563
-26998
24780
31892
-10518
-31101
-7137
-23094
-9361
7628
18876
1029
32696
17216
-19636
-6822
2319
-26577
1200
30982
26337
-7041
-30208
11863
-19724
-8560
-24188
-23264
-24630
6551
-9146
-25789
1956
-11423
30196
27856
12466
2265
-5732
17257
15630
-30580
10194
6233
2268
-17764
21941
-2063
-13841
22579
843
-18407
-8645
-3476
-17210
25179
10298
-9104
5357
-18972
-13247
-10464
25705
-9556
-21217
6010
23467
-15935
-8069
-3577
20588
9704
19081
-11453
12978
-28961
-26068
-11023
32035
18498
-25921
25938
-30744
15826
-20848
-3119
-17421
-10679
14017
26669
14952
-8614
27272
7667
31912
23149
20630
-28493
-16186
21185
6969
32229
-15233
-31363
-1629
2355
30027
25593
1035
-3065
-13046
-9633
-7577
28676
15251
15327
-18367
76
32422
25873
6374
26602
24103
-26012
-22160
-19541
-6586
5572
-13722
30628
-9972
-14589
-21521
15135
30460
-20977
-11775
18875
-12367
-8867
12971
-28300
7338
6134
10484
5379
-30980
-1305
5878
7041
18443
-17516
-4137
-5826
1927
-5546
29307
-23970
-14776
21728
-25499
-29780
-27514
-9118
-1737
13422
9657
-192
20791
14812
29732
28959
-6931
-7345
-155
5784
4846
31476
-7125
16244
-17261
21266
-23653
-6509
29830
-13392
-18205
20646
-18677
25593
9853
1007
19334
-21639
-18724
-20079
9787
-6642
27611
-11976
10996
-15673
-3075
-5487
-31476
2111
-31354
-4427
13863
-23308
-2847
-13488
27022
-24641
21588
-691
31232
6788
11876
28264
28158
-19407
-6623
-14671
-15003
3714
-27439
27695
13560
-28439
22960
21006
-4158
-3518
6820
-10603
-17703
29039
-15793
-18470
-8349
5085
-17913
-28436
6202
-30918
28997
15858
-21228
3271
28039
19971
7936
-16868
5890
-27400
-2544
29792
-1759
4145
-3382
13962
-18650
28305
22023
6810
12375
6626
20545
-61
14859
10188
-12025
7735
-3467
-31016
-21952
-13819
-29288
-650
30259
475
15327
-32455
1476
-12839
-6329
-22019
-28080
-8059
-20492
6165
19993
10970
-18225
-17469
-15923
18264
9347
-21984
7093
-32438
-26339
19110
28620
-26187
-14507
-9091
-7613
25199
-15663
25501
-20481
8388
14686
-11658
5860
-2222
28195
988
29286
-1697
6664
-21798
-1253
-8998
23526
6314
25805
32706
5558
13882
-1116
-18227
15296
18546
-28523
1700
-2546
17751
-13946
21596
-2071
2576
-10822
30730
-17448
22950
-24089
10564
28767
-5698
-28414
-7047
-3089
-13149
10396
-24322
-32622
-1909
-10159
19597
-13318
21609
25199
3392
-7708
-4279
23223
-22441
-3661
-23352
-16622
-13791
-4261
-9614
-5166
6345
11705
-3835
-11433
2323
3715
-8446
10617
12065
678
6910
29682
-20381
-27884
1010
29753
25491
28103
-704
25530
16831
-26154
16253
14007
22407
374
10089
-23419
-2724
30171
-1951
-17715
24011
24591
-4849
30903
-17592
6037
-32302
14467
15349
25774
-21175
-8165
-18528
-17228
-9119
-20026
-17214
-32058
-17782
1639
9223
-24079
-25292
23176
-8528
-23821
-25210
22937
-12080
-12298
-31428
7568
-21416
-3479
-14474
26984
-2935
21451
-7673
-3852
-20806
-21769
-5897
18274
-25443
-4919
24002
32734
-16433
20067
18862
25454
-29371
22509
24175
11145
-31943
5357
-9748
1143
18974
-7852
-18485
11793
-6765
-9921
25338
-4977
-15281
-13782
14126
3094
-16437
15173
-21728
-8340
-17751
-7403
22460
-19792
7171
32676
5761
-7500
-29560
-4307
2405
24541
32333
14895
31330
22933
14238
7034
30964
16879
-2573
-3177
24165
28796
16022
26832
-493
-27971
5702
31207
-22623
-24770
-13535
-28359
6691
-21799
13751
28232
-27398
19068
5489
3165
12221
-5942
23987
-25688
-23204
24958
31686
-6390
-16129
24330
8779
10813
-10466
-16337
31908
-22173
-27757
-17112
20981
-6194
21215
28273
-11132
140
32385
-14255
-27086
15102
7110
-4871
5326
-13434
-20230
29367
22422
-4467
10468
18254
19403
16503
26029
-23454
-20815
12176
27154
-25664
19319
29760
777
17701
-29008
11936
4590
-31642
32122
26163
-15171
-11904
-886
27846
15629
-5237
-9580
23117
-31345
-3474
86
-11758
-17478
25777
5304
-8377
18037
-13993
21100
28891
10099
9258
-19553
-9291
16288
10895
16067
-23280
9835
-17926
-24538
-16655
19435
-8333
-12540
-2078
6291
12641
-5701
-16150
-10279
5764
29553
24467
20014
2536
15551
-29118
-9631
-1470
19251
-27547
-23541
22994
19741
-25654
16329
-31670
-10212
15823
3383
-22187
-3807
-21093
-12645
6394
-31248
26773
-18903
6871
5596
-7086
-31381
-29345
22170
22826
-3272
31136
23068
-30473
-3626
-30120
7573
-8806
23496
30382
-32285
14361
-17210
749
-28485
-30405
24342
735
2559
25133
18898
-7427
16237
4488
24654
13553
20563
-3883
-16674
-3033
-18074
-16707
-8930
9971
-28523
17961
18088
-18751
-24865
5254
-23107
-19582
20316
666
-23228
-25823
-28460
-12587
-12119
29894
-22723
4029
11349
21916
-9653
-23538
-14787
-24575
15627
3637
-15150
-9031
-24203
-6483
-21927
15286
28510
-16841
30588
15524
-16568
29552
2955
-28273
-3396
-28714
32233
9924
-14011
-28669
21381
-7861
10964
27179
9098
30009
1774
-7488
-4424
5057
11466
-18093
-7788
14272
31428
-24400
21114
16556
26106
-16537
26589
27300
-16760
-22379
30660
23604
20500
11114
2008
30311
-12057
-9845
-6424
-2116
8985
22700
197
18952
-17772
6696
-9371
31820
-15972
-25286
19
25461
27488
-13206
-14959
-14234
6658
-10992
32509
-1322
-14958
9210
7807
-25049
-6123
-30843
-361
7474
-4855
27796
-9563
5737
25390
14841
6757
-14335
-28612
24887
-30464
7727
-26192
29248
-5136
-19876
18119
26263
-14966
-19617
-26622
-2399
-29613
-1120
-4558
25464
-4507
-7181
-32500
19485
3525
6674
-32523
20168
-23941
8744
28043
12402
9609
-3255
-27420
-5820
28646
-20799
-3074
-28005
-22758
-10100
32666
4471
-22342
19719
-3295
-17740
-17072
16464
3991
1309
-10243
15922
24288
21519
12313
-19099
5565
-23915
-29847
-32104
-9035
493
25741
-32689
-12098
12909
29069
-27129
13616
-26408
-27504
3399
29980
644
-32085
-18372
5652
26334
21164
13002
-334
18177
25605
10546
-12785
-7921
-23806
-6345
-10083
22995
28509
-11268
-29458
-21366
21595
20928
-30278
6378
13617
29364
-32104
5397
-26325
-13232
11453
-19128
29876
-23258
-127
-27409
-26297
-28758
12733
-5866
-6125
15906
-15463
10794
-1633
-14947
8731
27716
-18676
-16446
-29215
-2928
-14171
20804
17206
15515
3765
-6636
27333
26708
-11569
-13797
28293
-29771
20208
-1032
14723
15367
-26517
14468
-14720
-25167
1032
1824
4036
-4668
9868
-15919
-14432
-23492
-7965
-13961
-30439
-3166
8456
-9262
-10496
-25143
-18199
-29717
-4550
-30904
8412
31090
5047
-12946
31264
-27214
-25081
19704
-11312
-24272
-12711
-29174
30297
8073
-14104
20431
2123
-267
4696
6049
21530
1011
-21763
12850
-14514
7785
28844
11898
22868
-7709
18554
-28081
19618
15833
2769
-10109
32280
-18249
27099
-15423
1252
-22827
-3840
-23437
-24227
23147
-12677
-13497
8529
-1682
-13129
21062
-24581
-2621
-31027
6467
-12607
3119
-20233
-12888
4688
-19931
-28252
-23973
-4387
-1
30352
-6944
-11280
32132
29111
-297
2844
22792
30228
-31209
29558
25566
25886
1939
-3359
-15430
29443
-10822
-4
-6579
-21164
26144
-28109
-18531
22953
-3862
-18043
19139
-14649
-24123
-12860
-12892
-10661
-24638
11026
22851
19888
-12251
10097
-11302
-87
-27479
-2724
15136
13238
-22238
2909
24884
19338
-13534
-15211
27194
-27409
17088
-32083
18368
25445
14787
15087
22841
31007
1326
-24108
3438
-1471
-12644
26371
15091
8206
-23439
-21297
8048
7175
8969
-22711
-19936
-17844
-9097
25685
-32518
14766
-29232
22687
17447
19150
-249
-30493
12374
-12669
-9519
-32006
10618
-12316
-9201
-24361
29452
7079
18775
-5956
-2230
20910
10072
-255
6045
20839
13308
-5879
-24821
-25102
6465
12443
17288
-24569
17080
9679
3532
-7418
9403
6647
15388
9218
-5140
3309
-13970
-10637
-9385
2506
32298
21147
-1712
20050
2918
18486
-2303
-16870
-25683
-1254
-32384
16496
-3226
-6005
-16454
-4146
-13630
-31665
-5142
13526
-30641
23568
6675
-25535
19132
19392
6858
-6351
-14239
-30901
-1106
11383
-20792
-24530
9256
2661
-249
12499
19292
-3467
4738
30922
1329
24408
10799
25282
-24202
6595
8553
26001
8444
-25619
10103
30650
-29904
-12882
-9816
10431
-1114
-16323
8161
18411
-18129
-23965
24438
25135
32176
6798
2569
-19737
-3906
15124
-8861
117
14406
22068
4024
-26168
2948
20152
18829
-5707
-26979
20054
11879
10519
-32494
-8686
13342
17588
-31790
-27395
11760
-28208
-27276
23652
13339
21472
1188
6583
-21122
-4138
27721
13220
22825
29714
649
31367
-14492
-1037
-25477
26896
30817
-31608
-11049
5708
-16475
8309
28068
-30393
26406
-13734
-31989
-26878
25837
30463
24586
-20995
14613
-25196
-21511
10012
-18865
19703
-4144
17550
-27953
15243
-15249
24081
14459
-1071
-14710
-24645
16406
-31822
-18447
-1031
29869
18634
-14031
7087
-13309
-23404
23584
10152
-26975
28008
15184
-19893
29342
10493
16840
12868
17533
18310
6509
8249
2774
26349
-6156
20378
25149
27343
-30195
-14246
1157
-27342
-376
23985
-17811
-1338
-32292
-30663
-28337
-21120
-21058
-30007
30347
-4483
-5547
-25390
5060
-31779
-28719
-6968
5439
13498
2822
-7206
-27262
-3097
-16688
31144
-2742
17004
8820
5715
9592
-14402
31751
2152
3916
-17065
30989
-18379
9205
-17928
-7439
-20038
-32742
11153
21860
6311
8333
-2973
21124
28752
-17657
10258
30203
11795
9285
-4439
-27815
-8661
-27690
-17313
1680
-28164
24126
24334
16780
-7861
11379
23386
-18661
-16162
-7445
-31866
10589
3282
28924
-13956
5979
-4966
-16796
-25386
-13578
20906
29112
-777
-14055
-17981
29178
-5386
-10010
-947
-4512
-9416
11991
22933
-31988
-17165
-29388
-16240
523
6706
15985
19419
19850
27513
-4146
11091
-2606
-9958
-6152
12335
-7728
13123
20638
-15885
12650
21115
29485
-6317
24222
-8492
-31988
-3619
20722
-5593
6138
-9366
-4115
22207
-12356
30185
18557
-23323
-5308
-22032
20630
-21961
-20085
-12023
-2037
-18111
-264
-12042
8551
9310
19684
5424
-19336
-19133
-27459
-13782
-32154
-28079
1922
-15895
28870
-3848
-30244
-5643
-19603
-16215
337
-4974
15755
20838
-13085
-21764
-12390
2791
-10239
28127
-31204
3618
-1662
-20968
-31669
-23913
-24097
-31777
2111
-15777
-15969
-26976
-13909
-6271
-17513
17331
28805
24336
2577
-13295
3815
1727
-7538
27689
-27613
22052
19686
-32647
3686
-2403
7990
5476
7484
-24469
-3620
-20777
6209
22364
-5214
-19933
13848
-17224
-13295
-410
-6029
-26634
-7227
-519
3004
-18446
-31634
-32764
18743
1518
-22370
-5499
-16394
5011
21439
19791
4843
-22940
-4458
21424
16239
16992
20942
6025
-12552
-4171
13581
20936
-15915
2846
12776
-18723
12808
29002
-4681
-8067
-28445
24481
20205
20433
-889
-29955
1109
-27734
-23062
-22889
-14762
-22903
4593
4904
-4297
30187
-16828
7680
29795
26284
5798
-1807
-27020
-8973
-5972
-6473
12228
8128
2602
-9890
-1553
10385
3155
19912
7415
-22836
-5301
-15705
1922
636
-11000
-18558
1701
26037
5668
6699
7206
23666
-24732
9856
8901
-7138
-25984
-19164
-31249
-32214
-14554
-32754
7210
8107
25019
23205
-27698
-3162
20106
-23405
23952
14794
-8089
8679
3446
9064
26042
-30387
-15315
9701
16521
-8590
30166
12701
-5034
10444
-26815
27448
25828
-11759
13731
-13178
28504
17713
-14663
-1736
6850
-2716
24413
-32146
21166
-13569
-30168
-19283
-5406
20673
-3147
31200
32242
15116
-7522
21532
8544
17601
13457
-21094
27438
8609
10217
26475
14731
30866
-28990
4424
-13599
1793
-20360
27695
-31593
-15506
-742
13949
-30370
-32495
30308
9981
18013
13249
22580
-21545
3940
27032
-19809
9994
-1147
27048
-17041
-15177
-22427
25507
-9646
-5275
21357
2513
-30697
-27909
4496
-20591
-27616
22783
-28683
952
3838
-17108
-29648
9257
-2567
22805
14011
32121
20482
13632
-14009
-19578
-29550
-12789
28376
-30779
-31253
18286
-5771
-6101
20071
8020
-1663
980
-27777
7017
-16513
-9851
-405
-6742
20994
-15612
-6473
23721
8107
-24857
12970
-32416
10215
30758
30583
-22766
-27825
19638
22140
-30929
6700
30356
-29591
-19142
-14039
22486
12473
16876
-12925
-10758
-207
27920
-17535
23258
-29866
5639
9037
27016
-10658
-8716
-27101
21308
-4582
-20668
-27136
-483
24099
-23639
23729
-6650
-17911
27919
32047
24022
-2835
29553
6960
-28989
-31467
-22560
-8537
-26963
30551
13234
7195
18083
28454
-16551
-26455
5296
32055
-14531
-29398
23413
6778
-2466
15651
178
-14153
28454
28133
27424
-3599
20960
-31960
-4722
-24352
-28833
-13936
-32371
280
-18482
24885
-20797
-28556
-20681
-563
23991
-28
16063
11730
-28778
-26734
17236
30240
4631
8340
-31488
5051
-15923
2212
-3617
-24126
22808
6092
3767
-276
-13908
-8472
-4430
-21098
28091
9126
-10046
-17414
-15495
26619
20713
-25365
12982
1526
8449
31101
-10123
19182
-17839
-22885
358
9962
-3927
-1767
-16909
19396
4874
12800
-4111
-1064
7486
-3126
13150
-23066
-26871
17269
-31659
25115
31392
-27738
-12878
-28034
-11617
27323
11696
-29800
-26325
-31281
-31543
-24915
17748
4076
7626
-17929
23312
-19438
13393
5386
7720
-14282
-3134
6994
18048
-22296
21124
-13752
-3369
-8215
20450
12428
-21961
-21471
29225
195
6754
29725
2194
4070
-29686
17492
-5170
-20994
27070
5812
6439
5337
-1871
15309
13093
5505
20817
19474
7870
3207
7478
6095
13537
5937
-20576
4103
-2144
4875
1962
15044
-20568
14360
30835
18494
15088
23689
-8916
9229
-31090
-20616
-10267
-24563
28938
-29605
-8907
21514
10592
-16714
-5304
30506
-23241
-263
13770
17609
20745
31609
20068
-9281
15878
23341
8329
-30785
8751
30078
2500
-19606
-5222
23910
-5531
26439
-13462
-1503
14233
-988
-32331
3854
29157
-30580
-13641
-23289
-23176
-8059
18099
-9624
19846
14921
32128
23116
-32437
9040
12362
8903
28294
-22835
-27800
-27253
15944
-12173
22707
4881
-26126
8178
19020
-3329
12836
-715
28366
-14271
-4915
25452
10873
-26103
-14755
14225
29604
-2380
8988
15226
29667
-6316
12567
-1796
9757
28571
-25741
-5635
4188
-23630
-13971
-6516
728
-8125
-8900
11645
24662
27798
-22764
-25964
7663
7317
-12654
-19587
29403
19061
1225
6982
2695
-9763
-15569
-22064
-23283
6311
10603
-3788
9762
-32762
-10351
12035
4590
28063
-25650
13066
-16058
17643
4521
27628
16635
-21669
177
13081
28236
-12208
-14897
-19242
-5740
-4511
-16957
16825
14507
-3906
-10626
13406
20242
17751
-19640
-18099
10387
17905
-22814
9426
-12047
27902
-23757
-93
-17716
-28155
-13553
-8218
-5390
-21606
-28126
4187
-25407
4957
29817
-21515
-2911
-24426
-17713
-3110
10220
25918
29063
4001
22843
23691
16556
-23182
-29340
20435
31512
7882
26326
-30195
8429
-16898
-5918
-25036
-9529
-23991
11240
-20106
28296
27665
26949
-1883
29598
-31357
-24400
21154
22039
-9586
4584
-16134
-10787
-2267
28702
9730
-25493
-22393
5073
-20886
-13247
32236
26858
21605
9768
-7210
-21870
12280
-24389
17846
3752
-14639
-5477
-26798
-8637
-27967
-29955
-12337
3431
-17704
-22970
-4235
-7123
1641
13346
11991
24287
-23841
-9602
20929
-29099
-17021
3670
17793
6461
7784
-30180
-10188
-19651
-2118
22693
-753
20330
-19348
384
-7376
-10292
22715
-20457
-7033
6817
4689
20214
-23127
-9391
-25199
3118
-6654
-13008
-10636
-30632
3098
16761
-13759
-3623
-30845
-738
-15511
-28530
3734
-19974
17809
1890
-16201
-20463
-981
13368
22526
-3095
-18870
-11673
10996
-21869
-26092
-29134
22846
-15466
-4310
1226
-21790
-24918
-32130
1277
5222
-9961
16561
377
-19198
-11254
30008
16439
-16516
23385
12874
13864
-23079
-7424
22813
-24880
32726
-7445
12444
15409
-18580
-4518
-32647
-27904
8042
-19702
-20275
-6119
-1651
-29015
26064
-2740
8046
28617
1867
15678
-22156
-7684
-31940
26395
9989
32435
-12463
27427
9505
-7649
22729
-20282
-18585
-10007
23099
-13681
-8970
-1651
18765
14955
-24672
-25236
-3035
6764
-10528
7627
-3819
-30499
18648
8919
-10769
-15622
-11620
-28910
-31203
6444
8610
-11524
-6370
21355
-26384
-19565
29432
13997
-24734
13658
-5280
20809
-7121
3269
20375
-14430
13869
15634
-8938
-5075
-16408
-32745
-13681
22383
23735
21568
24964
-15074
8337
16496
-18734
21057
24355
-18337
-26974
-4565
-2918
19234
712
-10209
-30283
-3523
-9196
1363
-1360
-6258
-6035
16624
-3180
-7554
-5648
-1174
-25396
7069
29936
7400
18920
-19492
27740
10785
20224
14447
1520
-166
-2503
-32201
29287
12944
13572
-29759
13322
9075
-15333
9670
30084
7171
30436
-15646
-7032
5256
-13434
32671
-18522
-21312
15374
-16149
24982
22433
-29642
-10455
-27002
-28658
6335
25904
15943
19144
11342
-15030
-14257
-17822
30296
-27262
-9072
-22151
-22441
3701
17021
24884
4729
27565
18713
-20084
-26412
-16094
-531
6791
27345
-29203
-5315
-32672
-6588
29496
14107
27882
-3810
26027
8844
9414
-26045
21836
28243
6781
5677
-19813
-32551
30095
3009
-7655
30105
12416
-18781
29219
-26190
12417
-5356
-15798
-10490
-17030
3298
10587
15188
13979
22372
-170
1638
21724
-8804
-5706
12009
-18238
-21768
-2066
12329
-8408
-5690
-29329
-31190
-16004
-25520
17148
-6530
-5520
15180
-24605
20036
-24539
15908
31808
30592
-7326
23488
-5946
-26816
10236
-24301
-21246
-18438
8700
6678
14133
-17417
2679
8230
28604
418
29040
-288
-23824
17405
25223
-27553
29220
-11566
-2313
32152
8044
-6281
-24250
10613
-8906
-23120
19561
19165
29347
17486
32458
-9398
-18802
-1150
17934
-5820
5878
25556
-3860
-21120
-5587
19333
3051
4465
28829
5905
12789
-10372
6429
22675
17311
-24482
-23325
-15438
-20918
-18340
6584
-22977
20554
-1312
-5686
2092
26619
9412
-9174
11635
31164
-17308
30023
-3997
-17183
-17276
2406
-18933
12450
8473
-18661
13977
12282
30070
17308
1455
21579
-13617
20226
8065
32088
18343
14632
27331
30484
3565
-18644
-32560
-1754
-26624
-17751
5892
16192
20212
19351
-26504
-7397
-28979
-6310
32600
-24899
-8793
-11721
649
-18371
6116
-11797
-17876
6608
-20684
-8330
9727
-23546
-16901
-29630
-23434
7151
-28372
2600
-9972
-8967
-29252
1885
-12093
-1382
-30881
-9995
-20928
22909
-16187
26325
3095
-821
-23834
10255
-27233
20415
-26938
7871
8469
8095
13774
7124
-10364
-17673
-22403
-13182
1558
25484
-12453
-23960
-14166
25255
833
10196
-7040
-16622
-27622
19615
-23199
26958
-19634
21493
-18706
-13906
-7240
-12040
-12159
8816
-32700
20167
31213
-15630
29389
20092
-24474
-5288
8540
-25842
27763
-29334
-11163
4625
10954
-23928
-9442
14608
-17805
15504
4474
17293
22866
-30133
27478
27282
11634
29782
-12473
24729
7840
21394
8563
22012
4817
-27460
12425
-26162
-490
12541
22404
-24065
-23204
-4234
22554
19820
24261
-19781
1380
32063
-31434
-32068
16629
3294
6477
18591
7665
-22047
27907
-4036
-15377
14288
-16941
15342
5985
28029
-19358
-17734
9690
-25540
-676
-27419
13078
2118
-19777
11321
24855
22403
482
14776
-910
-21889
-7476
-12303
-22741
-18458
-3738
26005
-17328
-21121
-29445
16543
25595
-18321
-4466
8418
-8568
-26717
3410
-23896
-12384
3419
506
-4551
-26132
-32088
-30589
-26778
5050
23105
3654
-12508
-19231
-17800
24099
29404
-29830
20962
-24213
-18060
-31459
-20583
-29432
14406
1993
-2456
5316
-14892
-31051
-16703
18662
29652
-20221
-13807
-3339
-7033
25801
-15651
20781
-27224
-19368
-5584
-24815
-31627
10010
23298
-19543
8826
-24434
-12377
31074
32484
-12588
23772
27336
-12959
-3591
16800
-29539
19796
-12299
-8670
-15639
19093
23764
-19727
-13042
-5192
-15095
-15021
-3091
29335
8945
-1072
-2771
6831
8234
31173
2029
27817
2508
10025
17402
-5058
-23983
-17834
-24781
27770
910
20283
2873
-9302
-17582
22204
-5812
7876
-22324
-27750
-23678
23972
17211
24952
-14255
-30289
6135
-1952
23544
-2203
8644
4639
-13477
-2384
11839
-30657
1597
-31899
27191
-25361
21660
-3260
27431
21223
-32199
-14676
-3751
15664
23590
-27819
-10806
180
-5767
-27999
-940
-14671
-21096
5499
-16516
-5256
3432
-21291
-9587
24009
-28327
-5432
-27529
-24167
-8233
29070
30306
-9382
-25764
28745
-18832
20548
5145
41
-16797
2896
11555
-3275
30802
5327
4250
584
27018
14122
-25861
-26162
-24337
-29179
18635
-4404
1202
19484
-13212
8545
-13263
32230
-22798
31332
6030
-31301
7527
2482
1888
-18129
15990
7928
-15137
19320
-20814
-24067
18459
1064
-5411
-10456
-26955
-29159
-9462
-351
9145
-30831
-12930
-21322
5861
-1948
-32238
12226
26697
-1467
-576
-32104
9201
-21451
14918
-1530
18240
15231
-6686
29523
-5443
-1845
9763
-24260
-7504
-18870
-31975
-21237
-4618
-31431
2232
-18863
-15510
9092
-27832
-12504
-20704
-26389
16041
-26700
-11090
30353
-24422
12847
29744
-30341
-2566
-9689
21287
17366
6105
-3463
-9303
-15143
12840
22825
6196
-1516
8274
-5737
-78
-30440
-8971
-5123
27729
1029
-14889
6667
14506
-3925
-22672
19185
20766
6532
-28088
4315
-32621
19288
30667
-2839
2354
-20759
15207
-8660
-22851
-18000
-9931
24083
14020
24759
15086
22912
-30598
8491
-3930
6545
-1484
19433
6670
-30176
-26882
1788
-17910
29047
-3348
-19071
-114
31482
-23352
-28654
28629
-26697
-3088
-4357
18093
-30697
-27047
4850
20305
-30520
464
-17188
-9686
-12740
-23810
-19060
-32710
-1285
-3154
13851
-29593
-29502
24549
-25809
-12910
31124
-19857
2103
27343
16046
-22586
8072
-17151
26768
12249
-28196
9419
18170
32156
15349
-14282
20856
21715
-2046
15677
-25317
-10830
10532
-31278
27633
-32077
-20842
7188
-26433
-6003
29072
12574
28875
-26081
-13563
-9395
27021
-29445
20172
2622
20815
-27836
-26
-19149
-11586
-32461
12725
-32008
-9516
-5089
-21836
-13688
-22889
21364
18525
5950
16387
-13687
-31871
-3756
10168
-9040
3200
13594
26194
28747
-6767
-1629
-2884
2300
20951
9581
-20396
22390
4154
-10496
20257
-28571
-23838
-14140
1858
-8001
17625
27651
29143
-17075
-29161
13240
30962
-16551
1368
29095
-30050
26377
-25040
11061
-496
32374
-18567
-25307
11974
25444
7545
15926
-4199
-3276
8961
15134
-18609
18817
-15843
-28900
11955
2987
25707
24598
18582
17943
-980
12638
25487
30571
18406
-25508
5552
29309
-1233
-10378
-28365
29674
7108
-31199
-30
142
18865
31956
27881
32500
-32712
-353
-16871
32486
4581
-3405
-27200
29282
-19219
21
-8214
-3243
7395
25301
-9809
4355
-9993
-13114
-27848
-30602
-31394
5753
-20385
-22900
-6376
-3986
629
-3286
17967
13860
20850
-14967
12890
-16092
-15696
-11939
-17315
-8334
20892
-7399
11791
7524
-12938
17998
-23146
-25982
-369
165
16788
-25908
27853
-30318
-27130
9044
-15389
7666
1683
6724
-4126
-28870
3315
17050
8368
3280
-30701
-11892
32112
5058
152
15979
-21772
-9473
31283
-24858
-19928
-7788
-13411
27624
-12686
22225
25471
-14194
10322
31799
-22726
25057
-17390
7682
796
-505
-5313
12150
27297
14637
21131
31407
-14788
18235
30247
-6763
7246
-9329
13366
-14280
27236
-29315
-14627
13540
27381
-11682
-3682
8504
-22920
4109
-1267
-11091
-5616
11058
-22612
31532
-20274
17743
-25204
-22121
-30476
9316
3448
-479
-8968
28699
-6625
-5293
13805
7268
-19332
28195
-10551
-16421
24858
31891
-26072
-15292
25619
-9191
-31404
-21385
11787
7807
-10996
2722
-13334
23974
-21310
-28567
-27021
20604
-12210
-15205
9723
797
-2763
-24611
-18744
-10472
9649
-17749
-12856
-11734
-15285
923
-7293
7376
-13034
-12818
558
-15158
21816
30644
-26284
-22835
-1273
-19065
-25178
5876
25351
-25471
15666
22502
19984
-11314
-19462
477
14807
14125
-3777
14794
21232
23816
2678
-8110
30132
-23993
-29674
-6741
15812
-9492
32529
-66
1812
-13664
20029
24381
25612
-20243
-26298
-4238
-4570
-15185
-26953
7421
-2454
-19728
25974
-4954
-8001
-12232
-7417
-8043
20629
17074
25761
18391
8304
-6788
-14456
26857
14276
1171
20896
10875
-2198
9474
-16504
26042
7841
-15609
-25648
-2115
10141
-27035
511
-5919
2974
1231
-31809
3350
-7815
-31408
-1488
594
21559
6818
-27550
-8951
20901
-29638
-1128
-29315
-4570
-25713
12414
14717
-2671
-19880
-25145
15543
27186
27426
2422
31696
18110
6903
30646
-24436
787
-9468
-17168
-16396
-14649
2949
30465
-8522
9887
25997
5090
-11544
32617
9872
-29825
-31806
10882
227
-18083
19846
-9389
-22521
-31090
19534
-1631
31500
-32722
9770
-23336
3707
15153
-20175
8493
522
16418
-6072
30865
14116
-15725
14424
-18568
14105
16446
-12067
31393
21788
-15956
25389
-1229
13951
15257
10281
-30216
21255
23120
-4802
23393
10585
14692
-15700
-15768
31490
7752
-10018
2246
32381
29806
-23
1032
17649
-28651
-27961
-6432
13606
32114
-26332
8449
12736
-13111
23062
3313
-27535
-4222
-20046
-32654
28744
14269
554
-24844
-24648
32646
1406
-7200
-19017
-3153
4281
26141
26445
21580
3599
7177
-17353
7353
-14637
-12610
-840
-18856
28404
-25941
17371
-19116
-16119
16783
8012
-30138
-9824
-31734
-14862
12309
-13387
4437
10500
-7505
21324
24112
28862
-32457
-356
-20673
-5031
-26860
-11401
28154
6485
8022
28392
20492
31023
-403
10551
-463
-9927
13161
-24449
19958
-29251
-22124
3647
24640
6878
2807
-21572
32071
22337
-8216
-12711
-26544
16332
6565
-17982
-29291
-3734
-7802
-9895
8216
12331
18879
-12485
-7041
18893
30589
4459
-14451
26231
-31854
32090
-2359
25755
9251
21102
-2193
30398
-25627
13345
10594
-9211
-9539
-26374
3111
-30106
-28106
-27056
268
25743
-23557
12345
31576
1149
-31689
-20582
16912
30361
-21722
-4394
9520
89
-32120
-25787
2852
11806
-28059
4392
-20531
13525
-21403
-8463
11709
-6415
22907
-18588
26255
-4185
18830
-3823
16861
10076
26537
9769
7704
-2020
3246
-14338
20687
1826
-28188
25601
-20623
-6067
15008
8483
-3131
-5755
30921
29348
31965
-4205
-9557
-16092
31157
-27114
-14213
28429
25120
-3609
-31575
-2660
-10975
-3368
5121
-17298
-17124
28297
19589
-6791
31130
-25244
5286
13697
-1740
-20717
-11671
-21041
-26477
27284
3614
10061
-30338
27719
6208
6485
21386
-11342
4455
-8705
-28106
-27583
7228
-7467
-12532
-9852
-8728
-30031
9687
-28112
24931
-1672
-27084
-2778
17015
31669
1466
-2007
-26884
-4551
6731
29932
-7010
28912
17511
-12277
-534
7663
-23403
4484
-6135
16427
11589
3742
28638
-5931
26940
28748
5095
-7417
29396
22277
-1698
-10355
9695
10020
-7323
26900
21641
-30690
-19470
-18150
5293
-10693
13558
17035
-19271
2085
18238
-13810
22428
-24779
21238
4230
23369
13515
31802
-12647
-16501
15834
23166
-31043
-16411
18816
-16800
-6929
12204
11415
24183
-18647
-4943
-7534
11435
21592
12372
-21558
-30718
-2316
-8012
15959
-12159
-3509
-3751
29848
19361
32379
8943
-122
-26572
2266
-2981
30317
14157
-569
17051
-13131
-31364
2410
6257
28719
-3550
-13457
-14510
-565
32596
-21161
-26847
-25003
-1148
28762
-13172
-22907
-23503
30593
4538
8613
-20795
-15198
27360
5068
-8619
-9139
-21642
-20387
-29425
-22815
-2618
-2442
14745
11696
-7422
7625
14145
17521
-13547
-6343
5018
-11424
-11851
18842
13773
4739
-22296
-18259
31328
-20448
-26580
-4331
4700
19679
32488
-25911
-16153
27112
-32350
25037
17065
12457
22767
-22488
5792
26888
-15417
10351
19919
-12784
1331
-1881
24707
391
-17401
-10593
23743
-1897
-9458
-26430
19640
16103
25561
30264
-10668
11285
15145
1367
8362
10841
22904
29092
-14045
-17142
12446
-25383
-27351
-23370
17974
-2394
5325
18067
-29554
-1350
-32757
-22473
8008
10345
4539
-25725
-26466
14894
31720
2067
-28905
-19185
-24802
3855
26070
5816
-26491
-16340
-19718
10234
-27990
-25822
-1434
-5294
-17404
24326
14138
29432
-27388
9516
-29827
-17021
-24743
5199
-11432
860
-19325
23301
-7196
-29021
23322
-29157
30395
18787
-23040
2256
-432
21474
7306
-24736
23989
-4160
27244
-23057
10785
16688
6155
158
32563
28965
-7022
5764
-12852
-30552
-14213
11958
21561
3599
14781
14466
19268
6472
-15778
-4798
-20103
-17011
31634
16122
13707
-9432
13906
9209
28173
31919
25528
30962
-31071
7873
8780
586
-31785
-30305
-5835
17408
25862
-22035
26966
-17190
-6463
6129
27436
28238
-11414
-12993
-23233
-12135
-11202
12676
-31038
-14037
11169
6855
-13083
-19068
19076
-22458
-28244
-12667
-27637
-9700
19740
24994
10269
23649
24045
21630
-10131
-10407
-30734
-5619
20503
-765
2141
19289
-15503
-13006
29784
20315
-13377
-623
17729
4690
-23420
26084
14227
-22105
-9965
8158
31008
-25422
16047
-12685
635
-23492
15608
26203
566
3718
22616
-4643
-16696
19808
-3921
23315
-15363
-29110
-13031
2136
-11643
20229
-21585
30273
-7174
23922
-30946
-5701
32392
1155
-12102
534
855
8115
23870
28275
-25953
13831
29065
23285
29888
24947
23956
-5925
-11284
-19941
1836
-25413
-28866
-24808
32177
-32694
10138
21608
3717
16294
25198
31391
32506
-26305
-19150
-25409
-17984
-7133
-25808
-17611
-9961
-9914
12013
-19405
-11432
-31466
-8070
25258
2561
-17318
15713
24492
19587
-9625
-6632
28725
-6958
-21509
30554
9947
18941
-30722
22246
28737
15873
-30203
-4397
13922
-13745
-23434
18412
13893
-3815
24272
21950
-29667
12356
10458
9743
27580
-2326
-19833
-8790
15566
-32509
-755
2640
-12875
11685
-1908
15804
20393
-25093
-24484
-11252
25397
7349
31497
30323
8503
-30514
6135
3218
32598
23953
-31663
-4189
27433
-25142
-15924
-2380
24298
-10181
23109
-24593
-30355
-29882
-9885
-19866
-16002
-17676
-7087
-6659
4316
6519
-7468
3916
30781
10028
-25124
30788
-29636
16426
-26554
-11043
11169
28805
-11252
-13512
1382
-20034
-9488
27693
31777
-17294
20685
25219
27515
12414
-26187
8775
8123
6144
-20133
1808
-27391
28990
29128
-2522
745
-6743
29489
-16473
-31509
-21151
-30982
-1519
32246
-4350
3817
8714
27824
8874
-3439
-15362
-5758
4314
11477
31235
23
6970
-10153
18397
-6507
-29558
16546
22994
1614
15384
31396
-11698
30099
269
25582
32735
12750
26245
11596
-18152
25591
26138
17370
1680
28511
-16495
-16252
-11054
22074
-6311
12630
16975
7409
29184
27662
26563
31236
14134
27831
25133
2223
-10743
-10510
-14079
1042
21593
11928
-9635
9285
-23561
-32242
16884
27374
14427
-13683
1232
-8862
28360
-32235
15933
19486
-7250
6364
-19839
11048
-2906
6922
-19399
-17513
-14517
10539
-5001
-2243
10455
-9438
-12697
-31535
-8604
5776
21529
-12453
24529
-19365
11541
8011
23875
22470
9989
-20057
16211
31959
27090
-28592
-32742
-1435
-10835
-21670
-32636
16891
16736
-10851
-31238
24710
-10597
12195
27684
-1179
24892
-13885
-4993
-16350
22951
-31431
-29295
31448
-14512
-15561
6560
7467
-6865
-9106
16518
-8766
-22810
-1657
18898
14920
22888
-17433
32225
9826
-10236
4972
-16388
16547
-17469
-17865
2199
1114
12541
-20909
-28483
-4927
20685
-17683
-19572
18754
-1793
12384
14369
7145
-14950
-12311
-9667
-8999
-657
-3110
-4909
16475
30597
-3015
-17980
-9767
-8285
12187
-13726
31023
-28757
-7606
32147
22259
26291
-3075
2014
-7434
22048
6562
-580
11157
-11444
-10245
-6822
22666
22102
-27295
-20740
-14165
-13963
6031
-31783
7997
-7655
-31865
-25498
-16391
32152
5589
530
-14356
-25328
26011
16137
-20634
-16261
3207
25440
-6718
-29693
9905
27637
20167
-23531
16862
-8649
17061
-16259
17029
-1878
16375
30716
-19237
4927
-16416
-31221
-3530
4441
-14048
-22890
25891
-11123
-25232
-17082
-21642
526
-18860
-32247
31249
-13823
28045
1286
32424
29640
-10500
30269
-21254
-28355
18821
-14427
-10080
21370
31711
162
-18640
21867
-21954
-9980
12655
-21918
-5182
20511
24417
27207
32681
-8390
-31521
29771
-16620
17344
-31656
28929
6842
-32538
16939
8176
13514
9368
31145
28175
17051
-24295
19340
-26972
-32569
-20713
-17907
21721
6319
23066
-425
-18178
28360
809
-13396
-28574
-25275
-4249
-30187
-13625
-12456
25067
3598
-24245
16067
-7904
31878
-14325
25627
32632
-32693
-30364
-13779
-12574
419
-5212
-12665
27831
-28783
22704
30777
-25638
-10889
4930
-11553
-27798
-17230
2696
4272
-1101
-3686
25415
2613
-13368
18974
32677
16970
-13495
-2172
-6268
11075
-16197
-25834
26121
763
-3734
-25463
-12040
-26172
-30515
15348
-17604
11345
-17613
32051
-22450
-9207
-2208
14950
19012
19282
28285
-4201
785
-28606
3963
20340
32390
-17036
22459
25134
-3862
23747
-25559
-20043
18798
29984
-6752
22118
-23728
2099
-22619
13370
4882
-23995
19784
13574
-31817
12165
4470
7495
-3551
-19721
21468
-14629
7750
-2632
21739
-26424
24373
3764
-11143
26334
-7424
25299
-9291
-19237
801
17261
-10725
4469
-30312
-25405
29453
262
-22629
-10339
4110
24009
30384
-4228
24325
26818
15781
-171
-28635
-19323
-21948
21123
27444
16492
18175
3037
2395
14334
-8058
17056
-9027
12797
20113
13392
-23967
22901
4823
30525
-7286
-6680
6446
-15288
20968
7397
-5780
8573
11391
24145
-24380
-28278
-5235
-749
-26345
-11740
17391
30547
-18561
-3029
-12009
-5722
26504
19890
-18137
1274
-18148
3507
15700
9910
3225
17144
11523
-27046
-6399
8982
17022
-2649
12633
-22252
-5866
-7910
-4832
9013
-7265
-8970
-29491
14026
32609
-21742
-28623
-28322
-22585
-10328
29450
-8587
26448
9860
9164
-12941
11658
428
26875
10137
-15932
17666
-8031
7127
27813
30091
6783
-30252
-316
28068
15971
-18305
18685
-18663
-28906
20357
18171
8467
-20476
1609
-28894
16122
25913
-12249
16965
26200
3343
23285
12216
9886
6026
18689
-18566
11729
12759
-28664
16925
-4708
24175
1686
2508
2097
-14647
2538
-23381
16620
5378
14222
-13236
-21714
1914
32315
27080
-29722
30111
27174
8726
-18874
-2715
-26820
1966
-1359
-23864
7738
-7120
8333
-4319
5949
-11966
31384
-8073
16235
23693
28823
-26616
-3738
17130
14325
31287
6409
4409
-21713
-17723
-2464
24027
14749
25952
-19224
9687
-15345
-21907
20330
4598
23752
17670
27551
-29632
-6337
19694
22448
-326
9258
-12206
-8079
15972
-32394
16936
-12642
4824
-12951
6416
24350
-4538
18354
-25085
-17233
-16303
32405
4278
-16427
5346
-25305
27906
24043
-8430
19448
26810
-3789
14247
-3171
8394
-25307
6491
-22423
5304
2562
14526
190
29818
-1297
-13283
-3624
-18974
-26487
-29211
20319
-21522
27814
15831
22186
-25796
31701
26993
653
-8430
-14878
-23723
-14708
23746
-19846
-27615
-30236
-19594
-30277
1152
26966
-14653
3096
-20525
6011
7317
10995
-25403
28186
-30086
-14783
29833
10723
-14390
-27875
26614
15294
657
-28226
26293
16682
11784
18245
-16481
25301
1271
-21243
-12312
29631
29173
-6671
-21038
18188
-17732
-2100
-17903
-19723
-25526
-23685
630
-31155
14900
13280
21765
23442
-26786
-24971
-13536
7992
4686
-15775
21202
-25176
-16208
10342
-4609
32697
622
-1019
29061
-23372
-15445
28417
-17172
18664
-30235
-30158
3815
28800
-27292
18337
-7270
-3048
23711
7452
3543
27921
-27377
-18167
23303
6317
-7100
-26890
-15897
-20210
-17169
6236
-11274
-22176
-27609
1765
3426
-10937
26444
-32004
29559
-18981
-5164
-9585
3211
-255
9729
-2338
-30220
-14710
3790
-29790
15053
-19528
-25189
8163
1377
12872
2528
-31362
17091
-15998
-19758
28340
-9720
-11156
22741
5601
27434
-25284
6273
13047
-11150
-15940
15183
561
509
26748
-18433
1876
-31067
-31502
-24236
-4055
-29029
26419
16597
30096
26895
-27327
-6221
-27790
-8327
22481
30454
1728
-15138
-3419
27427
-3413
7857
-12793
-6401
23721
-10443
16712
-4432
8508
-25633
-12879
-289
14878
8612
30397
-30496
-26585
-11717
5227
2672
2865
-20349
247
15760
16046
-6582
-10180
17940
-15696
-15294
18945
-9490
7337
30745
-10508
27088
1167
13015
22796
-22779
-26914
-20276
32297
1717
-21250
-26532
-27402
-4948
-23248
-4899
4249
-28516
-21589
-20291
13389
31980
2436
22239
-2218
-32275
4620
6655
25182
15886
18067
-12900
30426
-32068
25762
7187
13323
7507
4809
-2724
-27194
30802
-19064
5751
32429
18511
2336
31273
32571
-14984
-15136
21008
5587
1916
7458
30242
-2791
22002
-31231
-3869
26202
-6089
32280
19903
10195
5820
-13669
-4678
21974
17935
-13687
-23941
-5851
22689
-12081
29389
19327
27203
18345
-12780
-11399
-10560
-10316
23718
23061
-5678
29932
2991
-30789
27444
-6077
-31970
-21028
-3481
934
8326
-28549
9461
-12632
-9732
21773
28383
-13819
-31904
-32137
-8460
16581
-20594
-29149
-31345
-6101
-16810
-6934
-17828
-17495
22238
29854
24761
21713
4607
31775
-7805
4205
-22359
20277
27235
24960
24810
-7834
10067
-21532
-25884
-23933
4785
-13639
26544
-14862
8152
-1463
8662
346
31113
-28024
-14285
-16808
17432
4113
-18415
-3228
-20640
8943
9206
27453
20748
3422
-10744
-21647
-12482
-2549
12497
-23449
-3582
21899
7391
-27171
6643
-15273
12137
-22492
-5926
23710
-11233
8460
-32528
-19658
30625
-22447
-23158
-3136
-6131
26700
7216
21474
27974
9139
-9471
-9790
-14560
-26096
-16432
-14685
-28786
4789
-19512
23599
-1616
-29644
-8013
7700
31998
14969
32707
-12643
-3552
-13234
-8865
-20336
23332
5078
-19863
21234
-16077
-12748
28644
8666
24309
-29421
-11642
-10221
-14504
317
18992
-14763
31131
-30758
10674
28567
12366
32178
-32582
-24614
30793
8538
924
-27250
22866
-9606
-5285
-24377
-29097
30354
-30767
16898
30569
-10325
-15523
29465
16307
2851
-31031
16490
-11505
27581
4083
31577
11463
30998
8203
-13737
-7009
29468
-31110
-24795
4550
32496
-5960
3754
-20693
11328
-4031
21656
-16557
-30151
-7539
3992
14807
2400
-29705
-28893
24055
-3676
23311
768
982
-15741
-19410
966
-26392
27323
15708
2426
-22119
-8141
-20880
-21059
-7869
3736
-30193
-29954
24991
-29492
-10486
17815
30253
757
32157
1243
19917
-30143
16697
8676
-13797
3356
-1086
25318
-3717
-10869
-24400
4180
15863
290
-25108
19626
-2264
3402
1695
-4940
31480
31053
-26256
-18460
6332
5204
31696
8648
-28700
-4327
-22160
17678
15456
25112
-24232
-9970
-30606
-20235
3884
-12454
22695
-16091
-830
16488
-194
12375
-11678
18264
3431
12321
-13118
-19757
16859
-1315
-5085
288
16798
-2391
13209
32308
-27412
-29992
-20324
14564
4860
23667
-15334
28049
-3337
-25661
-24445
2305
-10624
-16659
-22319
1819
24730
-26696
-24842
-16329
-18064
32064
-29259
-31873
-10578
-16848
10112
561
14254
5846
-12526
32394
-12635
23282
-30325
-13843
2082
-7905
28280
22716
-11237
31176
-28491
-25174
-8041
-31722
30944
-19588
-15912
-27410
-29978
-5388
-113
-4992
28552
-2264
6548
-1879
26204
19423
-18527
27218
24426
-11949
12950
3044
-32720
-10945
9578
20285
26064
26962
-10634
-3065
138
-25706
-4585
-10635
-230
-27007
-26363
-16967
2813
14113
18074
-771
-18287
-27487
14883
-10630
27663
-23579
29419
-1643
6598
7823
-31331
-9248
-31558
-29761
-21846
13088
-7190
6830
23789
-19801
-16050
-836
-17421
19509
28123
-25431
-22527
21302
-15359
19569
11054
19778
2311
4309
-7116
4644
22722
-17741
21871
-3256
-26406
-2166
7922
30979
-22673
-3630
-19246
-4797
26162
-18224
-772
23604
13962
-4174
-20425
-16613
-20964
21418
30458
388
-2211
30198
9575
23374
-16547
-22661
18964
3720
1149
11094
27521
24465
-6879
-32697
21993
7577
-27816
26236
-21592
-22103
22199
-15901
16943
-5870
5637
15195
28240
5063
-20737
-6896
2098
19117
22550
31868
21857
-4652
-791
-28874
18343
16000
-31304
-7077
-31171
22851
-5492
19540
16414
4627
32652
10081
-28141
19749
-6613
-8487
19525
9950
29846
28915
27185
23817
22048
1685
22002
-27764
-11324
12472
-20437
30478
4981
438
6414
-462
16255
3480
-12626
25544
24224
16170
25033
-24444
27078
-28561
7377
8585
-28027
23366
13503
-21189
30637
24994
-31096
-8459
-18637
364
-23499
-13605
-20553
-17001
28581
14817
22815
-11228
28431
2288
3438
15028
-4520
15711
-2092
3828
26722
-13299
23650
20573
23228
9566
22519
-4249
-19956
32409
13762
-1741
-29046
13915
-24940
5217
-10864
-9337
-13514
31780
10711
24899
-13171
-15783
-11745
-5901
-14565
21350
29979
25698
-16527
10749
-22777
9422
-19184
-24107
14319
-29431
-28937
25169
13496
-18402
22930
-15606
-29504
-14620
-25527
-31720
-25469
-732
24244
-8602
-13904
8475
-13330
6528
7088
-3917
10483
-26004
-21631
30294
-6971
-8309
9141
-1587
13128
-17261
-28245
-14385
-7301
-18736
12063
-1185
1863
31934
1543
25509
14390
-19563
-7865
7808
24831
7121
16225
-24191
-22479
30451
-10596
-4467
10821
-21960
16159
-21927
22947
-30612
10728
30757
8056
-580
1896
-7725
-31221
31920
29612
4236
16908
-14381
2098
3666
-21173
16800
-4796
28998
18129
-20760
-21497
-27344
3492
8073
-22190
19067
13165
26446
-23896
-30652
-5054
27494
-31631
4369
9211
32730
-27907
26814
-28444
-14517
5954
18023
-26314
23491
10988
15377
-30579
23526
-11512
19075
-15364
-1962
-23047
-28887
15172
17623
24746
-21375
19414
10891
23028
-25961
12646
-19625
-27678
31239
-14137
-32001
-6302
-24268
-19129
24787
-5832
-28048
26603
-12102
23939
-23477
-4369
-30760
18092
13514
11042
16103
-10804
28772
-7448
-22525
-3194
3870
27258
-16502
21751
-8725
7902
-31549
-4557
-14122
-20114
-31158
-24633
1676
24688
25792
706
17454
30642
1951
-17489
-20320
-23152
21116
20155
20036
30980
16531
837
23179
-7173
23310
31774
26897
-30173
28074
-6777
17958
-2851
5539
1685
13675
4034
24484
-4664
24869
-16694
17619
23906
3723
23964
24480
26336
-19164
9309
24227
8304
-25001
31294
-26568
31320
-14437
21354
-14131
17646
10212
22981
-2393
28379
-24919
-19470
-29812
-2051
15777
31769
-1335
-32361
-9369
-12087
24959
-22727
6860
-31293
3351
-25122
19730
7715
7382
25309
-8322
-9032
-23362
28931
32042
-17128
16937
-31076
-30375
-21560
6758
-31586
18656
18284
14300
-1260
-3802
10202
15320
9458
4640
-28888
-24931
16089
-5564
9680
31917
21688
4987
6607
30935
20700
-1409
17984
29901
-4762
10199
-5584
-15532
5495
27083
28991
16517
28729
4312
8928
14134
-23179
-32743
22119
-5542
-13272
-21301
11377
-17373
-15232
-12534
-15901
4737
-31342
-15126
18799
-19988
14510
7995
-16610
-24089
4386
26946
-16235
11984
-25065
29666
31635
-32390
-29606
-18844
-32553
-28174
10776
7135
17980
18010
-12421
-13601
1447
22984
-14068
-1450
-27543
15074
16707
14950
-17567
3905
7813
-1901
-15357
-23587
22162
266
-769
14655
-32125
25271
21715
-23582
380
-4654
-6678
-12509
28794
-18769
-11995
9355
14936
6269
-28088
22357
-31616
-2196
-5777
-18239
-5232
22017
-7684
-10810
-30759
-782
12760
29259
25795
13795
30818
1261
7705
-2156
-1277
5156
-675
32277
12991
-3061
12925
32368
4410
-17242
13056
-14915
25224
-30926
7756
-13338
23275
-14279
-24812
-16853
25677
-8340
9494
15873
-11370
-30986
-8650
10064
-23599
-17315
-6405
-19335
-32521
-16078
-13657
-692
30191
-5043
-18270
-29828
30719
-21263
3966
-9382
-7629
730
-12254
2171
-14513
3197
15371
22981
-16540
5687
-15172
-13197
3186
12313
-32230
-7142
9466
-14925
-20874
-12998
6900
-23971
-10310
18305
-20411
18325
647
12372
-16694
-10915
-30947
-27626
13135
19294
-7501
-15351
19401
10810
-10581
-5984
31342
18731
-11833
13881
-18426
-32654
-6186
-581
-16816
29893
-5231
-23601
-18737
28867
-25413
1763
-25685
2232
-26661
27176
2828
-31643
-29757
3029
17621
-8122
10795
15868
8888
12474
-21901
7917
636
126
32126
24445
-32262
-650
-5354
32077
8958
-29882
27295
-19702
14341
-10299
-29207
-16316
27405
-5378
12003
28482
-8689
-2231
-17014
14743
31955
-3375
30745
-119
-175
20489
-7276
-23208
-857
17425
-19523
4997
11891
12829
-445
-5184
3210
-23154
30219
11254
16295
-7216
4906
28650
-4817
17483
28041
22836
19940
-6362
-24793
-5502
-17665
31791
16105
6049
7075
-13528
-1579
-23638
-28867
31671
-19685
-28591
-32474
24724
-7516
30175
-31324
-30602
-32342
12681
-11024
5775
14549
-14078
20249
701
-13202
32169
-28137
-29018
12396
-25390
-1486
-27383
-16327
25430
-17827
1278
19969
30199
-30686
-11549
9956
30986
-5270
-7850
6432
-29958
-19936
26275
-17817
-7826
-5897
10342
-5885
846
-25619
25879
1670
-11532
20821
24577
18884
-2978
-8168
-4358
27763
11332
10244
-31847
17638
1240
-10590
-11147
-7632
11538
26219
19946
-734
13323
-21655
-16685
-17775
-28686
22626
-24972
-2095
10770
9744
1186
17791
-17992
16754
-13091
28463
4291
-24520
-27144
-9250
27921
15434
-6999
-3817
-23565
4535
-2919
30349
-14986
22942
-17541
-11395
-12179
-12424
16826
16793
-30033
-1765
18785
11360
23438
-25681
5562
-32554
15741
2830
5677
19107
18849
-9319
-21398
-32461
13312
-21036
3530
13249
-20487
26225
8135
-7228
-6089
-20434
8976
-28045
19224
31086
15551
-18999
22954
-22370
-32333
-24839
19908
-19592
-11977
24032
10438
10747
19460
19220
-22453
-25315
-23238
23551
-14376
-14931
-19424
31385
7772
-13597
-20023
22774
-9774
-23501
-21865
-25681
-5749
10734
7500
-29292
14933
25798
-11564
-3027
-6831
14175
-25624
-1890
-19227
22202
14021
15124
-7368
-14432
7547
-11694
-30518
-32468
-2115
-26775
-10805
-29897
-7911
-28350
364
16055
18490
-29232
-15894
30256
13238
-24203
21528
-22801
-18069
-2298
-6249
-25990
16573
8577
-16179
7710
8421
28524
-6399
13771
-16002
12199
-19342
17135
-23689
-21351
-2521
28651
5626
24293
-2690
-21696
-21517
7619
-9940
-5329
-17811
30837
-7646
31496
-1983
13295
-28894
20351
-13749
14565
2963
28165
-26935
-87
-30327
-20204
-31834
20928
32466
-14138
-2775
9837
-1453
5502
9690
22108
-26584
-16149
-2711
-30713
-27941
-941
-22224
22152
2628
-16176
7746
9688
28249
-8975
27487
5218
-3274
-31625
25651
-31470
5584
20353
2923
10297
-27721
-19707
-2058
-20931
-28857
23023
8424
-11235
-31245
28667
-6268
29094
13412
19609
-6860
27395
-14226
-13334
27113
-13160
29627
-24545
-2819
-29184
-23038
-16488
9522
23850
-25056
-5059
32040
-12571
-26612
580
-15259
26442
-20435
3390
25567
17107
-8270
-7812
-16306
-24257
-13842
-21248
-22056
28806
-10693
-11175
25099
740
31337
-19441
30611
-7107
-19188
-32741
-21103
-12127
-10
-10204
1640
249
7145
-25168
-7960
-16999
11571
-32700
28304
7870
12711
3367
20160
-8690
-7279
-10804
902
-25076
-17827
29920
27672
-32172
-23008
29886
-31961
-28616
14497
16007
4004
9328
-18222
13045
2141
15159
-14040
-30753
11893
28394
30315
15259
16556
-6198
-25693
-7602
25809
-13348
6371
6202
3593
-29242
3380
13564
23085
-17774
17145
-22917
-23963
-13840
11875
-24871
-25035
-3521
-23383
-11569
12245
25765
-20826
-28146
21470
31007
19012
-3328
3638
28136
19864
7569
-32685
-25556
-25062
9177
27340
9200
28231
-27342
-14411
-7326
25941
16049
-14866
29403
-21922
-19661
10322
29036
9513
-24742
-29365
13476
-7244
-10746
-24231
8681
-2611
-16043
-32371
14210
-11754
4261
-27845
-28337
-26021
-23881
17565
-8928
10943
-30553
11121
-20484
30670
8130
-17447
20369
9637
-11681
-5784
-5185
-23630
7345
-573
27956
-7059
390
-13070
13885
-19736
12147
-694
7229
-3661
19876
-16631
29735
-15917
21296
-7590
19133
54
-4585
-30525
22090
15263
17381
30002
10874
-11613
-14871
172
30706
8208
-20412
-21466
854
-24631
9446
30294
31775
8125
31554
30103
-24251
5064
22705
-32013
-8077
15325
-5855
12832
-31816
-21549
2369
-24634
-7592
16330
-6675
-1745
23083
13191
-28607
-1682
-27148
-8002
31493
-25656
-25010
29791
26512
23452
-8388
24241
7992
9861
4555
-15572
28516
-27611
21538
-18486
26160
24971
-30301
18397
1824
30116
23570
-30098
-5271
2562
30463
-22686
-9245
-32259
28394
11021
32144
20605
-19972
16994
9433
7230
4288
-11898
-32663
7447
-5284
-1584
10792
14834
-27387
-31491
-26599
30512
1822
-1086
-21280
-11167
-10053
-30919
31529
6597
1062
23269
21397
1057
8355
-32636
6156
-2213
3912
17554
-2365
-20305
-32441
-21778
4283
9589
-12320
19491
28189
12066
-28114
-29662
-13804
-1320
15401
-17159
24314
-4649
-13236
6077
-10907
-27482
-22240
-28966
341
18459
-8054
19047
26249
-3334
-4469
-26289
26803
30811
-31195
-27549
-27335
-32656
13750
-10604
24550
-5444
10398
-32699
21504
14029
-14895
59
-9288
29078
13738
-12540
-27506
12620
21214
-23835
26118
-29812
2467
-19339
-12401
5820
9264
15919
6133
-30958
-2639
7292
-19106
-29085
1775
15663
-19241
24338
-1830
277
-16094
-25137
-20104
42
5226
-22057
13359
21727
-3886
-21844
-27165
-16710
18060
29884
5275
28542
15776
7535
15216
-11535
-9461
-10061
12086
-14015
14924
1679
28875
-10291
-14128
-24005
28845
32553
1881
-7999
-20300
22658
-217
28097
-5715
640
6304
8654
26906
17510
32445
30874
-15368
11310
-25265
-406
32660
11233
-4302
29415
19631
-25396
-21289
-21056
15278
18331
-15036
6014
-12306
12366
16257
-19874
19017
19235
28964
-24530
-18935
11844
-4436
13335
11783
-7488
-2079
-5655
-28502
17610
-29790
-28343
9115
-30420
-3330
-9855
-3890
-23339
24935
20936
22290
25402
-11140
-14415
11281
-25591
21441
-9280
1383
-24430
20169
17504
-28667
25040
17269
-25418
-19051
-17145
8289
5983
18646
-24621
-1822
-12601
26323
868
-20117
21496
-674
-9929
1042
7201
-13375
21973
-28855
302
-1384
14893
-16847
4752
23696
30651
11281
32007
-6489
-26484
-17805
-29946
31822
11806
23137
27126
-25128
-17008
-9528
16418
-7760
868
26920
28391
-25220
-15612
-15358
5067
-2210
-4881
17505
-186
3206
22552
-13583
-11911
-30494
11294
28815
-16650
1197
-16733
2859
-1301
23830
9092
29633
16022
8595
28827
-25508
-3692
-8135
16352
-21606
-13036
16173
2409
-3234
-3889
22764
-1016
32418
-26953
8411
-10520
-24922
-12513
-28574
-1678
-27392
-29357
9637
-30862
1052
-14893
5239
21603
12392
6479
18052
1432
-2640
1057
-2133
19445
-8538
22001
14866
10881
-8914
21246
17684
-3753
-28700
-18061
-27815
-15208
-3684
-23235
28242
11703
-21742
-7756
20396
28987
14289
26488
-13813
-26253
-10769
1932
409
27964
-15516
15558
-11401
2794
-22069
18932
26370
-16059
29116
21802
26959
15040
-17737
-18156
-13905
-5004
-26068
-19777
17284
2204
-14895
1980
12211
-30292
-19155
-16521
21912
-12941
18792
-31039
-13303
-31515
20266
-17629
-15264
-22567
-10740
-10520
-11291
27616
18081
4408
27871
19771
23753
16448
9170
-17907
-27062
15650
-6864
24350
1978
21935
22480
9761
-3086
-15770
8184
-21489
-30512
21683
2057
18347
-10118
6649
10623
-2914
-19962
-19869
22195
18012
2225
24284
-16966
5533
14574
-19399
20862
1315
-27386
7782
24110
-8871
16938
24361
-21815
22599
-25791
3949
-22437
-17889
4091
-4805
-26417
-4448
-7515
-31360
26768
-1446
-26976
8133
-21301
-20895
-28749
-4361
23318
-25613
12407
-9940
-5813
-5878
-6213
30194
-609
-531
20954
32431
-12366
29674
-24923
-27024
-31943
-11488
-7089
-4712
7153
-7346
19316
22868
-27757
-2678
14406
14080
19981
-2030
-15695
-24761
29260
16582
-4980
-27256
-14557
14966
-25883
9588
8250
21397
-5278
-1828
-18123
-11152
-24566
-18971
25216
-20577
-32365
32726
1880
-5040
4747
26317
6632
-11648
31053
1082
-3337
12452
-9948
-26380
12015
-28219
-28215
7504
10801
-32696
-21836
-28830
10321
-17388
-14703
-18414
12800
20297
5911
-29939
-18516
26422
-16717
1157
-582
-4265
12554
-29554
-11911
-4374
6711
-29436
24112
13459
31712
-27923
-11745
6466
26325
-17201
20751
2991
-15370
-16180
24696
26508
27225
-16678
20408
26478
15679
-10683
974
16298
-16632
-19771
-20760
22121
-29600
23021
28488
-31541
30027
-19481
-26758
28100
25444
-22385
27994
29947
13643
15479
1459
10639
-10680
16242
17461
16419
17856
10410
26641
-9282
-10404
6238
-15403
4636
383
5172
-20472
-5866
14080
-16563
22401
25440
8966
-10735
26270
9128
-21937
10837
-15029
-32698
30129
13647
-58
-31473
-9723
-5306
-1431
7526
-10977
12010
-669
12163
8382
32001
26941
29609
-12456
-13295
8935
664
10645
23515
-32112
-3702
-29284
25193
20428
23671
14726
-16109
12032
16495
-32371
-13221
5517
-7027
-29811
18686
-17341
-22049
12174
9641
-11262
-13992
19796
-16627
547
16659
1049
-19937
-24579
8723
17771
-23163
25516
16958
-24222
16428
4652
46
-16323
-2923
-11267
7862
14095
18950
-20410
-27068
13862
13805
-21066
30549
12457
25532
2426
30900
5794
11950
-22596
23294
25617
-20755
14006
-16179
-14337
10895
577
-27620
3768
28396
25965
19685
6161
-16124
-28448
-3436
-14413
379
-13711
27325
-17973
10410
-25429
12337
25258
8379
32345
-15688
-32417
-18516
15296
28668
-24800
13132
12362
-13151
24440
28872
-28118
31015
-9337
-15305
31444
8796
-13179
15173
-17861
26374
25029
-20972
-20161
-27567
6812
-17553
32495
-6862
-20792
15796
-25150
17392
14981
3134
11096
-3157
-21590
14979
12843
27163
14629
21756
12025
2788
25797
23659
-28813
10029
-14622
-9519
7693
-21530
-10154
2
-8594
-8084
-30077
1428
1521
16262
14812
29243
-27396
1480
14913
2542
-7284
23944
921
-13885
9611
-23629
28668
-25885
-20447
-26272
4295
17383
-16575
-2370
27920
11571
-124
-15825
-8049
11818
28395
-5986
-28002
22979
2113
-7779
-23521
10830
13373
2784
6844
28375
-30573
-27409
1182
-31590
-16232
27262
-6750
-26945
25458
27307
20196
31326
-20545
23870
-4502
29935
3665
-27951
12775
9818
-24247
-1705
-30248
2214
-15220
15195
20178
-28197
14150
-938
28508
-8086
12404
-5534
8645
13428
18665
-17370
16447
-22997
-17618
-28205
-23822
26984
11165
-10659
9433
23528
1701
22222
19224
-15567
9193
3077
28558
25931
-12587
-19307
-6631
8561
-13142
10121
-25235
8881
-10596
-675
18202
22230
45
26114
32024
1409
32729
-9915
20583
-20471
1670
15227
10482
-6692
32024
-1099
-16944
-27977
-4170
24501
10876
7092
14186
9500
-7742
4309
-31690
14987
18742
21100
-1880
16924
-8657
-7273
-18375
-26696
-12060
-12263
-13679
-15145
13777
29919
-31874
26898
-5184
31647
-1608
-14940
-23651
-13770
14661
-22731
1507
25088
-11159
27687
10067
29215
20892
-8309
-30167
27590
427
14482
29435
-1306
-21418
20017
14765
16616
6358
2124
-12478
-5289
-16792
-27872
1133
22609
7430
-3905
4743
-31866
-12055
14289
-8081
14468
-27899
14698
15421
7516
-30418
7062
27982
16425
15678
22932
28201
11517
-5202
-8608
-26876
11785
12895
-9807
23414
-28406
-20671
-10494
-30501
-13997
8188
-214
-32605
-8030
-532
6656
-31699
3274
18813
7608
8962
10957
31312
-31501
2496
-24109
994
-20130
16670
-12761
24652
19182
24895
-9421
-2507
-24128
10922
23649
-4552
26249
12319
-15415
18599
-4603
-32068
25252
1545
20468
-9251
-13922
-8137
7348
-30747
-24697
1221
25328
-2344
-3968
2176
13642
-6554
-10960
15326
-19861
-8463
12976
16743
-5559
-20059
18383
27496
-23099
-10462
21189
-32750
-2196
-17902
3451
30700
25984
-13771
29581
24738
-2255
-22426
-27168
-5314
31668
-11960
28809
29928
-11364
23077
-19162
-27508
-200
5150
-32032
-11555
13588
-22898
-13307
-9710
-29096
12856
-24781
1322
17863
737
1940
16266
-22841
-21603
4803
8931
-11008
-4115
-30498
18147
3406
5883
-3255
-15668
-5835
-2132
7272
9668
26055
-5246
26907
-14795
28586
9582
20129
-15191
-22577
-20119
-3296
-27242
-22021
-21880
-26601
2967
-22599
-7606
-11807
-32294
3004
1852
-3015
6521
-10705
4677
138
-4844
13811
13548
7421
-8114
-25043
22029
20095
-18995
-13825
30082
30748
13611
-14513
-1364
5891
-18627
-12270
7169
-2998
-29901
-15598
7874
-28252
12184
-30678
8597
-31889
25785
-1824
-6957
3016
8263
20922
-11771
1410
11193
-30391
-26389
31096
-25387
-9538
-10333
-20113
-5791
17455
-24639
16007
-30326
-18721
30994
-19515
10357
21852
-7543
-24203
20956
-25651
-17741
-5547
19076
22162
16042
-4643
24247
-14439
-32016
9507
-30248
-20550
-14424
4568
4102
-6296
-31578
-20707
-17377
-28794
29452
-22254
-10077
-5553
-5772
-20763
5818
-16472
-17510
-10188
-17286
1745
26584
26453
19082
2693
-7340
-14815
-26881
-2323
25676
13350
31414
-19610
-4309
17036
26898
-27969
-15991
-20788
-25553
-28751
-30098
-16402
-26254
-14000
32331
9292
25427
-19580
26587
1598
3188
20103
-3327
23950
32216
17170
7931
4296
32282
28092
24956
-29400
18817
-6548
3665
-26533
-29325
18273
-14356
-12497
9903
-20653
32533
-8515
7212
-27458
-20757
-30366
2267
-30234
17243
-17213
-18503
6283
-24593
-13915
-28575
32168
-25775
9826
-9615
-21838
-20078
-3607
-455
-3923
-21727
-15837
-15381
-24493
18511
11374
29528
-29406
22631
-871
-10647
-12006
18696
-8931
32105
-22611
21965
-5856
-17642
-10703
-20166
-27769
-10446
13084
-22675
31574
-1912
18220
22415
-1313
13445
-12925
23351
-22080
7813
-17690
14446
25562
-18216
-28750
-8811
3655
17423
7194
-32673
-13013
-8573
18015
19345
-19115
21684
482
-7601
5982
15194
-21238
15559
-31132
27494
-17587
18966
-11418
32166
-26722
26520
17200
1074
7428
24674
-16318
25279
27056
-19367
15820
10171
-2868
13174
30021
30531
-6851
11524
-13776
487
8159
12972
-14204
23773
-16009
-16367
17135
-26629
6554
-17707
-10985
21798
-11408
2271
-22237
16867
-4730
10733
13859
-13635
-18273
30972
-10965
-15879
-11381
-30308
-18938
17356
9135
-1144
9372
32263
-10860
32319
-32125
18927
15922
4728
25698
7815
29680
-6249
-9227
8977
31987
-14196
-17575
25275
13417
17499
665
-29056
-30450
-2834
-23132
-23810
-26035
18030
2755
-18695
6064
-30974
12098
31662
-28775
25547
-9690
19520
-23926
29317
-4393
18171
18957
-21607
30967
-928
-3715
-30060
25854
-25681
24232
-8193
-24725
-20432
-23294
11013
26788
32483
32628
-28543
-23380
-10678
31625
8210
-30439
20293
8349
-1772
1019
24470
9939
-1107
5182
-17817
-9870
15131
-22076
20926
-19514
6084
27928
6297
20117
4840
-23377
28093
-6374
-23514
7782
-4170
24735
4395
-4251
-19245
23710
7675
5129
-12256
2500
31743
-8732
23740
-30069
11403
-8770
-1368
-17227
22416
31353
7039
6970
30677
-32692
16475
-31433
-19530
-30518
5789
-6021
-20554
28580
7540
-23304
4834
29989
-20965
30635
29221
11790
-22140
28683
-21553
16943
6194
1289
16111
4665
22864
15061
-23127
32195
32549
7567
19579
16367
-5543
5089
18086
29166
-13656
24426
-6838
-13500
14632
32165
-17945
8164
17585
-5711
32564
20105
-18323
-11228
-26376
32190
-26746
8322
-19947
-28863
-4149
-6841
-961
27304
7238
-4729
6828
-1900
-14686
26409
-24896
-1123
-30334
-31332
-1058
-31176
2722
10908
196
2627
21978
1928
-17126
-21989
-16568
15188
16072
-21222
-22532
-7999
-18024
22527
-23537
8949
-10358
10461
-16312
23999
-15619
-30410
22804
12975
-4395
-29327
31659
-15001
-30222
32481
-32596
-4838
-22158
31989
30248
-18570
-7221
23863
26427
-27656
-17912
7863
-19922
-16882
13452
3629
-10070
16398
-23065
-15830
-28543
571
13556
-13280
32650
22658
18018
21870
21957
-17002
-17349
27167
12972
-2127
22062
7881
-23682
22727
-29724
31146
-12121
-4876
9485
-10499
-25274
17825
1245
-9582
3363
19888
-8945
-4753
-6826
24831
-32419
18156
16
520
-25982
10154
-22429
24166
-2680
29730
-21940
19847
-2900
-4279
15019
3404
-11637
14044
16430
7243
-26542
-3510
29670
-4673
23229
-32311
7211
-3686
23016
-16765
-24503
-18926
-29594
13266
-11853
-30348
14132
-9416
-1181
-29855
3296
-17617
-3124
-30182
598
-14033
18633
30981
-3295
-20713
-3304
-32510
-23087
-17172
-4221
21973
21422
26576
17822
3758
20428
-22367
17531
-1457
24970
-19754
2920
30386
-18008
3087
2580
23588
7611
14743
-22719
-24233
22764
-12524
3492
-20410
30266
-22784
15616
-9118
7126
-17228
-3559
31520
9591
-6483
-12716
-24245
-26417
-15311
31802
-31058
27883
13826
8314
6611
-23315
-24419
-15197
-28805
-9792
18718
-17321
-5703
29334
-8109
-8856
14814
12665
12276
-22909
-32148
18464
31291
168
7018
18590
-31469
23789
1156
13401
-19801
26089
-31933
8663
18096
-9073
-15935
-14719
-14816
30770
21316
14216
7986
-15593
27303
29552
27181
-32021
25043
-16758
25730
-2190
22703
29723
-13859
-17590
-29793
17031
-22769
-5194
10470
4136
-2046
-20891
-6964
-3449
-20962
24000
-23582
3537
-442
-5855
-21036
-2870
-16428
-31947
-20752
-9785
10045
-14880
18997
28258
-23040
21747
16715
5765
7543
10290
-21550
-18276
28183
24336
-698
-25540
-14472
-19202
25184
11015
15640
-25669
13954
-21471
-15016
23435
31323
29362
-6457
27651
9997
12456
-472
20798
25216
-19691
-6282
-27519
30867
32432
26814
-25720
6704
12153
-19085
-24757
29558
23501
3070
23907
-9173
3647
-31804
31402
14983
26268
-11974
6983
-15732
10153
-25648
2522
-20207
-2983
-31224
-26786
-30510
-6149
-21641
-29473
12425
-30046
-21702
30883
31147
2126
-20414
-27599
-23791
-24419
30732
-32078
-20869
-24932
27789
14239
3406
-20494
-4998
24667
-29239
-4790
-13032
-21038
7376
8616
28948
-1771
18047
3548
32066
-25270
23047
-28186
11185
15298
-18295
14724
-17484
1577
-3736
-13816
-17389
2499
-16767
10956
-8653
9230
1407
13502
7660
7252
22160
29228
2155
8570
12926
-9321
-22777
-5999
18110
-5152
2792
4078
-28954
18877
-359
-22755
16659
9611
6850
28084
7151
-20610
7415
-6027
-12411
-30123
12907
15513
2983
-5737
-28658
22128
27747
-18303
-23689
-32207
17883
23346
-13722
15066
9066
28979
-12240
-24927
-24543
10083
-22437
-10548
-29500
5543
14218
9582
-17521
25248
8996
-13315
22635
26170
15541
-18282
21334
-30311
-13530
-10660
-1068
-8756
22262
-25954
23674
1058
-30803
-31221
-340
11040
-20137
1212
3014
21103
-620
-6329
17139
9375
31018
-17961
4321
28350
3222
-8302
27495
-24790
26420
-7251
350
-13097
21900
805
-19434
-31967
32581
-5859
-3342
1670
29161
-3431
-6719
-26906
8912
-18859
-23317
21024
531
-27436
-5956
-16722
-24626
-29665
17664
-490
-1837
-9407
-29055
23095
22408
-10071
1307
-8478
6690
-16077
18724
-30415
-9943
20628
6009
18454
5920
29865
-18463
10901
27560
-21823
-12719
31067
5348
7247
-12896
23597
20197
-17500
-26957
28729
30322
27250
-11122
-19435
15505
-29053
-26033
23116
-15901
7029
14941
-3596
17592
2563
23648
-19827
-10968
-7855
-2782
27558
14408
-10562
11127
11939
-5658
28238
27958
3202
21379
-25688
-3013
28204
5181
-2934
-28284
-7184
-22429
32380
-23742
-18395
11339
-30337
-10341
26176
7381
-24848
12600
-20334
-23421
-27359
14203
19051
23468
-5691
-21026
11950
25546
-15973
-22484
-28647
15262
23731
-15495
14287
-7486
20861
9101
12716
-10172
-4871
-28537
22867
-13740
163
22690
5645
14446
111
6971
16043
15424
-25301
309
9545
-16843
6307
-28198
25909
-2760
11975
15894
2273
-2982
-9618
21404
-8677
29466
24630
-21501
22285
-4482
-32619
12092
-5158
3000
17146
-20719
-32189
-8069
-26865
2100
-27160
21278
-14768
-24416
-22471
-16923
9804
-13842
-27650
30480
5403
24398
-18515
2905
-9878
23928
-25464
-6040
7339
-17865
8176
19691
21499
18329
-28108
9308
6439
2574
18125
-18484
14008
20032
28029
18495
27883
-5279
7567
-418
12270
20764
-26371
18030
14524
29037
-20410
-8495
-22404
25302
-19109
-18269
23832
6586
-4404
4299
15241
-8392
3202
-31300
-4333
-2359
662
-1876
21675
17050
-2115
-25345
-26368
6503
-8768
13120
29805
-23933
12472
12331
-26180
-5412
16329
1441
-31312
-14456
-24613
26567
21803
13388
25638
7219
-23693
-29873
-21044
-16438
4440
-21545
16361
-15067
26348
342
26809
32186
5537
30036
24553
31695
29552
21416
-22992
524
4086
-17244
-29130
22493
-29320
-24699
-18988
20350
-31716
-14633
-14042
-28648
21806
15009
-16626
-28684
-20395
18707
-111
-12546
26255
-8643
12073
-1754
1377
29632
10033
32735
5956
6260
22122
-29653
-22101
-21119
-15604
-5858
-3607
-4833
28000
-23435
-6695
-24254
26822
-14258
18920
5770
-18499
-6552
5594
-16358
-24116
-16118
-26045
-11597
12689
13211
23320
28972
-29541
14423
-23470
1050
1780
10700
-9039
14938
287
-27732
17829
7531
13420
30890
-10845
17757
24696
23932
21746
23913
-17248
15482
13936
-5609
-22127
19270
-21708
27161
1132
-20549
-16963
16427
19550
-14358
-19183
-24829
16821
30778
27387
-9276
-10892
-7471
-25333
29750
-22121
1078
18733
-6698
13607
24942
15884
-20282
9186
20721
16610
-2928
-3421
-17688
-24171
-23950
-9751
-26059
-31541
24647
-19648
23921
-13152
-28145
30867
20291
-16278
-15384
-14386
-31227
22778
-13010
10412
4823
11949
-24826
1546
32646
-12802
21844
-25623
30068
24105
26355
-12062
-21873
9796
-16295
24701
23958
-288
-5660
-14320
-29434
-28715
-31417
-3458
5068
-31466
17839
-6750
-26059
12584
-17958
-12017
17612
21531
24657
-4796
-2828
-3383
5675
24643
14677
25067
19837
-31626
-14864
22280
-10532
-7756
-30936
12940
15109
-279
-15218
-8518
-19557
13270
-26478
2503
21886
3950
-15160
17280
18337
-21583
4104
26475
-221
-28260
-6727
-30793
25795
21522
14141
23509
-8119
12414
9363
-17614
4086
14786
6965
-22054
-26664
29122
13228
10330
-27073
5990
2592
-22216
9696
-25733
-30049
-15481
-18288
-10777
-1304
-11736
-23547
25687
-12566
16172
-26782
28607
10467
4358
26272
6883
6736
-22757
21609
-32371
20300
-15372
5837
-29370
3574
9435
-24326
-15054
10284
2662
-16054
808
23155
10839
-7878
1772
-21032
28651
21956
19194
-13484
32539
-16412
-2052
-19408
-16192
-11535
28378
22716
-17576
28347
22134
3615
-22772
-2561
18136
-7948
-21694
30828
-27311
29909
18440
26683
-9800
-7913
25055
-27723
13180
-16695
-9050
18446
-17877
28616
-15067
-32584
7157
5091
20045
29910
-6218
-1789
-17603
10258
-25705
11576
-56
-24652
16947
-21201
26919
-20954
-680
2510
12381
-15835
-10938
13791
28992
9836
-5967
-7907
-21236
27238
17132
26568
8774
14954
18556
8745
-5867
15119
21949
5995
25852
23363
25333
26211
-26360
-3460
12201
-4934
-12223
-28358
13921
23851
16732
2545
26862
4593
-3692
23309
-28082
-32082
30744
-14172
-8238
-813
-20734
-7448
6121
-19927
-20243
-2027
14703
-3404
-20499
-6366
25693
-25135
-9833
-32007
7010
-24501
-30349
21629
-21596
7800
-8848
11065
28798
14672
11511
4072
-3383
-15361
27114
12750
-14937
-8805
-451
3701
563
22601
-26056
-7092
-16011
-7308
-16706
-10671
9870
30670
3416
-8339
-6165
-188
-6876
-2049
-32633
-25825
14385
-16150
14960
2387
27689
-26218
10758
32174
12566
-30527
9405
2785
12934
-20030
27559
-3246
-26163
-1718
32080
-23197
17026
-23369
2508
4367
4817
8977
26193
20689
-8870
967
-32678
4725
-5264
10615
-19752
-31786
9636
585
-7322
-2900
-2990
24043
17398
286
29413
13920
-29096
-14268
17648
25102
-13379
9732
1555
-32264
-26697
10932
-11870
6603
-13147
-713
-9416
-24737
19767
-13486
-1617
-32549
700
-19550
21413
-7612
-16261
7821
5991
-24141
18980
-10444
22202
-14514
-25459
-5674
-18358
-19071
-5616
5315
25270
11246
-4703
-1435
-22488
-10781
-3949
30890
4357
12222
19230
11154
32293
-16353
-24820
-5273
-16157
28319
-9636
27463
3455
-22187
4422
12453
3075
31239
-30557
-6798
-20031
-17576
-30709
-13681
-30991
20811
-24660
-25955
-9377
14532
26084
-22019
12017
-4743
-30332
-18526
-21531
32701
18719
-414
6577
11973
-9702
-19683
-2070
31413
-19956
9074
-12467
-2533
-16609
9454
-31734
-10745
-2924
32470
-25415
3612
-3451
-31998
6187
-12105
19206
5378
-22896
8934
-11548
-21089
32043
-22659
-11292
3446
1277
7104
2839
17654
3386
-22519
-15504
4422
-9527
-20599
-5942
-7682
-9930
25242
2503
16886
11712
23165
-31061
27168
-14923
-6251
-3545
-8686
15770
-16380
7026
-15352
15017
-32234
-10578
-16332
-31776
6490
13040
4461
-7881
31573
16757
-26017
-21452
5881
-11145
-24589
13705
-19870
16079
30664
10797
-8563
17379
-6821
-19925
-1613
-28068
3812
29669
23808
17357
-31510
-25571
-9320
9999
-29301
24057
-18636
-14801
21938
25207
2530
26746
1001
-17113
-15865
-9773
-20503
14181
-7693
-26130
27296
-22291
8572
7760
-23235
-5907
-27898
-6230
-822
-13059
-22762
-18311
21988
1349
-22753
28745
1952
-22687
22006
-16742
25451
25889
26405
30868
-2947
10863
32225
-25752
-25215
26949
-21614
18398
-1824
16710
17439
-23806
25797
11175
10341
-30915
21384
1510
14746
-28427
-28291
-7439
-2616
1563
14684
16517
-3543
-22980
-20838
15577
18697
-3355
7598
-23575
10875
-2487
3446
4935
30401
-23931
-4185
-22552
3010
28050
18617
-1943
7893
-12250
-12912
-10832
17433
-20021
4102
23557
-9767
7155
-30159
6663
-18443
14528
26232
-19244
27481
-10208
8578
-11025
23766
18401
17830
-8172
29996
7817
20166
31740
-1476
-24292
-8301
-16977
12595
-31122
-16449
5678
-5038
-32318
-21153
-3109
-28576
22375
-29730
-11278
-9057
-6742
-32116
20380
-16107
-23345
28734
-13546
-32511
-23257
-25223
-415
-15517
22246
30458
-19282
-7142
-22252
21209
11702
14360
1736
-28248
4654
-15290
21802
-29165
-3592
-3026
12261
-8019
25066
2248
-32517
-11227
-15739
9405
12839
15466
2803
-7931
-17509
-10912
7238
-24441
5205
6435
13236
-32373
14236
30603
5729
15149
-105
-9426
-18566
16611
-9523
-14112
3427
11883
-1284
-13561
12695
-3642
1280
-8427
-24556
-19377
12821
-28496
31130
27929
-19339
17715
-23333
-25631
-16102
-13372
-29540
-3737
971
-23394
-6094
6030
-31251
-24610
27018
-5599
-1224
-16949
7632
-2679
-20982
-5072
15425
11415
-26177
-24212
17828
15973
-16273
27321
346
17705
25111
23869
12814
10889
-9343
-26742
-9716
-3899
-13182
29827
22462
1969
6846
22948
9672
-5948
23100
-28318
-1223
31600
-3825
27198
30677
-17379
15608
27866
3599
411
-10244
-808
-13190
7706
14042
17831
-25709
3781
-23652
-6165
-10757
-32392
3067
15154
-17821
-13190
18542
-16987
-28026
12909
22837
29944
12643
14643
25058
-14597
24323
-31194
-25222
-4282
-18672
15591
8405
-4407
14339
8293
31289
16701
26164
-30728
-21414
-28860
1157
31808
-10494
9713
-19842
-23077
-12523
30315
-11928
-17373
28309
25544
-22144
31925
-20151
13787
-16939
12071
-7870
-32497
-10729
-15504
-14080
-7143
-10049
-27039
-30623
29250
-23370
-23129
-1363
11161
19727
11547
-22633
-20687
-16913
-20224
24567
-7509
24764
-12215
-12673
10682
21942
-6988
-20074
17299
18431
-14064
18544
2609
-21824
-31660
-19261
-8059
15284
30960
4939
-4006
-19932
19795
17443
11174
11036
-16126
-23319
-3623
28951
20420
-10518
17328
1070
9254
-15090
-11513
29383
1133
-10891
8066
-24651
-4009
-26313
20953
-18535
11271
28133
-15614
-25999
-26446
21865
-5738
14243
27534
-2558
-26169
5749
7644
-11327
-22055
-11117
-10276
-24953
27662
29337
12076
-23528
-960
31803
17458
21661
18368
-9551
-29225
-14640
-17201
-5250
31768
-10322
10753
13459
8980
-4059
-4251
-27502
-10373
-23178
31535
5509
-24585
-907
-12931
-24196
8650
-32163
-12800
-27182
-143
23806
-28333
25096
6607
5223
4780
4721
-1400
-5150
-25907
8377
18409
22271
6367
-23069
18067
2877
-4183
15767
-16160
15330
10636
19092
29291
-26723
-10947
29008
11340
-5092
-11758
29636
10546
19407
18411
-14698
-21146
-26600
14074
29507
31393
15264
-9670
27999
-1793
31307
16543
-2225
-21990
-13779
-24897
3049
-8593
1015
16701
-14497
5670
-17741
2345
10471
-32650
-23046
-25876
28982
-32094
26747
10325
18262
-2405
-18244
26026
32641
27940
-20084
14541
-9844
-11213
26597
410
3655
8007
-19864
-20098
-24783
-992
5830
-22483
11254
5964
24153
-16546
-17715
16230
-32185
17343
-23918
-14352
9713
3546
-9500
29252
24068
19660
-7890
-20385
31291
-13162
13924
-11442
-23069
-28900
2894
26603
3764
-27064
6217
19729
-16979
-13745
-28509
30421
-23390
-2182
-21658
-21395
-18122
9870
-26366
-11738
23095
-15252
26653
-28822
-6477
-26103
-8176
-23294
14769
-17061
-4551
-3446
-2593
24011
22999
4700
-11276
-8750
-20772
27628
-16025
-11186
11052
21101
24686
-25671
-30076
-10849
-21987
-30440
17651
-8902
-21272
-4008
19813
-30017
-9936
1396
-20452
1416
-20895
-10142
-3712
-32258
6252
-5734
-8251
-28018
7477
-13150
-825
16857
2531
12715
-31750
-7978
24467
-10327
4794
12995
25534
7144
11287
16300
-10275
9887
-28640
-20924
3216
-12858
-25756
-5386
-17427
-16290
2166
21995
31847
5082
-30076
7628
-4360
-10580
13175
5516
6374
5444
-24303
-13024
-21421
20672
-30836
-10005
19063
11323
-2905
14147
25479
-15561
22941
3564
-10813
-29084
30589
10321
5213
12079
-17891
7172
8474
6525
26168
21657
-25560
28297
28428
30723
10128
8628
-11590
-4314
-23368
-3197
28337
-1038
17203
905
9573
-27760
-4141
-3073
22360
28617
10825
27045
179
-6022
-18705
27200
30107
5970
28729
-15105
9189
12202
296
-994
-30680
-3355
21032
-12770
8831
-7035
19700
17198
-19217
4457
21561
-8684
30491
26234
11618
26453
16736
26429
8240
10728
-30566
-6047
8823
-10789
-28002
28412
-24316
-29540
27316
3321
20853
3666
22776
17523
28900
17910
364
-7797
22996
8082
-20784
8007
-173
13003
-23260
-25739
-15610
17107
-23172
15865
-11000
8593
-990
502
-818
-26559
-10063
-4458
5870
-19631
31949
18561
-11974
9662
-32690
13740
-18184
9564
26446
17807
21274
-20642
32435
-31142
-31591
26112
13543
20341
25241
26728
-5394
25959
23410
-10952
32596
-914
12642
-22878
-22676
-6174
10641
-18341
-3857
-30466
-21476
11796
-6810
25098
31492
10951
24442
-21236
32512
32277
-1865
13594
6507
18198
-3307
30022
23397
27454
5187
16874
-9807
11181
29770
-32223
2948
-4647
-22190
-4494
-18141
