-30261
23133
11667849
28787
23080
8995908
16729
28193
432386
10685
18983
7407661
15040
20696
47224
17213
2317
630797
3442
150
1655828
135
-9493
655617
8540
18426
4463106
-14938
31141
1550477
21201
8825
1360132
29266
-15543
9522240
-31771
-12414
8659868
18601
-9532
2786566
6373
-11618
6558508
14224
32206
2655288
11001
26424
4337982
18032
25142
3703828
1190
-3849
991237
-21674
27419
779497
10999
32665
4337979
-7649
-31372
5505475
-26177
-12688
15731119
3700
29761
1720370
16084
28601
299636
-27131
-14866
11551632
25168
-1482
13634624
-14688
7437
2398364
-16154
24774
495757
17356
-11741
174104
-18111
16434
2136544
-28143
10482
9454976
-9439
21947
4469104
3489
-8954
1329436
-18456
-25779
2262206
15968
13578
1867892
-13152
-2856
2916484
31451
-18434
8663927
23401
22227
4891950
24779
26951
13238593
29266
-3003
9522240
27989
-31948
9457488
17590
-12465
761859
-12443
14923
4981612
-3780
11529
23238
-8317
17237
4784248
-775
-21144
1180126
9088
14342
4726808
-25250
-18554
13961363
16284
-16515
819834
5827
31655
2185240
-16180
30104
688256
-27920
19980
9454732
10080
-19995
7077900
-4913
-5078
1327575
8647
17881
5376265
19082
22809
2854937
20534
476
247811
19575
29642
2785539
15272
2852
175230
-10194
13646
6619235
-24848
-31743
12588220
-22617
22103
6719965
31894
31019
9118817
-390
-32731
1639159
32016
23286
9438288
13746
32197
3247148
-5112
-10499
155872
2949
-9759
2622232
7548
-25127
5767702
26682
-221
10570343
15684
-9263
1083984
-19348
-32149
2655910
22818
-27119
6656032
-836
6331
533222
12252
27852
4457014
21051
30081
1100551
3462
-30301
1785881
10322
8180
6360096
-21365
-28472
713185
15907
5075
1409136
-35
-13535
327925
31654
-9390
8857725
4328
5231
152590
31656
-921
8531070
-4445
17461
350460
-19903
32614
1100224
-13189
-16981
2655111
31104
15830
12058728
31797
-29236
8530274
-28212
-19278
9586824
15500
31165
696416
-29111
-28678
9587120
-19601
-14466
2655663
-23805
25834
5341376
5548
17023
1076750
18271
-4117
2916619
-17059
21887
1411281
12861
2902
5310469
26209
-2787
16515412
18566
-10896
2850817
17423
-2620
42243
1616
23853
3148816
-20595
-29904
640249
19626
5870
2721287
21335
-24985
713993
23838
14415
5603347
5498
-23833
619015
-3506
753
1133763
-20575
-18614
313852
-31423
23632
8403328
8392
-30185
4849664
16059
1049
39807
26196
5341
15732304
-8324
-13903
4719214
323
-15901
71680
-30533
-4782
11010951
-261
-6648
5119
10130
-30859
6882328
-9503
-11101
4469116
-30025
22663
10623387
22773
-513
6459690
-15984
-27766
1606792
-31963
-31503
9700224
7678
-25640
5308447
27518
27021
9003119
-27078
3194
11618967
15903
12604
1343859
-27601
27167
8675715
-19752
-21502
1491142
-27856
1649
9715840
28534
-6057
9125995
-20078
-12136
1688776
4782
-26530
1133583
-10489
-7730
6426961
-25489
-15210
13116839
23939
-23601
5865496
-24994
-4552
13961395
-11428
11540
4989514
27417
13576
8810866
-9660
-3263
5253744
-20317
-5749
901316
-29537
-121
11272579
-10471
21230
6689106
-25795
17300
13181101
-24750
24444
13173928
6224
31820
6294560
-9133
-9287
4271200
-11055
-12595
4469060
4473
-5923
676102
19389
32712
2197533
-15843
-29481
1409153
5072
30254
286740
-19976
32338
1229006
-2445
22278
3736756
-3876
-26534
283334
24722
-14598
13173824
-11872
-8741
5507148
-16811
20398
1085424
-26528
28068
15466660
23657
17115
4891942
-996
12845
271074
-325
31057
7167
17975
-24996
3311891
25588
-823
12722266
-335
-9053
7676
1508
-21400
1319436
-19910
31798
1166023
919
9709
664857
-30349
22660
11080836
-1568
-14046
3408108
23901
24837
5605393
-21123
18607
1687765
-16676
11572
299766
-22736
-26831
6590672
-7629
-5781
5570752
-26992
30861
11031704
-24906
16380
12785851
11956
-31614
4331578
-29145
9543
9847217
25909
-14613
12728642
-11909
-27570
4723527
-19030
25010
3247791
13643
11273
2267425
-18090
-3243
2333921
2218
-25630
2688519
25804
-266
13246528
21877
-17435
717058
-7632
21273
5505216
9990
-14886
6492177
22623
-23026
6588707
14408
10475
2263136
30545
-963
11011368
-19492
-22794
2392758
-3182
-14797
2688184
6594
-25093
7407656
-7682
27278
5308623
-7481
-26026
5376457
-27468
-8587
9068674
-26494
-7953
15270048
12346
29840
4262407
-2753
3195
2103719
-11417
10236
5120333
-13654
23955
2203295
-96
-7014
264444
-22392
27790
2801888
-31196
30078
11797136
23214
-2947
4308031
12693
-6651
5768968
-4541
-8981
1132784
-22214
-8394
2218727
-20960
-3673
1360112
-4548
-2416
1067766
-30302
-15432
11864204
30959
2472
10491247
-31795
-4074
8724629
-21364
4251
712928
-15772
-3128
1868420
-13579
1196
2265498
21026
-28379
1425408
-18867
-9407
3247281
-6122
-23528
2311393
17929
-12625
3309840
5918
-31273
2445331
30659
-27383
10553400
-10599
2098
7213402
3762
-19592
89148
-21288
-9765
1491158
-14615
996
2266526
-9909
24326
6429025
-1789
-30232
2167008
31935
-16220
8921447
-32205
18458
9764992
10160
-27863
6294556
28826
24641
9257539
-30372
11544
10754690
18828
20787
3833864
-9928
16976
6428774
-12870
-27561
5311071
17067
18470
1085199
-24399
18135
4752836
-26979
3798
11358361
-8677
-16481
5505907
-30114
-16827
11864211
-13050
-9343
5439569
8614
-24951
5703693
29190
-21244
9650241
20620
-31777
704512
-29206
-316
9520799
-5015
26612
681446
-19900
29947
1100480
15654
8001
1540177
-21309
-31812
647392
29781
-14686
10489632
-10743
-1355
7471440
-11721
-9456
5376323
16538
-17267
885251
-16687
-19807
299508
-8344
-2183
4850798
-30476
5810
10621066
26135
-17851
15861073
-13041
17939
5244243
-15572
-549
1344130
-25438
21764
13443236
-5361
-29393
30195
2646
5666
3345425
7352
29376
4857894
11062
12061
4923435
-25149
8941
13699224
22509
-3236
2212893
-10744
-4521
7471184
10196
31322
6554132
15841
-15596
1343836
25873
16152
12596544
-7868
27983
4201152
30684
26537
10748470
-8925
15474
5570640
15118
11473
111731
3029
9753
2360084
-2474
-6579
3345585
-3929
3104
934341
-3056
9035
2098336
-7036
-13534
4727488
14345
-6199
2261344
-24354
21265
4559047
-6603
13868
7473618
-17133
25017
1148112
17247
-14312
827659
-19718
-31946
1163983
6082
-6234
2181144
-23660
16995
4761304
-6468
6781
6298334
15905
-28486
1343856
-21651
-26626
648429
-12368
21210
4197500
-6419
13587
6362333
19557
-28736
2917124
8158
-4677
4522039
10797
-23779
5578801
25801
-12599
13246784
-23638
8032
4304607
20856
711
708614
-28745
26087
8538555
-17812
20549
1615606
31376
21628
8926328
-16966
4953
1149663
25763
-20823
13443140
13207
917
2786617
2725
-13756
2366236
12575
-1312
4460803
-2279
18016
2494898
26662
12669
10960993
10538
-30267
6623779
20411
5708
52031
-16406
14328
100095
20140
-25881
56894
26991
27321
11031911
-17825
7589
1354227
24618
-29773
12911171
-27729
8474
8416671
27074
32521
11618408
187
-18640
525063
161
7686
786692
19508
-14135
2263042
-9664
18813
5253232
29379
-18025
9521224
-13130
-23552
2850947
-24290
-30146
4559043
8092
-12011
4981306
30460
-30854
10490430
21322
12722
778249
19161
-32040
2527510
28093
-17352
9521245
15130
30569
373363
15248
-1605
566392
-20228
-7573
53966
11815
-21728
5636401
-16596
-25809
299762
8954
-298
5308943
24868
6822
12849728
-9979
-30775
6296416
902
6003
729113
-29154
29525
9781427
-8033
18182
4981187
-26878
6574
10571920
6892
10706
4208190
25719
-28485
13246787
-12968
19867
5638226
-18051
11133
2724069
-9878
-1631
6887015
-9658
-31113
5449841
-27090
-13811
11878547
20074
-20115
1689143
-4007
29158
412098
14108
6345
2396722
-15693
-13583
1150092
23152
-15563
5809204
-20849
-17673
579067
-5798
29432
2448099
11700
-30034
5376026
9802
-24338
7538705
30516
4411
11141162
21873
-24432
587012
8062
-31369
4784175
21682
-3119
648196
-10899
26690
4797509
-2658
3363
3997867
18818
17375
3768328
20486
-5885
245761
-31607
13616
9052544
-1516
4466
1058544
26797
10517
11093093
-14380
-28266
2392724
32704
-20715
8390776
-21769
24117
193019
-26394
13589
15143085
29548
14163
11011630
-18317
-7999
2720996
6208
-8341
6293536
30841
-17033
11141478
30865
-3821
11011424
5479
-25250
946437
15193
9690
958826
-2980
-3944
2362018
3554
17405
1392668
32745
-25359
8521086
-7949
-7644
4265164
-5073
28001
287203
-16881
11489
1082867
-10736
18606
7341136
24518
24683
4425785
14965
-28564
1745266
-20912
-23225
1101040
-2177
-30614
2621871
17061
7160
1346316
-2251
13389
2752938
-4903
30416
1458646
-5936
-16734
2380004
-16023
26692
693638
-13584
18066
2135196
14374
-1724
2588769
25741
5385
13182017
-28377
-29702
8802689
-10986
-1065
4404289
-4216
10424
671992
6784
-26755
4730936
-27870
-13055
9781376
24851
23100
12653632
-23355
-3980
4760512
-17879
28428
1483250
18607
6702
2655495
22187
-16903
2154271
20032
22398
1099824
29642
7579
10684473
-7359
-2229
4727240
16159
1822
299379
22247
-4395
2543901
1178
21239
860675
-19487
-11000
2392508
17447
-3595
434433
24922
-31962
12917315
-30314
-3131
12256393
26130
9327
15795280
-19950
579
1164480
18852
11084
3443212
22298
-8870
2478611
9195
-16704
4204319
-2932
25930
2752672
-14103
12686
2266510
23655
14790
5153061
-12277
-17893
4325697
-10284
1113
6554196
-24346
2371
4690125
29917
-8028
10817573
-30629
-10047
10750851
-23877
-29862
5278671
29426
12327
9520204
21617
-8945
582916
-11767
17259
5374272
11400
-1799
4857888
-18477
-19118
2457780
32349
-18400
9767025
23236
-18545
4241976
17374
26567
368663
-18356
1791
2263264
-1702
-28064
2431715
22728
14790
6979616
21292
-27526
1360386
11689
17444
5377310
-2135
-21149
2231742
10400
-20302
7077924
32292
21126
9699952
-17910
5142
1286385
5935
23122
2380051
-31135
20724
12321172
-9504
6165
4468860
-14880
5157
1351820
-28328
-25294
8804482
7230
10913
4270119
27036
-28246
12337770
-32565
18115
9044353
26048
8772
13641800
-29728
28179
10748060
-25858
-21296
12660927
4319
10539
282887
-10854
-4609
6103627
-17296
-16096
566500
-25260
-6294
13635216
25551
24932
12853591
3220
-13933
2622976
1828
22971
2363920
-15722
28700
1803401
23976
-24287
5409822
19080
1346
2789400
13659
-27989
2399011
-25926
22150
12663487
-20449
-17636
311747
19910
19126
1296409
-12229
-14865
4197191
-8268
-29786
4327546
12830
3180
5570563
22729
21273
6979872
-5800
1649
2513122
-5226
-7162
746745
14377
9843
2523490
13953
-18197
2658616
9829
4226
8127252
20169
-13867
186680
2685
-28066
3735573
23753
-5499
4890912
-4450
-26135
872699
8884
-25789
5376010
17791
-29449
569607
-11076
-20715
4727366
21693
-25549
647173
15202
-18484
893036
21542
18266
516097
-18427
-24539
2130912
10312
5405
6424608
-12104
2922
4849734
-5953
6358
2638311
-19668
6729
1360578
4973
-25505
615437
21606
-3803
1040389
10656
23106
7604268
-18631
10318
2785710
14695
30748
3051877
4436
-21116
24064
-23466
11054
4435137
-22230
-14083
2478819
8351
-7291
4980995
-14309
-25664
2392963
-25537
10814
12593575
-2686
-2834
3735720
17065
-21345
1215758
-8401
20931
4460915
1645
3298
3736597
6872
12109
4599862
-26939
2882
10509208
-1683
-7527
2692325
10237
-13599
6357021
15036
28901
47742
5164
19925
287234
-4611
17696
1130717
21882
12148
651783
-2650
31351
3606701
-2197
-31223
2623407
-28804
-29280
8929966
-15587
-12213
1409153
-26434
2719
15270055
12115
6536
4785192
4505
11645
1982730
-16768
-21436
561400
7418
-11170
5308959
-18439
20134
2261438
31246
-1896
9512051
-32560
28366
8654980
9066
-17093
4793871
-31601
15871
8922499
31318
-13026
9645169
-15160
14360
696448
-4032
-1749
18624
20480
-23052
49152
-26369
30999
14684591
26659
13358
10829920
-3746
-11365
350403
27654
13364
8609889
-13083
-14123
5505884
11030
-5728
4404273
-26048
12175
13641904
621
2507
1639429
10211
-30911
6619164
-31657
-491
8531329
-28677
8698
8405951
8455
-30213
4329729
18124
31090
2267160
12555
5355
4329729
-19848
-21543
1753286
9617
20584
5776648
21941
15376
1239306
5968
5584
2638856
11173
17129
4467516
29251
16817
9521216
-15562
-2944
761995
22808
-19936
6721570
-18998
-23665
3377321
-13615
-25494
2396564
16931
28786
1409024
32130
31658
10027096
29855
20461
11272483
-32294
-16002
9765511
-20712
-8064
446706
-28503
3902
9061766
-30561
2412
11272579
-13231
7247
2133376
-16033
29254
301443
8337
22218
4719872
12544
-4273
4198400
25225
-17325
14287176
-9978
26345
6492257
18892
27632
3311624
-22449
-25683
2149859
953
-10955
141598
-16748
4510
562936
-9375
-32009
4989292
-2581
-28020
3147695
25837
-17420
12661837
31166
22524
11602031
32346
11588
9767539
-10358
-15466
7012441
-2744
-9191
2234528
-31024
-14574
10752148
1531
-6335
1057551
28605
-8920
8472701
24298
30649
4298303
27127
-10996
11682155
-794
543
1507549
10376
20744
6946848
-228
23868
266994
6281
9104
6947104
27211
13064
9595249
872
17142
664590
22883
23388
7180324
-10878
-14566
5840968
29704
19911
10616864
576
-4289
1050624
-5391
-26895
30204
-839
-7561
664038
-2327
-27153
2233790
32005
-11746
9438032
13299
-10917
2196540
20427
679
182585
6645
22539
7471402
25275
-27884
13634383
-17906
-4498
1156339
15566
-32479
1409111
1852
16816
2621966
-6095
-529
2376160
21076
-15780
1101312
23883
20628
5409041
-19760
-3876
1360068
-7432
29104
5374158
902
-15384
729113
-16385
1977
33279
-3488
31395
1851588
-15129
-17654
438669
-6310
-23956
7144139
-7437
17202
5309644
8175
8586
4195647
25480
5976
13246552
13869
-14553
3506225
-27501
25589
9004160
17079
-3772
1214731
-9574
8035
5059195
18774
25917
2333697
-16889
4242
1212913
18290
18108
2720780
-19268
21783
2654886
-13016
3726
5636178
32593
24218
8914280
19785
23192
1231120
-26213
-31686
16516011
-12529
-1398
4199795
3266
-12438
2686976
10178
-29435
6359064
-2451
-26729
3736757
4356
11722
20992
25855
-1830
12595535
-14947
21239
1941641
-7789
-22684
5833928
23760
11855
5537812
-12093
19503
4784192
31048
16754
10623072
6806
-23402
4928569
23244
17544
4372536
-31711
30891
8659328
-7356
21399
4727496
-9287
-16191
4335998
-29393
-21034
9716115
14901
12409
1223026
30539
-10469
11141417
-31675
307
8399744
-25993
12879
14295475
-32632
19924
9044096
22187
24348
2154271
-25874
-4758
12661951
3028
28531
2359828
-32210
-5472
9764995
4268
-9897
542214
29395
-20052
9781316
-20605
19214
639224
8615
19405
5638413
-14401
12818
2132383
12554
-18491
4395009
-31237
930
9446287
2959
32305
2622747
-21877
30298
717305
30167
-16037
11927845
24620
14450
12845634
-17288
-28647
696550
-23766
-25426
5604035
-29688
22237
10616960
-22539
15158
6455770
7841
31378
4462908
-11655
-3844
5898566
-23437
7236
4826308
3863
19968
152881
-5182
12660
92408
26436
28570
15204936
-12452
-26508
4981354
-7632
5133
5505216
25660
-15735
12593734
-2930
-28229
2688163
8302
-10409
4785159
20743
23392
184577
11945
-7024
4332862
21474
-22736
385052
10401
-14008
7078180
-26551
-8218
14813600
-8428
-7211
4200048
-9012
3648
4857952
31491
8215
8466544
20980
-13365
1228810
-4729
-10071
1720793
-24949
-1695
13242809
-25731
19778
13181101
-2758
31543
2169511
-23858
-30198
5603527
15275
-12624
44927
2582
-2602
3343377
6779
20593
5776183
16126
23445
102527
-11524
-20741
5243470
-32727
-8159
8782210
20033
16359
1100080
4891
32027
1327875
-20965
21812
1360883
-13993
29093
2268545
-24609
-686
12845495
-14201
6599
2785665
22458
11462
2214431
-19117
32278
2202784
-9997
-18707
6362220
-6823
30887
4602306
-7776
-19990
5507276
-3806
12702
348352
23907
-16961
6127636
-24335
1862
4232652
4457
28559
677126
-15490
-369
630927
21579
-14202
190721
-19322
-116
2850977
4146
4695
344064
18921
-26856
3310862
-23792
26463
5276864
-18076
-16730
2921188
30817
19018
11272548
4521
-10315
1199374
-9858
-1423
6885479
7296
-23801
4726816
-31930
-9009
9117833
-7613
8183
5310656
28285
17374
10043509
32234
14141
9504351
30416
-32530
10752052
-6065
-32274
2117091
-5547
-25969
1077232
17350
9994
239641
-21375
-7517
582112
29712
24100
10486816
-12956
29944
6029908
-7235
27246
4270301
-15164
-18729
565888
7228
-7192
4205094
-11566
-10780
5570628
-14909
3486
1157256
-17801
1507
1745395
25264
-10040
13634636
22807
9936
6460705
13223
13124
2525501
4235
-29333
672001
4583
16572
1458445
20231
-6507
184625
25655
-30443
12724547
-8841
-14319
5898579
-14266
17811
2328705
11457
-13893
4727072
7325
24932
5054497
31159
-9892
11667819
24595
-22884
12649536
-3732
9189
546502
-32767
-18380
8388992
-32622
-25621
8979584
-25545
8076
12724643
29426
27523
9520204
-18680
14172
2265264
-26156
29463
15991460
10081
29081
7078156
5758
-15254
3751959
32663
-16245
9045369
-20373
-12475
575431
2155
-28334
2623239
-27164
15162
9724556
-3298
-849
1392835
17902
25808
1156111
14640
5899
2396256
-15602
-7629
1148035
-226
32116
332019
1399
-26043
667907
-28440
-25944
8541326
20226
15714
118832
-17337
29874
174561
-18480
24608
2392244
-6378
19892
6493393
11401
11308
4858144
-25220
9272
14156438
-5711
24881
3165676
-8970
13900
5439579
25748
5750
13116992
-18026
-27609
3900649
-17033
-15536
1737171
11421
19835
5054497
-17222
-27162
631527
-14023
6027
2267526
-14480
-9293
2655372
-21869
29616
652536
-21001
-805
1229275
-2062
31097
2163900
16711
-31983
170241
-27040
-10031
12337300
18976
9671
3440656
-6462
-17285
6363352
-20227
-24781
118989
20513
-29029
311552
19586
22217
2719744
3970
20319
606264
-31006
-20882
10817692
-20558
24549
118012
19248
27536
2396176
-5608
-27845
1466610
8609
-23389
5507340
-28654
6057
8471680
-1660
-15596
3670760
-1003
-17852
10208
-20430
15969
377024
8516
24487
4200960
-3352
-10130
1197262
13978
-17821
2986555
-12304
13079
4195452
9621
6715
5777160
-3856
-8746
21708
-5566
-11769
1140976
-31857
-1355
8922523
-14596
6293
2134686
-23486
15437
4303040
-31733
8687
8528257
-29734
15786
10814103
-16215
-15826
689542
-4543
-15802
1067504
-4218
1138
737529
2198
-15633
2819073
-31397
-9604
8665987
18330
25466
2982427
-15382
-12043
108191
11026
31159
4273200
-6679
-9501
5383630
-32146
18999
10028167
-4192
-2054
280828
11239
-9429
4596029
9833
18608
7996694
-21474
-16551
385251
-12812
19447
5374042
6958
23877
4534323
5707
-32534
3295505
-4482
14566
1655031
-4135
7091
410102
6673
18361
5252400
29349
8888
9718604
-11317
1334
4335961
31216
-18741
11535468
-26230
20046
16449705
24827
8724
12587855
-21568
26670
59640
18016
-17400
3964948
-5336
23517
422130
7134
4550
4530231
5597
-24866
1400837
4781
5606
1133581
-23024
-3366
7374032
-3867
-32300
283596
30994
20282
10556512
-24669
13479
12912828
13080
24745
5636098
-25807
-22743
12857776
19571
501
2720772
-31104
-3714
11014296
1297
-20768
13568
10772
-25135
5252656
-435
-27091
1117425
12862
-6761
5310471
-11927
13037
4855110
-9806
-6657
7408748
-14875
19816
1352588
18739
-13248
2461696
18563
15490
2719744
10583
-26422
6429985
-20540
-15252
51960
657
15970
1574152
1348
1347
14848
18769
-25077
2137344
26999
3540
11161955
954
32225
76319
-13991
1329
2529666
-4063
-6068
278976
-30141
-27562
11602064
-1771
-12353
2103264
-4349
-13758
86256
-19776
18431
1099976
6047
-4282
2900251
-4924
2749
549600
28222
18994
9521271
-10484
22973
6426704
25414
4531
13312073
6942
-18464
4534323
19628
-25722
2655750
-24538
18445
4686017
-25738
4645
13312171
-27022
2554
12141716
-11072
20451
4726848
12280
24215
4325438
-24177
-29996
5801419
-24321
-18810
4231631
-25764
25861
13378218
-19586
9617
2719919
-15993
-538
1737097
-4028
17639
19136
6798
-8048
4797499
11619
18874
6094868
-21608
-1786
975098
1790
-889
2166815
-27300
27868
8682114
-20005
13090
1360839
13477
-11701
2917156
-23807
-9880
5276096
22483
28412
2474004
-760
-21839
1179856
29192
2973
9584704
8961
12403
5243136
-31694
28345
8724608
10218
1548
6358559
10275
-830
6619168
10819
21421
5318704
-22767
-24678
6329808
-13202
8064
2720903
-16581
-16806
558063
2411
17718
2627335
26502
2798
15401049
14226
5651
2720824
-31496
19776
8532110
-31688
10165
8530054
31534
-12144
8728691
19324
-15188
2654734
-8393
-13589
4850027
22107
-26370
3459859
-11363
11738
5054553
18805
-7277
2789634
-29587
12280
11076741
30893
2560
11076709
-24348
-3967
4494028
1742
19111
2428951
-14773
-24342
3312017
-3936
29020
803012
20616
-4425
704512
22854
-12662
6527009
3537
27388
1327380
30621
17003
11337785
19262
-11264
2719759
-26762
24883
11223179
4004
25338
281148
-32621
-16203
8979584
17894
7972
1548301
13010
149
5570564
-15954
-17598
1150095
-12434
-31713
4785263
5734
-19478
4145173
-946
11933
77027
-21381
-4374
582631
28769
-779
9191748
12400
17822
4719620
-29075
-17091
10044597
-31821
-10633
8465564
11620
30117
6029844
-17299
-1726
632037
5015
-13966
681241
6907
-14194
4207423
12922
-7276
5833223
-25208
-16297
14287000
-15521
11780
827787
-18664
-8186
2527410
23707
12469
5022499
9062
-481
5185549
-21115
26634
1623000
2997
-729
2230554
-6513
11339
6821339
22866
26107
6396960
-6372
-5558
6558418
-14180
-31653
2916994
13401
23980
2525474
393
32174
1704200
8774
4589
5441537
-2727
2808
2496930
15798
16790
1280091
6972
-8515
4727342
-4442
2354
481533
9452
-12102
4208142
-26241
-14214
15208871
2854
27495
2560017
-14191
-3375
2655616
5084
-14552
287254
22175
6574
2937115
32181
-11549
9570650
13157
6356
2917164
11404
-26467
4857888
30984
-8608
10621024
4465
-4136
546052
-11224
495
4595778
12094
-26516
4784175
8287
-27291
4458755
15596
13763
1082974
9244
16814
4465154
21598
-24497
387075
-3653
-9361
1067983
9167
-12771
4464919
18697
-5107
2265344
-27608
5502
8806530
7231
-22257
4204839
-8483
-12319
4526197
9741
-8821
7406609
10679
-28774
7473451
7598
-19819
5311519
-19776
-24805
1099976
7530
-2240
5834263
-7889
18177
4460995
3536
-21005
1327124
-22482
-13260
2474211
-23115
-28474
5417418
32398
-7846
8983675
-17559
-5374
697838
11997
-24532
4526133
995
-14854
335900
-16725
27751
40959
25593
-17270
12722526
-28024
-24359
10109064
30703
-15640
10487103
19556
16009
2916868
8429
-20158
4264973
6556
-3239
8127018
386
-5302
1638408
18010
5641
3508755
-31496
-8928
8532110
8576
10834
5767176
-7123
-16497
4530369
14695
30582
3051877
-4288
-24426
540904
-28188
-12705
9716364
-6438
8108
6623959
17071
21640
1084687
13986
-6200
2463804
-20703
12489
315888
20944
-20637
1359876
31608
17420
9052270
1983
12159
2099487
-268
-27050
135418
23508
-27577
4497972
-7196
2097
4465372
-7346
9629
4793547
145
11479
525568
8252
-11979
4196870
-28073
16781
9588097
-28410
-26877
8605825
-2103
-31058
2230712
-9597
-4981
4796536
14431
-24266
2394467
-17199
14490
1343956
-12061
7811
4526156
-25654
30356
12789945
28635
-8761
8668023
-29247
-12476
9456024
-9137
-15221
4205923
-11902
5873
5832776
-16444
6225
35576
216
21815
397318
17408
25579
40960
5957
13940
2638600
-10165
25255
6424929
-6253
13816
6882520
29115
-20552
9456463
-4171
27973
150010
-20270
26826
381124
-14749
-5739
4030612
-22426
25032
3129573
-8505
-13289
4331897
3438
24307
1655831
9811
5531
7408656
22953
-30189
7507246
23814
3763
5472273
24955
27306
13112135
-5979
6630
2900964
12624
-1095
4201472
328
31411
137216
-11384
-2367
4857944
-23971
13555
5605569
-15763
-9145
1672325
-27662
15454
8479900
1095
-24595
141569
-13651
6718
2202781
-3289
-24679
1458625
4789
-23545
1198346
7514
19455
5573139
-13953
-15756
2658695
-29539
-5637
11337857
854
-2387
730121
-25712
-3345
13116600
-18080
13942
2920676
-4709
-32002
1852379
18075
6158
2921243
-10166
-26156
6490209
28347
-28503
8412031
17668
-24072
45568
-21562
5224
256249
16920
27138
1474562
-28698
23707
8863933
14781
-18868
3246189
-9478
-5202
4272767
-6628
21591
7602898
-24567
-25475
4358592
-15458
7771
893083
8460
16033
4329472
28157
-11874
9519197
9078
-8254
4923403
6932
-11137
4208176
-7554
-18177
5832903
27170
-29297
9789552
3132
24282
2099718
-29812
22065
11141272
-18642
-27917
2461875
3115
-27356
2360067
15657
-906
1474898
15349
13089
172410
18364
11694
2132510
21933
-20387
1174541
-26978
21493
11358363
22594
18241
6391840
-13873
10867
3441031
1615
31783
3149075
-12109
-24308
4785220
-29552
1444
11011200
22378
-16202
2737679
-28427
30077
8540554
-5110
-4407
221409
16810
-10673
1150479
31493
13416
8401776
-2516
-27698
3408562
3138
-31631
2164736
-118
12700
721145
-14763
-30581
3182480
22222
19595
2478103
-7352
-6420
4858056
24162
13846
6127668
-21660
-18315
844524
-7323
28443
4989900
31647
26105
9183611
-30606
-30005
11076740
-19694
-32478
1164480
-12074
-15976
4657221
-31489
23989
8401295
-27399
-26467
8548750
-6244
-17556
7078618
-9585
5230
4732283
30538
30174
11206697
1624
20602
3541010
-27613
12195
8740992
-29389
2973
9781392
-12806
-30332
5309023
10724
29275
7602732
-22738
9377
6656211
21800
20278
454658
16425
-20682
426242
-17340
32310
43744
18980
-6553
3441168
16749
-5229
627717
-9325
30927
4793464
-29455
20520
9455004
13137
-28605
2655528
-13419
22657
2656152
-29457
32591
9455007
-2859
-11810
2364324
3269
29393
2622208
-19113
-11051
2268577
30263
-6649
11667763
-32658
4222
8979591
-20483
31719
114941
-20307
30592
640197
32662
4689
9110649
-30446
-14460
10556544
12578
-27832
4526080
-26588
30747
14942880
5630
-22455
1138703
-9846
23774
8061033
-14721
-10122
3703191
18366
-20740
2197535
31616
16506
8921208
12933
23031
5767944
32644
-30005
8913528
-31700
-7567
8659586
30743
-11966
10618209
-29067
28890
10109362
-12870
30135
5311071
21150
-15386
1949707
5674
8454
3490323
16432
8767
294912
-29334
30150
10045079
-28567
18823
9061766
-1222
21854
598767
-11728
30410
5505088
-3283
-8604
1392833
16771
27951
1671176
-19214
-5686
2200748
14803
27634
3506276
1187
8258
860164
-23558
4411
4301535
2927
-30567
2622735
-19270
17872
2720423
26388
4581
14685776
12499
5901
4526084
26847
-13621
10768743
12061
4813
4526129
-12020
-6454
4329536
13111
1967
2785579
12864
31409
5244928
-20192
14097
315584
-6171
4073
6554588
16888
-6798
1212430
9986
-6824
6361104
-16546
-26016
884971
22911
14101
6852903
13972
9975
2659896
-3628
26400
1327812
-21739
-32188
63472
-29949
5561
10555536
22091
29933
3328273
22080
8244
3196944
-19431
-15467
2523554
-8409
-18848
4591985
-18484
-15476
2263224
-26663
22199
10895766
-30281
-14344
11667851
3730
-23549
611384
3742
20914
872507
19667
15209
1425428
2007
4805
2490645
14715
-21144
2659175
12600
-26719
4331526
10876
31118
5775926
4432
-5035
23552
28205
-19711
9781361
-9313
-29173
4989307
-31485
29548
8466560
26175
2952
15731031
30772
8699
10618978
21617
894
582916
1023
5100
8479
1145
21338
663814
10858
-2088
5842487
12314
6834
4522499
11465
-16306
4858144
14503
-2663
3047781
-22134
20217
3916009
6674
18441
5317680
27943
-26271
9847121
10231
-6873
6422811
15685
16003
1084240
23673
-21606
4890918
7214
-5689
4530211
-14991
4500
570756
-18370
25472
2197735
25256
6784
13765710
5208
12638
419842
-22575
28991
6586836
-2021
-7593
2360291
27153
5061
9463152
14588
-32190
2134638
32345
-26252
9832818
-18797
-10395
2725048
14454
-20255
2850915
-25387
5085
13894548
27283
-28805
9008248
-17251
-1558
893153
4119
23639
148737
-20532
-12682
182520
-17596
30097
565992
-16262
32095
623239
32318
27985
9504887
20121
23268
971066
-18032
1630
3704040
21464
-30058
450582
-14289
-2822
2392451
-28739
3790
8472765
18888
-6707
3311624
31252
-492
9447024
16389
-19339
33536
24844
-8814
12718144
-23894
1989
5344975
-6246
-6634
7144155
-1391
20976
538104
-11022
25647
4273228
16084
-31486
299636
2233
-30988
2752774
19741
30046
1425425
10202
10124
6619671
11788
26032
5374000
17543
13033
696577
19423
7466
2392343
10200
7679
6684694
-4230
2532
606959
4103
-23461
147713
-4175
-20423
19964
27472
1750
8938600
12305
23553
4195584
5520
27814
1598472
-10432
29299
6815816
-17193
-19038
1475029
-1741
-16088
2429152
-11003
-10050
4207424
-14898
21390
1417351
19676
7591
1360406
-14998
17796
636551
18378
1661
2328601
9108
-1655
4728344
-15608
9949
1212544
27389
24846
8482941
21085
9347
1427457
30552
5109
11403306
-12606
29115
4266104
-9806
24922
7408748
-2005
22717
2360291
-10813
32543
5318728
9180
-15646
4465174
3184
-15931
2622468
-31433
15966
8534403
1120
27193
794628
-32605
17746
9240708
-17025
31906
1606103
16829
15789
1148941
21118
10547
1687559
-18572
-2610
2785450
20631
-718
705793
17110
-24460
1540101
10138
-12669
7143963
-24825
-22522
12718513
8905
-4479
5376264
-23518
2772
4563136
-16970
-4276
1280219
2311
29180
2232577
-26080
19905
13902000
31921
7560
8922468
30194
-18396
11600940
32574
-25977
8978543
-22688
-9433
7110860
28508
31867
9192042
2789
28377
2364188
-8871
29624
5638482
30234
-2563
11862579
-22759
-8181
6722002
30845
3957
11075685
20779
20131
316163
-3447
-8013
1720776
-443
11037
1051632
-5236
21180
680184
-20317
-5242
901316
4341
-20616
151818
-23658
-14881
4957401
11558
2039
5701649
12041
7299
4329776
-2054
2809
2163391
21467
-6720
320279
13687
21759
2789667
-29069
22088
10044596
13450
15059
2850849
14650
-15792
2202215
24152
16448
5670962
25675
24106
12724545
21500
-728
57886
-13599
23442
2396572
-25735
8856
13246894
15425
26925
43360
14114
-3674
2461744
17651
-592
111628
-26111
5222
13640112
-2765
24542
2429088
-10035
-28161
6623333
29200
-32700
9454656
22458
21670
2214431
-18718
-2494
2461884
-19272
32330
2785446
-11650
21151
5832775
10380
27270
6946848
12787
24733
5309452
27448
30713
9068654
4141
10376
344065
963
13326
75800
-32593
-22610
8914311
17570
-24346
892932
-32667
-26203
9175940
26835
25531
10834020
21413
8488
322332
-10432
31791
6815816
2100
-57
2230274
-20055
-17440
1232334
-9491
-17911
4273277
-28695
-12968
8537534
-3553
29898
1327555
28873
-19665
9060672
-12901
12512
6030171
-19568
-8939
2655416
6492
-21348
6560290
-17642
-24702
242929
25321
12206
13763918
24451
16357
4816952
1697
-29263
2365724
-11501
15624
5309504
-16395
20976
164346
25945
-18194
12990786
-11499
-8117
5244736
-3287
-3977
1458626
-24735
3662
13369772
-22892
-13645
6854360
-15981
26767
1672328
-7928
23999
4329664
11943
408
4593981
27271
10224
9073017
29922
29258
10817580
23538
32300
4301884
8732
-28821
5505538
-13375
-17366
2132376
-23652
-775
5022426
18604
-28709
2655750
29433
-1443
9584974
21218
7468
1425420
-5733
-16986
3949547
-24035
12421
5603521
-22496
-31323
2408672
9217
27024
4202752
23709
-19132
5087265
10777
-11746
5644594
-30007
-6841
10623384
2789
1142
2364188
-3313
3521
1066435
26457
-21015
15597898
31274
1230
9773683
-5078
-8794
352995
-26318
3756
15012000
-29022
-25865
8739004
24815
-31585
12588367
11450
-22556
4792871
-13398
22862
2199199
21608
-22622
713734
930
5440
337948
-18127
-24683
2396640
12967
28913
5638413
-4170
16543
215291
-28398
-29016
8475776
29447
32418
9584961
-27832
-9240
9068680
30654
23891
10553407
21929
14524
1240334
859
-26611
795403
23691
-1945
4890913
-30059
-3350
11016088
-31573
-9181
8923015
-23562
14942
4432091
25556
12400
12853844
5846
3382
2576405
-1001
-30265
140769
-25209
-26840
14287257
-32098
-31925
10289291
-3681
-22729
1851851
25419
18830
13246793
19277
2053
2720777
7222
-8414
4401187
804
11186
1311232
-31588
-7372
9183874
8881
-28976
5246220
27317
17930
8550778
27535
30917
8938875
-17971
13030
3506405
32726
-25554
8847477
31491
30163
8466544
4440
-915
415746
23542
-21475
4431931
-23121
13990
5287375
19097
-29990
3051802
-30764
-5461
10748564
21198
17974
1425415
-12968
15076
5638226
21922
-16342
1435660
3276
-10806
2752512
26895
-9203
10507619
30999
-1789
10622305
24469
-18011
4753208
-5651
-28577
3228909
24151
18529
5410097
-25061
-20024
13894579
-11585
18148
5245263
17466
28258
109063
30069
22147
11145506
-5604
31986
1336050
6813
-13870
5058617
-16628
7030
168176
-27713
4943
8415647
-16261
-13043
557959
10605
12300
6886437
7376
11530
5505044
24426
-25544
4818479
-13310
17996
2195584
14538
6895
2850913
21095
5778
2015493
29164
23475
9455182
-5987
-24971
2965729
29552
24733
11011116
6076
-24961
2116126
-20903
-8050
1493490
-18122
-6865
2332899
29519
19214
11011371
-7718
5818
5571271
-10591
-11448
6560092
30184
-28818
11666478
-32266
-467
9633931
-16718
-15505
105724
-3012
-14364
2099878
3462
880
1785881
10485
27087
6426922
-18286
-463
2720992
-21420
14111
61152
3558
-236
1523741
-8642
20897
5310583
1989
-23814
2099992
12640
-32617
4984836
-8916
24553
5505618
-30634
-3453
10685569
-10150
16355
6621795
11281
7796
4203808
-24581
-24268
12583871
14546
12452
2461796
-10827
-4829
5384522
-743
29273
1442258
-3766
-2573
219329
-20551
20700
182782
-25296
-16603
13893776
-311
-21935
137720
-93
-20479
329980
2853
19418
2364176
-5810
-23148
2186467
-20787
-3223
381173
24155
27881
5540659
16991
28438
1345795
-15885
-3781
1148044
561
12965
1310976
8007
21122
4849961
7809
-25198
4723000
-18662
-27561
2462387
27085
-15207
11878501
7839
18160
4985147
30399
-6840
10492223
-1864
-12052
2752742
-27932
2353
9716364
32230
-5691
9896029
-6914
-7380
4272335
-27404
-23836
8548490
24740
-25290
13369924
-11119
-8080
4728128
-13490
-29349
2720907
-29068
30244
10109106
-27925
-32546
9455503
-29429
-5544
9585041
-12042
-26728
4395083
7078
-3782
4663357
23389
21148
5087273
-15007
-29983
831876
15221
14127
696682
-23367
-5387
4891078
-5823
-560
2120160
-22873
22480
6724061
-19810
-30756
1949899
9690
22778
5579271
-7923
-32146
4265153
10286
-1963
6619171
-8056
23138
4849856
7674
8784
5308959
-6324
18592
6947016
6027
10009
2769177
16929
-20438
1343744
-161
-20124
786923
-28903
-29341
8802738
-16269
31935
623748
7478
-21588
5441555
24088
16654
5668914
-2908
6365
2884260
-29562
29134
11206785
-26776
-8419
11158670
24392
-12127
4882472
22344
-15529
2801672
16654
7560
103427
-2158
9299
2688184
1904
14033
2622476
30989
31087
10556513
-535
21250
1181150
9074
-9998
4793356
5924
-11011
2380304
14682
23881
2464355
-18365
-30544
2197728
26035
-32473
13708364
-20148
-22875
186560
-12553
5546
4329851
-9241
26616
4596093
-28980
18467
8542392
-12855
31213
5376344
-16037
16571
301955
-26188
-13513
15861930
-5647
2981
3163628
7611
-28724
5245727
-9796
15540
7342702
16359
-11898
426365
24620
-6750
12845634
-13495
-8081
2785672
19542
1606
2329601
921
-6787
925978
-26130
24683
15795375
16822
11786
1280011
-23381
11038
4761543
26834
11049
10834020
-5519
15947
1598964
-19468
25598
2261178
-27564
25003
8416896
-9934
5783
6623328
24466
16433
4817976
-20844
13191
579320
-14352
-14186
2131100
-7089
13975
4206019
7488
25694
5244944
23289
1223
4370750
26636
-28989
10633312
28228
18421
9456240
-28841
30119
9061801
19164
-26609
2396694
1895
31785
3014925
9692
4231
5513734
27961
21324
9587030
10038
-24622
7012363
10425
-7112
6947110
10455
25470
6689061
23569
26703
4236576
26448
14951
15205448
30773
1383
10619234
7550
10037
5832727
-22971
-19152
7375824
-6236
-20894
6556380
-18122
-10604
2332899
7056
-1869
4727864
5079
-1421
418069
10058
30446
7012361
14134
-6705
2850859
-10771
803
5317709
-17462
29052
239865
-10662
-31143
7670355
-22452
945
2279648
9474
2712
4272128
-13627
-11736
2136984
9001
-19589
5636354
12058
26627
4526643
-9295
18234
4205948
-31377
1213
8926599
-24466
22812
4818119
-31492
-22791
8401550
-10129
-6677
6817127
-29600
-31716
11272324
-6422
-3653
6362847
-25792
25411
13115560
31135
13182
12321131
-18581
-6500
2656175
-5666
-4466
3490023
20957
-20013
1425413
3010
12657
2164760
-27662
28656
8479900
-5549
27710
1142000
-2027
2410
2099168
-18
31765
66815
17695
1337
307459
24526
15615
4554807
-8774
6353
5311071
13322
-30438
2326561
-13074
1602
5309535
-327
-16601
137726
-29095
-23748
9849266
-20156
-4975
56000
-26019
14536
13969585
-28590
25660
8473728
-8530
-26246
4267135
31357
12638
10035317
653
9197
1639433
10040
19939
6946830
-13041
-10008
5244243
-23965
-25854
6127812
-30639
1070
10489216
30986
26027
10686561
-18829
19106
3769524
30400
-23598
10491960
24593
-10789
12584256
-25488
-9050
13116580
4322
32707
348172
15704
-12114
1476690
-23085
25610
5611716
23486
26672
4302911
1845
-6367
2752778
-714
21377
1247443
9189
-10021
4465436
-26361
-29179
14815649
-28128
15179
9715840
30087
8520
12189993
27245
15023
10052725
-10796
2834
5513796
-28408
8547
8540288
22297
-17345
2543890
-27098
29472
12009617
-7934
-31812
4264128
-17954
-25116
3506407
1132
-24432
534022
-20907
-4475
1101808
1050
1899
336387
-2118
-31916
2165439
-6190
4723
6619348
-24495
2934
4230592
-23410
-6562
4826307
14480
-10905
2655328
-2201
-8694
3015085
-3991
20601
673222
-20417
-3339
51655
20850
-14566
644100
-9155
-9476
4270181
-14149
14394
2655111
-16920
-25956
1213662
-6684
18481
5513932
-16479
23646
297468
-17596
7988
565992
-3018
-25903
2295971
-31334
11190
10297995
-19229
19910
2461868
25133
22066
13959233
24224
20193
4495420
-29322
26702
10174611
28984
29617
8542278
10442
9440
7012385
5569
-30706
1075464
-30009
-21932
10623385
-8580
-18545
5767798
30086
-30511
12255273
-29742
-9838
10813588
-22490
-15041
2605281
-26933
-14261
10639769
26393
-10813
15077714
25448
-786
13247566
11476
10270
5505556
-21115
-25984
1623000
16483
-17211
884740
-10074
12795
7274597
-13409
-23524
2916763
3743
-6692
807227
-17723
19811
48120
-16219
3269
820100
31913
22460
9053542
22909
14555
6918181
-13969
-27790
2659719
-7652
17071
5505730
-17767
6166
963066
-9515
2434
4469620
-13191
7670
2785670
17112
-4356
1474566
2661
-8626
3932948
-29766
3028
10554015
-18722
13072
2461879
-23854
13559
5603524
23313
-10582
4240688
19380
-22759
2263066
-21197
4045
1425616
20014
28932
1425459
27475
-4017
9004136
-29682
-29400
10552451
14100
-16618
2135600
9069
-11991
4793357
-22759
-29048
6722002
23258
9580
4567607
27994
13505
9783891
21164
9051
1101326
24087
16422
5408049
-30635
20590
10489728
7015
8050
5120301
15777
22716
1345884
-30253
-30042
11862148
16048
24290
40060
608
-19239
1835012
3880
-29832
413746
-24026
-7667
5734593
-9440
23769
4468848
25921
14558
12597568
952
24669
141342
-15547
-32675
566152
-3873
9910
283079
-27294
19472
9269380
-10059
-19552
6947170
5731
-19069
4014100
19390
-5295
2197535
24113
-27600
5538096
-11151
30072
4728132
13870
-7929
3506227
10243
-30112
6357024
23871
-19068
5277975
30407
18747
10623289
-11605
-30517
5246799
-2094
-12238
2425012
12345
-24670
4327686
-8628
12075
5376112
-2182
-14004
2687663
-964
-13993
10982
-13972
-4534
2659974
-17841
-29683
1093107
32043
-6418
9700179
-14092
-24620
2265226
16095
24652
299383
32335
22742
9440627
-10194
-20802
6619235
22824
7765
6721570
-2313
-16305
2232763
18123
23472
2267417
-18205
3749
2461932
2479
19818
3149071
-21404
30939
844516
-23574
-3751
4302559
-28367
-18161
8671616
27891
-3608
9520220
-7270
-10318
5055195
23407
31095
4760879
21565
15770
124933
12808
4415
5373952
20425
17382
182584
22724
14186
6849056
-825
23051
664033
12425
-21039
4849920
-4549
3569
1068023
5646
2612
3228691
-7274
-26580
4924633
7091
-18186
4271164
28622
21328
8732791
-18668
27173
2135728
1528
-2824
1187854
30840
18197
11141222
7337
10760
4859174
23759
-13254
5538071
13707
17846
3834153
229
28829
267020
-26806
4723
11223177
-23250
-29440
4567235
-1743
-27000
2363872
-22238
5215
2478304
28710
-24250
8863809
-17442
-16269
368887
560
-3703
1310720
27973
-10236
9456464
-30385
-20414
10493315
-24640
-6810
12585144
-14281
15075
2263427
1604
9362
3148304
-14055
31312
2527618
2636
8281
3278864
-32541
10911
8720524
-11267
-13045
4268125
-24049
-20970
5277123
22472
3083
2279448
-14110
28945
2461836
24182
28542
5996595
-1437
-11567
1908980
-14833
13555
3179923
-28723
-5755
8732853
32005
-20439
9438032
-32657
-20065
8914311
-7885
22236
4526272
-6043
-13702
2900964
28028
-23493
9978454
-20549
-26147
52223
14300
-10356
2392630
-18052
-9796
2659046
960
-31568
10264
28552
19230
9060472
-10503
25657
6426974
-17989
-19456
3181551
26705
-13132
10505568
19964
18678
1098270
-7627
32426
5376450
23064
-4167
5677106
24387
-23515
4816936
6806
-10244
4928569
32230
-3757
9896029
-7000
17208
4859078
-17041
-2462
1607127
-10902
5334
4798023
10017
-127
6557968
-14265
15473
2263425
-15533
31288
631944
-13310
-28836
2195584
-24294
-4421
4559555
-6405
-3335
6296543
9321
-18760
4859142
12045
20357
4265009
-28829
31814
9257132
-18762
16740
2332859
21327
4424
582923
-8610
4284
5572723
-594
31376
1117407
-23099
28342
5286856
-16569
29820
688617
24216
29629
5148730
31142
-32703
11995245
-8684
19379
5244528
-8485
-18074
4461431
-28104
-17208
9586822
-10196
-27043
6554210
-8937
28450
5375313
-12611
-14528
4266109
-22686
6112
7176396
-8502
-15123
4397177
24910
-10395
12655683
-28697
-26441
8798653
27624
-8451
8545406
-12232
-14448
4327494
-21294
-1901
1425620
16376
8606
163966
-18894
17598
3506352
-1685
21211
2627559
-4214
-31099
737529
11920
17830
4723768
-32103
31091
10355082
6692
-28546
5513776
3101
-1043
2424833
25045
2145
13894468
-25188
-19272
14418586
-24229
13624
4496323
17691
-28875
307971
30300
30536
11799090
-16105
32332
169345
29078
8984
10175561
-24065
10940
5276111
27395
-3360
8482928
25947
-21611
12860227
-24139
-157
5409226
-30651
23967
10488704
-26230
-29281
16449705
26487
-22629
15335755
20088
20935
1753142
-5093
-28889
287715
1523
28531
1123340
-12497
-27477
4460915
-3623
-25118
1458630
8690
11578
5309452
-21773
18860
128252
-4182
-29109
85759
16852
-30015
1344004
16233
-22472
689518
15830
21040
1540181
8182
21123
4390971
30984
-29712
10621024
-24257
-22533
4233671
17947
-21884
3441427
-29222
20882
9781911
-5304
670
680168
29656
9674
10879030
2871
-5601
2752779
25650
13867
12918848
-29851
-13657
11273100
20790
-14662
251907
-13304
792
2261120
-19930
15519
1556673
-1806
22210
2168044
3294
-17046
1392663
-10662
-13675
7670355
3754
-2151
89663
-30893
-30826
11076744
-21876
17415
717048
20313
-17258
966954
-23911
10655
6193610
-6347
-28554
6947274
-16279
-8634
689542
23789
-4667
5342237
31275
31428
9708403
-8793
14002
5638493
385
6811
1573128
-21226
-5151
1295569
-3894
-19676
737473
21591
274
191745
-32052
11883
9570440
-15391
-3587
303516
-24704
30681
13107384
-13290
-13997
2327681
17115
-63
1344263
-18198
12965
2201327
10950
-31723
4405305
-16619
-14580
38896
-23957
-27776
5801927
13356
-14162
2392610
25099
28536
13762881
-13630
-18835
2201752
14740
-17066
3704424
-31601
-18858
8922499
-24294
16147
4559555
-10431
4264
6816072
17340
30936
43550
-29142
19607
9781939
5542
-12127
1533965
-32001
6576
9437583
12660
15774
4853762
-32676
-20856
8653442
-24572
-4994
4227776
-1705
29740
2235873
-24623
-20607
12845492
7761
9012
5246256
-14168
6869
2786438
12830
-22879
5570563
11574
13752
5441555
24630
13197
12781635
16495
-17020
558343
-15497
25815
696715
27766
18798
9134179
-3829
-14306
152001
-7091
-9322
4271297
-9606
-28142
5841527
14009
21784
2267454
9695
-143
5513479
-18479
-18634
2392500
-934
11394
338659
744
-10838
1180686
-10890
-1970
4927555
-19319
-1815
2785696
-19072
-29205
3702952
5333
2475
291588
8890
-13931
5310991
-17340
4316
43744
-30836
-17595
11141272
22409
11301
2801944
-14378
-31719
2588821
18907
18184
3441415
23826
23056
5342224
25271
16948
13764939
-32386
29531
8982663
-15424
13889
43160
6360
-19773
6688806
-11889
26740
5768523
26352
-387
14685276
-30747
-7383
10748828
1291
-29297
143617
21861
20107
848644
9395
12538
4793348
2917
32602
2884364
-18276
11131
2917090
4335
32576
21775
-12153
-8439
4849985
22351
27268
2671883
23414
-22249
4956203
-1652
14573
3801320
24274
-24623
4558900
22559
11069
6586659
5607
10788
1466637
-1679
30367
2627044
7856
18156
4201532
7778
-5744
6094900
25867
10689
12726593
652
29505
1703944
-8147
17061
4522177
-26180
-12572
15731374
13436
-17783
2654758
3010
-7408
2164760
23991
3428
5409051
28848
5400
8930372
-11785
23550
5374283
30145
-26652
11536680
-6995
28791
4793541
-26797
4636
11093128
10952
31109
4339768
-33
-698
262647
-29748
-12064
10619032
13336
-10207
2523170
-26495
-11056
15204768
-23242
-3416
4438211
-14681
-4331
2529693
8494
-11890
4526083
10262
-21476
6489121
-18388
-2235
2392802
13987
-9165
2463804
3571
17202
1131548
-22776
9627
6459600
-23352
-13899
4890816
3072
-24642
2097152
-8098
17625
4524227
-751
-20318
1050064
3840
32656
20528
-19334
-19047
2720423
29053
5717
8998981
929
-201
272668
-11491
-29443
5570625
28385
31720
8671612
17574
9199
1024005
21368
20098
712718
-4925
9923
614624
2095
1518
2359555
26066
-31477
13967428
-24013
25697
5603520
12690
-2125
5833736
14521
28878
2785638
29998
16690
10817571
8034
7924
5046316
-1338
-4617
211193
7608
8324
5376030
19566
-6030
2720775
-10892
-8552
4862018
18444
21160
2260992
-10559
12237
6297944
9445
17070
4469516
1208
31040
663558
-4682
3299
1263835
-15395
5173
368789
-17867
8289
1223154
14600
18824
2265184
-5002
-17690
745699
8965
10621
5243648
-7206
-13620
4530903
-21056
-29173
1099992
21926
3584
1566733
-17514
-10605
763129
-17794
21523
1679607
13563
9369
2134831
-26964
-27
10509982
13421
32663
2720805
730
-10372
1376775
24407
-9477
4883753
-28371
-24937
8736897
41
26641
393474
30525
-24442
11075629
-22440
13667
2541794
-5073
-4564
287203
16010
6331
757881
-28701
2924
8732860
-24330
-16736
4427979
12050
-31918
4265008
-8689
4343
5244275
31564
-14361
9052264
-10193
13600
6553955
1734
-29997
2299929
2052
6252
2097664
-4298
11355
737515
30900
28671
11141218
9349
10002
4727552
4352
20386
20480
8520
-22410
4331520
-14508
-9035
2655880
-6883
-28824
4534465
14796
-23740
3311720
-25930
-10463
12794043
-22408
-26512
2801894
2112
15051
2099200
27927
94
9586001
-556
-14736
1311444
-25353
-27866
13762971
27214
-28845
9530483
29343
-32167
10240331
16459
24366
166145
22843
10071
6331175
-31678
23161
8464512
-29638
2572
10553991
-23919
30571
5801416
-6281
-10283
6947275
9464
26247
4337678
20798
15382
120839
31526
3371
8859761
14208
-1132
2654264
-28145
-22089
9454979
-24029
11084
5603520
20713
24347
185614
4850
26553
1131532
214
-32014
462853
20674
-5698
638976
-26462
-10716
15532196
12171
-7082
4849977
-18689
5562
2134463
23233
-32642
4241720
-18311
18582
2785766
4738
23350
1654792
-26947
-6189
10573981
-27664
-25830
8414364
4990
-6367
614415
-28102
16316
9521799
4984
28697
679950
14644
18437
2267234
19115
-13812
2137887
-21
-14945
2047
-8969
-12037
5374299
4065
-25408
278844
32512
-14324
8392816
8513
-32673
4200704
-14240
2298
2916484
-22290
-473
2217199
-29651
16162
10813569
-28735
-5113
8407480
5801
2958
2252062
32453
-6938
8395640
5079
-15003
418069
21981
-4535
1433605
15607
-29392
1212763
12833
-5579
5505280
-3932
-9990
803524
4509
18866
1916937
-12173
-17730
4785220
28780
-4555
8930886
-116
1981
655608
-27088
25203
11813008
32541
-13966
8720497
16766
1067
626695
28331
-12645
8413055
11148
-13346
4857912
-22268
-15281
2151136
9124
8311
4467228
-7041
-23260
4727239
10201
13924
6684950
-28706
13106
8732855
12120
-20342
5111850
17661
12221
110605
7298
3848
4792352
-24496
-20701
4230336
1713
1338
2104604
-28553
-31873
9060739
-3252
26552
2752680
-3657
-5547
1198539
-19128
-16098
2267296
9204
-21743
4333594
-3555
-20569
1392833
550
21510
1507329
-19040
-22361
3442860
-4786
-21695
1133779
28838
4336
9388101
-2290
-10893
2167987
-31124
-29448
12060310
18440
-26367
2260992
30529
-22089
11010344
-27459
-32147
9003141
10585
-2112
6691106
938
31637
77343
12631
18522
4332801
3105
-4909
2359552
2096
15332
2359296
15013
-23585
310140
-25510
-24018
12921507
22347
21618
2801929
-2039
13509
2228704
28221
6379
9521269
-3959
-30898
672192
-23158
12087
6004937
-18480
-21714
2392244
-31224
-2187
11665552
-13763
-18040
3246229
-32012
12606
9568394
-18457
-5046
2523581
-30219
-14048
11665802
1896
30473
2753550
243
-6265
70668
7550
-7195
5832727
-21395
-12804
648421
23494
-11218
4433977
-10532
11566
6558294
25825
-26926
12857676
-5542
27459
1403635
25488
21872
13116504
-8445
-7875
4264048
-9959
-4239
6689122
1767
16547
2494749
4588
-18439
1066510
13127
-7456
2785577
431
-28870
1051919
13625
-4400
2267430
1836
-24015
2363922
17757
-23540
374785
21834
6524
260097
4697
19165
1460482
11
-32750
131329
-27093
-28254
11813779
-4272
-24141
541928
5221
-8911
811780
27264
20586
8941688
27221
28936
9465712
-4494
-19476
1656052
-10536
-23045
6688854
27772
-29064
8938086
-2151
17825
3015098
2100
-25710
2230274
-32735
9676
8651136
-15890
-13728
1148047
951
-16101
141595
-25731
-17524
13181101
-27073
8688
11553175
16005
13835
562040
-11684
7577
5507650
28530
-8313
8995948
-12816
-19526
5243996
-1057
10751
270839
-15990
4110
1802377
21557
-7998
190722
-8039
-6929
5112258
-15846
-15917
1409667
11363
-12655
5054500
26425
1452
15335758
31842
23435
9248868
18251
-24460
2785545
-23292
3261
4240064
23098
20807
5351991
28784
-25247
8930372
-27090
-25527
11878547
18896
-3736
3440644
9149
29903
4270109
29606
-9150
10946621
-4977
-18498
550371
-21867
28322
587768
-2494
-32243
3213488
-27656
-9778
8544414
6282
16128
7012385
19114
8613
2203167
17289
17150
696600
13734
-6952
3639341
21492
31740
188442
15881
-6929
1212784
-18901
25307
3441587
10210
-20598
6619164
-10442
-21625
7012427
-25268
24999
13764752
4431
-24955
23811
-20868
23732
1622774
-32751
-31118
8390016
14330
-31243
2196031
13013
17617
5505796
10242
-9311
6357024
21377
24225
581912
-27962
-11986
9652361
-7392
-20971
5505216
-32485
16840
8655747
-11312
-23250
4464724
-3860
29327
22222
10376
10289
6946848
18599
-14930
3047685
22355
19619
2737160
-24728
25102
13239470
-7938
25452
4264143
927
-28864
794907
-21996
-23837
1107696
20844
-1107
579078
-25876
22831
12596926
-27625
19206
8545665
-29294
-24731
10044568
1591
-15335
3279123
-19275
24340
2785698
1651
-3019
3736596
682
18163
1117711
-4438
-30408
89855
-287
-31544
266748
22608
-25452
6327328
12745
-17181
5376264
31231
-25498
11534703
-26100
26608
13770928
1188
9009
795140
7210
21697
4530723
22530
11032
6389792
4947
-10132
615432
13949
17008
3768373
704
-27196
1050632
-13135
-26756
2655620
5967
-8835
2639115
-27317
-21239
8550785
25098
22822
13828161
6242
26373
7143460
14222
31088
2720827
-19025
16122
3181999
-13594
-28578
2592925
9988
-6630
6296080
27832
-14692
9068646
31097
-31452
11145574
9767
25712
7733521
7031
-7815
4858155
-13440
13457
2654360
-24517
-23657
4230087
21392
-12893
582680
22448
-15607
2149404
-15995
8609
1606536
10654
-27788
8192043
-6930
16706
4273359
-30728
412
10616990
-2727
-4713
2496930
18347
-4732
2133791
23834
29178
5603859
20745
27132
184576
-29658
15089
10944641
-29242
2124
9652377
-12373
12311
4198271
-6551
-19615
7996886
-30602
-12660
11206787
-8564
21662
4853880
-6556
23637
8127188
25396
7133
13246538
-20293
642
574407
-18066
-21156
2725095
14899
14001
1417328
-17230
25534
632036
13670
-7031
3117093
-13153
19137
2916739
31893
-28024
8922976
-18430
10237
2195680
-19256
7199
2785440
-6363
11445
6558672
24022
20774
5734421
23666
15992
4826148
-4796
26777
1067728
-27788
-19948
9068682
16485
-11184
819972
-23914
2119
5997769
25672
31890
12724288
-23178
-7959
4960451
-8489
-9895
4591989
23086
-8359
5611571
-705
-17127
1051095
16483
-6652
884740
-27880
-9793
9846914
22744
15680
6721574
-22242
-30726
2478307
-4177
28274
19967
15445
-1789
44896
26741
69
11157858
-14604
-15231
2265242
-32053
17605
9570697
700
-2577
1051150
27316
-9050
8550522
-4222
20734
606456
2082
-24051
2424832
17001
9505
1737990
-26414
4900
15012004
18905
-15880
3571974
-17403
7174
41952
-25930
-5572
12794043
-6201
-29817
6425049
15462
-20260
1024101
31159
-28685
11667819
-18544
-31510
2655416
-10754
20213
5316687
-23270
10423
4567747
15092
-32619
176250
-29027
-8342
9261241
-4188
11265
281340
-26376
-19251
14815406
-331
-20213
137722
-18819
23415
3768501
-18728
1959
2527414
-27758
-9892
9004184
-22815
23798
6590940
25557
32689
12854100
-27122
6821
11617427
-7397
4861
5505987
-21121
-7138
1622487
-29901
18299
10817680
-24645
20427
12585919
-20517
-27779
312311
-23117
-29517
5352652
-2854
-11153
2429607
-7650
947
5570755
18972
14027
3441170
-23316
8667
4241102
-6945
-2799
4469191
11326
-29767
4270119
21560
-7604
190470
-16045
17396
105600
30843
-27421
11010919
-19151
-8555
2396576
-24869
18671
12850103
-24370
9197
4559047
27995
-8031
9718611
9761
27586
7602448
-21786
7093
520445
-30425
5109
10883457
18888
13241
3311624
10588
14923
6560290
24342
-26088
4428849
12119
-20007
4850985
-19052
21805
3704488
21579
-3837
190721
6431
-1836
6557987
21784
-24086
454658
9608
6945
5906440
-10602
26017
7017561
-17464
11934
174328
-4206
9615
607480
-4413
-12121
88312
15721
9920
1738070
716
31668
1181704
-26641
-20682
10503583
-25383
30476
14025110
-26596
-9300
14942882
-5672
-18113
3555558
8346
-15823
5046787
-22754
8808
6656211
9865
-24500
6951192
31439
8598
8663415
9303
19635
4336897
-29705
6474
10617243
-26521
6456
15597989
-28457
2708
8802693
-29669
31096
10748803
22474
-10699
2344985
-10504
-12045
6426718
199
29665
655617
-8741
43
5505879
18769
-13631
2137344
-2779
22433
2364320
-26910
-8176
10834076
-16870
-18204
1409779
7343
-18208
4728103
1476
-26376
1059336
-24444
-1966
4752064
-26021
-14272
13904819
6489
-569
6691106
28323
11465
8738940
-19272
31170
2785446
-3874
31711
348359
18424
29493
2261022
-6400
-16990
6295760
17963
-27704
3441427
-15732
-23104
1736840
-19407
-4892
2392480
-11712
-28778
5244992
-15873
-2332
1081743
4588
30986
1066510
-3339
2493
1196490
-22594
14993
6392031
9375
-16612
4989187
2567
-8308
3277073
-10436
13662
6816334
9811
8862
7408656
-18139
-15492
2397152
-14487
-11815
2786702
1982
-28288
2164767
26431
7278
15204687
-31918
7020
8987784
26659
-8315
10829920
-30394
-3351
10688641
-5817
-1803
2251233
21546
-13344
385539
-14020
-25318
2136710
27171
5513
9789552
-5624
-14987
1204464
7348
-32125
4857890
16844
29767
1214472
28462
4242
8736883
22357
-6249
2672392
-7639
8586
5636546
-14089
-24754
2265483
-13513
-23441
2785675
17352
32639
174104
-30010
-7635
10688665
-584
-21133
1181918
-5759
-461
3686888
-5944
19985
2769120
-16936
-27425
1474774
8340
29169
4720128
4426
-320
219137
20164
17603
55864
-14472
6547
2785422
-16207
30808
558468
28717
-26599
8732737
17423
13526
42243
8386
-25289
4784128
2645
832
3149584
4988
8754
549390
17647
26870
46351
-25357
17352
13698204
-331
16062
137722
30433
5011
10752316
-29764
-27126
10488478
18097
-6942
2137372
6203
18747
6294311
30648
15072
10618942
11886
15578
5833783
-6259
5060
6882521
-32314
-27980
9635977
5473
-1040
815364
22415
2550
2671899
14397
13472
2197605
22375
23321
3064077
-18242
-8385
2719975
-17429
3489
43007
4293
26757
541440
22005
4396
1237258
24850
-3089
12653632
-6288
-21288
6816972
-12412
2456
4719224
4178
-4702
84992
2253
-15962
2428933
6378
-19184
6362671
16609
-7143
299276
-5393
26600
30207
-320
-28070
6392
9648
24871
5254156
-10517
-20705
6297439
21045
19104
1231106
8825
23249
5898502
32632
7495
9044078
24197
-9052
4756280
-8488
-26369
4591734
17964
-23019
3441170
-18668
-267
2135728
-27972
8230
9456270
-2272
-20513
2363568
32237
25713
9503837
-6713
15618
5384649
14309
-27481
2392892
12467
4570
4785156
5578
1417
1271817
20540
8685
51718
10394
18495
7143971
-20605
12467
639224
18383
-25734
2392343
-1845
-3416
2752993
14725
17576
3703656
-5078
-8398
352995
115
-22857
590852
-25554
-23466
12918947
-5933
-29239
2445540
25757
-3731
13443137
31750
10629
8593505
4066
32132
344124
14382
21071
2457699
31290
8284
9513591
10419
-24283
6882340
-19181
4671
2200736
-19133
-23561
2201760
-30035
31553
10558621
20092
-11242
1622582
9497
-14302
4600066
2936
23410
2752526
31742
1831
8462463
-16280
446
689286
30738
721
10552416
27658
16166
8609889
22134
-28761
3915795
-27261
3173
10051720
20429
-12264
376885
30369
-31618
10754364
29987
2745
10817568
-18577
-16373
2655663
-20545
-15767
51711
-9381
21645
4989803
-19493
9005
2393015
952
14111
141342
1607
31986
3279121
-16842
-6441
1280243
-4873
-21535
1196507
1355
-7171
145665
-16854
22883
1409779
-1891
5565
2949345
2172
885
2621958
14270
21460
2197567
19894
-6348
1296411
-29650
-3032
10813571
5274
-12650
877059
-15066
30236
503937
-31187
-20630
11862161
-362
-3112
726265
-9657
5355
5384561
6055
-518
2509085
-4541
4234
1132784
-30167
-19596
11927954
-13561
12228
2265489
27499
-14962
8939375
17945
9939
3571986
18818
5805
3768328
31908
22235
9183844
3234
29765
2949124
146
-3311
590848
-11961
-26104
4331841
29790
-14478
10815523
-11265
-13068
4202847
-31679
-12139
8399232
4202
-32350
607751
-15092
-18711
176256
-27101
-31720
11878544
14212
22474
2654776
-17738
5684
243963
3397
2032
1067792
3265
38
2621696
-15105
-6688
45455
-31883
-11845
9052554
-14798
13791
3506320
-29033
15414
9065913
10263
22940
6423841
23180
19673
4894776
-17028
31555
1606358
15143
2243
438641
27974
14792
9652305
5444
-31040
31232
7920
25014
4199484
-7941
4276
4199375
-28291
3902
8999045
-1031
-9125
139774
-31215
900
11535760
8455
32187
4329729
24631
20183
12716355
5303
-26321
680195
3797
2985
283444
23593
20347
4628770
7942
19013
4395057
-3330
-26908
1130703
3654
-11405
1263665
-28476
-32200
8929920
-24128
16644
5277896
11932
22426
4985402
-9660
-24492
5253744
25945
10059
12990786
-19059
19715
3769513
20400
-10009
52284
29909
8006
10752804
6176
23586
6553632
-26900
-28948
10507934
-28539
12510
8930176
3243
28271
2623239
6445
15820
6623265
-26326
-19022
15012515
31392
-12582
8665212
-18090
-16270
2333921
27628
-19593
8414846
-25234
29333
14222487
-20603
-22238
574456
1310
12985
339971
-25485
32158
13182116
-28136
668
9846914
-20847
-19444
579064
19825
8940
1623316
-4533
-24885
1198577
-17766
-20875
897787
-5672
-10961
3555558
18516
8492
2133504
-13558
-27765
2330769
4256
26718
802820
-19035
30915
3443628
-8584
-3574
5898358
20618
-27754
770049
28845
-12071
8995909
19779
14468
1165328
10102
23114
7012363
11457
-29634
4727072
-20381
17954
901316
-31357
9597
10035336
9721
15030
5382414
15362
9629
106592
-29724
18262
10748572
-778
26140
1245403
-30744
10000
10618014
-5287
13442
942570
-12031
-22954
4198720
-32101
-27536
10224523
5913
-22936
2511122
7995
-29350
4719407
-7716
21646
5505734
-521
-15040
1180123
-27944
-1893
9846918
-16681
-19275
430581
4452
23936
807428
-16025
-20863
954757
-30698
-5536
10683521
11984
-22937
4460596
-31020
31237
10752660
4956
-510
811530
-4612
21770
1065694
-22980
-22913
7375574
-6666
22990
5447883
3101
-5725
2424833
28391
-17945
8802685
30796
-10950
10618976
-2154
-16555
2819257
23784
-2786
5407774
18426
-7313
2195999
-22314
25563
2609381
-10624
14353
6819928
-7153
15068
4203971
-13812
16761
3309712
-13073
-9368
5244255
22839
30655
6461731
-4606
17328
1130736
-28189
12386
9781388
19122
-8286
2202652
-913
30390
533991
21760
30554
61440
-13970
18086
2724999
-32450
-6511
8460423
10829
156
5319729
18878
-12382
3246095
-13179
8104
2655104
27139
18211
9527408
26110
-25705
13705295
2707
-9195
2692120
-21692
18735
582376
-1521
-10956
1058291
19758
31838
1425427
-31842
-31348
9248923
30549
8613
11011880
-22045
-11753
3522796
-20876
12518
1753330
8430
-14647
4264975
3177
-20955
2753798
-22658
24825
6914255
874
-9568
599567
-28865
18623
8929711
3380
-22186
1198098
-23501
17268
4563136
18586
-23404
2982403
-6336
10315
6815944
-25006
-23136
13700272
31553
-11197
8921448
16260
-20637
557688
-19732
21129
1099470
30051
-8185
11341860
11685
-32076
5507868
-2706
29404
2692263
-4748
-31870
1720530
25240
31677
14549066
-7014
31797
5055171
29783
-30172
10620193
-32650
-7844
9109635
-11079
6716
4858182
-9111
26000
4859238
3384
-32083
1198102
2135
2977
2231553
-27780
-22462
8938126
19380
29824
2263066
-25413
-18598
13116327
11768
-28458
5373982
5362
11910
95244
-24190
-11748
5865672
29709
-5617
10552353
31005
-2247
10817633
-26040
13130
13772976
-21571
27444
125181
-15379
13548
107677
-21050
-5496
1296601
18005
1329
3182352
-29835
23413
11141514
30701
1637
10552381
-15324
-19170
303744
-27137
8112
9462159
12347
-19472
4197127
21787
11354
324355
13282
-6168
2457660
-10859
-23528
5777224
-25387
573
13894548
-25316
-7390
13894290
-23540
25086
4366528
1160
2797
663552
-8709
-17467
5243743
-31244
-18476
9576586
-466
-30669
1376499
-24415
5843
5013956
28788
-21195
9060418
-31819
30592
8530330
-11823
-32334
5505348
-28023
28088
10109320
31176
-16787
11667560
-4673
-19611
1067487
-18432
17962
2130144
3553
-19327
1327388
-26949
-6037
10509215
-16762
582
758009
-3079
-6105
2228670
-19047
4953
4096426
6192
30888
6553632
-17526
15920
762105
25900
-15222
12857922
-29282
-12366
10305691
-8602
27068
6226037
2301
19283
2166797
6121
-29952
2245918
-315
32563
7160
-15521
30606
827787
-30676
11013
10748546
-7672
-15704
5374144
-22899
-16860
6919385
12894
-9997
5572611
-21890
-6887
1695991
-11312
-14337
4464724
1406
24651
602119
16344
-16735
426102
4331
-22720
22287
14799
-31114
3440999
-20422
-4953
117447
26453
-92
15206216
12516
13684
4461068
32699
27539
8391551
-11356
11815
4467292
501
-3248
1179914
11273
28547
4333856
-10749
-10541
7405648
-20261
-2171
316359
18142
10967
2461719
12077
-2351
4526129
-21868
-1359
587512
13259
-1102
2263353
28036
-18781
9978456
20820
-10865
56832
-24221
13339
5083332
-9477
909
4207487
-15320
-18207
434306
22093
-8777
3263505
22396
19427
2671118
-29339
-24727
10240916
-24629
-8101
12716473
-2970
606
3080357
28802
-27460
8994880
-2109
-28422
2164920
-6003
-18830
2704609
27166
27974
9789555
-24830
-7907
12652720
30321
18369
12059956
-11218
-2974
4530243
-23396
-21711
5022402
-9126
159
4532835
-15017
5839
179585
-8144
-31455
4456640
-13431
21316
2785688
-630
-15911
1769689
-12749
-19997
5570672
15532
27191
566886
-20412
3327
51904
-24336
2858
4232396
3875
20582
348208
-6407
6065
6427102
18899
-6742
3506180
31399
28986
8796541
13031
-16202
5636365
-23830
31844
5342927
-25386
22308
14090389
-7676
17802
5243584
-10951
3853
4340038
30117
9639
11799340
-11287
-21937
4334942
11219
-12009
4530228
16410
-15868
360963
12925
-32177
5832709
21294
-21245
1425411
12163
-28259
4784184
25661
-826
12658757
11494
-18378
5701661
-31911
11074
9314698
-25384
11368
14024854
5249
-18926
549120
25943
-22333
12729665
27105
2069
11813228
31302
-26851
9644145
-29331
-21809
10044565
1194
16709
599559
-10503
-29175
6426974
-5023
-5441
811492
2985
5289
2231582
-6939
24068
4469708
14486
17986
2851937
-14190
-15666
2720896
-5485
22538
619768
26252
24619
15339608
23217
1398
4242748
-16678
-28842
365303
-3862
22947
87759
4955
32461
811787
14825
-789
3310958
16115
12185
103548
5092
21305
287260
-29647
22532
10748288
-664
10995
1705174
-716
28670
1181906
1717
3230
2234650
-4704
7747
1329372
-16848
25057
1343728
10171
8727
6294303
32469
-12947
8655732
-24639
-30336
12585400
-30401
-32046
10492295
20872
-15291
1753096
-9370
-5666
5185645
3329
1048
1065232
10067
-2350
6882312
-16585
16873
688619
-4791
31350
1198544
9356
17620
4857856
23655
31271
5153061
7561
13708
5898520
-7499
-8663
5376458
13914
-9230
3508787
1907
-25381
2688012
9475
-29601
4272128
20292
-19292
573992
31487
18749
8401279
12343
24013
4327683
9951
-17292
6557975
-26027
-9826
13643696
-30301
-7779
11864204
-23779
11150
5603521
-29914
25450
10948753
-18005
-6892
3182575
-18123
13818
2267618
24404
22974
4752936
20311
-10255
705833
-8995
14971
5570645
14640
4942
2396256
-22580
19183
6457560
-22170
-6458
3133669
-16317
13230
100480
9489
-10689
4207872
-14878
7182
1417356
-12076
-24984
4461124
-1820
28853
2364140
-17998
-26385
3247340
14317
30382
2196541
-28737
26106
8407487
11337
-29236
4335904
22903
-3823
6983971
-3072
27738
2097312
-14624
25510
2396316
32548
-727
8655472
-87
25075
134654
-28211
29535
9781381
27199
21825
9464183
-28599
1153
8538496
29499
-27624
11010863
6305
14118
7078180
23331
20812
4567088
19187
-7489
2200604
21288
17446
1490946
-16480
-26665
297212
8026
3135
5046827
18580
-32601
2655744
9827
5407
8192020
-12324
5647
4457078
-26573
24380
15007904
10285
-2673
6619169
31659
25019
8400767
3302
-15615
1523741
27297
32642
8681852
27032
32180
12468330
24332
-7949
4362288
31564
25549
9052264
-21310
30739
647392
28188
29688
9716338
-2586
-25937
3604653
-10849
-32672
6037835
16357
3829
295804
3330
-15859
1130512
24809
16824
12719438
13770
20888
3377193
21380
28765
582168
-18752
6551
2136248
11723
4261
5376281
-32379
-18661
9962376
28430
-17679
8475763
-888
-17208
663776
-30082
744
12124311
-10219
17911
6293344
4505
-954
1982730
-21514
11436
254203
-2659
-8742
3997865
14354
-23533
2196576
8873
-24290
5377294
13716
-13786
3704360
-27904
-27818
9453696
-10306
21258
6359135
-20561
9817
52735
27709
-28244
8480869
25630
21184
12918851
-12658
31750
4789371
-32631
3430
9044352
-7769
-7746
5638605
-30941
25750
10817680
11809
10687
5505328
-1585
30189
3408359
13370
-13489
2198055
-10301
19164
6359128
-32142
14412
10028164
27999
-30682
9718099
-22246
-21692
2478819
6858
-24319
4405305
-22785
869
6328799
-6835
12372
4275393
-3780
-9237
23238
22256
-23294
2151452
-22062
23749
3522788
-10131
24978
6882405
15280
-10328
44156
-15892
558
1083022
-4106
20356
213243
-340
-11965
7934
30244
1988
11797040
23580
9027
4497954
11789
-3966
5309489
-21281
12256
1360343
-4704
30983
1329372
9344
23114
4726784
21183
16692
1100047
-31259
-13037
9708428
-18367
21237
2132448
6348
-28806
6946848
2643
31433
3214352
164
349
786948
13741
-27378
3247149
-22845
-85
6396120
-32066
22354
9504911
23063
-13193
5416241
-12518
27984
4526707
-4350
-20560
86256
-4890
-583
1523933
16544
-31608
819204
-31731
24307
8463489
-4602
15683
1261809
-1257
31260
144881
1584
-26395
3407888
-11802
27558
5701709
-20479
-30612
49600
31767
-16425
8529249
10132
15362
6817304
-30283
18337
11667850
21172
-6093
1230858
-21846
-23022
130815
17990
-32270
3377169
-16014
32114
627844
-27416
-19646
8549518
6489
-8887
6691106
-18957
-17315
3245228
-7479
14671
5376456
29766
-3710
10684449
26445
15964
15270985
6879
891
4469047
-27766
4557
9134233
-1025
2053
8703
-26388
21549
14685870
-28695
11849
8537534
30109
-17493
12386345
-23794
-13649
5342403
5692
19541
3164694
13389
19414
2198561
-22375
-20723
3064290
30695
8333
10879293
-1483
15056
1190386
24722
11369
13173824
-13741
29582
3247248
21480
-16242
189470
-28899
-28230
8736945
28974
25389
8736835
24480
-19796
4491324
21476
9738
320028
13594
-26822
2462243
31400
28105
8535166
-13435
-20263
2655128
1910
-24326
2818059
-8659
25957
5570673
-19872
18511
1884356
22280
-12955
2281488
-10018
26856
6623335
-21533
9974
385276
31732
1447
8527994
-29885
9843
11075720
-4366
14254
87292
-3017
3494
2230691
-4397
-25451
348404
31803
27462
8399719
30572
-11969
11011630
23823
18839
5276947
-30441
-21382
10622337
-29616
-25412
10488960
5296
9277
549892
21234
-11406
1164300
13196
-11583
2785336
-7148
29586
4204224
23836
18057
5538322
1920
-29929
2621464
9284
-25965
4205056
20486
-25058
245761
9735
2803
7471377
-23540
24730
4366528
3815
-13727
414013
-12649
-30419
4855161
2814
-11103
2166815
2392
22228
2496514
27010
19346
12140648
27462
-3352
9134185
-18133
-8790
2397155
15413
2467
174434
11657
-8886
5898520
30241
-15486
11796784
908
8952
663576
6665
-27931
5382448
-5416
-16223
422134
-18123
4257
2267618
-1105
18637
11775
17142
15572
1277963
10706
-31046
7667748
-5575
4210
1206774
-14571
-19706
2135952
16371
-29124
99452
-14002
10979
2202755
-5040
5073
27872
-28010
-1950
10175625
12852
-13911
5376002
22181
31094
2415388
-14928
-28979
1092748
-20440
-11400
442562
8353
-1312
4980996
18557
-17821
2719749
-17881
-13068
1483249
13462
22030
2851873
-5781
1720
2643943
-10614
-328
7016537
-31502
-18218
8467596
25254
-20857
14092365
-16113
20321
38275
-26270
-27044
15536292
-3247
12812
2622888
-24676
-30401
13370042
19921
17764
1360148
-14756
29336
3443346
-29215
-10597
9716124
3794
-17121
348212
-32142
9754
10028164
19235
17680
2461712
-6726
-17491
5319375
-32554
14858
8851589
-32007
3260
9568654
-9820
-24896
7604844
-12449
21594
4981099
30279
-6310
11667761
-2028
-26828
2098912
-22395
-746
2671584
-23065
20165
5677517
-24263
27923
4364742
5780
-25257
2643480
9841
-13033
7865620
-29498
-15115
11206785
4393
-8601
413954
3867
3511
283443
18218
-12930
2462227
1757
27770
2428949
-11052
-5749
4469316
-1492
15429
1319666
-20936
-28526
1231094
20773
21740
316160
6222
-21503
6360099
22533
-5927
6325024
-24404
4364
4753094
-16141
-4843
103564
2815
-21384
2101535
18538
748
2721287
15187
23279
631912
-19712
-1024
1097920
-4279
27941
672232
30026
17072
10688545
-2043
20290
2098144
19387
11689
2132767
-8781
20587
5311580
26275
-22927
15013980
29531
-20458
11273003
-26256
-30167
15209636
-28612
-27362
8407686
11989
-9818
4461364
19140
-10629
2136600
-18213
6709
2397159
-7951
20411
4199884
23918
11587
5866519
23761
-16681
5538068
3644
28772
1067574
32001
8408
9437520
-19082
-4963
2855075
16517
-2645
557824
3544
7641
1458198
-24270
2743
4559040
-26418
29690
15012007
9667
-5163
5318664
13515
-29621
2785569
-15665
-28612
1343879
3562
-26082
1132063
25218
-26433
14221384
4036
-30251
19000
-27134
8981
11616400
-12496
-22833
4460656
-13602
20949
2461847
-24823
10832
12718512
25236
4535
14157384
16700
599
39430
32741
-32050
8651644
-2203
-22375
2884524
29219
-20303
9781312
28758
1433
8604737
-32005
16470
9438095
-24372
3207
4882624
30990
20671
10556515
-22955
16876
7376848
12661
26973
4854018
26323
1829
15011924
12792
8565
5373966
16787
-25451
1672200
-699
-18279
1051600
-25717
26124
13246905
-20465
23446
50627
-21713
27974
324083
9137
-32302
4205852
18081
25332
2398492
-20520
-5219
442614
12652
30757
4724230
1608
24032
3278864
-22976
-31438
7375056
13477
18512
2917156
29227
-17216
9716547
3998
18365
868411
-5435
-31194
31736
-15547
5620
566152
28787
-14103
8995908
-29784
-28559
10620062
14953
-29794
1746294
5689
-135
3295510
19061
-22253
3834130
-26850
-21983
10834067
27718
-129
8611937
-23051
32351
5415370
-24119
6918
5409224
27041
-5298
11815276
-3569
26184
1066435
-17391
14110
42464
11778
1906
5308464
-19335
23378
2785702
20997
-28729
1098496
-27898
-21478
9650305
-18181
19535
2135023
-5324
-15807
680170
-11615
25080
5507404
30278
19933
11733041
24792
-7578
12980294
-6823
4717
4602306
13650
8006
2202656
-9390
-17939
4793448
-4463
21532
546296
9956
15668
6558236
-24377
12458
4882881
-32232
2285
9830530
-17575
-19569
958954
21491
-17507
123932
23693
24499
4826145
23701
19488
4761376
8431
-2778
4199695
13653
-23693
2137888
-20859
-4920
578552
-23730
15429
4826315
-2008
-13819
2490594
-29367
-23984
9587088
24392
1928
4882472
4318
684
348167
26855
-8181
10899821
22468
-22868
2148888
24350
32601
4558899
18998
-2764
3377171
-27772
15690
8938136
13739
22257
3182383
25495
9630
13247833
-21125
11753
1622999
-10631
-25883
7995734
12820
-6642
5244416
-29756
23901
10488472
3265
-5031
2621696
14195
16022
2720812
-24884
-13845
12720312
7938
1772
4263984
-1890
-16278
2949347
32013
21440
9503825
-23364
-18964
4760262
-30344
20509
11145350
-5190
649
92927
-5915
18124
2380780
-9946
-7983
6754401
-10274
-5618
6619223
-31436
-23733
8534146
5596
-26247
1335814
11075
-13279
4792360
22667
-19928
6979873
162
11824
851972
18068
-28775
2659864
27418
-14287
8745587
13222
-30563
2590781
-29375
-30736
9456016
12574
29211
4526083
29705
25391
10617120
805
-14550
1311488
-11220
-24868
4465218
4506
-11405
1917451
-1919
-16350
2621920
22626
8471
7176228
9238
2537
4400129
3281
-29718
1327380
23047
18294
5415217
-12756
-4570
5505650
21918
1235
1957899
-20685
-32198
381168
-5289
28999
681449
29151
21367
9716039
-5351
6361
422386
-8789
-8903
5246815
-26594
4531
15007907
2770
1390
2428948
9696
-11851
5513228
-26243
-22363
15274149
-7108
18058
4205254
20961
16483
1360140
28676
-14772
8405568
5852
-5328
2380310
30726
-14354
10682465
-21441
8571
59879
3356
-4146
1327634
13059
13714
5308416
26789
-19112
11289444
4601
-21174
1196302
-13769
24297
3312019
27312
-18371
8420476
32366
-1010
10028151
-17839
22519
1093104
-13784
-6998
3571858
24208
18568
4756536
-26018
-8967
13969587
-19558
3458
2982587
-25005
-23565
13700272
27232
6429
10248308
-8840
15134
5898326
27483
-4973
9200491
-3079
-29085
2228670
21935
-5709
1109263
4978
-23287
615436
-28322
-16118
8738947
-29301
-14890
10109337
28678
5610
8601665
21039
-11604
1360131
28084
-10146
9586778
-24291
-1872
4559041
-21818
5166
260345
22220
-32383
2283544
1841
26520
2363664
21405
634
909337
-10541
1225
6623316
24022
11233
5734421
8896
14883
5244936
-291
-15790
332021
-21281
21324
1360343
6013
8922
2703373
-20068
-14592
1884874
12818
-2001
5309440
8256
26974
4196352
20620
-24167
704512
-14219
1194
2785666
4263
27455
934149
14553
-25363
2527590
29511
-10036
11141417
-2995
-22274
2165921
-7733
-14127
5376457
-16118
18379
233601
21536
-17692
319488
-17764
21173
832250
-26594
19583
15007907
-20371
-4024
640197
16292
-3810
297596
-8450
-29187
4264063
-20083
9749
1688777
23990
-24453
5474331
6812
-28
4993594
-16618
27668
234737
-3587
30134
1130701
19384
-416
2263070
30121
-28823
11668782
21042
-2227
1425408
-21066
11585
1296603
10600
-17620
6951974
12056
-16004
4591666
28213
-3562
9587058
10831
7942
5254451
-11561
-22316
5636421
-27783
15020
9068942
-19107
-31156
2463905
-7100
11280
4205248
12071
22912
4591921
-24174
26863
5866696
-16995
12639
1933529
29473
17038
9716032
28685
6371
8471617
26702
12763
10570851
-32370
3155
10028171
-28036
-1147
9978502
14528
-12126
2654304
-1542
27397
3212015
-12984
11927
5376080
27029
-9654
12076904
19081
796
2789656
16666
30169
365059
-10344
-21414
7209050
-19831
-5670
1753544
28009
-12787
10110294
1700
-10588
2365980
27636
12009
8544378
-27189
30292
9595273
-31840
22369
8661148
22504
29092
2278430
-17467
23474
44024
-24261
16644
4234183
21267
18101
1164288
-26938
25196
10705049
14390
2291
2328675
-21369
-6940
713185
-13413
19162
2917275
3341
-15656
1131537
9166
9437
4530199
14788
-22434
3181160
27874
-64
9781340
1440
20398
1320972
18981
-29832
3441424
-12792
-21073
5374064
14074
1169
2200127
-20046
21163
1166540
-22983
-10026
7506390
5850
14840
2445847
3240
-24222
2753542
-4780
-19797
1068752
-20620
-7692
704746
-4788
32042
1198288
31579
20750
9184107
24605
6002
12910657
-26800
-9825
11027592
-16383
14325
33152
10549
2865
6428962
21407
26450
844059
23547
7613
4236095
21305
13946
712974
19811
3171
1949716
18043
6972
3703575
7565
-4972
5833753
-28827
18058
9192364
22684
-21411
7111202
17334
-1256
239643
13624
-2363
2267174
-8411
30149
4461424
13204
32383
2655800
27444
-17061
9068650
6849
-32735
4208952
14951
23594
2007413
-19010
-415
3246255
-3007
-9782
2099616
-5633
-19082
3162607
4651
-2862
1327875
1119
-30888
272643
22433
12506
2410780
-2366
30198
2169016
-7184
13967
4203740
19176
-2567
2266142
-24012
-9432
5408962
11264
-15731
4202528
7029
31647
4858154
-21962
4355
1304819
-573
-15064
1116376
-9313
-24843
4989307
-21306
27205
778465
20781
-15252
380929
27277
-27425
9008249
6580
-10518
7473194
10854
19744
6234165
2544
-21210
3146764
-14041
7318
2527617
1588
-12886
3278866
-19049
-27830
3835305
21253
-6475
1098496
24006
27316
5474329
-21771
8843
193018
25639
-940
12984641
12406
8846
4915203
28327
1247
8804733
-31405
17714
8469632
-22354
-1226
2737383
-21186
25184
1165527
11626
-26161
5834263
-26526
-8821
15532196
24791
-139
12980549
-16936
23033
1474774
-29299
-12453
10044569
31643
-8108
9184123
-7401
5972
5375425
-16591
26130
299504
-23771
6241
5538752
11113
5431
4859182
-21245
-2707
1163472
-31843
-14513
9248921
-19723
5863
1229258
-11852
64
5376074
-21850
-21841
522493
-9674
10907
5449843
31530
29384
8729203
5150
31613
352259
-16117
23825
168321
4452
7445
807428
644
7824
1573384
1057
-20338
270592
-4530
-25304
1133811
-980
21718
271074
4040
-24813
149560
7933
-2489
4263997
-28606
-31863
8472704
22985
5648
7506216
30383
13054
10493247
-18437
-13537
2130879
-9619
3202
5842037
-24460
5157
4882626
-10708
9418
7602770
28821
-26470
8931136
-31258
1703
9904269
-24466
-16077
4818119
-9699
28717
5578865
-21115
-13714
1623000
1712
-17045
2104348
7432
-629
5373968
-19955
-26759
1164481
18049
28834
2658584
-11714
-2671
5310535
10825
-3334
5384496
-21889
14053
1630711
-21313
707
582119
13725
1719
4030505
14905
18962
1223030
14209
19569
2654520
-14767
27321
3181968
9413
-21167
4727552
30115
-19125
11864108
-28064
-6101
10240132
1447
-2059
1452301
-30660
-2688
10488454
5880
-16202
2248734
2940
28499
2621966
-15180
31691
696450
12254
12295
4522039
-10422
-19570
7012425
-19952
15635
1098944
-4733
1989
1655000
-14377
29404
2523541
-20239
30359
54732
167
22435
917765
10231
24799
6422811
2916
109
2884108
-19029
-24353
3182511
24325
-24258
4231984
-18561
17044
2654639
20277
-17411
704810
27766
32598
9134179
16722
-24657
105472
-5774
-23268
2708708
11900
11438
5767734
-7182
22924
4269276
24928
13185
13373508
7394
-15064
5570588
-18982
-1364
3506855
-31550
13556
8986752
17146
22719
1147407
-15300
24944
43654
31114
-7977
12255337
6444
21313
6558242
28017
16171
9979220
-9435
26150
4469616
17564
24445
827906
7693
15771
5309489
-16356
-2153
295554
-10264
31758
6423646
-10901
-5365
4732743
-21695
-12127
582120
-9701
20458
5514099
30425
1223
10883382
-20060
6041
1362636
27234
-1610
10313844
26071
-16836
14033221
29544
-15442
11142190
-1769
876
2233825
5162
11077
352771
-32664
19309
9045126
-26999
5687
11162008
-3900
-3840
541376
14504
-14521
2786406
-26496
20772
15204512
24884
-9279
12720194
-2777
-13703
2494881
19782
31068
1296401
10595
-29225
7147556
-20946
-4150
1425651
3262
-14990
2686983
14174
-6994
2981931
5
28489
768
10571
5830
6428961
22909
-14500
6918181
-23210
11773
4439233
22337
9890
2670856
-11611
2541
5507916
7278
-13012
4793383
21716
-18417
324100
4433
-29293
23808
24582
-4136
12779585
558
31319
1376259
20360
12303
704568
28812
22537
9060416
9585
-11048
4732164
-302
-24022
332020
31034
4750
10558055
-2446
22625
3736756
-17593
24663
696809
-28263
24673
10371466
-977
23263
270819
28548
-1858
8929912
-4998
16891
615143
32757
18132
8520058
1252
-1041
274956
19130
-307
2202143
29114
14868
9521743
-428
18954
1052400
-19197
26090
2199712
-2836
-29361
2102958
19011
-25986
3246096
18219
-29481
2396947
21098
-27736
1689095
16722
-28326
105472
8875
9409
5246735
22427
23453
2933531
24268
13023
4364344
23150
-23399
5874743
-28673
-25144
8405439
8481
6810
4460800
-16719
-6318
40444
-27630
9726
8479872
-22979
31781
7440597
-3101
-114
2425020
-4176
1485
19708
5536
4527
1337356
29508
21594
11010600
-28350
29053
8476800
30075
-17037
11014951
-7224
-24476
4335832
28735
30509
8407367
-32521
-24750
8524171
-13805
27412
3245200
-24341
-30273
4233167
31394
1886
8730748
-8161
2386
4456899
5611
-12046
1074959
-28457
-16335
8802693
-12186
-10288
5177413
23044
25546
5284400
-16420
18683
295670
-23859
-27090
5603525
-21186
7456
1165527
-25999
-3786
14165428
-5889
-21912
2118127
8780
8212
5376000
7189
-1800
4204320
-11332
-4696
4205150
-18842
12364
4161717
-28673
-27219
8405439
-32084
25764
9440910
-20789
-21106
186873
-10569
12473
6429019
-9240
15015
4334718
19628
-9217
2655750
8524
-26162
4331520
22450
4114
2214940
-30077
-15749
11079832
17582
-6130
631815
14247
-7158
2525501
4519
-20509
1460493
31003
9863
10752867
-26127
14003
15730092
12016
-27990
4199484
19070
21516
3768343
-32425
12254
8527233
30965
22556
10621290
-7314
10918
4793551
7706
-32329
5571123
-23558
-28545
4301535
-23643
-20027
4500444
22861
844
6396961
2767
28289
2363671
28186
22176
9781875
15671
-7901
1214803
-12537
19501
4329841
-18078
-19426
2986212
28196
22156
9716336
30697
6916
10618174
4044
-6717
149560
-14249
9814
2264449
1394
-23407
603140
16837
-17855
1084168
22461
-7035
2213917
23347
6185
4567088
-7748
-15478
5245646
-26957
-25487
10575004
9135
-6317
4205855
19208
-268
2265104
2733
-15478
2169885
7882
-7307
4397113
-31330
25889
10297483
-29223
-27620
9847190
-24361
-599
4624837
8765
14152
5310469
-9919
10366
6297952
-31481
-28912
8532353
25702
-23599
13574213
4819
29659
1392644
-26770
-9594
11093135
-30552
-20701
11142278
18651
-21735
2396935
13637
9986
2136864
-5597
15241
1401072
18568
-11633
2785280
22023
27283
3326225
-2262
31251
2429619
-2874
28790
2818209
-23849
17646
5669317
22534
-27923
6520865
-24426
-3779
4949185
-113
-2537
525819
-54
-8132
198905
-17367
5098
434658
-26116
-16788
15729326
6096
-32757
2375700
27419
27440
8680307
8364
18023
4720134
-2653
8551
3475628
15522
9137
893028
-24454
-32253
4817607
32287
-12649
9699699
5101
31849
91165
12089
-14699
4849966
-26438
-29737
15270567
8778
-12412
5441537
-3221
15636
2623407
-8108
-1140
4198080
23940
-19641
5800472
2916
-17811
2884108
-6317
-16955
6882504
4133
-18042
279296
22961
-7660
7376172
26147
-12200
16056400
28904
-25663
8541262
-7187
-18353
4269277
13667
3024
2986020
-8884
-30162
5376080
-29837
9305
11076748
17061
14666
1346316
-23891
-4346
5344461
-22365
2381
2998500
-3572
14235
1196224
3431
-5834
1982741
24531
24230
4554804
-14802
31602
3506323
18798
24802
2724871
17698
16243
372736
21381
21521
582424
22027
-1328
3326225
1462
-30612
1255435
-10644
-7027
7865942
-22323
-26587
2478309
-29139
-29173
9781425
5704
-27939
3295248
-8110
-20374
4263104
-10911
19162
4993348
-28022
-18507
10174601
19567
13833
2655495
-10668
-21750
7343696
7956
-3445
4199984
-3605
-22063
1066959
-21829
-6666
64511
-24726
-9162
13174447
27411
-13394
8483952
16644
-31820
37376
-32723
-21163
8716417
16879
-17093
1082639
-12917
-10284
5898585
-5263
22683
550380
30742
-21500
10683489
2437
-15751
3670792
-808
19522
1442006
19134
-30886
2201631
-5716
-6381
3165934
3790
-16568
348215
7295
22147
4727079
-31831
13930
8531358
-3358
-16560
1392844
27407
-17839
8418675
-13089
-25739
5505367
28871
8620
9060673
7423
31898
5243167
21475
7712
385052
1168
15648
533504
-30923
-23839
11141514
12606
467
4265991
13300
17224
2261050
-24426
15810
4949185
-32142
-18915
10028164
5940
-29768
2768906
-1416
25467
1712374
-31635
5166
8987781
29007
11824
8412483
11094
12913
4924457
29274
3879
9783875
15832
-12669
1474646
-25734
5343
13181615
11990
-3164
4657205
23836
18476
5538322
-1706
-24181
2301153
29235
-19716
9781312
-11425
-9194
4989259
1147
-8744
533255
29411
20925
9781324
18822
-26188
3899401
-28386
10583
8736899
-23298
-12916
4305103
30819
-2883
11337828
20604
-5480
573958
-30951
-6658
10883474
-8736
-16342
5505116
-2331
12938
2364348
-11060
-9221
4857920
-17176
21517
1213662
6679
19541
5383473
4840
22536
1197070
-10793
-16287
5644613
8129
-26524
4196664
17663
19340
45327
6699
-20987
5514035
-3602
-12822
1131727
24373
14282
4882730
-15188
-12706
566918
-31774
9526
8724636
-13911
-11977
3313038
-10524
-14642
6558300
28055
7921
10110297
-20287
-21260
573888
12666
-2334
4788743
28365
18456
8736885
-17521
-3628
566779
26994
1897
11097188
-32677
11146
8653699
-18454
-15500
2197183
-22767
9179
6329808
-30996
27866
10491550
27320
9648
8550526
-26102
13064
13836465
2306
9589
2166784
-15941
-23424
1084303
12430
-31282
4785155
23451
-30175
5022523
1192
32147
664582
-15376
-11850
42140
-28903
-4812
8802738
11404
-2822
4857888
-6826
8194
4406465
-14128
-32019
2396292
-20626
-29336
640239
-13820
-13063
3179152
-16054
-9245
235649
8785
-690
5246208
4530
-23230
1133580
1528
14578
1187854
-17384
-27144
434402
-5708
-13596
3295466
-13288
21692
2523266
-25154
-30274
13699231
-10793
-15338
5644613
3281
-28916
1327380
-23259
-15153
4502464
22180
15912
2415132
19205
-30446
2134800
1252
-44
274956
-14178
7914
2982019
-12615
-14365
4331902
13024
-5803
5505036
5107
-10175
91164
16170
-17917
365171
-13937
27005
3704203
26146
-4847
16056400
-25386
31722
14090389
-21023
5646
1360348
-10793
-17891
5644613
28137
7662
9586014
17248
5346
827404
13208
16936
3047482
13969
27825
2659640
2151
4222
3014917
-9796
8611
7342702
-29640
-26010
10619014
24106
4891
5603891
24207
-27695
4756795
-4258
-19142
868587
15129
-3120
438642
20061
25278
1427505
-31319
-29467
9579918
-7194
-30960
4661469
22222
25946
2478103
16494
-26831
623623
27474
-14778
9004136
18977
32390
3440912
-11771
-15628
5243712
2874
29406
2687503
-9199
-29622
4203872
-17304
1025
697574
-19343
16279
2655652
-4342
3941
217329
32158
-30408
10289243
3200
31065
2621440
19823
-12217
1623319
25010
-29048
13700172
-15607
20739
1212800
-12849
22172
5505367
13291
7412
2131775
31451
-31398
8663927
10576
10123
6298656
10893
11750
4797497
29067
-147
10109257
-30667
-20768
10619266
9509
21918
4469504
13847
-22460
3310897
8503
-13861
4331779
-22622
14342
6654172
12620
2405
4331520
15483
-27204
566119
-8364
28177
4720232
-22061
-26848
3522788
-20747
-31657
184826
-15572
8968
1344130
263
-9218
135425
-14190
-22776
2720896
-14453
-22951
2785689
-26450
1353
15271079
-12410
22950
4915321
-29818
-6689
11206809
-31057
25900
10493343
28744
-23595
8538176
10366
20177
6881319
-2423
-992
2757048
13758
20469
3246127
17925
-28149
3179280
17812
11650
1615368
-12969
31114
5377361
3996
16177
803386
-8018
-7523
4785351
-8145
-25809
4456899
-10447
8192
6558032
-14231
14767
2786694
-605
19998
1378524
2438
23699
3866633
-9710
3320
5317744
8887
7234
5376267
537
25890
1442050
-17329
29104
44515
-20458
5359
246977
29807
-24535
11011367
-3130
17937
2295993
-25486
3336
13182116
-28648
11352
8798338
-17858
19028
1157367
20765
-14284
380929
-15254
2669
632455
-31451
26756
8663936
1195
9530
534279
-4638
-24567
1392860
5177
9464
157958
22617
5702
6719778
18193
32619
2135312
15867
-5771
1082207
5230
11566
615431
12144
-31516
4719660
-30801
-26107
10489247
589
23630
1117185
7134
-353
4530231
-10125
-291
6882404
6378
-10709
6362671
-13486
-22415
2720904
-9441
-10074
4469107
3472
-18002
1590296
-11272
14213
4333662
-20085
-13353
1753545
16010
31593
757881
-4170
28638
215291
18191
25864
2135315
-32534
-23155
8459919
8903
-27190
5376265
-19767
14148
1231304
339
-18648
72704
-22711
5674
6980040
13376
22818
2132000
-2531
-31432
3473585
-32383
-4452
9961864
21511
-21461
188673
-1222
10980
598767
-10923
27433
4210496
-4115
-4752
83197
-20790
-31212
252153
-5001
-28862
680419
18088
-11581
2268190
10880
-21810
4730936
21102
-17913
1688583
9452
-8310
4208142
20581
-17108
836356
20457
30939
181566
-3200
31019
2621624
7628
1367
5376024
18696
19899
2265088
-9565
18711
4536444
-15962
17130
1542285
-20502
27689
116479
-23009
-22993
7635411
30731
-26789
10617185
29219
8963
9781312
-19084
32631
2789538
-19517
-30855
2197688
21938
27707
1174540
-16550
-2690
885483
2620
-10839
3148310
-12140
233
4720192
-22488
15207
2539746
-17494
5855
110335
11415
-32724
4859169
-4581
20202
1328115
5424
1997
290816
-12825
1703
5636445
-19172
14299
2396834
3772
31479
23102
20584
25772
705542
-28121
24745
9847169
-19476
4566
2131646
31138
-7823
11864172
13345
949
2392352
27402
10402
8614001
-7348
19281
4858056
8327
-32701
4849921
8961
27864
5243136
-6425
-411
6689245
7883
23221
4331833
-30431
4489
10752384
23238
-17647
4438073
-31230
-116
11600016
-11332
19277
4205150
11559
-2355
5636369
-24294
20381
4559555
15316
-1848
303732
23454
19840
5087291
-26232
-25515
16384168
-13730
-7621
3508371
-29423
-24022
9454992
-13843
-6297
3245197
27125
-23015
11682154
-1322
-17376
471285
-11331
2255
4270173
-15811
-26222
1149061
24979
8386
14222408
1771
30371
2103071
-14428
-645
2394780
17665
14243
45312
-2768
8197
2363552
10534
16197
6754337
-16420
32586
295670
19808
-7833
1884180
-30116
6890
11799186
27028
23209
12076648
-30865
-6087
11011471
-3997
18510
868548
-9936
-12350
6557792
-29753
-17975
10619289
5841
-903
2380052
-20993
2373
1098207
27046
19941
12011629
-11211
8568
4335938
-26050
1451
13707447
-17802
1716
1810675
-15511
-18562
697742
-20733
-19458
119024
6098
-1516
2441236
-10301
-3717
6359128
-32061
-17175
9504904
-32419
26776
8722561
-17490
-8011
109823
-8349
-20087
5046380
780
3131
1179648
6370
20693
6623276
-28758
-13632
8474303
28693
-2351
8406848
-6514
12761
6886619
23424
-7882
4759608
17895
-23856
1483021
22400
-16993
2670616
-20717
12486
120048
29076
14468
9979464
-10615
30983
6951256
-26087
1825
14033330
469
10821
1311492
3345
-20465
1066256
-11213
-10989
4530240
14355
-14761
2196576
12196
2530
4459068
25652
-5201
12724290
-24537
-31597
4620737
25216
-3271
14155848
-31117
-1882
12125332
24145
-6072
5279024
-7585
12297
5507523
-20018
23092
1425607
-25210
-7026
14352537
-8482
15920
4526199
10368
-31158
6815776
1931
13556
2752793
-7197
28541
4530396
-10658
-12152
7669843
-13899
24375
3312010
1100
-12367
141312
20367
8787
574779
29351
8647
9849165
25648
22650
12853312
-16979
26371
1150173
23774
3963
5603351
-7785
8332
5899721
-28865
24512
8929711
21539
28284
385024
-30865
22510
11011471
-2480
6405
3148976
15606
19278
1278043
29543
-8854
11403565
-28869
-15735
8930223
-2233
8022
2752937
25232
26144
14156872
15090
-9888
111740
24344
29620
4624434
-1456
-30895
1060080
20805
4209
56064
-12557
652
4265084
-8601
-4775
6160757
-6812
24298
4993732
19714
-12316
1163280
3751
-1129
416061
15890
-16402
1148016
30285
-3713
11602993
-17567
30167
827884
-32727
9712
8782210
22163
20615
2741272
-8638
22087
5310576
-20287
11221
573888
18057
20976
2789656
-26871
-26562
10637712
15405
-11379
368737
-5268
32603
550638
8737
16812
5505280
-8756
-14501
5376088
-2907
-6354
2884516
27045
31066
11815788
24866
28473
12914752
-20586
32624
771321
19478
7510
2327553
-3901
-20749
606400
6804
-1323
4732472
-1770
-15283
2299105
4229
-8020
541440
32448
9601
8394872
23264
8591
4501564
-14588
21985
2134672
8439
23462
4329739
-31191
22487
11927954
-14509
26317
2720904
-11523
32486
5308493
-22436
8039
2411234
25172
-10988
13635136
-1436
-22414
1843956
-14529
-17905
2654607
10993
15984
4207932
-27645
-9227
8478848
-16116
-25857
168064
-31393
-21361
8665475
-8003
-11526
4784325
5393
1469
29952
8994
-4783
5570560
25082
17881
13697615
16574
3416
622599
28345
13751
8542590
-8609
29037
5507443
9422
-5647
4534279
-32295
23535
9830790
-13868
28197
3441284
26852
20112
10769004
-26707
28995
10570909
25154
-13129
13699136
31259
9592
9708403
-15904
18076
1343628
-6294
-12294
6883023
31029
3302
10623330
30903
21698
11141475
10967
-16419
4600117
-21903
-11344
1631732
12314
-30200
4522499
18675
-2813
2200588
18572
26693
2785280
27724
-8846
8546400
-21891
29207
1695989
15857
-9504
1082716
29939
-9655
10556460
28019
-6983
10044500
-18877
-15936
3246256
13624
12393
2267174
19259
-1620
2654991
-22544
23799
6325468
-22203
10664
2153440
11947
-15485
4202303
-3903
5091
541120
-1843
-23335
2429157
3448
-32295
1720342
-23728
-20740
4760776
24194
-2578
4821048
-17439
30715
303612
1324
7153
274946
3501
6550
1133597
8916
13485
5505540
2192
-30500
2622464
-22988
-3779
7506130
-28169
-4273
9585035
-15308
3971
174210
-529
-27323
1050079
31205
-21794
11797356
-18310
-5154
2720487
27817
3751
9069926
2399
-11923
2365699
21746
27377
128012
-2228
17428
2752680
29873
-21731
11011364
1256
1629
144398
-14797
-20943
3506320
27659
-19726
8544609
-20508
-22556
312060
5039
9539
27935
18292
-2377
2785290
881
-24804
533772
29921
27189
10752300
23638
-6157
4434977
10602
31102
6886951
-9666
-28114
5318775
-1011
71
74977
-16176
10473
299140
-28919
-18916
8540592
-30056
25810
11407514
-19704
-28095
1228992
-9577
2614
4863353
-14637
-15478
2461844
-15078
26410
373379
27238
-16554
10444917
-5170
367
352503
5247
-16936
549127
-27792
30209
8938636
-18534
-24257
2982587
32613
-3412
9175916
-17792
-1988
569592
-26717
-27848
10832028
16713
-12610
170240
29214
31400
9781315
16606
-27053
364551
27354
17939
8745591
9856
-2411
6819864
-13121
7546
2654599
2657
-17747
3932436
-1133
-20200
599288
-524
-19344
1179866
-8746
26589
5701717
31942
10924
9117793
-1061
20991
271351
28664
16161
8536190
2558
-6294
3211279
-18845
4659
4030644
30412
-3117
10623032
14108
-12008
2396722
-20723
-4656
120049
27756
-32046
8939110
948
24769
141338
-1254
-23948
340723
-15333
1688
304003
-27775
-5704
8937880
8528
488
4201472
29875
-5058
11076644
-18605
28197
2720936
-23659
18062
4761560
-25995
-26805
14295474
-4148
-27523
149752
22423
-15150
2802969
-9278
2588
4270200
-27603
17714
8740993
32134
28829
10158169
8665
12576
5636358
19160
-16716
2527254
30635
24675
10489663
-13833
-24365
3309963
8339
-2728
4785152
-9886
8080
7147620
-32239
-5034
9438592
-24861
-3688
12914876
-15664
4045
1343620
13435
-3021
2655015
-5091
-14267
352481
24369
12308
4493616
20238
6236
119859
-24793
-30615
12980657
-27486
-17149
9265284
-2399
23087
2365884
12107
-30378
4849961
-14307
-5312
2457729
26619
-30403
14680927
19164
4322
2396694
-24723
6101
13173933
-25210
-21060
14352537
27034
-12148
12403307
-24215
11335
4888006
21780
-20984
62976
-15339
-16074
42880
16552
-16375
689158
-20724
-23304
184560
-23962
-24067
6258885
24189
-29293
5865525
-8266
-15200
4393083
-8537
-29515
4594045
-11446
30671
4923465
10831
-6058
5254451
-26402
16476
15012007
-22267
30862
2151392
-1025
-31545
8703
21584
6921
60416
1558
3919
3343377
15130
-6169
373363
-1240
-18871
405746
18889
-2924
3311880
-909
6803
599268
16269
-32581
623737
-5318
-11755
615151
-5545
-4162
1207793
21221
-6581
1360652
-1570
14000
3473639
19115
-30513
2137887
-3664
-11075
1068236
-22136
-10811
3850472
-3044
30844
2359970
15136
20513
307312
4407
12993
153859
-9418
-4419
4923499
-6492
32429
6560476
-9379
21298
5054569
26932
-20459
10639458
-18932
-26070
3309744
-11256
11623
4333632
-13886
25419
3246216
21377
-2137
581912
18120
20820
2267160
10897
-11802
4732216
-2793
-11163
2233761
23001
30847
7766310
16140
15561
168048
-28221
22207
9521288
39
30241
393473
13805
-25978
3245101
6309
-18561
7078692
-1052
30222
271100
-10577
-24044
6298975
9202
18031
4269084
-16262
19087
623239
-13126
15075
2720391
3124
-32134
2230274
7120
9893
4464692
4627
-20880
1131520
24053
-4290
5407002
-18080
1067
2920676
23883
-18286
5409041
-527
4073
1050076
-2247
-30253
2752942
-26207
28352
15993260
-27468
-12294
9068674
3823
17918
21823
-10199
15224
6685026
1757
-13669
2428949
-8187
-10546
4195264
15167
-31810
565615
12776
-16570
5374990
27519
-10441
8937839
-23945
26749
5931459
-6995
29640
4793541
26205
29643
16058449
-17249
-4174
827875
-14053
5592
2397059
25587
11017
12657756
-24432
-17703
4752576
-21071
30898
1101276
24823
15256
12718411
15843
17632
1409116
21367
-26331
712971
20649
-4623
705798
-10971
-23355
4469568
1261
14329
78861
23590
-28592
4694049
-15478
16620
762009
27492
7401
9200236
-31867
11879
8922008
-14650
13918
2332825
6483
2283
6364192
-17823
-22583
1876468
3087
-13847
2098435
23581
-27800
4562977
-4378
24553
479485
-2770
12645
2429091
26553
29886
14813534
-18575
-6726
2655660
10432
10581
6815776
-10157
2220
6360160
-18862
-20405
3247280
-1270
-15377
209137
290
24944
331776
-28315
-28623
9196420
6166
-13572
6489121
3675
738
1329971
-12230
-5274
4262471
2955
-1958
2752793
-4532
6320
1198320
-15175
-15949
696710
17438
18505
368643
-28841
-3597
9061801
10514
31282
6362144
-23671
30676
4891096
-18639
28813
2396592
4451
4058
872452
-14627
5674
2461845
1500
12954
1319430
-9563
-26998
4471676
24780
31892
13238336
-10518
-31101
6362719
-7137
-23094
4465091
-9361
7628
4728175
18876
1029
3181070
32696
17216
8521854
-19636
-6822
2785448
2319
-26577
2102531
1200
30982
533508
26337
-7041
14946652
-30208
11863
11534480
-19724
-8560
1229002
-24188
-23264
5800648
-24630
6551
12781753
-9146
-25789
4401249
1956
-11423
2361884
30196
27856
11665450
12466
2265
4785156
-5732
17257
3949290
15630
-30580
1147987
10194
6233
6619156
2268
-17764
2363910
21941
-2063
1239306
-13841
22579
3179919
843
-18407
663817
-8645
-3476
5245815
-17210
25179
762081
10298
-9104
6359591
5357
-18972
95245
-13247
-10464
2132352
25705
-9556
13247814
-21217
6010
1360339
23467
-15935
4239167
-8069
-3577
4719559
20588
9704
574982
19081
-11453
2789656
12978
-28961
5311500
-26068
-11023
13902514
32035
18498
9764944
-25921
25938
12597695
-30744
15826
10618014
-20848
-3119
578808
-17421
-10679
107772
14017
26669
2136376
14952
-8614
1746038
27272
7667
9072760
31912
23149
9053286
20630
-28493
771073
-16186
21185
753793
6969
32229
4858158
-15233
-31363
565639
-1629
2355
3475692
30027
25593
10623265
1035
-3065
139521
-13046
-9633
5439569
-7577
28676
6160837
15251
15327
631928
-18367
76
2132448
32422
25873
8853629
6374
26602
6754349
24103
-26012
5669169
-22160
-19541
2675940
-6586
5572
7538897
-13722
30628
4161685
-9972
-14589
6426720
-21521
15135
58879
30460
-20977
10490430
-11775
18875
5243200
-12367
-8867
4197756
12971
-28300
5246735
7338
6134
4793895
10484
5379
6426666
-30980
-1305
10490526
5878
7041
2314267
18443
-17516
2261249
-4137
-5826
410101
1927
-5546
2752793
29307
-23970
9978695
-14776
21728
3311760
-25499
-29780
13378468
-27514
-9118
9134209
-1737
13422
2234851
9657
-192
5384462
20791
14812
186627
29732
28959
10748448
-6931
-7345
4273357
-155
5784
787436
4846
31476
1131535
-7125
16244
4465603
-17261
21266
632032
-23653
-6509
5022683
29830
-13392
11206689
-18205
20646
2461932
-18677
25593
2265521
9853
1007
7929877
19334
-21639
2850841
-18724
-20079
2396854
9787
-6642
7342871
27611
-11976
8676215
10996
-15673
4337722
-3075
-5487
2162877
-31476
2111
8532096
-31354
-4427
10166409
13863
-23308
3572017
-2847
-13488
2363820
27022
-24641
12141675
21588
-691
60928
31232
6788
9445488
11876
28264
6029876
28158
-19407
9519199
-6623
-14671
7602640
-15003
3714
832388
-27439
27695
8679812
13560
-28439
2265134
22960
21006
7375916
-4158
-3518
84216
6820
-10603
4471356
-17703
29039
438774
-15793
-18470
1084803
-8349
5085
5046380
-17913
-28436
1221105
6202
-30918
6359591
28997
15858
8411968
-21228
3271
1099472
28039
19971
10109273
7936
-16868
4198448
5890
-27400
2183184
-2544
29792
3146928
-1759
4145
2363872
-3382
13962
1263817
-18650
28305
2592945
22023
6810
3326225
12375
6626
4328705
20545
-61
51456
14859
10188
1220977
-12025
7735
4329793
-3467
-31016
1720770
-21952
-13819
1108208
-29288
-650
10371226
30259
475
11862064
15327
-32455
303479
1476
-12839
1059336
-6329
-22019
6947273
-28080
-8059
9456768
-20492
6165
180474
19993
10970
1491250
-18225
-17469
2396647
-15923
18264
1409157
9347
-21984
4792320
7093
-32438
4335930
-26339
19110
15012001
28620
-26187
8538232
-14507
-9091
2656136
-7613
25199
5310656
-15663
25501
1343876
-20481
8388
49663
14686
-11658
2463843
5860
-2222
2380316
28195
988
9781360
29286
-1697
10436677
6664
-21798
5382192
-1253
-8998
275443
23526
6314
4694077
25805
32706
12922949
5558
13882
1271819
-1116
-18227
273148
15296
18546
43128
-28523
1700
8931200
-2546
17751
3212467
-13946
21596
3899529
-2071
2576
2229694
-10822
30730
5319247
-17448
22950
434422
-24089
10564
5669325
28767
-5698
8669507
-28414
-7047
8474752
-3089
-13149
2098623
10396
-24322
7078434
-32622
-1909
8979584
-10159
19597
6294880
-13318
21609
2196127
25199
3392
14157127
-7708
-4279
5505740
23223
-22441
4372795
-3661
-23352
1133772
-16622
-13791
103664
-4261
-9614
803819
-5166
6345
352500
11705
-3835
5376286
-11433
2323
4859209
3715
-8446
610360
10617
12065
6951206
678
6910
1509389
29682
-20381
10552380
-27884
1010
9455232
29753
25491
10619174
28103
-704
9587033
25530
16831
12659295
-26154
16253
16187557
14007
22407
2267451
374
10089
724995
-23419
-2724
4760512
30171
-1951
11797287
-17715
24011
372981
24591
-4849
12584259
30903
-17592
11141475
6037
-32302
2639640
14467
15349
2719840
25774
-21175
13182023
-8165
-18528
4457411
-17228
-9119
696546
-20026
-17214
1296585
-32058
-17782
9635977
1639
9223
4063509
-24079
-25292
5277132
23176
-8528
4894776
-23821
-25210
5342412
22937
-12080
8290602
-12298
-31428
4391035
7568
-21416
5768216
-3479
-14474
1721798
26984
-2935
11162726
21451
-7673
190745
-3852
-20806
151754
-21769
-5897
193019
18274
-25443
2981900
-4919
24002
680416
32734
-16433
8716407
20067
18862
1949748
25454
-29371
13182031
22509
24175
2212893
11145
-31943
4858168
5357
-9748
95245
1143
18974
663811
-7852
-18485
4202176
11793
-6765
5244208
-9921
25338
6297959
-4977
-15281
550371
-13782
14126
3506835
3094
-16437
2294785
15173
-21728
566120
-8340
-17751
4720238
-7403
22460
5244864
-19792
7171
1101004
32676
5761
8653436
-7500
-29560
5376202
-4307
2405
348401
24541
32333
4554805
14895
31330
1352051
22933
14238
7898920
7034
30964
4792879
16879
-2573
1082639
-3177
24165
2753977
28796
16022
8929862
26832
-493
10768484
-27971
5702
9521293
31207
-22623
11927917
-24770
-13535
13172911
-28359
6691
8542598
-21799
13751
455158
28232
-27398
9586800
19068
5489
3703318
3165
12221
2426881
-5942
23987
2834657
-25688
-23204
12725438
24958
31686
13176903
-6390
-16129
6492369
24330
8779
4427825
10813
-10466
5318709
-16337
31908
295299
-22173
-27757
3002596
-17112
20981
1474770
-6194
21215
6619351
28273
-11132
9979252
140
32385
655360
-14255
-27086
2133376
15102
7110
110719
-4871
5326
1196510
-13434
-20230
2850969
29367
22422
9587019
-4467
10468
611577
18254
19403
2720779
16503
26029
688387
-23454
-20815
5087428
12176
27154
4719672
-25664
19319
12593336
29760
777
10487840
17701
-29008
307968
11936
4590
4462652
-31642
32122
9379973
26163
-15171
16056400
-11904
-886
5767240
27846
15629
9134177
-5237
-9580
680441
23117
-31345
5352497
-3474
86
1656007
-11758
-17478
5309504
25777
5304
13116740
-8377
18037
4850025
-13993
21100
2268545
28891
10099
8672071
9258
-19553
4530691
-9291
16288
4335994
10895
16067
4732219
-23280
9835
4240576
-17926
-24538
3244783
-16655
19435
38396
-8333
-12540
4785260
-2078
6291
2425020
12641
-5701
4985092
-16150
-10279
104079
5764
29553
2642456
24467
20014
4817976
2536
15551
3277838
-29118
-9631
9521328
-1470
19251
1124592
-27547
-23541
9200516
22994
19741
7700516
-25654
16329
12789945
-31670
-10212
8595585
15823
3383
1343831
-22187
-3807
2154464
-21093
-12645
1885147
6394
-31248
6361647
26773
-18903
11028320
6871
5596
4600117
-7086
-31381
4271296
-29345
22170
9718163
22826
-3272
6656547
31136
23068
11798636
-30473
-3626
10621323
-30120
7573
11929746
-8806
23496
6095451
30382
-32285
10558527
14361
-17210
2523490
749
-28485
1115149
-30405
24342
10492807
735
2559
1310983
25133
18898
13959233
-7427
16237
5308621
4488
24654
1720328
13553
20563
2135340
-3883
-16674
283588
-3033
-18074
2490785
-16707
-8930
104701
9971
-28523
6362140
17961
18088
3571986
-18751
-24865
2136504
5254
-23107
745473
-19582
20316
2719928
666
-23228
1901067
-25823
-28460
12857776
-12587
-12119
4461428
29894
-22723
11206689
4029
11349
84029
21916
-9653
1892874
-23538
-14787
4302019
-24575
15627
4227520
3637
-15150
1198386
-9031
-24203
4858214
-6483
-21927
6364381
15286
28510
239739
-16841
30588
1214963
15524
-16568
828004
29552
2955
11011116
-28273
-3396
9979275
-28714
32233
8863925
9924
-14011
6298136
-28669
21381
8470656
-7861
10964
4331969
27179
9098
9724787
30009
1774
10623270
-7488
-4424
5245128
5057
11466
26904
-18093
-7788
2202848
14272
31428
2132024
-24400
21114
4752580
16556
26106
558598
-16537
26589
950765
27300
-16760
8682108
-22379
30660
2672608
23604
20500
4368418
11114
2008
4793903
30311
-12057
12452149
-9845
-6424
7995753
-2116
8985
2099902
22700
197
6850086
18952
-17772
3309584
6696
-9371
5644338
31820
-15972
8530016
-25286
19
13699735
25461
27488
13246794
-13206
-14959
2721415
-14234
6658
3113093
-10992
32509
4207680
-1322
-14958
471285
9210
7807
4268575
-25049
-6123
14025137
-30843
-361
11010968
7474
-4855
5570576
27796
-9563
8939104
5737
25390
3818774
14841
6757
3309934
-14335
-28612
2130304
24887
-30464
12720451
7727
-26192
5505331
29248
-5136
9455680
-19876
18119
1362626
26263
-14966
15340889
-19617
-26622
2916779
-2399
-29613
2365884
-1120
-4558
272636
25464
-4507
13246542
-7181
-32500
4269276
19485
3525
2457601
6674
-32523
5317680
20168
-23941
186424
8744
28043
5636098
12402
9609
4785156
-3255
-27420
2752936
-5820
28646
2120416
-20799
-3074
55800
-28005
-22758
10240907
-10100
32666
6946912
4471
-22342
676099
19719
-3295
1229073
-17740
-17072
178426
16464
3991
35840
1309
-10243
339969
15922
24288
1409136
21519
12313
58627
-19099
5565
2921380
-23915
-29847
5801928
-32104
-9035
10354826
493
25741
1115149
-32689
-12098
8392067
12909
29069
5833733
-27129
13616
11682193
-26408
-27504
15077542
3399
29980
1198353
644
-32085
1573384
-18372
5652
2132710
26334
21164
15011927
13002
-334
5441545
18177
25605
2134288
10546
-12785
6623264
-7921
-23806
4199875
-6345
-10083
6947275
22995
28509
7700516
-11268
-29458
4203102
-21366
21595
778465
20928
-30278
1099784
6378
13617
6362671
29364
-32104
9586762
5397
-26325
30464
-13232
11453
2133120
-19128
29876
2267296
-23258
-127
4698305
-27409
-26297
8418703
-28758
12733
8474303
-5866
-6125
2315489
15906
-15463
1409136
10794
-1633
5579315
-14947
8731
1941641
27716
-18676
8415840
-16446
-29215
100600
-2928
-14171
2622624
20804
17206
55808
15515
3765
828259
-6636
27333
7341776
26708
-11569
10505824
-13797
28293
3441555
-29771
20208
10619290
-1032
14723
139518
15367
-26517
172385
14468
-14720
2654816
-25167
1032
13634972
1824
4036
2363408
-4668
9868
1067736
-15919
-14432
1343876
-23492
-7965
4238022
-13961
-30439
2789763
-3166
8456
2427068
-9262
-10496
4530292
-25143
-18199
13765016
-29717
-4550
10487711
-30904
8412
11141256
31090
5047
11080804
-12946
31264
5833815
-27214
-25081
9530508
19704
-11312
1228830
-24272
-12711
4493504
-29174
30297
9650353
8073
-14104
4849976
20431
2123
311607
-267
4696
135674
6049
21530
2378012
1011
-21763
74780
12850
-14514
5570560
7785
28844
5899574
11898
22868
5833271
-7709
18554
5570764
-28081
19618
9457027
15833
2769
1474902
-10109
32280
6881376
-18249
27099
2785763
-15423
1252
43416
-22827
-3840
6591444
-23437
-24227
4826308
23147
-12677
5809975
-13497
8529
2785673
-1682
-13129
2692327
21062
-24581
1296385
-2621
-31027
3213480
6467
-12607
6363168
3119
-20233
2359555
-12888
4688
5377118
-19931
-28252
1360832
-23973
-4387
5540803
-1
30352
511
-6944
-11280
4468940
32132
29111
9962072
-297
2844
397813
22792
30228
6459424
-31209
29558
11666833
25566
25886
12918871
1939
-3359
2688024
-15430
29443
109215
-10822
-4
5319247
-6579
-21164
7408849
26144
-28109
15990864
-18531
22953
2982073
-3862
-18043
87759
19139
-14649
2201624
-24123
-12860
5278664
-12892
-10661
5507676
-24638
11026
12650680
22851
19888
6395936
-12251
10097
4457280
-11302
-87
4530775
-27479
-2724
9069958
15136
13238
307312
-22238
2909
2478304
24884
19338
12720194
-13534
-15211
2461840
27194
-27409
9529975
17088
-32083
1083400
18368
25445
2131992
14787
15087
3246184
22841
31007
6461734
1326
-24108
339971
3438
-1471
1655831
-12644
26371
4985466
15091
8206
111740
-23439
-21297
4761028
8048
7175
4719660
8969
-22711
5374208
-19936
-17844
1360064
-9097
25685
4858211
-32518
14766
8458895
-29232
22687
9715860
17447
19150
434433
-249
-30493
135665
12374
-12669
4393985
-9519
-32006
4469108
10618
-12316
6885927
-9201
-24361
4203875
29452
7079
9584704
18775
-5956
2268417
-2230
20910
2818217
10072
-255
7208970
6045
20839
2965529
13308
-5879
2130494
-24821
-25102
12718513
6465
12443
6297888
17288
-24569
696344
17080
9679
1214478
3532
-7418
1198104
9403
6647
4727559
15388
9218
303714
-5140
3309
26366
-13970
-10637
2724999
-9385
2506
4859241
32298
21147
9765491
-1712
20050
2104544
2918
18486
3080205
-2303
-16870
2101680
-25683
-1254
12659901
-32384
16496
9961608
-3226
-6005
3080365
-16454
-4146
101119
-13630
-31665
2201752
-5142
13526
91903
-30641
23568
10489219
6675
-25535
5317680
19132
19392
2136606
6858
-6351
4405305
-14239
-30901
2916740
-1106
11383
77055
-20792
-24530
186616
9256
2661
4595714
-249
12499
135665
19292
-3467
2916874
4738
30922
1654792
1329
24408
274688
10799
25282
5513523
-24202
6595
4952259
8553
26001
4855046
8444
-25619
4198926
10103
30650
6947083
-29904
-12882
10752144
-9816
10431
7474286
-1114
-16323
469245
8161
18411
4456764
-18129
-23965
2396643
24438
25135
4948011
32176
6798
9440348
2569
-19737
3277072
-3906
15124
606407
-8861
117
6094932
14406
22068
2328673
4024
-26168
149566
2948
20152
2621976
18829
-5707
3769353
-26979
20054
11358361
11879
10519
6160693
-32494
-8686
8459392
13342
17588
2457635
-31790
-27395
8724628
11760
-28208
5243932
-27276
23652
9072770
13339
21472
2392867
1188
6583
795140
-21122
-4138
1687767
27721
13220
8546656
22825
29714
6721826
649
31367
1704200
-14492
-1037
2917004
-25477
26896
13116327
30817
-31608
11272548
-11049
5708
4600133
-16475
8309
297980
28068
-30393
9718364
26406
-13734
15142993
-31989
-26878
9568641
25837
30463
12661837
24586
-20995
12779585
14613
-25196
2135904
-21511
10012
188926
-18865
19703
3182003
-4144
17550
278772
-27953
15243
9716103
-15249
24081
566663
14459
-1071
2655079
-14710
-24645
2855065
16406
-31822
230401
-18447
-1031
2131388
29869
18634
11076645
-14031
7087
2396544
-13309
-23404
2195584
23584
10152
4497440
-26975
28008
10770844
15184
-19893
566376
29342
10493
10305611
16840
12868
1214472
17533
18310
630789
6509
8249
6886437
2774
26349
2560021
-6156
20378
6422746
25149
27343
13699141
-30195
-14246
11601041
1157
-27342
533248
-376
23985
659704
-17811
-1338
1680629
-32292
-30663
9699974
-28337
-21120
8412547
-21058
-30007
1165535
30347
-4483
11145529
-5547
-25390
1077232
5060
-31779
27160
-28719
-6968
8667572
5439
13498
30983
2822
-7206
2297873
-27262
-3097
10051720
-16688
31144
299252
-2742
17004
2300065
8820
5715
5898242
9592
-14402
4861958
31751
2152
8528225
3916
-17065
671784
30989
-18379
10556513
9205
-17928
4333850
-7439
-20038
5244364
-32742
11153
8716931
21860
6311
848388
8333
-2973
4785153
21124
28752
1622536
-17657
10258
176625
30203
11795
11535151
9285
-4439
4205312
-27815
-8661
9331082
-27690
-17313
8872085
1680
-28164
2626584
24126
24334
5343287
16780
-7861
1736712
11379
23386
4793380
-18661
-16162
2397107
-7445
-31866
5244879
10589
3282
6625313
28924
-13956
8409678
5979
-4966
2900747
-16796
-25386
1868532
-13578
20906
2330779
29112
-777
9586766
-14055
-17981
2527618
29178
-5386
9519695
-10010
-947
6754413
-4512
-9416
1851636
11991
22933
4591925
-31988
-17165
9568384
-29388
-16240
9586834
523
6706
1179905
15985
19419
1607028
19850
27513
1818649
-4146
11091
344311
-2606
-9958
3473572
-6152
12335
6422750
-7728
13123
5505220
20638
-15885
901123
12650
21115
4789767
29485
-6317
9781313
24222
-8492
5083195
-31988
-3619
9568384
20722
-5593
119820
6138
-9366
2179615
-4115
22207
83197
-12356
30185
4196990
18557
-23323
2719749
-5308
-22032
549608
20630
-21961
771073
-20085
-12023
1753545
-2037
-18111
2228705
-264
-12042
135422
8551
9310
5116165
19684
5424
1360412
-19336
-19133
2785446
-27459
-13782
9003141
-32154
-28079
10420357
1922
-15895
2687000
28870
-3848
9125953
-30244
-5643
11797126
-19603
-16215
2720941
337
-4974
7424
15755
20838
1737049
-13085
-21764
5570652
-12390
2791
5046907
-10239
28127
6291808
-31204
3618
11797138
-1662
-20968
3735784
-31669
-23913
8530305
-24097
-31777
5538247
2111
-15777
2099463
-15969
-26976
1868171
-13909
-6271
3182479
-17513
17331
697849
28805
24336
8930112
2577
-13295
3147024
3815
1727
414013
-7538
27689
5833931
-27613
22052
8740992
19686
-32647
1556509
3686
-2403
2048053
7990
5476
4915243
7484
-24469
5245462
-3620
-20777
1327814
6209
22364
6293792
-5214
-19933
354556
13848
-17224
3571762
-13295
-410
2131328
-6029
-26634
2704612
-7227
-519
4205528
3004
-18446
2099742
-31634
-32764
8987783
18743
1518
2267395
-22370
-5499
2998499
-16394
5011
229627
21439
19791
59679
4843
-22940
1066767
-4458
21424
742649
16239
16992
558447
20942
6025
1425415
-12552
-4171
4329598
13581
20936
2200609
-15915
2846
1344388
12776
-18723
5374990
12808
29002
5373952
-4681
-8067
1198555
-28445
24481
8736908
20205
20433
119869
-889
-29955
664033
1109
-27734
12032
-23062
-22889
5351119
-14762
-22903
3378321
4593
4904
1066252
-4297
30187
672235
-16828
7680
1084144
29795
26284
11337764
5798
-1807
2578461
-27020
-8973
12206226
-5972
-6473
2639590
12228
8128
4196920
2602
-9890
3473939
-1553
10385
3147247
3155
19912
2165760
7415
-22836
5374235
-5301
-15705
680425
1922
636
2687000
-11000
-18558
4337728
1701
26037
2366236
5668
6699
3424784
7206
23666
4661281
-24732
9856
13370028
8901
-7138
5245704
-25984
-19164
13119672
-31249
-32214
9446799
-14554
-32754
2592913
7210
8107
4530723
25019
23205
13634383
-27698
-3162
8741015
20106
-23405
774201
23952
14794
5800984
-8089
8679
5112261
3446
9064
1785875
26042
-30387
13707855
-15315
9701
368769
16521
-8590
688384
30166
12701
11993125
-5034
10444
224481
-26815
27448
11026824
25828
-11759
12857932
13731
-13178
3508268
28504
17713
9322602
-14663
-1736
2267550
6850
-2716
4274232
24413
-32146
5079081
21166
-13569
1166351
-30168
-19283
11927698
-5406
20673
356604
-3147
31200
2230714
32242
15116
9503836
-7522
21532
6095051
8544
17601
4984836
13457
-21094
2655520
27438
8609
8745075
10217
26475
6423838
14731
30866
3834217
-28990
4424
8476856
-13599
1793
2396572
-20360
27695
704710
-31593
-15506
9053569
-742
13949
1376979
-30370
-32495
10819715
30308
9981
12321332
18013
13249
3508241
22580
-21545
6457378
3940
27032
803372
-19809
9994
1884619
-1147
27048
533496
-17041
-15177
1607127
-22427
25507
2933732
-9646
-5275
5319792
21357
2513
648205
-30697
-27909
10618241
4496
-20591
1590280
-27616
22783
8675456
-28683
952
8536506
3838
-17108
86079
-29648
9257
10748032
-2567
22805
3277230
14011
32121
2136895
20482
13632
114688
-14009
-19578
2267521
-29550
-12789
11076736
28376
-30779
8802422
-31253
18286
9447311
-5771
-6101
2773474
20071
8020
2015541
-1663
980
3670504
-27777
7017
8937871
-16513
-9851
557551
-405
-6742
1574903
20994
-15612
1163264
-6473
23721
6429147
8107
-24857
4198207
12970
-32416
5312015
10215
30758
6684957
30583
-22766
11141419
-27825
19638
8938891
22140
-30929
3719702
6700
30356
5513778
-29591
-19142
11142534
-14039
22486
2527618
12473
16876
4849926
-12925
-10758
5832792
-207
27920
266736
-17535
23258
565752
-29866
5639
11207817
9037
27016
4793353
-10658
-8716
7669843
-27101
21308
11878544
-4582
-20668
1393395
-27136
-483
11550864
24099
-23639
5603376
23729
-6650
4760868
-17911
27919
1221104
32047
24022
9699667
-2835
29553
2167981
6960
-28989
4468784
-31467
-22560
8402816
-8537
-26963
4594045
30551
13234
11142441
7195
18083
4465443
28454
-16551
8867953
-26455
5296
15336870
32055
-14531
9570643
-29398
23413
9781907
6778
-2466
5841463
15651
178
1409104
-14153
28454
2785667
28133
27424
9716572
-3599
20960
1066444
-31960
-4722
9830530
-24352
-28833
4493516
-13936
-32371
3703944
280
-18482
397314
24885
-20797
12720450
-28556
-20681
9060482
-563
23991
1376469
-28
16063
262908
11730
-28778
5570580
-26734
17236
11093144
30240
4631
11796528
8340
-31488
4720128
5051
-15923
27423
2212
-3617
2884100
-24126
22808
5343432
6092
3767
2246680
-276
-13908
5886
-8472
-4430
4330622
-21098
28091
1819865
9126
-10046
4663325
-17414
-15495
107263
26619
20713
14680927
-25365
12982
13633439
1526
8449
1253387
31101
-10123
11079781
19182
-17839
2200607
-22885
358
7115739
9962
-3927
6362655
-1767
-16909
2494946
19396
4874
2132504
12800
-4111
5242880
-1064
7486
401654
-3126
13150
2295993
-23066
-26871
5742797
17269
-31659
696586
25115
31392
13894467
-27738
-12878
8874141
-28034
-11617
10043527
27323
11696
8420223
-29800
-26325
11403418
-31281
-31543
9707911
-24915
17748
12655805
4076
7626
17982
-17929
23312
3310059
-19438
13393
2196640
5386
7720
225281
-14282
-3134
2328707
6994
18048
4793384
-22296
21124
2282734
-13752
-3369
3311760
-8215
20450
4326782
12428
-21961
4849664
-21471
29225
319968
195
6754
589824
29725
2194
10813473
4070
-29686
475197
17492
-5170
44544
-20994
27070
1163487
5812
6439
2250778
5337
-1871
422150
15309
13093
368757
5505
20817
1597704
19474
7870
2196480
3207
7478
2752769
6095
13537
2375959
5937
-20576
2380048
4103
-2144
147713
4875
1962
1196289
15044
-20568
47736
14360
30835
2523234
18494
15088
2197511
23689
-8916
4890912
9229
-31090
4269057
-20616
-10267
704750
-24563
28938
4293825
-29605
-8907
10750851
21514
10592
253953
-16714
-5304
235771
30506
-23241
10818099
-263
13770
135678
17609
20745
696576
31609
20068
9052526
-9281
15878
4204927
23341
8329
4567089
-30785
8751
10488223
30078
2500
11079719
-19606
-5222
2721455
23910
-5531
6258709
26439
-13462
15335753
-1503
14233
1319408
-988
-32331
271072
3854
29157
87091
-30580
-13641
11141248
-23289
-23176
4370881
-8059
18099
4719552
-9624
19846
5907574
14921
32128
1223024
23116
-32437
5417008
9040
12362
4727816
8903
28294
5376265
-22835
-27800
6656213
-27253
15944
10117513
-12173
22707
4785220
4881
-26126
1066240
8178
19020
4260924
-3329
12836
1065423
-715
28366
1182162
-14271
-4915
2132352
25452
10873
13117006
-26103
-14755
13771184
14225
29604
2655544
-2380
8988
2234554
15226
29667
631407
-6316
12567
6817480
-1796
9757
2101998
28571
-25741
9192315
-5635
4188
3227885
-23630
-13971
4304092
-6516
728
6951128
-8125
-8900
4262080
11645
24662
5832725
27798
-22764
9135201
-25964
7663
13121208
7317
-12654
4728608
-19587
29403
2719917
19061
1225
3834130
6982
2695
4923433
-9763
-15569
7667813
-22064
-23283
3457252
6311
10603
7209253
-3788
9762
153794
-32762
-10351
8585345
12035
4590
4263984
28063
-25650
10240347
13066
-16058
5439489
17643
4521
46863
27628
16635
8414846
-21669
177
844779
13081
28236
5636354
-12208
-14897
4197440
-19242
-5740
2592933
-4511
-16957
1851892
16825
14507
1214734
-3906
-10626
606407
13406
20242
2459683
17751
-19640
179457
-18099
10387
2202849
17905
-22814
1090828
9426
-12047
4534276
27902
-23757
9519199
-93
-17716
329980
-28155
-13553
9454464
-8218
-5390
4653181
-21606
-28126
910075
4187
-25407
281347
4957
29817
876553
-21515
-2911
188922
-24426
-17713
4949185
-3110
10220
2425527
25918
29063
12662855
4001
22843
280892
23691
16556
4890913
-23182
-29340
4830404
20435
31512
376884
7882
26326
4397113
-30195
8429
11601041
-16898
-5918
1147103
-25036
-9529
13764786
-23991
11240
5409216
-20106
28296
774339
27665
26949
8414560
-1883
29598
2884580
-31357
-24400
10035336
21154
22039
1427468
-9586
4584
4797563
-16134
-10787
103055
-2267
28702
2364336
9730
-25493
7405584
-22393
5073
2802145
-20886
-13247
1689335
32236
26858
9438814
21605
9768
844548
-7210
-21870
4661461
12280
-24389
4325438
17846
3752
1288203
-14639
-5477
2396564
-26798
-8637
11093128
-27967
-29955
9456008
-12337
3431
4456823
-17704
-22970
438518
-4235
-7123
672234
1641
13346
3802390
11991
24287
4591925
-23841
-9602
5538247
20929
-29099
1100040
-17021
3670
1671384
17793
6461
1614088
7784
-30180
5899318
-10188
-19651
6424674
-2118
22693
2165439
-753
20330
1050067
-19348
384
2655910
-7376
-10292
5505216
22715
-20457
6849319
-7033
6817
4858305
4689
20214
1068288
-23127
-9391
5418446
-25199
3118
14157208
-6654
-13008
7405776
-10636
-30632
7995474
3098
16761
2425347
-13759
-3623
3180944
-30845
-738
11075736
-15511
-28530
697742
3734
-19974
742457
17809
1890
1615112
-16201
-20463
688515
-981
13368
271331
22526
-3095
2211871
-18870
-11673
3377329
10996
-21869
4337722
-26092
-29134
13641392
22846
-15466
6395943
-4310
1226
348915
-21790
-24918
389372
-32130
1277
10027143
5222
-9961
1007621
16561
377
558340
-19198
-11254
2199712
30008
16439
10623014
-16516
23385
557806
12874
13864
5441537
-23079
-7424
5677510
22813
-24880
6656033
32726
-7445
8847477
12444
15409
4981250
-18580
-4518
2655918
-32647
-27904
9044358
8042
-19702
4785711
-20275
-6119
381125
-1651
-29015
3736809
26064
-2740
13901892
8046
28617
4785199
1867
15678
2752777
-22156
-7684
2805986
-31940
26395
8921742
9989
32435
6296336
-12463
27427
4719976
9505
-7649
4468992
22729
-20282
6979872
-18585
-10007
3047853
23099
-13681
5286711
-8970
-1651
5439579
18765
14955
2202625
-24672
-25236
12847292
-3035
6764
2360224
-10528
7627
6557788
-3819
-30499
22464
18648
8919
2527238
-10769
-15622
5252431
-11620
-28910
6029898
-31203
6444
11862161
8610
-11524
5572620
-6370
21355
6623443
-26384
-19565
14685356
29432
13997
9584718
-24734
13658
13435052
-5280
20809
811244
-7121
3269
4465091
20375
-14430
705849
13869
15634
3506225
-8938
-5075
5440593
-16408
-32745
165118
-13681
22383
2659739
23735
21568
4890915
24964
-15074
14156360
8337
16496
4719872
-18734
21057
2461876
24355
-18337
4558896
-26974
-4565
10836124
-2918
19234
2949795
712
-10209
1181704
-30283
-3523
11667850
-9196
1363
4204128
-1360
-6258
15612
-6035
16624
2704613
-3180
-7554
2623160
-5648
-1174
3163372
-25396
7069
13246624
29936
7400
10490924
18920
-19492
3310606
27740
10785
8677986
20224
14447
53296
1520
-166
1057804
-2503
-32201
3279286
29287
12944
10371397
13572
-29759
2134560
13322
9075
2326561
-15333
9670
304003
30084
7171
12059176
30436
-15646
10752572
-7032
5256
4858048
-13434
32671
2850969
-18522
-21312
2590909
15374
-16149
107619
24982
22433
14353481
-29642
-10455
10684547
-27002
-28658
11227289
6335
25904
6816039
15943
19144
1214833
11342
-15030
4271139
-14257
-17822
2133379
30296
-27262
11929650
-9072
-22151
4727904
-22441
3701
2280929
17021
24884
1671173
4729
27565
1720582
18713
-20084
2527490
-26412
-16094
14946980
-531
6791
1115357
27345
-29203
8679796
-5315
-32672
614637
-6588
29496
7342800
14107
27882
2396979
-3810
26027
348355
8844
9414
5898248
-26045
21836
13707440
28243
6781
9522288
5677
-19813
3489809
-32551
30095
8786310
3009
-7655
2099480
30105
12416
12452138
-18781
29219
2463932
-26190
12417
15797420
-5356
-15798
30448
-10490
-17030
6492241
3298
10587
1392668
15188
13979
566888
22372
-170
2933260
1638
21724
4128789
-8804
-5706
6029914
12009
-18238
4330814
-21768
-2066
192766
12329
-8408
4587778
-5690
-29329
3361001
-31190
-16004
11862675
-25520
17148
12594336
-6530
-5520
7930071
15180
-24605
696424
20036
-24539
1100336
15908
31808
1344112
30592
-7326
11010104
23488
-5946
4237368
-26816
10236
11026568
-24301
-21246
4297920
-18438
8700
2196159
6678
14133
5448753
-17417
2679
172539
8230
28604
4653057
418
29040
1378316
-288
-23824
266492
17405
25223
106525
-27553
29220
8677763
-11566
-2313
5570628
32152
8044
10354778
-6281
-24250
6947275
10613
-8906
6951202
-23120
19561
5287116
19165
29347
2461717
17486
32458
109571
-9398
-18802
4923497
-1150
17934
598264
-5820
5878
2120416
25556
-3860
12853844
-21120
-5587
1622232
19333
3051
2655000
4465
28829
546052
5905
12789
2118928
-10372
6429
6816334
22675
17311
6915104
-24482
-23325
4556995
-15438
-20918
109724
-18340
6584
2394850
-22977
20554
7375319
-1312
-5686
274684
2092
26619
2359810
9412
-9174
4727296
11635
31164
5833748
-17308
30023
828132
-3997
-17183
868548
-17276
2406
565984
-18933
12450
3310001
8473
-18661
4591874
13977
12282
3051834
30070
17308
11210787
1455
21579
1060111
-13617
20226
2396567
8065
32088
4718904
18343
14632
2525469
27331
30484
8484984
3565
-18644
1131549
-32560
-1754
8654980
-26624
-17751
14680224
5892
16192
2118160
20212
19351
184378
-26504
-7397
15335590
-28979
-6310
8736949
32600
-24899
9306218
-8793
-11721
5638493
649
-18371
1704200
6116
-11797
2376220
-17876
6608
1352434
-20684
-8330
704746
9727
-23546
5251343
-16901
-29630
1082335
-23434
7151
4956355
-28372
2600
8671874
-9972
-8967
6426720
-29252
1885
9456286
-12093
-1382
4784192
-30881
-9995
11272587
-20928
22909
1100016
-16187
26325
557952
3095
-821
2229505
-23834
10255
5734605
-27233
20415
10248587
-26938
7871
10705049
8469
8095
4200192
13774
7124
3506215
-10364
-17673
6816344
-22403
-13182
2736357
1558
25484
3343377
-12453
-23960
4981611
-14166
25255
2721415
833
10196
532744
-7040
-16622
4726976
-27622
19615
8741507
-23199
26958
5026244
-19634
21493
2720939
-18706
-13906
2200767
-7240
-12040
4335838
-12159
8816
4718912
-32700
20167
8391296
31213
-15630
11601005
29389
20092
9781317
-24474
-5288
5210309
8540
-25842
4463106
27763
-29334
9004132
-11163
4625
4989764
10954
-23928
4405305
-9442
14608
4534387
-17805
15504
1680628
4474
17293
610823
22866
-30133
6396960
27478
27282
9135209
11634
29782
5833748
-12473
24729
4850025
7840
21394
4462652
8563
22012
4789252
4817
-27460
1327364
12425
-26162
4849920
-490
12541
1246449
22404
-24065
2671128
-23204
-4234
4504258
22554
19820
6652451
24261
-19781
4234040
1380
32063
799236
-31434
-32068
8599683
16629
3294
168202
6477
18591
6364193
7665
-22047
5244188
27907
-4036
9519184
-15377
14288
42399
-16941
15342
1409236
5985
28029
2900236
-19358
-17734
2982052
9690
-25540
5579271
-676
-27419
1313490
13078
2118
5440513
-19777
11321
1100239
24855
22403
12719425
482
14776
1376268
-910
-21889
599268
-7476
-12303
5376200
-22741
-18458
6591443
-3738
26005
1003717
-17328
-21121
44256
-29445
16543
9454495
25595
-18321
12591967
-4466
8418
611579
-8568
-26717
4853880
3410
-23896
1133584
-12384
3419
4458620
506
-4551
1114639
-26132
-32088
15730350
-30589
-26778
11075712
5050
23105
92703
3654
-12508
1263665
-19231
-17800
2396588
24099
29404
5603376
-29830
20962
11076239
-24213
-18060
4757447
-31459
-20583
8728705
-29432
14406
9584784
1993
-2456
2230552
5316
-14892
549376
-31051
-16703
10623386
18662
29652
2592781
-20221
-13807
118976
-3339
-7033
1196490
25801
-15651
13246784
20781
-27224
380929
-19368
-5584
2525346
-24815
-31627
12588464
10010
23298
6623763
-19543
8826
2264510
-24434
-12377
4818115
31074
32484
11341924
-12588
23772
4461172
27336
-12959
8550520
-3591
16800
1196494
-29539
19796
11337857
-12299
-8670
4325754
-15639
19093
1213838
23764
-19727
5538324
-13042
-5192
5309523
-15095
-15021
176512
-3091
29335
2163901
8945
-1072
5244172
-2771
6831
2429089
8234
31173
4522499
2029
27817
2163741
2508
10025
3278856
17402
-5058
107039
-23983
-17834
5279168
-24781
27770
12914864
910
20283
599067
2873
-9302
2752782
-17582
22204
632040
-5812
7876
2250976
-22324
-27750
2801888
-23678
23972
4825304
17211
24952
566031
-14255
-30289
2133376
6135
-1952
2244891
23544
-2203
4366398
8644
4639
5245448
-13477
-2384
2917259
11839
-30657
5245239
1597
-31899
3213333
27191
-25361
9595251
21660
-3260
844290
27431
21223
8810865
-32199
-14676
9570694
-3751
15664
416194
23590
-27819
4694049
-10806
180
5449801
-5767
-27999
2773478
-940
-14671
12000
-21096
5499
2015450
-16516
-5256
557806
3432
-21291
1721366
-9587
24009
4797561
-28327
-5432
8804738
-27529
-24167
9068931
-8233
29070
4587893
30306
-9382
12386356
-25764
28745
13378218
-18832
20548
3703988
5145
41
418050
-16797
2896
1933556
11555
-3275
5570576
30802
5327
10554464
4250
584
868867
27018
14122
12271721
-25861
-26162
12596159
-24337
-29179
4232655
18635
-4404
2785537
1202
19484
599044
-13212
8545
2916996
-13263
32230
2392448
-22798
31332
6395100
6030
-31301
2704411
7527
2482
6160661
1888
-18129
2883596
15990
7928
1802355
-15137
19320
307591
-20814
-24067
122108
18459
1064
2392835
-5411
-10456
356597
-26955
-29159
10639770
-9462
-351
4403313
9145
-30831
4335902
-12930
-21322
5832791
5861
-1948
2380572
-32238
12226
9503872
26697
-1467
10635616
-576
-32104
1050840
9201
-21451
4203804
14918
-1530
1288305
18240
15231
2654216
-6686
29523
5578956
-5443
-1845
96509
9763
-24260
7667728
-7504
-18870
5246156
-31975
-21237
9830786
-4618
-31431
1261787
2232
-18863
2752518
-15510
9092
632463
-27832
-12504
9068680
-20704
-26389
315632
16041
-26700
171390
-11090
30353
4793415
-24422
12847
5079747
29744
-30341
10747936
-2566
-9689
3211951
21287
17366
1491201
6105
-3463
2507030
-9303
-15143
4337022
12840
22825
5636098
6196
-1516
6424610
8274
-5737
4262912
-78
-30440
68860
-8971
-5123
5374298
27729
1029
8416608
-14889
6667
1483141
14506
-3925
2721383
-22672
19185
6849740
20766
6532
380931
-28088
4315
9586816
-32621
19288
8979584
30667
-2839
10619193
2354
-20759
2428928
15207
-8660
958829
-22851
-18000
6396125
-9931
24083
6429026
14020
24759
2136632
15086
22912
111743
-30598
8491
11076231
-3930
6545
999621
-1484
19433
1190130
6670
-30176
5317683
-26882
1788
10571935
-17910
29047
1286385
-3348
-19071
1066702
-114
31482
591099
-23352
-28654
4890816
28629
-26697
8668020
-3088
-4357
2098364
18093
-30697
2202653
-27047
4850
11946386
20305
-30520
574760
464
-17188
1310724
-9686
-12740
5579379
-23810
-19060
5341391
-32710
-1285
8456839
-3154
13851
2165951
-29593
-29502
11403653
24549
-25809
4490044
-12910
31124
5833816
-19857
2103
1623495
27343
16046
8679799
-22586
8072
6523097
-17151
26768
1081808
12249
-28196
4587830
9419
18170
4858113
32156
15349
10224218
-14282
20856
2328707
21715
-2046
389124
15677
-25317
1149013
-10830
10532
5319756
-31278
27633
9773188
-32077
-20842
9505932
7188
-26433
4204064
-6003
29072
2704609
12574
28875
4526083
-26081
-13563
13902259
-9395
27021
4793449
-29445
20172
9454495
2622
20815
3213335
-27836
-26
8938120
-19149
-11586
2461856
-32461
12725
8720512
-32008
-9516
9568398
-5089
-21836
287203
-13688
-22889
2789528
21364
18525
712714
5950
16387
2703375
-13687
-31871
2789784
-3756
10168
24256
-9040
3200
4727908
13594
26194
2462243
28747
-6767
8538433
-1629
-2884
3475692
2300
20951
2101774
9581
-20396
4797445
22390
4154
2867211
-10496
20257
6295632
-28571
-23838
9192324
-14140
1858
2654848
-8001
17625
4719047
27651
29143
8478816
-17075
-29161
1150161
13240
30962
2263102
-16551
1368
950762
29095
-30050
9849165
26377
-25040
14815568
11061
-496
4858154
32374
-18567
10158195
-25307
11974
13894544
25444
7545
13378124
15926
-4199
1280115
-3276
8961
2752682
15134
-18609
372851
18817
-15843
3703048
-28900
11955
8671922
2987
25707
2101023
24598
18582
12780609
17943
-980
3310865
12638
25487
4528131
30571
18406
11011887
-25508
5552
12855970
29309
-1233
10043461
-10378
-28365
7012427
29674
7108
10552895
-31199
-30
11796880
142
18865
590851
31956
27881
9699924
32500
-32712
8523898
-353
-16871
791035
32486
4581
8851581
-3405
-27200
1133772
29282
-19219
10305604
21
-8214
1792
-3243
7395
2623400
25301
-9809
13894468
4355
-9993
86016
-13114
-27848
2850945
-30602
-31394
11206787
5753
-20385
3817750
-22900
-6376
6983896
-3986
629
607431
-3286
17967
1393347
13860
20850
3441200
-14967
12890
1745288
-16092
-15696
299648
-11939
-17315
4528193
-8334
20892
4785260
-7399
11791
5636546
7524
-12938
6029844
17998
-23146
3247123
-25982
-369
13185208
165
16788
787204
-25908
27853
12728504
-30318
-27130
12125320
9044
-15389
4728328
7666
1683
5309468
6724
-4126
5253680
-28870
3315
8995503
17050
8368
1933835
3280
-30701
1327124
-11892
32112
5898312
5058
152
92184
15979
-21772
1607543
-9473
31283
4206975
-24858
-19928
13045949
-7788
-13411
5768904
27624
-12686
8545406
22225
25471
2412820
-14194
10322
2720899
31799
-22726
8530275
25057
-17390
13893964
7682
796
5308464
-505
-5313
1180145
12150
27297
4915243
14637
21131
2461793
31407
-14788
8404351
18235
30247
2654991
-6763
7246
5777352
-9329
13366
4728187
-14280
27236
2263174
-29315
-14627
10043541
13540
27381
2396716
-11682
-3682
5572675
8504
-22920
4331526
4109
-1267
82945
-11091
-5616
4793413
11058
-22612
4534320
31532
-20274
8663666
17743
-25204
48387
-22121
-30476
3851753
9316
3448
4989444
-479
-8968
1311216
28699
-6625
8667971
-5293
13805
615656
7268
-19332
4989476
28195
-10551
9781360
-16421
24858
295927
31891
-26072
8987744
-15292
25619
43648
-9191
-31404
4596066
-21385
11787
713187
7807
-10996
5767479
2722
-13334
2431004
23974
-21310
5736477
-28567
-27021
9061766
20604
-12210
573958
-15205
9723
828291
797
-2763
1376257
-24611
-18744
12910773
-10472
9649
6688850
-17749
-12856
49151
-11734
-15285
5571139
923
-7293
795419
7376
-13034
5505044
-12818
558
5309535
-15158
21816
761985
30644
-26284
10618938
-22835
-1273
6656213
-19065
-25178
3834281
5876
25351
2248730
-25471
15666
13115808
22502
19984
2605085
-11314
-19462
4530263
477
14807
1376261
14125
-3777
2461745
14794
21232
3377257
23816
2678
5406736
-8110
30132
4263104
-23993
-29674
5409217
-6741
15812
5255119
-9492
32529
4208254
-66
1812
67839
-13664
20029
2398364
24381
25612
4816941
-20243
-26298
120013
-4238
-4570
607468
-15185
-26953
566663
7421
-2454
5308445
-19728
25974
1098956
-4954
-8001
1007845
-12232
-7417
4327494
-8043
20629
4720576
17074
25761
1149964
18391
8304
2523413
-6788
-14456
4731590
26857
14276
10638702
1171
20896
599040
10875
-2198
5776183
9474
-16504
4272128
26042
7841
13707855
-15609
-25648
1212801
-2115
10141
2164925
-27035
511
12338068
-5919
2974
2380268
1231
-31809
274695
3350
-7815
1262609
-31408
-1488
8404096
594
21559
1117184
6818
-27550
4536380
-8951
20901
5374288
-29638
-1128
10553991
-29315
-4570
10043541
-25713
12414
13116859
14717
-2671
2723941
-19880
-25145
1493186
15543
27186
696675
27426
2422
8745072
31696
18110
8659060
6903
30646
4337979
-24436
787
4882624
-9468
-17168
4207216
-16396
-14649
164090
2949
30465
2622232
-8522
9887
4397179
25997
5090
14230601
-11544
32617
5375054
9872
-29825
6820888
-31806
10882
8464536
227
-18083
331788
19846
-9389
1818649
-22521
-31090
2277857
19534
-1631
2198531
31500
-32722
8532080
9770
-23336
7668243
3707
15153
1590071
-20175
8493
315840
522
16418
1245185
-6072
30865
2246880
14116
-15725
2396720
14424
-18568
2525282
14105
16446
2527538
-12067
31393
4526149
21788
-15956
324098
25389
-1229
13959233
13951
15257
3703095
10281
-30216
6684962
21255
23120
1229057
-4802
23393
1132759
10585
14692
6691106
-15700
-15768
1085070
31490
7752
8466544
-10018
2246
6623335
32381
29806
10027125
-23
1032
132606
17649
-28651
46348
-27961
-6432
9587081
13606
32114
2592801
-26332
8449
14946976
12736
-13111
5244936
23062
3313
5481521
-27535
-4222
8938884
-20046
-32654
1166540
28744
14269
8538176
554
-24844
1376771
-24648
32646
12716222
1406
-7200
602119
-19017
-3153
3312043
4281
26141
672006
26445
21580
15270985
3599
7177
1066291
-17353
7353
174563
-14637
-12610
2461844
-840
-18856
663782
28404
-25941
8540282
17371
-19116
303895
-16119
16783
168320
8012
-30138
4849704
-9824
-31734
7604332
-14862
12309
1156236
-13387
4437
2263450
10500
-7505
6296096
21324
24112
712712
28862
-32457
8994887
-356
-20673
791290
-5031
-26860
420322
-11401
28154
4858187
6485
8022
6299424
28392
20492
8541310
31023
-403
10752355
10551
-463
6428963
-9927
13161
6429030
-24449
19958
4751815
-29251
-22124
9521309
3647
24640
1067319
6878
2807
4534327
-21572
32071
60158
22337
-8216
2670856
-12711
-26544
5638514
16332
6565
166008
-17982
-29291
3246312
-3734
-7802
612039
-9895
8216
6691170
12331
18879
4457219
-12485
-7041
4719471
18893
30589
3506181
4459
-14451
546567
26231
-31854
16384339
32090
-2359
9767507
25755
9251
13378371
21102
-2193
1688583
30398
-25627
10557503
13345
10594
2392352
-9211
-9539
4203360
-26374
3111
14750383
-30106
-28106
12517525
-27056
268
11553936
25743
-23557
13116739
12345
31576
4327686
1149
-31689
598021
-20582
16912
901883
30361
-21722
11407674
-4394
9520
479477
89
-32120
395522
-25787
2852
13116328
11806
-28059
5570611
4392
-20531
413698
13525
-21403
2396964
-8463
11709
4199804
-6415
22907
6297052
-18588
26255
2917036
-4185
18830
412157
-3823
16861
21952
10076
26537
7078410
9769
7704
7733522
-2020
3246
2360034
-14338
20687
2195615
1826
-28188
2428944
25601
-20623
12591424
-6067
15008
2182369
8483
-3131
4526080
-5755
30921
3687400
29348
31965
9718348
-4205
-9557
607480
-16092
31157
299648
-27114
-14213
11748497
28429
25120
8475761
-3609
-31575
1458637
-2660
-10975
3932842
-3368
5121
1458374
-17298
-17124
632039
28297
19589
9064824
-6791
31130
4862406
-25244
5286
14418580
13697
-1740
3703080
-20717
-11671
120048
-21041
-26477
1360343
27284
3614
8943224
10061
-30338
6882313
27719
6208
8546657
6485
21386
6299424
-11342
4455
4271196
-8705
-28106
5243231
-27583
7228
8415616
-7467
-12532
5505988
-9852
-8728
7864936
-30031
9687
10493340
-28112
24931
9715840
-1672
-27084
2756838
-2778
17015
2560161
31669
1466
8530298
-2007
-26884
2490850
-4551
6731
1198582
29932
-7010
10491438
28912
17511
8410188
-12277
-534
4325697
7663
-23403
5244191
4484
-6135
1589768
16427
11589
295683
3742
28638
872507
-5931
26940
2380772
28748
5095
8538176
-7417
29396
5374401
22277
-1698
2151184
-10355
9695
6882393
10020
-7323
6558224
26900
21641
10507872
-30690
-19470
10813571
-18150
5293
2462435
-10693
13558
7342935
17035
-19271
1736969
2085
18238
2360064
-13810
22428
3245203
-24779
21238
13238698
4230
23369
737281
13515
31802
2785569
-12647
-16501
5116282
15834
23166
1409623
-31043
-16411
10557597
18816
-16800
3702792
-6929
12204
4208079
11415
24183
4859169
-18647
-4943
2527666
-7534
11435
5833928
21592
12372
452610
-21558
-30718
256249
-2316
-8012
2232506
15959
-12159
1215857
-3509
-3751
1198529
29848
19361
11403298
32379
8943
9962359
-122
-26572
721145
2266
-2981
2429447
30317
14157
12125237
-569
17051
1182169
-13131
-31364
2785666
2410
6257
2692615
28719
-3550
8667459
-13457
-14510
2655631
-565
32596
1182169
-21161
-26847
1232337
-25003
-1148
13635504
28762
-13172
8735299
-22907
-23503
6853592
30593
4538
11010360
8613
-20795
5507852
-15198
27360
893060
5068
-8619
157720
-9139
-21642
4271201
-20387
-29425
379073
-22815
-2618
6590940
-2442
14745
3866803
11696
-7422
5245980
7625
14145
5376280
17521
-13547
566532
-6343
5018
6947278
-11424
-11851
4989004
18842
13773
4030987
4739
-22296
1654792
-18259
31328
2720997
-20448
-26580
311488
-4331
4700
22512
19679
32488
1360151
-25911
-16153
12728760
27112
-32350
11682926
25037
17065
13959237
12457
22767
4850950
-22488
5792
2539746
26888
-15417
10637408
10351
19919
6817063
-12784
1331
5244016
-1881
24707
3015141
391
-17401
1704201
-10593
23743
7082331
-1897
-9458
2754017
-26430
19640
15270048
16103
25561
430461
30264
-10668
11667510
11285
15145
4204320
1367
8362
146689
10841
22904
5646642
29092
-14045
9718348
-17142
12446
1278161
-25383
-27351
14025110
-23370
17974
4956355
-2394
5325
2562237
18067
-29554
2724888
-1350
-32757
80639
-22473
8008
2279907
10345
4539
6948134
-25725
-26466
13181112
14894
31720
1417331
2067
-28905
2163712
-19185
-24802
2135459
3855
26070
21811
5816
-26491
2250782
-16340
-19718
295554
10234
-27990
6357535
-25822
-1434
12923056
-5294
-17404
615656
24326
14138
4427825
29432
-27388
9584718
9516
-29827
4469250
-17021
-24743
1671384
5199
-11432
27907
860
-19325
795146
23301
-7196
4240176
-29021
23322
8739004
-29157
30395
9716659
18787
-23040
2985988
2256
-432
2363396
21474
7306
385052
-24736
23989
13369516
-4160
27244
18680
-23057
10785
5285327
16688
6155
299008
158
32563
851971
28965
-7022
8672064
5764
-12852
2642456
-30552
-14213
11142278
11958
21561
4397115
3599
14781
1066291
14466
19268
2719840
6472
-15778
6428704
-4798
-20103
1132752
-17011
31634
1672409
16122
13707
103039
-9432
13906
4599922
9209
28173
4333854
31919
25528
8922471
30962
-31071
10556524
7873
8780
4200760
586
-31785
1247233
-30305
-5835
12321163
17408
25862
40960
-22035
26966
3261677
-17190
-6463
1409751
6129
27436
2114844
28238
-11414
9522291
-12993
-23233
5245271
-12135
-11202
5112130
12676
-31038
5767688
-14037
11169
2397059
6855
-13083
4340025
-19068
19076
3703464
-22458
-28244
2345185
-12667
-27637
4723576
-9700
19740
5513842
24994
10269
13961292
23649
24045
5021988
21630
-10131
647175
-10407
-30734
7209290
-5619
20503
1139953
-765
2141
1114320
19289
-15503
3047690
-13006
29784
5570640
20315
-13377
836395
-623
17729
1574360
4690
-23420
1133568
26084
14227
13902412
-22105
-9965
3590637
8158
31008
4522039
-25422
16047
13182116
-12685
635
5833844
-23492
15608
4238022
26203
566
15993683
3718
22616
741433
-4643
-16696
1392853
19808
-3921
1884180
23315
-15363
4305968
-29110
-13031
9652401
2136
-11643
2492418
20229
-21585
54064
30273
-7174
11536688
23922
-30946
5866516
-5701
32392
3165167
1155
-12102
598016
534
855
1246209
8115
23870
4262972
28275
-25953
10044532
13831
29065
3309873
23285
29888
4370746
24947
23956
13177924
-5925
-11284
2380775
-19941
1836
1360835
-25413
-28866
13116327
-24808
32177
12980402
-32694
10138
8587393
21608
3717
713734
16294
25198
493693
31391
32506
9187707
-26305
-19150
14686631
-25409
-17984
13115815
-7133
-25808
4530368
-17611
-9961
696810
-9914
12013
6494305
-19405
-11432
2457760
-31466
-8070
8598657
25258
2561
13700687
-17318
15713
371427
24492
19587
4230718
-9625
-6632
6168949
28725
-6958
8538434
-21509
30554
58367
9947
18941
6558487
-30722
22246
10551455
28737
15873
8407360
-30203
-4397
11535248
13922
-13745
4030516
-23434
18412
4956355
13893
-3815
3181360
24272
21950
4493364
-29667
12356
10813569
10458
9743
6623783
27580
-2326
8415870
-19833
-8790
1753545
15566
-32509
1409111
-755
2640
1115345
-12875
11685
5376346
-1908
15804
2752736
20393
-25093
183614
-24484
-11252
4491970
25397
7349
13246794
31497
30323
8532336
8503
-30514
4331779
6135
3218
2244891
32598
23953
9110633
-31663
-4189
8400256
27433
-25142
8810866
-15924
-2380
1214600
24298
-10181
4298303
23109
-24593
5286704
-30355
-29882
11080837
-9885
-19866
7147620
-16002
-17676
626823
-7087
-6659
4206016
4316
6519
283142
-7468
3916
5505732
30781
10028
10553445
-25124
30788
13894294
-29636
16426
10488454
-26554
-11043
14878881
11169
28805
4467004
-11252
-13512
4333632
1382
-20034
995333
-9488
27693
4207740
31777
-17294
8659296
20685
25219
380933
27515
12414
8938351
-26187
8775
15862186
8123
6144
4197183
-20133
1808
318403
-27391
28990
8417664
29128
-2522
9586760
745
-6743
1180942
29489
-16473
9716032
-31509
-21151
8402831
-30982
-1519
10556063
32246
-4350
9633883
3817
8714
152894
27824
8874
8938596
-3439
-15362
1590728
-5758
4314
3752168
11477
31235
5505812
23
6970
132353
-10153
18397
6425953
-6507
-29558
6821848
16546
22994
884740
1614
15384
3214355
31396
-11698
8665724
30099
269
12125224
25582
32735
12657759
12750
26245
5570567
11596
-18152
5376016
25591
26138
12722523
17370
1680
369175
28511
-16495
9191787
-16252
-11054
557696
22074
-6311
3262999
12630
16975
4398081
7409
29184
5244188
27662
26563
8479843
31236
14134
9446000
27831
25133
9068899
2223
-10743
2622727
-10510
-14079
6362204
1042
21593
74752
11928
-9635
5115962
9285
-23561
4205312
-32242
16884
9503875
27374
14427
8483967
-13683
1232
2725017
-8862
28360
6094932
-32235
15933
9439104
19486
-7250
2457603
6364
-19839
6558246
11048
-2906
4599858
6922
-19399
4403249
-17513
-14517
697849
10539
-5001
6558499
-2243
10455
2687149
-9438
-12697
4534384
-31535
-8604
8663428
5776
21529
2642968
-12453
24529
4981611
-19365
11541
2395043
8011
23875
4849961
22470
9989
2344985
-20057
16211
1493453
31959
27090
9830741
-28592
-32742
8408192
-1435
-10835
1844212
-21670
-32636
910059
16891
16736
1082127
-10851
-31238
6103113
24710
-10597
13303873
12195
27684
4524092
-1179
24892
795628
-13885
-4993
3246216
-16350
22951
360576
-31431
-29295
8534406
31448
-14512
8794230
-15561
6560
696715
7467
-6865
5505811
-9106
16518
4793447
-8766
-22810
5310552
-1657
18898
3801577
14920
22888
1222768
-17433
32225
434685
9826
-10236
8192020
4972
-16388
550414
16547
-17469
884740
-17865
2199
1223155
1114
12541
338435
-20909
-28483
1166576
-4927
20685
549344
-17683
-19572
111869
18754
-1793
2201600
12384
14369
4980740
7145
-14950
4334910
-12311
-9667
4326782
-8999
-657
5636438
-3110
-4909
2425527
16475
30597
297731
-3015
-17980
2230694
-9767
-8285
7733606
12187
-13726
4981563
31023
-28757
10752355
-7606
32147
5441729
22259
26291
2216988
-3075
2014
2162877
-7434
22048
5439691
6562
-580
7669804
11157
-11444
4728632
-10245
-6822
6292319
22666
22102
7045153
-27295
-20740
9204100
-14165
-13963
2656135
6031
-31783
2639131
7997
-7655
4784173
-31865
-25498
9052569
-16391
32152
164350
5589
530
1336068
-14356
-25328
2131614
26011
16137
14426955
-20634
-16261
1032429
3207
25440
2752769
-6718
-29693
5318856
9905
27637
6298908
20167
-23531
186681
16862
-8649
1409031
17061
-16259
1346316
17029
-1878
1606408
16375
30716
164219
-19237
4927
2397095
-16416
-31221
295164
-3530
4441
1263811
-14048
-22890
2396288
25891
-11123
12922944
-25232
-17082
14156948
-21642
526
778475
-18860
-32247
3182256
31249
-13823
9446768
28045
1286
10044505
32424
29640
8526974
-10500
30269
6296158
-21254
-28355
1163999
18821
-14427
3703560
-10080
21370
7077988
31711
162
8659319
-18640
21867
2396336
-21954
-9980
1173751
12655
-21918
4723975
-5182
20511
92408
24417
27207
5013804
32681
-8390
8523134
-31521
29771
8663431
-16620
17344
38640
-31656
28929
8792194
6842
-32538
4274751
16939
8176
1344259
13514
9368
2850849
31145
28175
11668846
17051
-24295
1868555
19340
-26972
2785304
-32569
-20713
9044353
-17907
21721
1156337
6319
23066
6817063
-425
-18178
1183217
28360
809
8542328
-13396
-28574
2133662
-25275
-4249
13634448
-30187
-13625
11536272
-12456
25067
5111914
3598
-24245
1131571
16067
-7904
104568
31878
-14325
9117793
25627
32632
12854083
-32693
-30364
8522113
-13779
-12574
3506321
419
-5212
1378316
-12665
27831
4854137
-28783
22704
8930744
30777
-25638
10619238
-10889
4930
4862275
-11553
-27798
5505351
-17230
2696
632036
4272
-1101
541700
-3686
25415
1917643
2613
-13368
3279122
18974
32677
3506195
16970
-13495
1280001
-2172
-6268
2622136
11075
-16197
4792360
-25834
26121
12793009
763
-3734
1049359
-25463
-12040
13246880
-26172
-30515
15731368
15348
-17604
172154
11345
-17613
4205856
32051
-22450
9764944
-9207
-2208
4333920
14950
19012
2072693
19282
28285
2720776
-4201
785
673273
-28606
3963
8472704
20340
32390
704554
-17036
22459
1736914
25134
-3862
13959235
23747
-25559
4825120
-20043
18798
1231306
29984
-6752
10752032
22118
-23728
4177941
2099
-22619
2424832
13370
4882
2198055
-23995
19784
5278656
13574
-31817
2330657
12165
4470
4719416
7495
-3551
5376273
-19721
21468
1229259
-14629
7750
2397079
-2632
21739
3279022
-26424
24373
15335584
3764
-11143
153658
26334
-7424
15011927
25299
-9291
13959236
-19237
801
2397095
17261
-10725
631821
4469
-30312
676098
-25405
29453
13181088
262
-22629
200705
-10339
4110
7143513
24009
30384
5409048
-4228
24325
541422
26818
15781
11092064
-171
-28635
526312
-19323
-21948
2655136
21123
27444
1687560
16492
18175
558598
3037
2395
2424853
14334
-8058
2195519
17056
-9027
1345548
12797
20113
5308429
13392
-23967
2133024
22901
4823
6983970
30525
-7286
11075629
-6680
6446
5383374
-15288
20968
174208
7397
-5780
5505820
8573
11391
4788229
24145
-24380
5279024
-28278
-5235
10174601
-749
-26345
1115344
-11740
17391
5505600
30547
-18561
11076648
-3029
-12009
2360227
-5722
26504
3623149
19890
-18137
1166364
1274
-18148
78351
3507
15700
1133596
9910
3225
6494235
17144
11523
1212430
-27046
-6399
11881107
8982
17022
5440513
-2649
12633
3541421
-22252
-5866
2152160
-7910
-4832
4526787
9013
-7265
4858122
-8970
-29491
5439579
14026
32609
2332729
-21742
-28623
128240
-28322
-22585
8738947
-10328
29450
6425694
-8587
26448
5898610
9860
9164
6820376
-12941
11658
5833812
428
26875
1052174
10137
-15932
7209242
17666
-8031
110592
7127
27813
4596021
30091
6783
12189993
-30252
-316
11797124
28068
15971
9718364
-18305
18685
2654695
-18663
-28906
2527666
20357
18171
574264
8467
-20476
4264960
1609
-28894
3279120
16122
25913
103039
-12249
16965
4587841
26200
3343
16123986
23285
12216
4370746
9886
6026
7147547
18689
-18566
2134272
11729
12759
5505300
-28664
16925
8536192
-4708
24175
1852122
1686
2508
2823193
2097
-14647
2359552
2538
-23381
3212815
16620
5378
38414
14222
-13236
2720827
-21714
1914
389363
32315
27080
9440119
-29722
30111
10944669
27174
8726
9920625
-18874
-2715
3377329
-26820
1966
11027086
-1359
-23864
15868
7738
-7120
5311031
8333
-4319
4785153
5949
-11966
2703373
31384
-8073
9318522
16235
23693
558959
28823
-26616
9061697
-3738
17130
1003717
14325
31287
2261306
6409
4409
6426912
-21713
-17723
324083
-2464
24027
3932340
14749
25952
4030569
-19224
9687
2266286
-15345
-21907
42371
20330
4598
640559
23752
17670
4890656
27551
-29632
9199995
-6337
19694
6816207
22448
-326
2149404
9258
-12206
4530691
-8079
15972
4720068
-32394
16936
9113731
-12642
4824
5050491
-12951
6416
5899606
24350
-4538
4558899
18354
-25085
2198556
-17233
-16303
566759
32405
4278
8918904
-16427
5346
295924
-25305
27906
14025105
24043
-8430
5277471
19448
26810
2261022
-3789
14247
348352
-3171
8394
2949305
-25307
6491
13894544
-22423
5304
2803174
2562
14526
3211280
190
29818
589831
-1297
-13283
13823
-3624
-18974
1458374
-26487
-29211
15335840
20319
-21522
835883
27814
15831
9396325
22186
-25796
2219551
31701
26993
8659828
653
-8430
1639433
-14878
-23723
1417356
-14708
23746
2789528
-19846
-27615
1688263
-30236
-19594
11797132
-30277
1152
11537295
26966
-14653
10706017
3096
-20525
2490370
6011
7317
2638607
10995
-25403
4273212
28186
-30086
9781875
-14783
29833
3180944
10723
-14390
7667756
-27875
26614
9781377
15294
657
108671
-28226
26293
9521295
16682
11784
365059
18245
-16481
2654984
25301
1271
13894468
-21243
-12312
1098704
29631
29173
10488127
-6671
-21038
5252556
18188
-17732
2265104
-2100
-17903
2230456
-19723
-25526
1229258
-23685
630
4760527
-31155
14900
11603089
13280
21765
2392124
23442
-26786
4826168
-24971
-13536
14287282
7992
4686
4849710
-15775
21202
1868164
-25176
-16208
13765790
10342
-4609
7274533
32697
622
8522110
-1019
29061
9184
-23372
-15445
4890818
28417
-17172
8409456
18664
-30235
2266126
-30158
3815
11862160
28800
-27292
8929344
18337
-7270
2394396
-3048
23711
2490530
7452
3543
5505554
27921
-27377
9454928
-18167
23303
2265568
6317
-7100
6882341
-26890
-15897
10703003
-20210
-17169
120003
6236
-11274
6556194
-22176
-27609
2937060
1765
3426
2364188
-10937
26444
4340033
-32004
29559
9437838
-18981
-5164
3441575
-9585
3211
4732283
-255
9729
4592
-2338
-30220
2429111
-14710
3790
2855065
-29790
15053
10815644
-19528
-25189
2263230
8163
1377
4522044
12872
2528
5376000
-31362
17091
8990855
-15998
-19758
1671304
28340
-9720
8542330
-11156
22741
4728390
5601
27434
1335564
-25284
6273
13634198
13047
-11150
5374219
-15940
15183
1084046
561
509
1310976
26748
-18433
11027046
1876
-31067
2622984
-31502
-24236
8467596
-4055
-29029
410050
26419
16597
15011920
30096
26895
12059688
-27327
-6221
8419712
-27790
-8327
9004172
22481
30454
2408724
1728
-15138
2103320
-3419
27427
1330124
-3413
7857
1069007
-12793
-6401
5374321
23721
-10443
4891942
16712
-4432
169984
8508
-25633
4200966
-12879
-289
5246300
14878
8612
1417331
30397
-30496
10557501
-26585
-11717
15073697
5227
2672
550663
2865
-20349
2363664
247
15760
135435
16046
-6582
105599
-10180
17940
6294118
-15696
-15294
1084556
18945
-9490
3178768
7337
30745
4859174
-10508
27088
6426714
1167
13015
533763
22796
-22779
6459424
-26914
-20276
10834071
32297
1717
9830770
-21250
-26532
1163487
-27402
-4948
8614027
-23248
-4899
4501696
4249
-28516
934146
-21589
-20291
61439
13389
31980
2198561
2436
22239
3670536
-2218
-32275
2819241
4620
6655
1196032
25182
15886
13961283
18067
-12900
2724888
30426
-32068
10818103
25762
7187
13443140
13323
7507
2261281
4809
-2724
1198344
-27194
30802
9660553
-19064
5751
3834024
32429
18511
8461437
2336
31273
2363392
32571
-14984
8913775
-15136
21008
307340
5587
1916
1400836
7458
30242
5570576
-2791
22002
2494882
-31231
-3869
11534736
26202
-6089
16058963
32280
19903
9830514
10195
5820
6619156
-13669
-4678
2921371
21974
17935
1564677
-13687
-23941
2789784
-5851
22689
2380768
-12081
29389
4460871
19327
27203
2654479
18345
-12780
2264350
-11399
-10560
4858190
-10316
23718
6424666
23061
-5678
5285680
29932
2991
10491438
-30789
27444
10488735
-6077
-31970
2181344
-21028
-3481
1360598
934
8326
469021
-28549
9461
8930183
-12632
-9732
4332670
21773
28383
128001
-13819
-31904
3179408
-32137
-8460
10092931
16581
-20594
557824
-29149
-31345
9781424
-6101
-16810
2376675
-6934
-17828
4273871
-17495
22238
175614
29854
24761
11337763
21713
4607
323844
31775
-7805
8659299
4205
-22359
607237
20277
27235
704810
24960
24810
14155848
-7834
10067
5181637
-21532
-25884
320252
-23933
4785
5865672
-13639
26544
2267550
-14862
8152
1156236
-1463
8662
1190384
346
31113
334339
-28024
-14285
10109064
-16808
17432
1476850
4113
-18415
17664
-3228
-20640
2884268
8943
9206
5244175
27453
20748
9003117
3422
-10744
1394707
-21647
-12482
583148
-2549
12497
3277233
-23449
-3582
5153221
21899
7391
1761545
-27171
6643
9789573
-15273
12137
175489
-22492
-5926
2409184
23710
-11233
5087267
8460
-32528
4329472
-19658
30625
2850987
-22447
-23158
2149856
-3136
-6131
2099384
26700
7216
10635360
21474
27974
385052
9139
-9471
4271132
-9790
-14560
7407720
-26096
-16432
13640880
-14685
-28786
2463900
4789
-19512
1198346
23599
-1616
4497699
-29644
-8013
10619010
7700
31998
5244464
14969
32707
1745270
-12643
-3552
5050489
-13234
-8865
2198659
-20336
23332
574656
5078
-19863
483349
21234
-16077
1164300
-12748
28644
5376114
8666
24309
5571079
-29421
-11642
9520272
-10221
-14504
6358112
317
18992
71685
-14763
31131
3182480
-30758
10674
10814103
28567
12366
9061753
32178
-32582
9505884
-24614
30793
12911287
8538
924
4528643
-27250
22866
10052747
-9606
-5285
5841527
-24377
-29097
4882881
30354
-30767
11080760
16898
30569
1146880
-10325
-15523
6295391
29465
16307
9847106
2851
-31031
2428944
16490
-11505
624135
27581
4083
8480893
31577
11463
9314666
30998
8203
10687585
-13737
-7009
3313041
29468
-31110
9716290
-24795
4550
12850096
32496
-5960
8393852
3754
-20693
89663
11328
-4031
4204576
21656
-16557
974850
-30151
-7539
11667862
3992
14807
933946
2400
-29705
2887684
-28893
24055
8736944
-3676
23311
1329868
768
982
1048576
-15741
-19410
1671304
966
-26392
206873
27323
15708
8420223
2426
-22119
2691591
-8141
-20880
4522176
-21059
-7869
1165533
3736
-30193
938042
-29954
24991
10555551
-29492
-10486
11141248
17815
30253
1746185
757
32157
1179914
1243
19917
275207
-30143
16697
11536784
8676
-13797
5505548
3356
-1086
1327634
25318
-3717
14090317
-10869
-24400
5906761
4180
15863
19968
290
-25108
331776
19626
-2264
2721287
3402
1695
1263633
-4940
31480
680162
31053
-26256
10558561
-18460
6332
2392764
5204
31696
28160
8648
-28700
5376008
-4327
-22160
414194
17678
15456
111619
25112
-24232
14024770
-9970
-30606
6362211
-20235
3884
184778
-12454
22695
5046891
-16091
-830
299904
16488
-194
689158
12375
-11678
4328705
18264
3431
3047434
12321
-13118
4456704
-19757
16859
1425604
-1315
-5085
340213
288
16798
266240
-2391
13209
2235838
32308
-27412
9570418
-29992
-20324
10883222
14564
4860
2396780
23667
-15334
4826148
28049
-3337
9979224
-25661
-24445
12658872
2305
-10624
2101504
-16659
-22319
103677
1819
24730
2364179
-26696
-24842
10635422
-16329
-18064
166275
32064
-29259
9439312
-31873
-10578
8921487
-16848
10112
1343728
561
14254
1310976
5846
-12526
2576405
32394
-12635
9113721
23282
-30325
4305980
-13843
2082
3245197
-7905
28280
4460995
22716
-11237
6849062
31176
-28491
11667560
-25174
-8041
13700767
-31722
30944
8594561
-19588
-15912
2654894
-27410
-29978
8483983
-5388
-113
159994
-4992
28552
549088
-2264
6548
2494642
-1879
26204
2754022
19423
-18527
2392343
27218
24426
9530480
-11949
12950
4267072
3044
-32720
2359836
-10945
9578
4208967
20285
26064
639021
26962
-10634
10574944
-3065
138
2228641
-25706
-4585
13313209
-10635
-230
7995730
-27007
-26363
11030936
-16967
2813
1214942
14113
18074
2396464
-771
-18287
1114333
-27487
14883
9200004
-10630
27663
7930455
-23579
29419
4498396
-1643
6598
3672040
7823
-31331
4724027
-9248
-31558
4464764
-29761
-21846
10488223
13088
-7190
5505024
6830
23789
4275263
-19801
-16050
1493453
-836
-17421
533222
19509
28123
2263298
-25431
-22527
13247910
21302
-15359
778251
19569
11054
2655492
19778
2311
1165328
4309
-7116
283396
4644
22722
1327616
-17741
21871
113916
-3256
-26406
2752680
-2166
7922
2818233
30979
-22673
10555488
-3630
-19246
1392836
-4797
26162
1132752
-18224
-772
2396388
23604
13962
4368418
-4174
-20425
85244
-16613
-20964
300019
21418
30458
126495
388
-2211
1573384
30198
9575
11730987
23374
-16547
4826155
-22661
18964
6849487
3720
1149
675896
11094
27521
4924457
24465
-6879
4752696
-32697
21993
8522113
7577
-27816
6160666
26236
-21592
16253526
-22103
22199
3329518
-15901
16943
1409164
-5870
5637
2184416
15195
28240
828267
5063
-20737
157977
-6896
2098
4207808
19117
22550
2202653
31868
21857
8921702
-4652
-791
1327828
-28874
18343
9126059
16000
-31304
561272
-7077
-31171
4467651
22851
-5492
6395936
19540
16414
2133504
4627
32652
1131520
10081
-28141
7078156
19749
-6613
1360656
-8487
19525
4591990
9950
29846
6623255
28915
27185
8475724
23817
22048
5406992
1685
22002
2627352
-27764
-11324
9068696
12472
-20437
4849670
30478
4981
10556467
438
6414
1247243
-462
16255
1376496
3480
-12626
1982490
25544
24224
12724312
16170
25033
365171
-24444
27078
4752064
-28561
7377
8930695
8585
-28027
5898504
23366
13503
4956201
-21189
30637
1100759
24994
-31096
13961292
-8459
-18637
4329850
364
-23499
529926
-13605
-20553
2397079
-17001
28581
1738201
14817
22815
3441004
-11228
28431
4465216
2288
3438
2102284
15028
-4520
178298
15711
-2092
1345875
3828
26722
151610
-13299
23650
2196609
20573
23228
378881
9566
22519
4536323
-4249
-19956
934381
32409
13762
9310586
-1741
-29046
2429152
13915
-24940
3443507
5217
-10864
811268
-9337
-13514
4858233
31780
10711
8659552
24899
-13171
12654656
-15783
-11745
1476994
-5901
-14565
2184428
21350
29979
1040397
25698
-16527
13443140
10749
-22777
7405613
9422
-19184
4534279
-24107
14319
5538756
-29431
-28937
9585040
25169
13496
13634880
-18402
22930
2457827
-15606
-29504
1278081
-14620
-25527
2396828
-31720
-25469
8790146
-732
24244
1311440
-8602
-13904
6226037
8475
-13330
4461315
6528
7088
7864360
-3917
10483
607428
-26004
-21631
14165686
30294
-6971
11734065
-8309
9141
4850041
-1587
13128
3473637
-17261
-28245
632032
-14385
-7301
2392471
-18736
12063
2396340
-1185
1863
795115
31934
1543
8986727
25509
14390
12856156
-19563
-7865
2656184
7808
24831
4722744
7121
16225
4464948
-24191
-22479
5800392
30451
-10596
10556476
-4467
10821
611577
-21960
16159
1239286
-21927
22947
1501682
-30612
10728
11011718
30757
8056
10748768
-580
1896
1051358
-7725
-31221
5570756
31920
29612
8922212
4236
16908
671744
-14381
2098
2457748
3666
-21173
1133616
16800
-4796
1345548
28998
18129
8607809
-20760
-21497
185598
-27344
3492
8679552
8073
-22190
4849976
19067
13165
3703575
26446
-23896
15270987
-30652
-5054
10488448
27494
-31631
9396333
4369
9211
21760
32730
-27907
8716919
26814
-28444
11092071
-14517
5954
2785673
18023
-26314
4096277
23491
10988
4302904
15377
-30579
42336
23526
-11512
4694077
19075
-15364
2723864
-1962
-23047
2297057
-28887
15172
8802738
17623
24746
438533
-21375
19414
582112
10891
23028
4862265
-25961
12646
13252025
-19625
-27678
2786729
31239
-14137
9576817
-32001
-6302
9437583
-24268
-19129
4364482
24787
-5832
12914756
-28048
26603
9979012
-12102
23939
4784711
-23477
-4369
4368833
-30760
18092
10879126
13514
11042
2850849
16103
-10804
430461
28772
-7448
9192004
-22525
-3194
2212064
3870
27258
348211
-16502
21751
753913
-8725
7902
5244767
-31549
-4557
8986752
-14122
-20114
2592901
-31158
-24633
11733137
1676
24688
2756632
25792
706
13115456
17454
30642
368643
1951
-17489
2883867
-20320
-23152
835780
21116
20155
1622534
20036
30980
1100336
16531
837
623616
23179
-7173
4895033
23310
31774
4305971
26897
-30173
10507616
28074
-6777
9522783
17958
-2851
3637265
5539
1685
1402892
13675
4034
2660135
24484
-4664
4491836
24869
-16694
12849984
17619
23906
372740
3723
23964
676153
24480
26336
4491324
-19164
9309
2396832
24227
8304
4560956
-25001
31294
13766065
-26568
31320
14813350
-14437
21354
2917275
-14131
17646
2461829
10212
22981
6554140
-2393
28379
2496957
-24919
-19470
12721598
-29812
-2051
11141272
15777
31769
1345884
-1335
-32361
145912
-9369
-12087
5120365
24959
-22727
13111623
6860
-31293
4339768
3351
-25122
1197329
19730
7715
1164304
7382
25309
5701653
-8322
-9032
4784239
-23362
28931
4825287
32042
-17128
9765459
16937
-31076
1474818
-30375
-21560
10885506
6758
-31586
6234165
18656
18284
2396172
14300
-1260
2392630
-3802
10202
479425
15320
9458
434294
4640
-28888
1327104
-24931
16089
13439161
-5564
9680
1075952
31917
21688
8987749
4987
6607
549647
30935
20700
10883429
-1409
17984
1581559
29901
-4762
10817573
10199
-5584
6684949
-15532
5495
566920
27083
28991
11684201
16517
28729
557824
4312
8928
413702
14134
-23179
2850859
-32743
22119
8782210
-5542
-13272
1403635
-21301
11377
713185
-17373
-15232
368864
-12534
-15901
4395121
4737
-31342
1589512
-15126
18799
112271
-19988
14510
1099470
7995
-16610
4719407
-24089
4386
5669325
26946
-16235
10573920
11984
-25065
4460596
29666
31635
10813500
-32390
-29606
8983175
-18844
-32553
3965620
-28174
10776
9520268
7135
17980
4464951
18010
-12421
3508755
-13601
1447
2396567
22984
-14068
7505960
-1450
-27543
1256689
15074
16707
372860
14950
-17567
2072693
3905
7813
540968
-1901
-15357
2688224
-23587
22162
4563157
266
-769
200705
14655
-32125
2136423
25271
21715
13764939
-23582
380
4563164
-4654
-6678
1392852
-12509
28794
4526192
-18769
-11995
2137535
9355
14936
4858113
6269
-28088
6881317
22357
-31616
2672392
-2196
-5777
2623150
-18239
-5232
2654688
22017
-7684
3195152
-10810
-30759
5449801
-782
12760
1115356
29259
25795
9587009
13795
30818
3506220
1261
7705
78861
-2156
-1277
2623160
5156
-675
287232
32277
12991
9439088
-3061
12925
2228641
32368
4410
9962612
-17242
13056
1024229
-14915
25224
1157261
-30926
7756
10817680
-13338
23275
2588829
-14279
-24812
2263430
-16853
25677
1344499
-8340
9494
4720238
15873
-11370
1081712
-30986
-8650
10686619
10064
-23599
6816776
-17315
-6405
370913
-19335
-32521
2785702
-16078
-13657
364672
-692
30191
1181904
-5043
-18270
93409
-29828
30719
11010702
-21263
3966
1099228
-9382
-7629
5055083
730
-12254
1376775
2171
-14513
2622215
3197
15371
2686981
22981
-16540
7375656
5687
-15172
3295507
-13197
3186
2720900
12313
-32230
4587778
-7142
9466
4530883
-14925
-20874
1158284
-12998
6900
5311063
-23971
-10310
5605569
18305
-20411
2654488
18325
647
2656024
12372
-16694
4197888
-10915
-30947
4536385
-27626
13135
8610945
19294
-7501
2981899
-15351
19401
172416
10810
-10581
5319223
-5984
31342
2900196
18731
-11833
2396931
13881
-18426
3311926
-32654
-6186
8979588
-581
-16816
1051615
29893
-5231
11010848
-23601
-18737
4497879
28867
-25413
8994880
1763
-25685
2428956
2232
-26661
2752518
27176
2828
9855090
-31643
-29757
9184132
3029
17621
2360084
-8122
10795
4393153
15868
8888
1081950
12474
-21901
4784647
7917
636
4265021
126
32126
589831
24445
-32262
4816941
-650
-5354
1769683
32077
8958
9505873
-29882
27295
11206793
-19702
14341
1294529
-10299
-29207
6294360
-16316
27405
35456
-5378
12003
94463
28482
-8689
8994920
-2231
-17014
2752936
14743
31955
3835241
-3375
30745
1327556
-119
-175
655864
20489
-7276
180480
-23208
-857
4634818
17425
-19523
42240
4997
11891
549656
12829
-445
5570561
-5184
3210
26872
-23154
30219
5874891
11254
16295
4399163
-7216
4906
4464852
28650
-4817
8472191
17483
28041
174337
22836
19940
6461474
-6362
-24793
6754513
-5502
-17665
618744
31791
16105
8659299
6049
7075
2378012
-13528
-1579
2527378
-23638
-28867
4304607
31671
-19685
8530299
-28591
-32474
8408448
24724
-7516
13108800
30175
-31324
11796775
-30602
-32342
11206787
12681
-11024
5898504
5775
14549
2643227
-14078
20249
2199680
701
-13202
1116173
32169
-28137
9571678
-29018
12396
8870077
-25390
-1486
13959316
-27383
-16327
8548736
25430
-17827
13313097
1278
19969
77839
30199
-30686
11665707
-11549
9956
5570636
30986
-5270
10686561
-7850
6432
4398273
-29958
-19936
10556063
26275
-17817
15013980
-7826
-5897
4789447
10342
-5885
7274533
846
-25619
599051
25879
1670
12727617
-11532
20821
5374026
24577
18884
12583232
-2978
-8168
2427043
-4358
27763
86783
11332
10244
4205088
-31847
17638
9314714
1240
-10590
405510
-11147
-7632
4858178
11538
26219
5309456
19946
-734
1164831
13323
-21655
2261281
-16685
-17775
364788
-28686
22626
8471740
-24972
-2095
14287026
10770
9744
5317680
1186
17791
860164
-17992
16754
3311854
-13091
28463
5570645
4291
-24520
606208
-27144
-9250
9592974
27921
15434
9454928
-6999
-3817
4859334
-23565
4535
4302044
-2919
30349
3015074
-14986
22942
766083
-17541
-11395
566255
-12179
-12424
4785221
16826
16793
1149455
-30033
-1765
10493343
18785
11360
2920708
23438
-25681
4826171
5562
-32554
1141263
15741
2830
1671253
5677
19107
3489809
18849
-9319
3442956
-21398
-32461
648935
13312
-21036
2129952
3530
13249
1263641
-20487
26225
180734
8135
-7228
4327737
-6089
-20434
2247139
8976
-28045
5243904
19224
31086
2527250
15551
-18999
565607
22954
-22370
7441967
-32333
-24839
9505932
19908
-19592
1100312
-11977
24032
4331843
10438
10747
7012385
19460
19220
2130432
-22453
-25315
2279905
-23238
23551
4307655
-14376
-14931
2523286
-19424
31385
2392224
7772
-13597
5507634
-20023
22774
1231304
-9774
-23501
7667812
-21865
-25681
718329
-5749
10734
3817961
7500
-29292
5376016
14933
25798
1093488
-11564
-3027
5505604
-6831
14175
4210112
-25624
-1890
12723390
-19227
22202
2397100
14021
15124
2136888
-7368
-14432
4858062
7547
-11694
5767959
-30518
-32468
11206785
-2115
-26775
2164925
-10805
-29897
5384521
-7911
-28350
4592066
364
16055
529926
18490
-29232
2198023
-15894
30256
1148559
13238
-24203
2328635
21528
-22801
450562
-18069
-2298
2660327
-6249
-25990
6948313
16573
8577
622597
-16179
7710
364677
8421
28524
4461324
-6399
13771
6296016
-16002
12199
626823
-19342
17135
2720932
-23689
-21351
4891083
-2521
28651
3539377
5626
24293
1139215
-2690
-21696
2691239
-21517
7619
124156
-9940
-5329
6558306
-17811
30837
1680629
-7646
31496
5570752
-1983
13295
2099680
-28894
20351
8736944
-13749
14565
3312017
2963
28165
2688024
-26935
-87
10639768
-30327
-20204
12190088
-31834
20928
8857757
32466
-14138
8720500
-2775
9837
2494882
-1453
5502
1125616
9690
22108
5579271
-26584
-16149
15073442
-2711
-30713
2758054
-27941
-941
9716615
-22224
22152
2412768
2628
-16176
3148304
7746
9688
5310512
28249
-8975
9849202
27487
5218
9199979
-3274
-31625
2818219
25651
-31470
12918848
5584
20353
1335300
2923
10297
2623247
-27721
-19707
8546715
-2058
-20931
2293947
-28857
23023
9060777
8424
-11235
4330510
-31245
28667
9512076
-6268
29094
6816472
13412
19609
2916900
-6860
27395
4339906
-14226
-13334
2720903
27113
-13160
11683182
29627
-24545
10488639
-2819
-29184
2166957
-23038
-16488
7438544
9522
23850
4534272
-25056
-5059
13893808
32040
-12571
9830482
-26612
580
14811296
-15259
26442
828292
-20435
3390
377025
25567
17107
12853591
-8270
-7812
4263036
-16306
-24257
101507
-13842
-21248
3245199
-22056
28806
3588326
-10693
-11175
7342935
25099
740
13762881
31337
-19441
10102134
30611
-7107
11076664
-19188
-32741
2265248
-21103
-12127
1623512
-10
-10204
196859
1640
249
3802134
7145
-25168
4334910
-7960
-16999
4330702
11571
-32700
5570576
28304
7870
8934520
12711
3367
5638413
20160
-8690
55352
-7279
-10804
4728280
902
-25076
729113
-17827
29920
1419505
27672
-32172
8806498
-23008
29886
7635152
-31961
-28616
9830785
14497
16007
2916708
4004
9328
281148
-18222
13045
2461924
2141
15159
2426881
-14040
-30753
2527362
11893
28394
5898546
30315
15259
12060471
16556
-6198
558598
-25693
-7602
12921020
25809
-13348
12857668
6371
6202
6623276
3593
-29242
1196336
3380
13564
1198098
23085
-17774
5611569
17145
-22917
1212686
-23963
-13840
6063044
11875
-24871
6094900
-25035
-3521
13765042
-23383
-11569
4892102
12245
25765
4457268
-20826
-28146
514301
21470
31007
385047
19012
-3328
3181072
3638
28136
1263667
19864
7569
2015258
-32685
-25556
8457344
-25062
9177
13959859
27340
9200
8550520
28231
-27342
9587057
-14411
-7326
2263450
25941
16049
12599104
-14866
29403
1156239
-21922
-19661
1435891
10322
29036
6360096
9513
-24742
4600066
-29365
13476
9587089
-7244
-10746
4335834
-24231
8681
4626882
-2611
-16043
3473573
-32371
14210
10028169
-11754
4261
5440577
-27845
-28337
8938383
-26021
-23881
13904819
17565
-8928
892929
10943
-30553
4208959
11121
-20484
4728108
30670
8130
10813495
-17447
20369
434678
9637
-11681
5516044
-5784
-5185
2774246
-23630
7345
4304092
-573
27956
1116376
-7059
390
4793541
-13070
13885
5309532
-19736
12147
1230030
-694
7229
1247441
-3661
19876
1133772
-16631
29735
168432
-15917
21296
1409156
-7590
19133
5573315
54
-4585
198659
-30525
22090
11075712
15263
17381
827771
30002
10874
10817568
-11613
-14871
5572684
172
30706
525830
8208
-20412
4195328
-21466
854
516321
-24631
9446
12716472
30294
31775
11734065
8125
31554
4261949
30103
-24251
12191017
5064
22705
157720
-32013
-8077
9503884
15325
-5855
368757
12832
-31816
5505024
-21549
2369
385268
-24634
-7592
12781753
16330
-6675
231545
-1745
23083
2363875
13191
-28607
2785593
-1682
-27148
2692327
-8002
31493
4784327
-25656
-25010
12724408
29791
26512
10750243
23452
-8388
5022266
24241
7992
4234556
9861
4555
6820632
-15572
28516
1344130
-27611
21538
8676224
-18486
26160
2328761
24971
-30301
14287177
18397
1824
2457621
30116
23570
11799084
-30098
-5271
12125335
2562
30463
3211280
-22686
-9245
7176396
-32259
28394
9502861
11021
32144
4273201
20605
-19972
638981
16994
9433
1933316
7230
4288
4270119
-11898
-32663
5963849
7447
-5284
5375249
-1584
10792
3408100
14834
-27387
3245164
-31491
-26599
8466573
30512
1822
10752048
-1086
-21280
76024
-11167
-10053
4989252
-30919
31529
11141518
6597
1062
7342888
23269
21397
4502332
1057
8355
270592
-32636
6156
8913536
-2213
3912
2884523
17554
-2365
631808
-20305
-32441
574919
-21778
4283
128255
9589
-12320
4862210
19491
28189
2457600
12066
-28114
4526128
-29662
-13804
10813568
-1320
15401
405750
-17159
24314
1212894
-4649
-13236
1458645
6077
-10907
2181149
-27482
-22240
9396357
-28966
341
8737463
18459
-8054
2392835
19047
26249
4096277
-3334
-4469
1131215
-26289
26803
14687651
30811
-31195
10750819
-27549
-27335
9265284
-32656
13750
8914052
-10604
24550
6821464
-5444
10398
31486
-32699
21504
8391552
14029
-14895
2461749
59
-9288
2823
29078
13738
10175561
-12540
-27506
4199024
12620
21214
4331520
-23835
26118
5538764
-29812
2467
11141272
-19339
-12401
2785698
5820
9264
2120222
15919
6133
1343859
-30958
-2639
10556560
7292
-19106
4727334
-29085
1775
10305716
15663
-19241
1343827
24338
-1830
4297776
277
-16094
5888
-25137
-20104
13894039
42
5226
328195
-22057
13359
3588581
21727
-3886
323847
-21844
-27165
65278
-16710
18060
105215
29884
5275
11010598
28542
15776
8994927
7535
15216
5768471
-11535
-9461
5244236
-10061
12086
6882404
-14015
14924
2136448
1679
28875
2626843
-10291
-14128
6619221
-24005
28845
5278663
32553
1881
8786290
-7999
-20300
4719040
22658
-217
6914080
28097
-5715
9455960
640
6304
1572872
8654
26906
5570567
17510
32445
1024005
30874
-15368
11338339
11310
-25265
4530211
-406
32660
1640183
11233
-4302
4464956
29415
19631
9847117
-25396
-21289
13246624
-21056
15278
1099992
18331
-15036
2917147
6014
-12306
2703375
12366
16257
4262915
-19874
19017
1427651
19235
28964
2461712
-24530
-18935
4554947
11844
-4436
5245488
13335
11783
2262305
-7488
-2079
5245128
-5655
-28502
3294702
17610
-29790
761857
-28343
9115
8542592
-30420
-3330
10752642
-9855
-3890
7864680
-23339
24935
4502468
20936
22290
1230856
25402
-11140
13181519
-14415
11281
2133404
-25591
21441
12722592
-9280
1383
4204664
-24430
20169
4818112
17504
-28667
827396
25040
17269
13893700
-25418
-19051
13312163
-17145
8289
1212881
5983
18646
2900235
-24621
-1822
12910772
-12601
26323
4331897
868
-20117
795148
21496
-674
188446
-9929
1042
6429027
7201
-13375
4464928
21973
-28855
1368836
302
-1384
331779
14893
-16847
1417329
4752
23696
1590280
30651
11281
10488639
32007
-6489
9568593
-26484
-17805
15335584
-29946
31822
10686609
11806
23137
5570611
27126
-25128
11747435
-17008
-9528
1606872
16418
-7760
360448
868
26920
795148
28391
-25220
8802685
-15612
-15358
1081984
5067
-2210
157977
-4881
17505
1066463
-186
3206
721129
22552
-13583
6717474
-11911
-30494
4854086
11294
28815
4530211
-16650
1197
233723
-16733
2859
366844
-1301
23830
14335
9092
29633
4727320
16022
8595
758905
28827
-25508
9192259
-3692
-8135
1590984
16352
-21606
295036
-13036
16173
5244496
2409
-3234
2757894
-3889
22764
283079
-1016
32418
139488
-26953
8411
10639771
-10520
-24922
6427742
-12513
-28574
4460915
-1678
-27392
2692324
-29357
9637
9522320
-30862
1052
11076748
-14893
5239
1417348
21603
12392
909316
6479
18052
6298915
1432
-2640
1974282
1057
-2133
270592
19445
-8538
2261274
22001
14866
1107212
10881
-8914
4731192
21246
17684
1163279
-3753
-28700
155073
-18061
-27815
2725092
-15208
-3684
958594
-23235
28242
4307141
11703
-21742
5376283
-7756
20396
5376202
28987
14289
8411975
26488
-13813
15335502
-26253
-10769
15275172
1932
409
2752536
27964
-15516
9456214
15558
-11401
761953
2794
-22069
2168351
18932
26370
3309578
-16059
29116
39808
21802
26959
389635
15040
-17737
47224
-18156
-13905
2135776
-5004
-26068
680162
-19777
17284
1100239
2204
-14895
2884098
1980
12211
2099742
-30292
-19155
11538062
-16521
21912
688619
-12941
18792
5833812
-31039
-13303
10492312
-31515
20266
8663948
-17629
-15264
372976
-22567
-10740
6717910
-10520
-11291
6427742
27616
18081
8675452
4408
27871
153606
19771
23753
1100567
16448
9170
34816
-17907
-27062
1156337
15650
-6864
1409104
24350
1978
4558899
21935
22480
1109263
9761
-3086
7602448
-15770
8184
2064517
-21489
-30512
58851
21683
2057
648196
18347
-10118
2133791
6649
10623
7471406
-2914
-19962
2949283
-19869
22195
1949892
18012
2225
3443218
24284
-16966
4493878
5533
14574
1925129
-19399
20862
2263462
1315
-27386
339968
7782
24110
6225973
-8871
16938
5638482
24361
-21815
4624690
22599
-25791
6457633
3949
-22437
607277
-17889
4091
1352179
-4805
-26417
1067991
-4448
-7515
284924
-31360
26768
9969800
-1446
-26976
1387251
8133
-21301
4197176
-20895
-28749
1884660
-4361
23318
152059
-25613
12407
12657852
-9940
-5813
6558306
-5878
-6213
2314465
30194
-609
11600940
-531
20954
1115357
32431
-12366
8396159
29674
-24923
10552895
-27024
-31943
12076180
-11488
-7089
5505088
-4712
7153
1982682
-7346
19316
4793547
22868
-27757
6331936
-2678
14406
3866793
14080
19981
2134064
-2030
-15695
2163936
-24761
29260
13238697
16582
-4980
753665
-27256
-14557
10117256
14966
-25883
1810547
9588
8250
4861954
21397
-5278
583448
-1828
-18123
2364134
-11152
-24566
4727876
-18971
25216
3441580
-20577
-32365
836091
32726
1880
8847477
-5040
4747
27872
26317
6632
15011925
-11648
31053
5767240
1082
-3337
76295
12452
-9948
4981252
-26380
12015
14815402
-28219
-28215
9456520
7504
10801
5245968
-32696
-21836
8521856
-28830
10321
9257132
-17388
-14703
42720
-18414
12800
2196704
20297
5911
704808
-29939
-18516
10556561
26422
-16717
15401035
1157
-582
533248
-4265
12554
673257
-29554
-11911
11076739
-4374
6711
87807
-29436
24112
9454224
13459
31712
2720800
-27923
-11745
9520269
6466
26325
6363168
-17201
20751
1343959
2991
-15370
2100511
-16180
24696
688256
26508
27225
15335512
-16678
20408
365303
26478
15679
15270991
-10683
974
7342928
16298
-16632
102015
-19771
-20760
1100744
22121
-29600
3851542
23021
28488
7439405
-31541
30027
9052545
-19481
-26758
2523581
28100
25444
9456216
-22385
27994
2672099
29947
13643
10490671
15479
1459
696675
10639
-10680
7865643
16242
17461
623724
16419
17856
360448
10410
26641
6882855
-9282
-10404
4270207
6238
-15403
6621219
4636
383
1327618
5172
-20472
157698
-5866
14080
2315489
-16563
22401
623849
25440
8966
13377612
-10735
26270
7341392
9128
-21937
4336670
10837
-15029
5254960
-32698
30129
8587393
13647
-58
2137379
-31473
-9723
8402307
-5306
-1431
745705
7526
-10977
6225941
12010
-669
4265535
12163
8382
4784184
32001
26941
9437520
29609
-12456
10620222
-13295
8935
2131328
664
10645
1966090
23515
-32112
4498231
-3702
-29284
1786057
25193
20428
14288198
23671
14726
4890915
-16109
12032
103552
16495
-32371
558343
-13221
5517
2395011
-7027
-29811
4793537
18686
-17341
2199567
-22049
12174
3457511
9641
-11262
5385486
-13992
19796
2529410
-16627
547
103665
16659
1049
103424
-19937
-24579
1360323
8723
17771
5309440
-23163
25516
5809096
16958
-24222
1148935
16428
4652
295426
46
-16323
327683
-2923
-11267
2623392
7862
14095
4397115
18950
-20410
3375121
-27068
13862
11553424
13805
-21066
3245101
30549
12457
11011880
25532
2426
12593758
30900
5794
11141218
11950
-22596
4267071
23294
25617
4304959
-20755
14006
120061
-16179
-14337
364677
10895
577
4732219
-27620
3768
8675970
28396
25965
8410750
19685
6161
1360668
-16124
-28448
37504
-3436
-14413
1590984
379
-13711
529159
27325
-17973
8484989
10410
-25429
6882855
12337
25258
4456704
8379
32345
4719367
-15688
-32417
1214606
-18516
15296
2133694
28668
-24800
8405630
13132
12362
2785320
-13151
24440
2916740
28872
-28118
9060416
31015
-9337
10883425
-15305
31444
174467
8796
-13179
5507586
15173
-17861
566120
26374
25029
14880849
-20972
-20161
1099504
-27567
6812
8416640
-17553
32495
566767
-6862
-20792
4534464
15796
-25150
1214554
17392
14981
42012
3134
11096
2164743
-3157
-21590
2101183
14979
12843
635000
27163
14629
9724787
21756
12025
61966
2788
25797
2363932
23659
-28813
4761383
10029
-14622
6623249
-9519
7693
4469108
-21530
-10154
516349
2
-8594
65536
-8084
-30077
4720326
1428
1521
1582600
16262
14812
753785
29243
-27396
9456455
1480
14913
1189896
2542
-7284
3212303
23944
921
5931032
-13885
9611
3246216
-23629
28668
4304092
-25885
-20447
12923068
-26272
4295
15470756
17383
-16575
434461
-2370
27920
2169023
11571
-124
5570576
-15825
-8049
1343875
11818
28395
5571123
-5986
-28002
2965731
22979
2113
7440424
-7779
-23521
6095049
10830
13373
5319731
2784
6844
2363420
28375
-30573
8802677
-27409
1182
8418703
-31590
-16232
9249411
27262
-6750
10051703
-26945
25458
10508703
27307
20196
8421247
31326
-20545
9775219
23870
-4502
5343255
29935
3665
10491183
-27951
12775
9716100
9818
-24247
7670291
-1705
-30248
2235873
2214
-15220
3080197
15195
20178
828267
-28197
14150
9716615
-938
28508
208097
-8086
12404
4785863
-5534
8645
1925364
13428
18665
2785314
-17370
16447
499937
-22997
-17618
7635923
-28205
-23822
9781380
26984
11165
11162726
-10659
9433
7669841
23528
1701
4367422
22222
19224
2478103
-15567
9193
1343872
3077
28558
2097920
25931
-12587
12728641
-19307
-6631
2656160
8561
-13142
4723972
10121
-25235
6947096
8881
-10596
5246220
-675
18202
1378513
22230
45
2609173
26114
32024
15794256
1409
32729
1581320
-9915
20583
6298464
-20471
1670
180672
15227
10482
566127
-6692
32024
5513926
-1099
-16944
141818
-27977
-4170
9587083
24501
10876
4360506
7092
14186
4335674
9500
-7742
4469250
4309
-31690
283396
14987
18742
700793
21100
-1880
1623558
16924
-8657
1344002
-7273
-18375
4859353
-26696
-12060
10635422
-12263
-13679
4587842
-15145
13777
438661
29919
-31874
10752295
26898
-5184
10572896
31647
-1608
9183611
-14940
-23651
1354380
-13770
14661
3377299
-22731
1507
6980042
25088
-11159
13631552
27687
10067
8806753
29215
20892
9716035
-8309
-30167
4850041
27590
427
8611961
14482
29435
2720864
-1306
-21418
471293
20017
14765
1360176
16616
6358
168974
2124
-12478
2230272
-5289
-16792
681449
-27872
1133
9715840
22609
7430
6327584
-3905
4743
541127
-31866
-12055
9117849
14289
-8081
2392372
14468
-27899
2654816
14698
15421
2725479
7516
-30418
5507602
7062
27982
4924473
16425
15678
426242
22932
28201
7898664
11517
-5202
5308445
-8608
-26876
6029428
11785
12895
5374256
-9807
23414
7343468
-28406
-20671
8605825
-10494
-30501
6361168
-13997
8188
2202752
-214
-32605
332531
-8030
-532
5046468
6656
-31699
5251120
3274
18813
2818049
7608
8962
5376030
10957
31312
4534325
-31501
2496
8467596
-24109
994
5603524
-20130
16670
383171
-12761
24652
5636465
19182
24895
2200607
-9421
-2507
4534384
-24128
10922
5277896
23649
-4552
5021988
26249
12319
15339864
-15415
18599
174488
-4603
-32068
1065968
25252
1545
13896268
20468
-9251
180282
-13922
-8137
4030603
7348
-30747
4857890
-24697
1221
13238713
25328
-2344
13632588
-3968
2176
540864
13642
-6554
2332705
-10960
15326
4468800
-19861
-8463
1624007
12976
16743
5245964
-5559
-20059
1206768
18383
27496
2392343
-23099
-10462
5286856
21189
-32750
1100552
-2196
-17902
2623150
3451
30700
1590039
25984
-13771
14164040
29581
24738
11076665
-2255
-22426
2363824
-27168
-5314
9724044
31668
-11960
8530042
28809
29928
9060672
-11364
23077
4989530
-19162
-27508
2592929
-200
5150
655598
-32032
-11555
9699468
13588
-22898
2135584
-13307
-9710
2130816
-29096
12856
9849010
-24781
1322
12914864
17863
737
1222921
1940
16266
2623000
-22841
-21603
6461913
4803
8931
1132552
-11008
-4115
4206656
-30498
18147
10817671
3406
5883
1133587
-3255
-15668
2752936
-5835
-2132
2251234
7272
9668
4858918
26055
-5246
13773129
26907
-14795
10769251
28586
9582
8474239
20129
-15191
317756
-22577
-20119
6586839
-3296
-27242
1327296
-22021
-21880
3195887
-26601
2967
14812577
-22599
-7606
6457822
-11807
-32294
5505356
3004
1852
2099742
-3015
6521
2230694
-10705
4677
7602515
138
-4844
720897
13811
13548
3245100
7421
-8114
5308445
-25043
22029
13959345
20095
-18995
1622327
-13825
30082
3178895
30748
13611
10748514
-14513
-1364
2655627
5891
-18627
2183184
-12270
7169
4260928
-2998
-29901
2295969
-15598
7874
1148032
-28252
12184
9718412
-30678
8597
10814083
-31889
25785
8922511
-1824
-6957
2363628
3016
8263
2230296
20922
-11771
1165839
1410
11193
1646600
-30391
-26389
10623360
31096
-25387
11145318
-9538
-10333
4274303
-20113
-5791
579015
17455
-24639
303363
16007
-30326
692601
-18721
30994
2396599
-19515
10357
2132920
21852
-7543
326146
-24203
20956
4886978
-25651
-17741
12918965
-5547
19076
1077232
22162
16042
2741272
-4643
24247
1392853
-14439
-32016
3047834
9507
-30248
4534272
-20550
-14424
117503
4568
4102
1458182
-6296
-31578
6948046
-20707
-17377
381169
-28794
29452
9126073
-22254
-10077
2217184
-5553
-5772
1076723
-20763
5818
316412
-16472
-17510
167166
-10188
-17286
6424674
1745
26584
2363668
26453
19082
15206216
2693
-7340
2626328
-14815
-26881
3441040
-2323
25676
2167997
13350
31414
2588705
-19610
-4309
3113133
17036
26898
1736712
-27969
-15991
9456015
-20788
-25553
186616
-28751
-30098
8408508
-16402
-26254
99583
-14000
32331
2137216
9292
25427
4335616
-19580
26587
2654904
1598
3188
3213335
20103
-3327
708921
23950
32216
5866523
17170
7931
1147904
4296
32282
671744
28092
24956
9456222
-29400
18817
9846930
-6548
3665
7866070
-26533
-29325
14945187
18273
-14356
2916620
-12497
9903
4460915
-20653
32533
640232
-8515
7212
4266109
-27458
-20757
9003143
-30366
2267
11341956
-30234
17243
11993229
-17213
-18503
631008
6283
-24593
6947105
-13915
-28575
3443596
32168
-25775
9571422
9826
-9615
8192020
-21838
-20078
130300
-3607
-455
1197518
-3923
-21727
607429
-15837
-15381
1409152
-24493
18511
4295872
11374
29528
4793383
-29406
22631
9781392
-871
-10647
926178
-12006
18696
4526659
-8931
32105
5570641
-22611
21965
6393053
-5856
-17642
2380000
-10703
-20166
7602512
-27769
-10446
9068953
13084
-22675
5505538
31574
-1912
9118825
18220
22415
2396690
-1313
13445
274935
-12925
23351
5832792
-22080
7813
3197160
-17690
14446
504061
25562
-18216
12919383
-28750
-8811
8473788
3655
17423
1198385
7194
-32673
4530723
-13013
-8573
5505875
18015
19345
3442963
-19115
21684
2138016
482
-7601
1376268
5982
15194
2965515
-21238
15559
1294545
-31132
27494
12321428
-17587
18966
632041
-11418
32166
5185613
-26722
26520
11354267
17200
1074
1343488
7428
24674
5243408
-16318
25279
100480
27056
-19367
11553900
15820
10171
1214552
-2868
13174
2752672
30021
30531
10492704
-6851
11524
4274373
-13776
487
3440784
8159
12972
4456759
-14204
23773
2654848
-16009
-16367
692611
17135
-26629
1082639
6554
-17707
8192555
-10985
21798
4339009
-11408
2271
4727884
-22237
16867
2478304
-4730
10733
1786073
13859
-13635
3506224
-18273
30972
2916835
-10965
-15879
4469571
-11381
-30308
4858201
-18938
17356
3375281
9135
-1144
4205855
9372
32263
4989442
-10860
32319
5776968
-32125
18927
10027144
15922
4728
1409136
25698
7815
13443140
29680
-6249
10486844
-9227
8977
4333946
31987
-14196
9503836
-17575
25275
958954
13417
17499
2786598
665
-29056
1966346
-30450
-2834
10556547
-23132
-23810
5548748
-26035
18030
13708465
2755
-18695
2168856
6064
-30974
2116636
12098
31662
4784168
-28775
25547
9322938
-9690
19520
5709937
-23926
29317
5996745
-4393
18171
414197
18957
-21607
3245073
30967
-928
10621291
-3715
-30060
610501
25854
-25681
12660815
24232
-8193
4365374
-24725
-20432
13109167
-23294
11013
4305088
26788
32483
11289188
32628
-28543
9044074
-23380
-10678
4761286
31625
8210
9052536
-30439
20293
10883458
8349
-1772
5046273
1019
24470
8991
9939
-1107
6623252
5182
-17817
92167
-9870
15131
6886500
-22076
20926
3197672
-19514
6084
2328761
27928
6297
9846866
20117
4840
579384
-23377
28093
4761031
-6374
-23514
6623955
7782
-4170
6225973
24735
4395
13369667
-4251
-19245
803820
23710
7675
5087267
5129
-12256
155904
2500
31743
3148296
-8732
23740
5505628
-30069
11403
11145625
-8770
-1368
5310559
-17227
22416
696802
31353
7039
10101110
6970
30677
4792879
-32692
16475
8521856
-31433
-19530
8534403
-30518
5789
11206785
-6021
-20554
2638823
28580
7540
8669820
-23304
4834
4370638
29989
-20965
10752800
30635
29221
10489663
11790
-22140
5309491
28683
-21553
8536385
16943
6194
1343747
1289
16111
143616
4665
22864
1198342
15061
-23127
308084
32195
32549
9504856
7567
19579
5768475
16367
-5543
34175
5089
18086
287004
29166
-13656
9520207
24426
-6838
4818479
-13500
14632
2654856
32165
-17945
9702236
8164
17585
4457020
-5711
32564
3165676
20105
-18323
708920
-11228
-26376
4465216
32190
-26746
9504863
8322
-19947
4784128
-28863
-4149
8929704
-6841
-961
4340161
27304
7238
8551550
-4729
6828
1720793
-1900
-14686
2623200
26409
-24896
15077714
-1123
-30334
860409
-31332
-1058
10232458
-31176
2722
11667606
10908
196
4993594
2627
21978
3213328
1928
-17126
2752536
-21989
-16568
1369075
15188
16072
566888
-21222
-22532
1426131
-7999
-18024
4719040
22527
-23537
2146591
8949
-10358
5374218
10461
-16312
6623269
23999
-15619
5277983
-30410
22804
10688643
12975
-4395
5246223
-29327
31659
9979284
-15001
-30222
962949
32481
-32596
8655228
-4838
-22158
1393363
31989
30248
9568602
-18570
-7221
2850987
23863
26427
5409043
-27656
-17912
8544414
7863
-19922
4331835
-16882
13452
1148147
3629
-10070
1392689
16398
-23065
99331
-15830
-28543
1409667
571
13556
1051399
-13280
32650
2392192
22658
18018
6914080
21870
21957
652295
-17002
-17349
1803481
27167
12972
9724275
-2127
22062
2100668
7881
-23682
4331832
22727
-29724
6979873
31146
-12121
11603567
-4876
9485
1196250
-10499
-25274
6361181
17825
1245
1353996
-9582
3363
4797560
19888
-8945
1100828
-4753
-6826
1590743
24831
-32419
12587343
18156
16
2135582
520
-25982
1179648
10154
-22429
6360607
24166
-2680
6258741
29730
-21940
10813472
19847
-2900
1753369
-4279
15019
672232
3404
-11637
1198096
14044
16430
2396726
7243
-26542
4335905
-3510
29670
1263809
-4673
23229
1067487
-32311
7211
9570696
-3686
23016
1917643
-16765
-24503
626936
-18926
-29594
3245232
13266
-11853
2457652
-30348
14132
11145346
-9416
-1181
4857966
-29855
3296
11272588
-17617
-3124
307699
-30182
598
11862675
-14033
18633
2396547
30981
-3295
10490720
-20713
-3304
185841
-32510
-23087
8458368
-17172
-4221
1083102
21973
21422
1368836
26576
17822
14942292
3758
20428
89151
-22367
17531
2933220
-1457
24970
1060339
-19754
2920
1556677
30386
-18008
10558524
3087
2580
2098435
23588
7611
4497952
14743
-22719
3835241
-24233
22764
4365761
-12524
3492
4200048
-20410
30266
248001
-22784
15616
6328528
-9118
7126
5054564
-17228
-3559
696546
31520
9591
8663152
-6483
-12716
6364381
-24245
-26417
4364737
-15311
31802
303488
-31058
27883
10558623
13826
8314
3244080
6611
-23315
7667748
-24419
-15197
5079233
-28805
-9792
8930223
18718
-17321
2461699
-5703
29334
3295726
-8109
-8856
4263104
14814
12665
3506279
12276
-22909
4325434
-32148
18464
9963142
31291
168
9448311
7018
18590
4793903
-31469
23789
8467584
1156
13401
532992
-19801
26089
1493453
-31933
8663
8986760
18096
-9073
2137116
-15935
-14719
1083784
-14816
30770
3440784
21316
14216
582152
7986
-15593
4526128
27303
29552
8812925
27181
-32021
9789553
25043
-16758
13959236
25730
-2190
13180992
22703
29723
6849831
-13859
-17590
3506309
-29793
17031
11272603
-22769
-5194
6329811
10470
4136
6754349
-2046
-20891
2162912
-6964
-3449
4858048
-20962
24000
1425651
-23582
3537
4563164
-442
-5855
1247473
-21036
-2870
1360596
-16428
-31947
295668
-20752
-9785
54524
10045
-14880
6881293
18997
28258
3311890
-23040
21747
7373008
16715
5765
170241
7543
10290
5898515
-21550
-18276
385268
28183
24336
9586033
-698
-25540
1247441
-14472
-19202
2785422
25184
11015
14417988
15640
-25669
1474642
13954
-21471
2723896
-15016
23435
440450
31323
29362
9710451
-6457
27651
6429145
9997
12456
6362129
-472
20798
1442034
25216
-19691
14155848
-6282
-27519
7012555
30867
32432
11076704
26814
-25720
11092071
6704
12153
5513264
-19085
-24757
2725028
29558
23501
11206699
3070
23907
2162719
-9173
3647
4465507
-31804
31402
8399512
14983
26268
700793
-11974
6983
4266567
-15732
10153
1736840
-25648
2522
12853428
-20207
-2983
54720
-31224
-26786
11665552
-30510
-6149
10817668
-21641
-29473
713195
12425
-30046
4849920
-21702
30883
647919
31147
2126
11538287
-20414
-27599
116928
-23791
-24419
5277120
30732
-32078
10616928
-20869
-24932
1623031
27789
14239
9004129
3406
-20494
1133587
-4998
24667
615143
-29239
-4790
9587096
-13032
-21038
5636178
7376
8616
5505044
28948
-1771
8410688
18047
3548
3703063
32066
-25270
9504848
23047
-28186
5415217
11185
15298
4205884
-18295
14724
2785760
-17484
1577
174330
-3736
-13816
677062
-17389
2499
107744
-16767
10956
561656
-8653
9230
5570672
1407
13502
536839
7660
7252
5244446
22160
29228
2675736
2155
8570
2623239
12926
-9321
5832711
-22777
-5999
6459857
18110
-5152
2201631
2792
4078
2233374
-28954
18877
8868029
-359
-22755
922106
16659
9611
103424
6850
28084
4274232
7151
-20610
4203839
7415
-6027
5374235
-12411
-30123
4719480
12907
15513
5768967
2983
-5737
2492701
-28658
22128
8471683
27747
-18303
9265252
-23689
-32207
4891083
17883
23346
1352455
-13722
15066
4161685
9066
28979
4793871
-12240
-24927
4456512
-24543
10083
4489664
-22437
-10548
2411491
-29500
5543
11010688
14218
9582
2850873
-17521
25248
566779
8996
-13315
5505536
22635
26170
6850343
15541
-18282
696674
21334
-30311
779273
-13530
-10660
2592913
-1068
-8756
271092
22262
-25954
2347035
23674
1058
4825639
-30803
-31221
10554525
-340
11040
7934
-20137
1212
187841
3014
21103
2295833
-620
-6329
1574616
17139
9375
1147916
31018
-17961
10818147
4321
28350
282892
3222
-8302
2819073
27495
-24790
9331053
26420
-7251
15335498
350
-13097
333827
21900
805
1761288
-19434
-31967
2327713
32581
-5859
8913768
-3342
1670
1131724
29161
-3431
9585998
-6719
-26906
5253576
8912
-18859
5505028
-23317
21024
4241359
531
-27436
1115136
-5956
-16722
2638566
-24626
-29665
12910775
17664
-490
45056
-1837
-9407
2429156
-29055
23095
8933816
22408
-10071
2801688
1307
-8478
275203
6690
-16077
5578800
18724
-30415
2396672
-9943
20628
6689122
6009
18454
2769166
5920
29865
2379792
-18463
10901
2392508
27560
-21823
8547454
-12719
31067
5246320
5348
7247
291340
-12896
23597
5507164
20197
-17500
316220
-26957
28729
10575004
30322
27250
12125236
-11122
-19435
4793411
15505
-29053
566624
-26033
23116
13643187
-15901
7029
1409164
14941
-3596
1419377
17592
2563
696326
23648
-19827
5021732
-10968
-7855
4599874
-2782
27558
2429088
14408
-10562
2263136
11127
11939
4858155
-5658
28238
3621101
27958
3202
9652307
21379
-25688
647192
-3013
28204
2100135
5181
-2934
92165
-28284
-7184
9978504
-22429
32380
2998500
-23742
-18395
4825288
11339
-30337
4335905
-10341
26176
7078747
7381
-24848
5505812
12600
-20334
4331526
-23421
-27359
4825280
14203
19051
2655023
23468
-5691
4238910
-21026
11950
1425623
25546
-15973
12789849
-22484
-28647
2409186
15262
23731
893051
-15495
14287
696718
-7486
20861
5310664
9101
12716
4793369
-10172
-4871
6294112
-28537
22867
9060737
-13740
163
3182224
22690
5645
7176228
14446
111
2720871
6971
16043
4727599
15424
-25301
43104
309
9545
137474
-16843
6307
1214962
-28198
25909
9781895
-2760
11975
2234534
15894
2273
1279089
-2982
-9618
2427555
21404
-8677
844314
29466
24630
9781827
-21501
22285
123104
-4482
-32619
1655031
12092
-5158
4719150
3000
17146
2230302
-20719
-32189
54768
-8069
-26865
4719559
2100
-27160
2230274
21278
-14768
1425411
-24416
-22471
5013700
-16923
9804
1344476
-13842
-27650
3245199
30480
5403
10490928
24398
-18515
4817963
2905
-9878
3014922
23928
-25464
5931030
-6040
7339
2770150
-17865
8176
1223155
19691
21499
1099551
18329
-28108
3047706
9308
6439
4467202
2574
18125
3212307
-18484
14008
2263224
20032
28029
1099824
18495
27883
2132231
-5279
7567
811500
-418
12270
1378547
20764
-26371
315906
18030
14524
3769367
29037
-20410
9000005
-8495
-22404
4460916
25302
-19109
14090309
-18269
23832
2982116
6586
-4404
7408175
4299
15241
672001
-8392
3202
4849774
-31300
-4333
9448078
-2359
662
2234808
-1876
21675
2623206
17050
-2115
1933835
-25345
-26368
13631903
6503
-8768
7213349
13120
29805
2654248
-23933
12472
5865672
12331
-26180
4457219
-5412
16329
291574
1441
-31312
1321228
-14456
-24613
2785432
26567
21803
14813529
13388
25638
2263072
7219
-23693
4530208
-29873
-21044
11011467
-16438
4440
231673
-21545
16361
451061
-15067
26348
308096
342
26809
203777
32186
5537
9505375
30036
24553
10493472
31695
29552
8659319
21416
-22992
191518
524
4086
1179648
-17244
-29130
828132
22493
-29320
2474005
-24699
-18988
13108152
20350
-31716
639023
-14633
-14042
2527637
-28648
21806
8798338
15009
-16626
309628
-28684
-20395
8536250
18707
-111
2200576
-12546
26255
4264063
-8643
12073
5310581
-1754
1377
2560225
29632
10033
10487864
32735
5956
8651127
6260
22122
6946850
-29653
-22101
10748803
-21119
-15604
1622488
-5858
-3607
2445539
-4833
28000
1327571
-23435
-6695
4891074
-24254
26822
4298944
-14258
18920
2198659
5770
-18499
2838553
-6552
5594
7996630
-16358
-24116
361091
-16118
-26045
233601
-11597
12689
5311564
13211
23320
2917179
28972
-29541
8671810
14423
-23470
2264417
1050
1780
336387
10700
-9039
7473192
14938
287
1419891
-27732
17829
8416926
7531
13420
5768983
30890
-10845
11077223
17757
24696
374785
23932
21746
5800470
23913
-17248
5932310
15482
13936
631399
-5609
-22127
1205745
19270
-21708
2850825
27161
1132
9855346
-20549
-16963
52223
16427
19550
295683
-14358
-19183
2197151
-24829
16821
12652720
30778
27387
10553959
-9276
-10892
4205176
-7471
-25333
5505476
29750
-22121
10684451
1078
18733
206851
-6698
13607
5710021
24942
15884
13177927
-20282
9186
770241
20721
16610
54540
-2928
-3421
2622624
-17688
-24171
177406
-23950
-9751
5866692
-26059
-31541
13773234
24647
-19648
12716353
23921
-13152
5801236
-28145
30867
9454979
20291
-16278
639016
-15384
-14386
173214
-31227
22778
11535248
-13010
10412
5570643
4823
11949
1458437
-24826
1546
12783793
32646
-12802
9109625
21844
-25623
65024
30068
24105
11145250
26355
-12062
14750812
-21873
9796
587259
-16295
24701
428418
23958
-288
5997593
-5660
-14320
3425004
-29434
-28715
9650321
-31417
-3458
8534401
5068
-31466
157720
17839
-6750
1092879
-26059
12584
13773234
-17958
-12017
3506919
17612
21531
696320
24657
-4796
12586304
-2828
-3383
2232490
5675
24643
3425043
14677
25067
2137952
19837
-31626
1687573
-14864
22280
1090700
-10532
-7756
6558294
-30936
12940
10883218
15109
-279
45936
-15218
-8518
631939
-19557
13270
2917307
-26478
2503
15271072
21886
3950
651271
-15160
17280
696448
18337
-21583
2394396
4104
26475
147456
-221
-28260
332016
-6727
-30793
5384654
25795
21522
13180992
14141
23509
2719789
-8119
12414
4327872
9363
-17614
4793344
4086
14786
213051
6965
-22054
4858154
-26664
29122
10895510
13228
10330
2133566
-27073
5990
11553175
2592
-22216
3407888
9696
-25733
5513228
-30049
-15481
11276699
-18288
-10777
2655456
-1304
-11736
144638
-23547
25687
4236224
-12566
16172
4265599
-26782
28607
11354252
10467
4358
6623276
26272
6883
14948444
6736
-22757
5254192
21609
-32371
713990
20300
-15372
704552
5837
-29370
2445333
3574
9435
1261595
-24326
-15054
4297423
10284
2662
6554146
-16054
808
235649
23155
10839
5874740
-7878
1772
4266695
-21032
28651
1491158
21956
19194
1108488
-13484
32539
2655880
-16412
-2052
295676
-19408
-16192
2392224
-11535
28378
5244236
22716
-17576
6849062
28347
22134
8412031
3615
-22772
1327411
-2561
18136
3146159
-7948
-21694
4329674
30828
-27311
11011686
29909
18440
10752804
26683
-9800
10505063
-7913
25055
4330945
-27723
13180
8546714
-16695
-9050
170488
18446
-17877
2196483
28616
-15067
8538232
-32584
7157
9044102
5091
20045
352284
29910
-6218
10948645
-1789
-17603
2167008
10258
-25705
6358048
11576
-56
5376022
-24652
16947
12716218
-21201
26919
1360339
-20954
-680
1556721
2510
12381
3473415
-15835
-10938
1344384
13791
28992
3440935
9836
-5967
7865878
-7907
-21236
4526273
27238
17132
10444917
26568
8774
14813272
14954
18556
1681015
8745
-5867
5636354
15119
21949
46451
5995
25852
2639631
23363
25333
4825128
26211
-26360
16580692
-3460
12201
1589958
-4934
-12223
615143
-28358
13921
8477319
23851
16732
5538579
2545
26862
3147020
4593
-3692
1066252
23309
-28082
4305969
-32082
30744
9505935
-14172
-8238
2916996
-813
-20734
1376468
-7448
6121
5375182
-19927
-20243
1491394
-2027
14703
2099168
-3404
-20499
1198282
-6366
25693
6623440
-25135
-9833
13894036
-32007
7010
9568654
-24501
-30349
4360641
21629
-21596
647173
7800
-8848
5898294
11065
28798
4858158
14672
11511
2137184
4072
-3383
148542
-15361
27114
41375
12750
-14937
5570567
-8805
-451
6030171
3701
563
1720626
22601
-26056
6457632
-7092
-16011
4335808
-7308
-16706
4858058
-10671
9870
7343440
30670
3416
10813495
-8339
-6165
4785261
-188
-6876
525032
-2049
-32633
2097599
-25825
14385
12857779
-16150
14960
104079
2387
27689
2169856
-26218
10758
16450729
32174
12566
9505887
-30527
9405
11010432
2785
12934
2363676
-20030
27559
1165512
-3246
-26163
2688168
-1718
32080
2300129
-23197
17026
5091524
-23369
2508
4891075
4367
4817
21763
8977
26193
5244160
20689
-8870
315652
967
-32678
141593
4725
-5264
1720578
10615
-19752
6951203
-31786
9636
8855701
585
-7322
1181952
-2900
-2990
2623142
24043
17398
5277471
286
29413
331779
13920
-29096
3964980
-14268
17648
2132608
25102
-13379
13698115
9732
1555
7340560
-32264
-26697
9568398
10932
-11870
4339770
6603
-13147
7473449
-713
-9416
1182163
-24737
19767
13369771
-13486
-1617
2720904
-32549
700
8655751
-19550
21413
2459836
-7612
-16261
5245632
7821
5991
4789305
-24141
18980
5344460
-10444
22202
6946890
-14514
-25459
2720907
-5674
-18358
3621093
-19071
-5616
3703208
5315
25270
614400
11246
-4703
4269119
-1435
-22488
1844212
-10781
-3949
5578828
30890
4357
11077223
12222
19230
4261951
11154
32293
4793400
-16353
-24820
295299
-5273
-16157
942573
28319
-9636
9195899
27463
3455
9068905
-22187
4422
2154464
12453
3075
4981508
31239
-30557
9576817
-6798
-20031
4797636
-17576
-30709
958698
-13681
-30991
2659739
20811
-24660
186625
-25955
-9377
13447353
14532
26084
2654816
-22019
12017
3260653
-4743
-30332
1720790
-18526
-21531
2459836
32701
18719
8456317
-414
6577
1900788
11973
-9702
4201272
-19683
-2070
1425601
31413
-19956
8534394
9074
-12467
4793356
-2533
-16609
3408819
9454
-31734
4273167
-10745
-2924
7471441
32470
-25415
8851573
3612
-3451
1327666
-31998
6187
9502848
-12105
19206
4849987
5378
-22896
94208
8934
-11548
5701645
-21089
32043
1884635
-22659
-11292
6914253
3446
1277
1785875
7104
2839
4204600
17654
3386
241675
-22519
-15504
2277856
4422
-9527
219137
-20599
-5942
705016
-7682
-9930
5308623
25242
2503
14484043
16886
11712
1277963
23165
-31061
5873717
27168
-14923
9724016
-6251
-3545
6817752
-8686
15770
5309552
-16380
7026
33408
-15352
15017
172160
-32234
-10578
9634945
-16332
-31776
166018
6490
13040
6625827
4461
-7881
611333
31573
16757
8922984
-26017
-21452
13904307
5881
-11145
2248990
-24589
13705
12649660
-19870
16079
1949892
30664
10797
10618936
-8563
17379
4789369
-6821
-19925
4471747
-1613
-28068
3214572
3812
29669
283196
23808
17357
5275664
-31510
-25571
8468111
-9320
9999
5120122
-29301
24057
10109337
-18636
-14801
2785450
21938
25207
1174540
2530
26746
3473420
1001
-17113
140574
-15865
-9773
1212801
-20503
14181
181758
-7693
-26130
5309644
27296
-22291
8681596
8572
7760
4723206
-23235
-5907
4307141
-27898
-6230
9650305
-822
-13059
729313
-22762
-18311
6526161
21988
1349
1368588
-22753
28745
6590931
1952
-22687
2361372
22006
-16742
1302539
25451
25889
13117263
26405
30868
14947152
-2947
10863
2687141
32225
-25752
9699676
-25215
26949
14156184
-21614
18398
648440
-1824
16710
2363628
17439
-23806
303363
25797
11175
13116224
10341
-30915
7078692
21384
1510
712728
14746
-28427
4031083
-28291
-7439
8999045
-2616
1563
3279016
14684
16517
2398818
-3543
-22980
1458626
-20838
15577
905979
18697
-3355
2265344
7598
-23575
5311519
10875
-2487
5776183
3446
4935
1785875
30401
-23931
10492216
-4185
-22552
412157
3010
28050
2164760
18617
-1943
2785542
7893
-12250
4461364
-12912
-10832
5768280
17433
-20021
434434
4102
23557
212993
-9767
7155
7733606
-30159
6663
11796880
-18443
14528
2261434
26232
-19244
16384086
27481
-10208
9331050
8578
-11025
5832712
23766
18401
5734421
17830
-8172
1550349
29996
7817
10752546
20166
31740
251961
-1476
-24292
1059574
-8301
-16977
4785272
12595
-31122
4526080
-16449
5678
35327
-5038
-32318
93408
-21153
-3109
1362387
-28576
22375
9191556
-29730
-11278
10813591
-9057
-6742
4989283
-32116
20380
10092680
-16107
-23345
38784
28734
-13546
8472647
-32511
-23257
8393088
-25223
-415
14287254
-15517
22246
893068
30458
-19282
10555967
-7142
-22252
4530883
21209
11702
1491206
14360
1736
2523234
-28248
4654
9587854
-15290
21802
239745
-29165
-3592
9520304
-3026
12261
2424995
-8019
25066
4785349
2248
-32517
2752512
-11227
-15739
4465472
9405
12839
4792325
15466
2803
632423
-7931
-17509
4199360
-10912
7238
4993092
-24441
5205
4882881
6435
13236
6623264
-32373
14236
10092937
30603
5729
11141433
15149
-105
372849
-9426
-18566
4534387
16611
-9523
364556
-14112
3427
2396300
11883
-1284
5769015
-13561
12695
2265489
-3642
1280
1263817
-8427
-24556
4200304
-19377
12821
2133411
-28496
31130
8930436
27929
-19339
9847122
17715
-23333
372736
-25631
-16102
12853692
-13372
-29540
2132632
-3737
971
938437
-23394
-6094
5087427
6030
-31251
2704411
-24610
27018
12910775
-5599
-1224
1335792
-16949
7632
1214937
-2679
-20982
3801512
-5072
15425
286944
11415
-26177
4859169
-24212
17828
4757190
15973
-16273
1868660
27321
346
8550782
17705
25111
438530
23869
12814
5343253
10889
-9343
4862264
-26742
-9716
11223193
-3899
-13182
541632
29827
22462
11075616
1969
6846
2100508
22948
9672
7637548
-5948
23100
2638560
-28318
-1223
9261188
31600
-3825
8922220
27198
30677
9529463
-17379
15608
368865
27866
3599
9781847
411
-10244
1835787
-808
-13190
1442006
7706
14042
5571123
17831
-25709
1485069
3781
-23652
23352
-6165
-10757
6293471
-32392
3067
9048198
15154
-17821
372848
-13190
18542
2720391
-16987
-28026
1346524
12909
22837
5833733
29944
12643
10620974
14643
25058
2461792
-14597
24323
2134943
-31194
-25222
11993233
-4282
-18672
737513
15591
8405
1474909
-4407
14339
154104
8293
31289
4981508
16701
26164
104453
-30728
-21414
10616990
-28860
1157
8929960
31808
-10494
8398944
9713
-19842
5252364
-23077
-12523
5546951
30315
-11928
12060471
-17373
28309
368864
25544
-22144
12724312
31925
-20151
9052514
13787
-16939
3441447
12071
-7870
4591921
-32497
-10729
8394115
-15504
-14080
566412
-7143
-10049
4596162
-27039
-30623
12337556
29250
-23370
9521216
-23129
-1363
5679565
11161
19727
5120314
11547
-22633
5505811
-20687
-16913
315888
-20224
24567
53440
-7509
24764
5246927
-12215
-12673
4327744
10682
21942
7408175
-6988
-20074
4858050
17299
18431
631832
-14064
18544
2135168
2609
-21824
3408144
-31660
-19261
8400512
-8059
15284
4719552
30960
4939
10490988
-4006
-19932
346819
19795
17443
1166352
11174
11036
4663357
-16126
-23319
102528
-3623
28951
1458630
20420
-10518
51768
17328
1070
44060
9254
-15090
4661249
-11513
29383
5374273
1133
-10891
599045
8066
-24651
4784184
-4009
-26313
150977
20953
-18535
1491206
11271
28133
4333857
-15614
-25999
1147008
-26446
21865
15271076
-5738
14243
3884265
27534
-2558
9004155
-26169
5749
15862185
7644
-11327
5505558
-22055
-11117
3588582
-10276
-24953
6554198
27662
29337
8479843
12076
-23528
4461106
-960
31803
10464
17458
21661
368640
18368
-9551
2131992
-29225
-14640
9847189
-17201
-5250
1343959
31768
-10322
8790114
10753
13459
5251376
8980
-4059
5244416
-4251
-27502
803820
-10373
-23178
6816591
31535
5509
8663411
-24585
-907
12714427
-12931
-24196
5832789
8650
-32163
5441545
-12800
-27182
5242992
-143
23806
525804
-28333
25096
8477824
6607
5223
7602471
4780
4721
1068558
-1400
-5150
667896
-25907
8377
12923061
18409
22271
2262302
6367
-23069
6557991
18067
2877
2724888
-4183
15767
151038
-16160
15330
299148
10636
19092
7995432
29291
-26723
9979719
-10947
29008
4274245
11340
-5092
4335648
-11758
29636
5309504
10546
19407
6623264
18411
-14698
2131743
-21146
-26600
2080981
14074
29507
2200127
31393
15264
8665468
-9670
27999
5319287
-1793
31307
2101743
16543
-2225
819459
-21990
-13779
1434355
-24897
3049
12589503
-8593
1015
5768567
16701
-14497
104453
5670
-17741
3620881
2345
10471
2494722
-32650
-23046
9109635
-25876
28982
12596926
-32094
26747
9767052
10325
18262
6295328
-2405
-18244
2888635
26026
32641
13708879
27940
-20084
9716304
14541
-9844
2461797
-11213
26597
4530240
410
3655
1901067
8007
-19864
4849961
-20098
-24783
643271
-992
5830
270560
-22483
11254
2474209
5964
24153
2768904
-16546
-17715
884971
16230
-32185
1015917
17343
-23918
43295
-14352
9713
2131100
3546
-9500
1393175
29252
24068
9456192
19660
-7890
2785280
-20385
31291
313795
-13162
13924
2851969
-11442
-23069
4793419
-28900
2894
8671922
26603
3764
14681951
-27064
6217
11683984
19729
-16979
1099024
-13745
-28509
3181971
30421
-23390
10752820
-2182
-21658
2687663
-21395
-18122
648421
9870
-26366
6886427
-11738
23095
5701697
-15252
26653
566918
-28822
-6477
8996527
-26103
-8176
13771184
-23294
14769
4305088
-17061
-4551
1346515
-3446
-2593
1786057
24011
22999
5409049
4700
-11276
1329666
-8750
-20772
5570644
27628
-16025
8414846
-11186
11052
4271171
21101
24686
1688581
-25671
-30076
12724670
-10849
-21987
6037835
-30440
17651
10883202
-8902
-21272
5311063
-4008
19813
411842
-30017
-9936
10492319
1396
-20452
667650
1416
-20895
1712136
-10142
-3712
7143524
-32258
6252
9502863
-5734
-8251
4014827
-28018
7477
10044555
-13150
-825
2982020
16857
2531
1474822
12715
-31750
5246735
-7978
24467
4657349
-10327
4794
6425950
12995
25534
5310472
7144
11287
4334654
16300
-10275
36478
9887
-28640
7082267
-20924
3216
1100528
-12858
-25756
5441625
-5386
-17427
225531
-16290
2166
362627
21995
31847
1107727
5082
-30076
352791
7628
-4360
5376024
-10580
13175
6299230
5516
6374
1728520
5444
-24303
31232
-13024
-21421
5505104
20672
-30836
573440
-10005
19063
6297455
11323
-2905
4205351
14147
25479
2719784
-15561
22941
696715
3564
-10813
1066526
-29084
30589
10240692
10321
5213
6294816
12079
-17891
4460851
7172
8474
4203040
6525
26168
6885413
21657
-25560
975106
28297
28428
9064824
30723
10128
10551392
8628
-11590
5376010
-4314
-23368
479473
-3197
28337
2687160
-1038
17203
75004
905
9573
663832
-27760
-4141
8938648
-3073
22360
2097599
28617
10825
8538488
27045
179
11815788
-6022
-18705
2704103
27200
30107
9463920
5970
28729
2704392
-15105
9189
45455
12202
296
4263487
-994
-30680
336099
-3355
21032
1328076
-12770
8831
5570675
-7035
19700
4727744
17198
-19217
1409027
4457
21561
677126
-8684
30491
5244528
26234
11618
16319063
26453
16736
15206216
26429
8240
15269965
10728
-30566
7472174
-6047
8823
2900452
-10789
-28002
5514055
28412
-24316
8409726
-29540
27316
11272834
3321
20853
1196318
3666
22776
1133616
17523
28900
631812
17910
364
1286155
-7797
22996
5898697
8082
-20784
4785208
8007
-173
4849961
13003
-23260
5376265
-25739
-15610
13246890
17107
-23172
1409028
15865
-11000
1212766
8593
-990
5768456
502
-818
1245195
-26559
-10063
14682528
-4458
5870
742649
-19631
31949
2655656
18561
-11974
2654464
9662
-32690
5318671
13740
-18184
3182126
9564
26446
4471298
17807
21274
1615115
-20642
32435
901355
-31142
-31591
11864723
26112
13543
15728720
20341
25241
704810
26728
-5394
11158630
25959
23410
13513029
-10952
32596
4339782
-914
12642
599271
-22878
-22676
6658268
-6174
10641
6619356
-18341
-3857
2395107
-30466
-21476
10555535
11796
-6810
5244464
25098
31492
13828161
10951
24442
4340025
-21236
32512
1229008
32277
-1865
9439088
13594
6507
2462243
18198
-3307
2331665
30022
23397
10688545
27454
5187
9003119
16874
-9807
1148431
11181
29770
4271165
-32223
2948
9699712
-4647
-22190
1458646
-4494
-18141
1656052
