8944
1080
4207644
8944
-6842
4207644
8944
-4924
4207644
8944
-9826
4207644
8944
-8360
4207644
8944
-14391
4207644
8944
-14941
4207644
8944
-3735
4207644
8944
6642
4207644
8944
-6284
4207644
8944
-11170
4207644
8944
3394
4207644
8944
-7066
4207644
8944
-6306
4207644
8944
-317
4207644
8944
21451
4207644
8944
-1018
4207644
8944
3059
4207644
8944
6252
4207644
8944
5409
4207644
8944
6217
4207644
8944
-9450
4207644
8944
-4701
4207644
8944
24316
4207644
8944
26362
4207644
8944
-427
4207644
8944
-891
4207644
8944
-9502
4207644
8944
7670
4207644
8944
8341
4207644
8944
16966
4207644
8944
6657
4207644
8944
10692
4207644
8944
-3987
4207644
8944
6845
4207644
8944
-9633
4207644
8944
3686
4207644
8944
2503
4207644
8944
-5063
4207644
8944
15718
4207644
8944
9248
4207644
8944
-5218
4207644
8944
25
4207644
8944
6140
4207644
8944
2007
4207644
8944
-10298
4207644
8944
-6693
4207644
8944
-12159
4207644
8944
1764
4207644
8944
11408
4207644
3160
486
419874
3160
6830
419874
3160
6014
419874
3160
6149
419874
3160
-3497
419874
3160
3185
419874
3160
-7485
419874
3160
7448
419874
3160
-10402
419874
3160
18928
419874
3160
-1643
419874
3160
9734
419874
3160
2598
419874
3160
-511
419874
3160
901
419874
3160
-12542
419874
3160
-7363
419874
3160
-1277
419874
3160
525
419874
3160
3814
419874
3160
15425
419874
3160
-1302
419874
3160
-10648
419874
3160
3048
419874
3160
17736
419874
3160
-8963
419874
3160
-411
419874
3160
-8918
419874
3160
7831
419874
3160
-854
419874
3160
4274
419874
3160
6295
419874
3160
3149
419874
3160
17195
419874
3160
5045
419874
3160
11976
419874
3160
4061
419874
3160
-6708
419874
3160
874
419874
3160
23544
419874
3160
7432
419874
3160
-1328
419874
3160
-1254
419874
3160
-12572
419874
3160
-1937
419874
3160
-1951
419874
3160
-8715
419874
3160
-5757
419874
3160
5899
419874
3160
-7878
419874
-3704
-1795
1720520
-3704
-1039
1720520
-3704
-9245
1720520
-3704
1195
1720520
-3704
-1842
1720520
-3704
-14472
1720520
-3704
10179
1720520
-3704
-583
1720520
-3704
-11510
1720520
-3704
9688
1720520
-3704
-13263
1720520
-3704
-6352
1720520
-3704
5500
1720520
-3704
-13532
1720520
-3704
8991
1720520
-3704
2647
1720520
-3704
-14020
1720520
-3704
-11468
1720520
-3704
8403
1720520
-3704
-4470
1720520
-3704
-4539
1720520
-3704
-16026
1720520
-3704
-3733
1720520
-3704
-10766
1720520
-3704
14040
1720520
-3704
8322
1720520
-3704
409
1720520
-3704
-11280
1720520
-3704
472
1720520
-3704
297
1720520
-3704
15927
1720520
-3704
2157
1720520
-3704
-8171
1720520
-3704
-822
1720520
-3704
-5445
1720520
-3704
19811
1720520
-3704
-11168
1720520
-3704
17499
1720520
-3704
-5590
1720520
-3704
-5431
1720520
-3704
14349
1720520
-3704
12353
1720520
-3704
-249
1720520
-3704
-6039
1720520
-3704
-245
1720520
-3704
1597
1720520
-3704
3357
1720520
-3704
-5311
1720520
-3704
2744
1720520
-3704
-5111
1720520
-7303
-17552
4858318
-7303
2272
4858318
-7303
-9299
4858318
-7303
-2739
4858318
-7303
6875
4858318
-7303
817
4858318
-7303
14170
4858318
-7303
-3470
4858318
-7303
7545
4858318
-7303
1576
4858318
-7303
5921
4858318
-7303
-1309
4858318
-7303
-5007
4858318
-7303
267
4858318
-7303
-1481
4858318
-7303
5782
4858318
-7303
14104
4858318
-7303
-107
4858318
-7303
9181
4858318
-7303
6509
4858318
-7303
-18742
4858318
-7303
-6837
4858318
-7303
10185
4858318
-7303
13904
4858318
-7303
-11926
4858318
-7303
12576
4858318
-7303
440
4858318
-7303
-1817
4858318
-7303
-3327
4858318
-7303
-1682
4858318
-7303
828
4858318
-7303
-7622
4858318
-7303
-2008
4858318
-7303
154
4858318
-7303
-6230
4858318
-7303
-11068
4858318
-7303
606
4858318
-7303
-2949
4858318
-7303
6553
4858318
-7303
-1143
4858318
-7303
-5788
4858318
-7303
5444
4858318
-7303
1151
4858318
-7303
-3874
4858318
-7303
-10535
4858318
-7303
-9933
4858318
-7303
5938
4858318
-7303
-6422
4858318
-7303
-3756
4858318
-7303
3042
4858318
1544
12235
3276816
1544
12946
3276816
1544
-6101
3276816
1544
-155
3276816
1544
-3528
3276816
1544
4228
3276816
1544
-5179
3276816
1544
15394
3276816
1544
-5080
3276816
1544
13549
3276816
1544
5304
3276816
1544
6068
3276816
1544
-2713
3276816
1544
10888
3276816
1544
4971
3276816
1544
-3004
3276816
1544
-1863
3276816
1544
10009
3276816
1544
8069
3276816
1544
-11647
3276816
1544
-4620
3276816
1544
4199
3276816
1544
-5532
3276816
1544
-6087
3276816
1544
6279
3276816
1544
1732
3276816
1544
4109
3276816
1544
-273
3276816
1544
17613
3276816
1544
-8732
3276816
1544
-4025
3276816
1544
-5561
3276816
1544
-2357
3276816
1544
-5166
3276816
1544
-4903
3276816
1544
3252
3276816
1544
-3799
3276816
1544
8990
3276816
1544
-8971
3276816
1544
-5321
3276816
1544
2800
3276816
1544
1547
3276816
1544
1608
3276816
1544
12229
3276816
1544
-6426
3276816
1544
-962
3276816
1544
2496
3276816
1544
-19
3276816
1544
-2383
3276816
1544
-1124
3276816
7288
8574
4857894
7288
2168
4857894
7288
3424
4857894
7288
-1287
4857894
7288
2070
4857894
7288
-10305
4857894
7288
-3168
4857894
7288
-1209
4857894
7288
-1176
4857894
7288
14848
4857894
7288
8899
4857894
7288
-5543
4857894
7288
6052
4857894
7288
-2564
4857894
7288
-5046
4857894
7288
-1292
4857894
7288
1268
4857894
7288
-8422
4857894
7288
-20736
4857894
7288
-2528
4857894
7288
-472
4857894
7288
-3009
4857894
7288
13448
4857894
7288
-6360
4857894
7288
5929
4857894
7288
-14838
4857894
7288
-14019
4857894
7288
3677
4857894
7288
-3934
4857894
7288
-15769
4857894
7288
10645
4857894
7288
-13844
4857894
7288
3282
4857894
7288
11608
4857894
7288
1272
4857894
7288
2319
4857894
7288
-10123
4857894
7288
9270
4857894
7288
7751
4857894
7288
-3652
4857894
7288
-5039
4857894
7288
229
4857894
7288
-14010
4857894
7288
-4683
4857894
7288
-1152
4857894
7288
5292
4857894
7288
-7543
4857894
7288
5631
4857894
7288
661
4857894
7288
-1677
4857894
-8025
-6133
4594125
-8025
5273
4594125
-8025
-8199
4594125
-8025
-15057
4594125
-8025
310
4594125
-8025
-13753
4594125
-8025
7563
4594125
-8025
-6011
4594125
-8025
-11112
4594125
-8025
10390
4594125
-8025
12341
4594125
-8025
-3149
4594125
-8025
-2587
4594125
-8025
-10513
4594125
-8025
7084
4594125
-8025
8111
4594125
-8025
2501
4594125
-8025
-6926
4594125
-8025
-3651
4594125
-8025
-63
4594125
-8025
-7398
4594125
-8025
123
4594125
-8025
7915
4594125
-8025
5122
4594125
-8025
-7012
4594125
-8025
81
4594125
-8025
5053
4594125
-8025
-3294
4594125
-8025
-872
4594125
-8025
-16482
4594125
-8025
766
4594125
-8025
-3007
4594125
-8025
-9693
4594125
-8025
8331
4594125
-8025
970
4594125
-8025
14894
4594125
-8025
-14630
4594125
-8025
-16102
4594125
-8025
6434
4594125
-8025
-8119
4594125
-8025
6549
4594125
-8025
2355
4594125
-8025
-2155
4594125
-8025
-888
4594125
-8025
-5144
4594125
-8025
4290
4594125
-8025
-18659
4594125
-8025
-2385
4594125
-8025
-281
4594125
-8025
6796
4594125
2689
18126
553272
2689
3180
553272
2689
-21765
553272
2689
7425
553272
2689
10985
553272
2689
13029
553272
2689
-546
553272
2689
-16328
553272
2689
6821
553272
2689
5278
553272
2689
-5118
553272
2689
8531
553272
2689
2657
553272
2689
16962
553272
2689
-284
553272
2689
2662
553272
2689
-2810
553272
2689
-5345
553272
2689
-8858
553272
2689
5095
553272
2689
12990
553272
2689
-2636
553272
2689
6118
553272
2689
5531
553272
2689
-829
553272
2689
-7060
553272
2689
-731
553272
2689
-14801
553272
2689
-3308
553272
2689
-2797
553272
2689
-9023
553272
2689
-13285
553272
2689
20731
553272
2689
10453
553272
2689
-5275
553272
2689
-15411
553272
2689
-13448
553272
2689
1438
553272
2689
650
553272
2689
14084
553272
2689
1027
553272
2689
6682
553272
2689
4865
553272
2689
1875
553272
2689
-546
553272
2689
-5209
553272
2689
16639
553272
2689
5574
553272
2689
-706
553272
2689
-10879
553272
-4452
-2653
807674
-4452
-5326
807674
-4452
-2218
807674
-4452
2337
807674
-4452
3835
807674
-4452
-13621
807674
-4452
-4714
807674
-4452
-11194
807674
-4452
-10307
807674
-4452
-8444
807674
-4452
-2837
807674
-4452
14724
807674
-4452
-5607
807674
-4452
-16442
807674
-4452
8104
807674
-4452
16962
807674
-4452
-3484
807674
-4452
2385
807674
-4452
-5035
807674
-4452
1368
807674
-4452
2978
807674
-4452
2219
807674
-4452
5215
807674
-4452
1186
807674
-4452
10196
807674
-4452
7261
807674
-4452
-7381
807674
-4452
3016
807674
-4452
-8725
807674
-4452
1754
807674
-4452
-6083
807674
-4452
3924
807674
-4452
-4028
807674
-4452
1380
807674
-4452
-3121
807674
-4452
19808
807674
-4452
-1828
807674
-4452
3754
807674
-4452
4929
807674
-4452
-12408
807674
-4452
-8962
807674
-4452
-10554
807674
-4452
6659
807674
-4452
2350
807674
-4452
4854
807674
-4452
13271
807674
-4452
6295
807674
-4452
-8595
807674
-4452
7408
807674
-4452
-339
807674
1163
13972
663809
1163
-6671
663809
1163
12619
663809
1163
3332
663809
1163
9795
663809
1163
17591
663809
1163
-2384
663809
1163
13077
663809
1163
13116
663809
1163
8047
663809
1163
11499
663809
1163
22748
663809
1163
-5359
663809
1163
-3066
663809
1163
9463
663809
1163
18402
663809
1163
135
663809
1163
1575
663809
1163
-6795
663809
1163
-8476
663809
1163
-15332
663809
1163
-4457
663809
1163
13385
663809
1163
361
663809
1163
-8980
663809
1163
7350
663809
1163
-12228
663809
1163
2338
663809
1163
7949
663809
1163
917
663809
1163
-6310
663809
1163
-11250
663809
1163
7512
663809
1163
-2157
663809
1163
9768
663809
1163
-1298
663809
1163
11846
663809
1163
3019
663809
1163
-10081
663809
1163
8243
663809
1163
-4618
663809
1163
-6449
663809
1163
6222
663809
1163
1772
663809
1163
7290
663809
1163
7222
663809
1163
-20899
663809
1163
-10867
663809
1163
4531
663809
1163
579
663809
-4997
-4856
549863
-4997
13475
549863
-4997
5300
549863
-4997
8137
549863
-4997
-859
549863
-4997
17243
549863
-4997
2973
549863
-4997
2092
549863
-4997
8535
549863
-4997
-9760
549863
-4997
-6911
549863
-4997
7110
549863
-4997
-5724
549863
-4997
-6448
549863
-4997
15977
549863
-4997
13535
549863
-4997
621
549863
-4997
-15489
549863
-4997
2233
549863
-4997
8093
549863
-4997
14302
549863
-4997
-2623
549863
-4997
-4264
549863
-4997
13301
549863
-4997
12220
549863
-4997
4788
549863
-4997
11327
549863
-4997
156
549863
-4997
1494
549863
-4997
-2402
549863
-4997
8402
549863
-4997
4630
549863
-4997
6416
549863
-4997
7198
549863
-4997
7782
549863
-4997
-9940
549863
-4997
5790
549863
-4997
9739
549863
-4997
1589
549863
-4997
-2626
549863
-4997
9430
549863
-4997
-3396
549863
-4997
9233
549863
-4997
7052
549863
-4997
-1958
549863
-4997
17218
549863
-4997
6584
549863
-4997
-2375
549863
-4997
5199
549863
-4997
-4112
549863
-2576
1532
1074380
-2576
6963
1074380
-2576
-4196
1074380
-2576
-601
1074380
-2576
-7314
1074380
-2576
2509
1074380
-2576
-5623
1074380
-2576
-6933
1074380
-2576
-8736
1074380
-2576
875
1074380
-2576
6167
1074380
-2576
13525
1074380
-2576
8234
1074380
-2576
-14350
1074380
-2576
-4989
1074380
-2576
-15000
1074380
-2576
-12592
1074380
-2576
-8260
1074380
-2576
1447
1074380
-2576
12150
1074380
-2576
4434
1074380
-2576
-3485
1074380
-2576
3056
1074380
-2576
20718
1074380
-2576
7017
1074380
-2576
9254
1074380
-2576
-1321
1074380
-2576
-2597
1074380
-2576
5107
1074380
-2576
-1554
1074380
-2576
-2487
1074380
-2576
3173
1074380
-2576
-6226
1074380
-2576
-5970
1074380
-2576
2814
1074380
-2576
-3391
1074380
-2576
5437
1074380
-2576
3928
1074380
-2576
1863
1074380
-2576
-7592
1074380
-2576
2068
1074380
-2576
6457
1074380
-2576
-1305
1074380
-2576
-17018
1074380
-2576
-10050
1074380
-2576
-7961
1074380
-2576
6486
1074380
-2576
9627
1074380
-2576
9085
1074380
-2576
-8920
1074380
-7741
-7983
5310664
-7741
-2741
5310664
-7741
6648
5310664
-7741
2626
5310664
-7741
-1482
5310664
-7741
3923
5310664
-7741
5686
5310664
-7741
-541
5310664
-7741
15883
5310664
-7741
-7471
5310664
-7741
-9941
5310664
-7741
-7729
5310664
-7741
5127
5310664
-7741
-11389
5310664
-7741
-8155
5310664
-7741
4788
5310664
-7741
4528
5310664
-7741
-3302
5310664
-7741
1152
5310664
-7741
14517
5310664
-7741
-167
5310664
-7741
6979
5310664
-7741
-10902
5310664
-7741
-926
5310664
-7741
21059
5310664
-7741
4516
5310664
-7741
5826
5310664
-7741
1568
5310664
-7741
24907
5310664
-7741
-22150
5310664
-7741
18929
5310664
-7741
4657
5310664
-7741
-5726
5310664
-7741
8103
5310664
-7741
976
5310664
-7741
-3518
5310664
-7741
12534
5310664
-7741
308
5310664
-7741
-4119
5310664
-7741
-7258
5310664
-7741
5022
5310664
-7741
7556
5310664
-7741
-5763
5310664
-7741
-5077
5310664
-7741
13335
5310664
-7741
2217
5310664
-7741
320
5310664
-7741
-5863
5310664
-7741
1641
5310664
-7741
4742
5310664
3813
9941
283452
3813
-8438
283452
3813
13454
283452
3813
16721
283452
3813
6259
283452
3813
-4983
283452
3813
2369
283452
3813
-3108
283452
3813
-7651
283452
3813
-6934
283452
3813
-715
283452
3813
-1440
283452
3813
-1777
283452
3813
4348
283452
3813
-4853
283452
3813
-7793
283452
3813
8218
283452
3813
756
283452
3813
-6260
283452
3813
8959
283452
3813
-7439
283452
3813
1695
283452
3813
5996
283452
3813
-4737
283452
3813
6992
283452
3813
-10969
283452
3813
-5250
283452
3813
-5063
283452
3813
14070
283452
3813
-10197
283452
3813
5703
283452
3813
1976
283452
3813
9418
283452
3813
-11967
283452
3813
13963
283452
3813
-9732
283452
3813
6136
283452
3813
588
283452
3813
-4311
283452
3813
14566
283452
3813
2981
283452
3813
7356
283452
3813
-4332
283452
3813
13289
283452
3813
-5479
283452
3813
-4643
283452
3813
-17074
283452
3813
-4744
283452
3813
4721
283452
3813
6590
283452
-4081
-5962
17859
-4081
1198
17859
-4081
15295
17859
-4081
13537
17859
-4081
1076
17859
-4081
2216
17859
-4081
2843
17859
-4081
-11153
17859
-4081
1949
17859
-4081
-1107
17859
-4081
-4362
17859
-4081
6809
17859
-4081
-11758
17859
-4081
20426
17859
-4081
-2644
17859
-4081
3328
17859
-4081
2140
17859
-4081
-4635
17859
-4081
-13782
17859
-4081
2489
17859
-4081
8727
17859
-4081
14602
17859
-4081
-1689
17859
-4081
6970
17859
-4081
-1298
17859
-4081
11090
17859
-4081
4743
17859
-4081
-2848
17859
-4081
-545
17859
-4081
-5039
17859
-4081
12383
17859
-4081
8271
17859
-4081
555
17859
-4081
6676
17859
-4081
11594
17859
-4081
816
17859
-4081
6372
17859
-4081
7068
17859
-4081
-3428
17859
-4081
2081
17859
-4081
7181
17859
-4081
-2031
17859
-4081
9340
17859
-4081
-6278
17859
-4081
11379
17859
-4081
3245
17859
-4081
-2969
17859
-4081
9194
17859
-4081
2016
17859
-4081
7149
17859
4661
-4567
1198338
4661
5989
1198338
4661
-17780
1198338
4661
-6629
1198338
4661
-692
1198338
4661
-5131
1198338
4661
13107
1198338
4661
-8743
1198338
4661
-20594
1198338
4661
-12028
1198338
4661
-11193
1198338
4661
1023
1198338
4661
9825
1198338
4661
3703
1198338
4661
917
1198338
4661
6379
1198338
4661
-15664
1198338
4661
16
1198338
4661
7381
1198338
4661
19237
1198338
4661
-923
1198338
4661
-5434
1198338
4661
-10092
1198338
4661
-9582
1198338
4661
8481
1198338
4661
8086
1198338
4661
-3474
1198338
4661
-6376
1198338
4661
-7649
1198338
4661
-2271
1198338
4661
3047
1198338
4661
-8033
1198338
4661
16654
1198338
4661
3402
1198338
4661
814
1198338
4661
7782
1198338
4661
-1960
1198338
4661
5484
1198338
4661
-3311
1198338
4661
4430
1198338
4661
11394
1198338
4661
-2979
1198338
4661
-15988
1198338
4661
-7099
1198338
4661
5427
1198338
4661
-6922
1198338
4661
10125
1198338
4661
-7225
1198338
4661
-12662
1198338
4661
15371
1198338
-15406
-15729
109720
-15406
1834
109720
-15406
-997
109720
-15406
723
109720
-15406
-1583
109720
-15406
514
109720
-15406
10078
109720
-15406
6611
109720
-15406
-1507
109720
-15406
16972
109720
-15406
5032
109720
-15406
-2868
109720
-15406
1144
109720
-15406
8996
109720
-15406
7791
109720
-15406
1289
109720
-15406
-13186
109720
-15406
-8939
109720
-15406
-13761
109720
-15406
12582
109720
-15406
11972
109720
-15406
7762
109720
-15406
-4743
109720
-15406
2012
109720
-15406
5468
109720
-15406
-5154
109720
-15406
-3556
109720
-15406
-4892
109720
-15406
2700
109720
-15406
-1732
109720
-15406
-8061
109720
-15406
-6801
109720
-15406
-3946
109720
-15406
152
109720
-15406
875
109720
-15406
15576
109720
-15406
-10134
109720
-15406
-17952
109720
-15406
-11101
109720
-15406
9806
109720
-15406
-8511
109720
-15406
-1569
109720
-15406
3272
109720
-15406
-279
109720
-15406
10069
109720
-15406
-6635
109720
-15406
-2846
109720
-15406
-4319
109720
-15406
-5543
109720
-15406
5156
109720
-2543
-1714
3147184
-2543
-8548
3147184
-2543
-5265
3147184
-2543
-5175
3147184
-2543
9473
3147184
-2543
-12175
3147184
-2543
7135
3147184
-2543
6171
3147184
-2543
2927
3147184
-2543
5450
3147184
-2543
934
3147184
-2543
-17848
3147184
-2543
9898
3147184
-2543
-530
3147184
-2543
5364
3147184
-2543
13244
3147184
-2543
-2962
3147184
-2543
-461
3147184
-2543
7275
3147184
-2543
1020
3147184
-2543
1965
3147184
-2543
4299
3147184
-2543
-4324
3147184
-2543
3975
3147184
-2543
10371
3147184
-2543
-11095
3147184
-2543
9227
3147184
-2543
7077
3147184
-2543
-13738
3147184
-2543
-12122
3147184
-2543
-6986
3147184
-2543
6352
3147184
-2543
-1161
3147184
-2543
13488
3147184
-2543
-7079
3147184
-2543
-4511
3147184
-2543
-8353
3147184
-2543
9737
3147184
-2543
10751
3147184
-2543
-2373
3147184
-2543
-3102
3147184
-2543
4944
3147184
-2543
-1710
3147184
-2543
3141
3147184
-2543
-18412
3147184
-2543
-2583
3147184
-2543
9574
3147184
-2543
8267
3147184
-2543
-3819
3147184
-2543
15177
3147184
4825
-12530
422166
4825
-150
422166
4825
-4998
422166
4825
-4932
422166
4825
-4559
422166
4825
4326
422166
4825
5000
422166
4825
-2665
422166
4825
-639
422166
4825
-4173
422166
4825
11554
422166
4825
7744
422166
4825
1706
422166
4825
-2061
422166
4825
-10492
422166
4825
6285
422166
4825
-7212
422166
4825
-4208
422166
4825
9411
422166
4825
-2483
422166
4825
-13427
422166
4825
-698
422166
4825
-3351
422166
4825
-2342
422166
4825
4234
422166
4825
4781
422166
4825
-13472
422166
4825
-4208
422166
4825
-10506
422166
4825
3747
422166
4825
3852
422166
4825
-11585
422166
4825
4568
422166
4825
6106
422166
4825
7741
422166
4825
-3765
422166
4825
1911
422166
4825
8328
422166
4825
-1803
422166
4825
-5928
422166
4825
4564
422166
4825
9854
422166
4825
-14294
422166
4825
14009
422166
4825
-8341
422166
4825
-9894
422166
4825
5521
422166
4825
14478
422166
4825
12837
422166
4825
-14206
422166
-11114
-14537
779393
-11114
-820
779393
-11114
5572
779393
-11114
13317
779393
-11114
-9783
779393
-11114
13847
779393
-11114
-20273
779393
-11114
-3126
779393
-11114
-14182
779393
-11114
7405
779393
-11114
1508
779393
-11114
5283
779393
-11114
3387
779393
-11114
-8923
779393
-11114
-14323
779393
-11114
-669
779393
-11114
-7495
779393
-11114
-482
779393
-11114
-2957
779393
-11114
5805
779393
-11114
10598
779393
-11114
-3602
779393
-11114
3301
779393
-11114
-3006
779393
-11114
-3
779393
-11114
-2162
779393
-11114
4911
779393
-11114
-2652
779393
-11114
-1215
779393
-11114
-18934
779393
-11114
-4696
779393
-11114
-5185
779393
-11114
1711
779393
-11114
595
779393
-11114
1779
779393
-11114
3030
779393
-11114
-2322
779393
-11114
1363
779393
-11114
6154
779393
-11114
5025
779393
-11114
-6892
779393
-11114
-1870
779393
-11114
-1634
779393
-11114
6165
779393
-11114
-13945
779393
-11114
-5674
779393
-11114
-1101
779393
-11114
3502
779393
-11114
2649
779393
-11114
-12021
779393
7785
2825
5899574
7785
4902
5899574
7785
-5241
5899574
7785
11349
5899574
7785
-16049
5899574
7785
-5181
5899574
7785
9606
5899574
7785
6130
5899574
7785
-2269
5899574
7785
13511
5899574
7785
8444
5899574
7785
-1655
5899574
7785
2826
5899574
7785
-2470
5899574
7785
-19428
5899574
7785
10969
5899574
7785
-967
5899574
7785
-13209
5899574
7785
-9115
5899574
7785
-4163
5899574
7785
-1448
5899574
7785
5433
5899574
7785
1962
5899574
7785
2179
5899574
7785
15947
5899574
7785
-2493
5899574
7785
2335
5899574
7785
-8182
5899574
7785
-716
5899574
7785
-7173
5899574
7785
-9893
5899574
7785
-1068
5899574
7785
6705
5899574
7785
-530
5899574
7785
-2354
5899574
7785
-1577
5899574
7785
11345
5899574
7785
-6348
5899574
7785
-3254
5899574
7785
-8245
5899574
7785
9385
5899574
7785
-12879
5899574
7785
-4782
5899574
7785
-1363
5899574
7785
5394
5899574
7785
-13026
5899574
7785
11482
5899574
7785
-3204
5899574
7785
-9738
5899574
7785
1611
5899574
12625
9212
56640
12625
-8277
56640
12625
6715
56640
12625
-15713
56640
12625
-2871
56640
12625
-10503
56640
12625
4607
56640
12625
777
56640
12625
-9131
56640
12625
-14093
56640
12625
-3706
56640
12625
5647
56640
12625
-4077
56640
12625
18585
56640
12625
13043
56640
12625
-5425
56640
12625
5860
56640
12625
3538
56640
12625
-1309
56640
12625
-3620
56640
12625
-4820
56640
12625
3337
56640
12625
13407
56640
12625
-2385
56640
12625
-9810
56640
12625
-6709
56640
12625
8933
56640
12625
8345
56640
12625
10671
56640
12625
598
56640
12625
-10282
56640
12625
10801
56640
12625
2512
56640
12625
3486
56640
12625
-3575
56640
12625
4346
56640
12625
-2104
56640
12625
1406
56640
12625
-1788
56640
12625
-7233
56640
12625
3804
56640
12625
-2888
56640
12625
5606
56640
12625
-6904
56640
12625
-7380
56640
12625
-1029
56640
12625
6781
56640
12625
8437
56640
12625
2943
56640
12625
10450
56640
12301
-4989
115777
12301
2034
115777
12301
-7043
115777
12301
-517
115777
12301
17378
115777
12301
6878
115777
12301
-9495
115777
12301
6006
115777
12301
320
115777
12301
-2815
115777
12301
6356
115777
12301
-5627
115777
12301
4758
115777
12301
2193
115777
12301
-2578
115777
12301
-4332
115777
12301
-6937
115777
12301
-9055
115777
12301
5172
115777
12301
-2000
115777
12301
-6348
115777
12301
-6629
115777
12301
6171
115777
12301
4163
115777
12301
-822
115777
12301
1181
115777
12301
8319
115777
12301
13087
115777
12301
10160
115777
12301
16047
115777
12301
7484
115777
12301
3767
115777
12301
-13595
115777
12301
-8507
115777
12301
-2966
115777
12301
-16903
115777
12301
516
115777
12301
-8155
115777
12301
434
115777
12301
3513
115777
12301
79
115777
12301
-12477
115777
12301
-12994
115777
12301
6168
115777
12301
-1988
115777
12301
3275
115777
12301
-3151
115777
12301
6295
115777
12301
6511
115777
12301
-6446
115777
3569
-3746
1066268
3569
1417
1066268
3569
-18586
1066268
3569
5910
1066268
3569
-2549
1066268
3569
1999
1066268
3569
-220
1066268
3569
4821
1066268
3569
-1076
1066268
3569
4899
1066268
3569
774
1066268
3569
-379
1066268
3569
3646
1066268
3569
-4495
1066268
3569
-2115
1066268
3569
-499
1066268
3569
7604
1066268
3569
-6057
1066268
3569
-8349
1066268
3569
642
1066268
3569
-12173
1066268
3569
245
1066268
3569
-7831
1066268
3569
-7582
1066268
3569
4286
1066268
3569
-2648
1066268
3569
6209
1066268
3569
520
1066268
3569
1515
1066268
3569
4838
1066268
3569
-10608
1066268
3569
4560
1066268
3569
1997
1066268
3569
-12179
1066268
3569
2455
1066268
3569
-5455
1066268
3569
-8008
1066268
3569
-5443
1066268
3569
92
1066268
3569
8509
1066268
3569
-5806
1066268
3569
12447
1066268
3569
-7362
1066268
3569
10177
1066268
3569
-9363
1066268
3569
8706
1066268
3569
-3939
1066268
3569
1901
1066268
3569
371
1066268
3569
-6118
1066268
2118
10161
2295809
2118
210
2295809
2118
5224
2295809
2118
1778
2295809
2118
15878
2295809
2118
-4
2295809
2118
-4730
2295809
2118
13450
2295809
2118
-4918
2295809
2118
9909
2295809
2118
17174
2295809
2118
-9204
2295809
2118
6184
2295809
2118
-3785
2295809
2118
11477
2295809
2118
-11043
2295809
2118
-4007
2295809
2118
-6937
2295809
2118
-8696
2295809
2118
3865
2295809
2118
-4019
2295809
2118
-7202
2295809
2118
-12366
2295809
2118
6265
2295809
2118
86
2295809
2118
2825
2295809
2118
9394
2295809
2118
-10308
2295809
2118
-6474
2295809
2118
8746
2295809
2118
9269
2295809
2118
9862
2295809
2118
7094
2295809
2118
-5099
2295809
2118
-1219
2295809
2118
-21313
2295809
2118
3782
2295809
2118
199
2295809
2118
-4129
2295809
2118
-9516
2295809
2118
-9411
2295809
2118
-24433
2295809
2118
1609
2295809
2118
-7210
2295809
2118
-8526
2295809
2118
16719
2295809
2118
-8497
2295809
2118
8108
2295809
2118
-9415
2295809
2118
-5970
2295809
-5079
-4242
159206
-5079
9718
159206
-5079
-3352
159206
-5079
-2813
159206
-5079
-4414
159206
-5079
-7478
159206
-5079
-4131
159206
-5079
3864
159206
-5079
-3004
159206
-5079
7411
159206
-5079
-6168
159206
-5079
2101
159206
-5079
-9343
159206
-5079
-10704
159206
-5079
-6333
159206
-5079
5364
159206
-5079
-2150
159206
-5079
11913
159206
-5079
-7428
159206
-5079
3226
159206
-5079
904
159206
-5079
-494
159206
-5079
3625
159206
-5079
5292
159206
-5079
7496
159206
-5079
11047
159206
-5079
5728
159206
-5079
923
159206
-5079
-1977
159206
-5079
9331
159206
-5079
-1761
159206
-5079
-15221
159206
-5079
4272
159206
-5079
-9208
159206
-5079
1073
159206
-5079
12208
159206
-5079
5414
159206
-5079
6217
159206
-5079
22367
159206
-5079
11742
159206
-5079
40
159206
-5079
-4687
159206
-5079
6808
159206
-5079
-3793
159206
-5079
-3721
159206
-5079
10998
159206
-5079
-4087
159206
-5079
-6728
159206
-5079
5446
159206
-5079
-7802
159206
-17759
10765
309756
-17759
9541
309756
-17759
-9265
309756
-17759
6644
309756
-17759
-12554
309756
-17759
17511
309756
-17759
11039
309756
-17759
-9984
309756
-17759
11514
309756
-17759
-1029
309756
-17759
110
309756
-17759
10007
309756
-17759
3369
309756
-17759
-6999
309756
-17759
9858
309756
-17759
-10905
309756
-17759
7714
309756
-17759
-10405
309756
-17759
-999
309756
-17759
12798
309756
-17759
4390
309756
-17759
5553
309756
-17759
-3161
309756
-17759
8275
309756
-17759
-4979
309756
-17759
696
309756
-17759
-249
309756
-17759
-6301
309756
-17759
-1670
309756
-17759
4144
309756
-17759
8070
309756
-17759
672
309756
-17759
-3551
309756
-17759
5817
309756
-17759
3836
309756
-17759
-6591
309756
-17759
-13319
309756
-17759
4709
309756
-17759
5703
309756
-17759
-10222
309756
-17759
-12032
309756
-17759
-330
309756
-17759
-1181
309756
-17759
-471
309756
-17759
3298
309756
-17759
-13121
309756
-17759
1560
309756
-17759
-4148
309756
-17759
519
309756
-17759
-883
309756
-7509
11309
4210655
-7509
-10236
4210655
-7509
2959
4210655
-7509
592
4210655
-7509
11906
4210655
-7509
4372
4210655
-7509
-13409
4210655
-7509
7409
4210655
-7509
-14224
4210655
-7509
16003
4210655
-7509
-5161
4210655
-7509
-15313
4210655
-7509
3066
4210655
-7509
-227
4210655
-7509
-3651
4210655
-7509
10100
4210655
-7509
9784
4210655
-7509
-8972
4210655
-7509
12805
4210655
-7509
-8190
4210655
-7509
936
4210655
-7509
-11531
4210655
-7509
-4430
4210655
-7509
1387
4210655
-7509
130
4210655
-7509
-2499
4210655
-7509
-3258
4210655
-7509
-5750
4210655
-7509
-2792
4210655
-7509
-3165
4210655
-7509
-8018
4210655
-7509
-11070
4210655
-7509
-1896
4210655
-7509
4510
4210655
-7509
8004
4210655
-7509
-1755
4210655
-7509
-7920
4210655
-7509
12287
4210655
-7509
-4390
4210655
-7509
-10544
4210655
-7509
1875
4210655
-7509
-4031
4210655
-7509
13962
4210655
-7509
4289
4210655
-7509
-2914
4210655
-7509
-4218
4210655
-7509
2702
4210655
-7509
5861
4210655
-7509
-16611
4210655
-7509
-12878
4210655
-9043
5733
4275309
-9043
-2016
4275309
-9043
-5171
4275309
-9043
2236
4275309
-9043
-1694
4275309
-9043
5443
4275309
-9043
1909
4275309
-9043
2290
4275309
-9043
-1939
4275309
-9043
3803
4275309
-9043
-20269
4275309
-9043
-2722
4275309
-9043
-3734
4275309
-9043
7468
4275309
-9043
-7700
4275309
-9043
6341
4275309
-9043
-2400
4275309
-9043
-17042
4275309
-9043
11254
4275309
-9043
105
4275309
-9043
170
4275309
-9043
3096
4275309
-9043
7510
4275309
-9043
-10929
4275309
-9043
-9530
4275309
-9043
3755
4275309
-9043
2384
4275309
-9043
-8857
4275309
-9043
-3675
4275309
-9043
6189
4275309
-9043
7642
4275309
-9043
-6390
4275309
-9043
3443
4275309
-9043
8303
4275309
-9043
6370
4275309
-9043
-7886
4275309
-9043
-13036
4275309
-9043
3004
4275309
-9043
-3924
4275309
-9043
2963
4275309
-9043
8735
4275309
-9043
4625
4275309
-9043
3250
4275309
-9043
11554
4275309
-9043
-10977
4275309
-9043
10095
4275309
-9043
-1102
4275309
-9043
-2658
4275309
-9043
1202
4275309
-9043
1284
4275309
-6133
-13099
2245089
-6133
2678
2245089
-6133
146
2245089
-6133
8278
2245089
-6133
10229
2245089
-6133
12629
2245089
-6133
17853
2245089
-6133
13420
2245089
-6133
12409
2245089
-6133
-3900
2245089
-6133
-14866
2245089
-6133
11627
2245089
-6133
7973
2245089
-6133
3659
2245089
-6133
-4690
2245089
-6133
-7935
2245089
-6133
-5174
2245089
-6133
4008
2245089
-6133
3110
2245089
-6133
6084
2245089
-6133
-571
2245089
-6133
-703
2245089
-6133
3197
2245089
-6133
8368
2245089
-6133
-8067
2245089
-6133
7335
2245089
-6133
-2566
2245089
-6133
-8810
2245089
-6133
138
2245089
-6133
-462
2245089
-6133
-9949
2245089
-6133
-11502
2245089
-6133
9135
2245089
-6133
-16487
2245089
-6133
2857
2245089
-6133
9550
2245089
-6133
16849
2245089
-6133
-16162
2245089
-6133
3979
2245089
-6133
-3736
2245089
-6133
3688
2245089
-6133
-6933
2245089
-6133
7780
2245089
-6133
4728
2245089
-6133
13598
2245089
-6133
-1716
2245089
-6133
8214
2245089
-6133
11480
2245089
-6133
-12879
2245089
-6133
-16478
2245089
14501
-11673
2399084
14501
-3753
2399084
14501
10394
2399084
14501
23639
2399084
14501
-14555
2399084
14501
6303
2399084
14501
7264
2399084
14501
-2898
2399084
14501
17179
2399084
14501
14860
2399084
14501
-5623
2399084
14501
-1171
2399084
14501
16174
2399084
14501
-5564
2399084
14501
-12436
2399084
14501
16713
2399084
14501
-2512
2399084
14501
3889
2399084
14501
7448
2399084
14501
3096
2399084
14501
-6393
2399084
14501
-1084
2399084
14501
1490
2399084
14501
-15769
2399084
14501
-2955
2399084
14501
-11073
2399084
14501
-3881
2399084
14501
-3846
2399084
14501
-3718
2399084
14501
-12348
2399084
14501
4381
2399084
14501
5006
2399084
14501
6110
2399084
14501
-6258
2399084
14501
-8960
2399084
14501
-3568
2399084
14501
5830
2399084
14501
-14943
2399084
14501
5892
2399084
14501
-4940
2399084
14501
381
2399084
14501
6061
2399084
14501
-18980
2399084
14501
-345
2399084
14501
-5651
2399084
14501
10335
2399084
14501
0
2399084
14501
291
2399084
14501
240
2399084
14501
8536
2399084
3080
-3695
155680
3080
949
155680
3080
1037
155680
3080
-2355
155680
3080
6337
155680
3080
-6501
155680
3080
8736
155680
3080
-2321
155680
3080
560
155680
3080
-4248
155680
3080
14938
155680
3080
-5635
155680
3080
5935
155680
3080
8712
155680
3080
2311
155680
3080
498
155680
3080
1055
155680
3080
-5611
155680
3080
-5735
155680
3080
4956
155680
3080
3550
155680
3080
3827
155680
3080
-4631
155680
3080
-9013
155680
3080
-6214
155680
3080
194
155680
3080
2358
155680
3080
-1132
155680
3080
15701
155680
3080
-2132
155680
3080
2839
155680
3080
2590
155680
3080
4729
155680
3080
14985
155680
3080
-16364
155680
3080
-13517
155680
3080
-9126
155680
3080
-3763
155680
3080
3568
155680
3080
-6064
155680
3080
-8421
155680
3080
-1805
155680
3080
300
155680
3080
-5055
155680
3080
9789
155680
3080
-3024
155680
3080
6661
155680
3080
-409
155680
3080
3922
155680
3080
990
155680
-2092
3432
2100920
-2092
4444
2100920
-2092
-16707
2100920
-2092
-6465
2100920
-2092
-1767
2100920
-2092
8423
2100920
-2092
10120
2100920
-2092
12808
2100920
-2092
-9092
2100920
-2092
2523
2100920
-2092
-2381
2100920
-2092
1183
2100920
-2092
11935
2100920
-2092
-17331
2100920
-2092
16795
2100920
-2092
11074
2100920
-2092
417
2100920
-2092
-5585
2100920
-2092
4344
2100920
-2092
9484
2100920
-2092
8699
2100920
-2092
-1339
2100920
-2092
-1382
2100920
-2092
8571
2100920
-2092
-7507
2100920
-2092
-7131
2100920
-2092
3949
2100920
-2092
7223
2100920
-2092
4628
2100920
-2092
-8007
2100920
-2092
-12781
2100920
-2092
1825
2100920
-2092
-5137
2100920
-2092
-5570
2100920
-2092
12722
2100920
-2092
6653
2100920
-2092
-837
2100920
-2092
-2298
2100920
-2092
-3562
2100920
-2092
2028
2100920
-2092
-5604
2100920
-2092
-17261
2100920
-2092
-8951
2100920
-2092
-7632
2100920
-2092
-1122
2100920
-2092
-6180
2100920
-2092
14289
2100920
-2092
5540
2100920
-2092
-7748
2100920
-2092
10191
2100920
8876
-6299
4210206
8876
12676
4210206
8876
4685
4210206
8876
-14142
4210206
8876
-5883
4210206
8876
-9125
4210206
8876
6734
4210206
8876
24642
4210206
8876
283
4210206
8876
4361
4210206
8876
9411
4210206
8876
-2801
4210206
8876
-8862
4210206
8876
9706
4210206
8876
-9949
4210206
8876
-759
4210206
8876
7614
4210206
8876
1115
4210206
8876
2951
4210206
8876
3000
4210206
8876
3313
4210206
8876
14974
4210206
8876
-4126
4210206
8876
-844
4210206
8876
2121
4210206
8876
-5190
4210206
8876
-4211
4210206
8876
-11208
4210206
8876
-122
4210206
8876
1154
4210206
8876
-2108
4210206
8876
-7667
4210206
8876
3155
4210206
8876
3474
4210206
8876
1922
4210206
8876
-6953
4210206
8876
245
4210206
8876
740
4210206
8876
1166
4210206
8876
5728
4210206
8876
6633
4210206
8876
13663
4210206
8876
-2643
4210206
8876
2132
4210206
8876
3917
4210206
8876
5556
4210206
8876
-3289
4210206
8876
-5801
4210206
8876
9727
4210206
8876
109
4210206
4139
-6341
20231
4139
6580
20231
4139
-8543
20231
4139
1332
20231
4139
6636
20231
4139
-13884
20231
4139
2296
20231
4139
-11859
20231
4139
-9406
20231
4139
-3320
20231
4139
-5248
20231
4139
6356
20231
4139
5061
20231
4139
11501
20231
4139
-1493
20231
4139
280
20231
4139
-8789
20231
4139
-15357
20231
4139
13124
20231
4139
5386
20231
4139
-1020
20231
4139
-2196
20231
4139
6169
20231
4139
12826
20231
4139
-12522
20231
4139
6327
20231
4139
-2074
20231
4139
5091
20231
4139
2567
20231
4139
5978
20231
4139
-7039
20231
4139
11998
20231
4139
4907
20231
4139
2628
20231
4139
-9529
20231
4139
362
20231
4139
-8591
20231
4139
11194
20231
4139
3881
20231
4139
-266
20231
4139
11070
20231
4139
-5604
20231
4139
-817
20231
4139
-217
20231
4139
3498
20231
4139
-1368
20231
4139
2410
20231
4139
10710
20231
4139
-7642
20231
4139
3842
20231
-14061
-9294
2200704
-14061
-4157
2200704
-14061
3929
2200704
-14061
11698
2200704
-14061
8029
2200704
-14061
15805
2200704
-14061
-7184
2200704
-14061
-3744
2200704
-14061
9734
2200704
-14061
13209
2200704
-14061
-7986
2200704
-14061
8701
2200704
-14061
12943
2200704
-14061
4064
2200704
-14061
7886
2200704
-14061
5237
2200704
-14061
-243
2200704
-14061
7710
2200704
-14061
-4820
2200704
-14061
-3918
2200704
-14061
2203
2200704
-14061
-18859
2200704
-14061
4108
2200704
-14061
-4659
2200704
-14061
7965
2200704
-14061
-698
2200704
-14061
-10921
2200704
-14061
3099
2200704
-14061
5796
2200704
-14061
-2116
2200704
-14061
6675
2200704
-14061
8415
2200704
-14061
4534
2200704
-14061
15147
2200704
-14061
-5688
2200704
-14061
-1477
2200704
-14061
-2760
2200704
-14061
-3748
2200704
-14061
11930
2200704
-14061
-2861
2200704
-14061
3155
2200704
-14061
14919
2200704
-14061
-4329
2200704
-14061
3553
2200704
-14061
2540
2200704
-14061
10562
2200704
-14061
228
2200704
-14061
-9745
2200704
-14061
6811
2200704
-14061
12394
2200704
-1900
-6265
2623200
-1900
4678
2623200
-1900
-6591
2623200
-1900
85
2623200
-1900
-2658
2623200
-1900
-2487
2623200
-1900
-931
2623200
-1900
6100
2623200
-1900
1724
2623200
-1900
-3131
2623200
-1900
-3654
2623200
-1900
-3344
2623200
-1900
-7449
2623200
-1900
8531
2623200
-1900
-479
2623200
-1900
-11371
2623200
-1900
-2921
2623200
-1900
2894
2623200
-1900
386
2623200
-1900
1067
2623200
-1900
-12250
2623200
-1900
-11228
2623200
-1900
-5431
2623200
-1900
-16027
2623200
-1900
-13041
2623200
-1900
1090
2623200
-1900
-3518
2623200
-1900
8356
2623200
-1900
8676
2623200
-1900
1301
2623200
-1900
6656
2623200
-1900
6155
2623200
-1900
15156
2623200
-1900
-11970
2623200
-1900
9405
2623200
-1900
1504
2623200
-1900
-6075
2623200
-1900
849
2623200
-1900
19920
2623200
-1900
-9357
2623200
-1900
2239
2623200
-1900
6077
2623200
-1900
4264
2623200
-1900
-11232
2623200
-1900
-13395
2623200
-1900
-6282
2623200
-1900
-11348
2623200
-1900
2533
2623200
-1900
-7977
2623200
-1900
-5957
2623200
-593
-948
1052127
-593
-9001
1052127
-593
2820
1052127
-593
-5727
1052127
-593
-7651
1052127
-593
11315
1052127
-593
9950
1052127
-593
-13501
1052127
-593
6382
1052127
-593
-3183
1052127
-593
-5935
1052127
-593
-723
1052127
-593
12169
1052127
-593
-7685
1052127
-593
-2969
1052127
-593
-1159
1052127
-593
6398
1052127
-593
2614
1052127
-593
5691
1052127
-593
5465
1052127
-593
-891
1052127
-593
6603
1052127
-593
-5788
1052127
-593
4157
1052127
-593
-12363
1052127
-593
732
1052127
-593
1653
1052127
-593
-7880
1052127
-593
469
1052127
-593
-4267
1052127
-593
2186
1052127
-593
-8040
1052127
-593
-6739
1052127
-593
-2771
1052127
-593
-5455
1052127
-593
-14886
1052127
-593
2509
1052127
-593
6899
1052127
-593
-6314
1052127
-593
569
1052127
-593
5091
1052127
-593
-3632
1052127
-593
-13647
1052127
-593
10474
1052127
-593
14910
1052127
-593
6373
1052127
-593
1430
1052127
-593
-14231
1052127
-593
-4663
1052127
-593
3072
1052127
4584
-544
1197070
4584
-6315
1197070
4584
-1277
1197070
4584
-7777
1197070
4584
803
1197070
4584
-6138
1197070
4584
-5202
1197070
4584
-2578
1197070
4584
-8217
1197070
4584
-355
1197070
4584
132
1197070
4584
5543
1197070
4584
5640
1197070
4584
5926
1197070
4584
-4458
1197070
4584
-28
1197070
4584
3967
1197070
4584
571
1197070
4584
842
1197070
4584
14437
1197070
4584
-1548
1197070
4584
8990
1197070
4584
6653
1197070
4584
-3527
1197070
4584
-6399
1197070
4584
-14747
1197070
4584
-7434
1197070
4584
-10576
1197070
4584
-9029
1197070
4584
-16412
1197070
4584
-1044
1197070
4584
6448
1197070
4584
-3535
1197070
4584
11815
1197070
4584
2114
1197070
4584
4850
1197070
4584
-11283
1197070
4584
15694
1197070
4584
-7969
1197070
4584
-12194
1197070
4584
-1112
1197070
4584
-2506
1197070
4584
-8795
1197070
4584
1014
1197070
4584
12237
1197070
4584
-1617
1197070
4584
6597
1197070
4584
8137
1197070
4584
10054
1197070
4584
12133
1197070
-4153
-4060
150009
-4153
-837
150009
-4153
-8883
150009
-4153
-5169
150009
-4153
2950
150009
-4153
-2422
150009
-4153
1018
150009
-4153
-13851
150009
-4153
-3947
150009
-4153
5798
150009
-4153
202
150009
-4153
8788
150009
-4153
-2035
150009
-4153
14070
150009
-4153
-7710
150009
-4153
-7726
150009
-4153
3071
150009
-4153
9516
150009
-4153
3151
150009
-4153
-8148
150009
-4153
2580
150009
-4153
9454
150009
-4153
7444
150009
-4153
398
150009
-4153
-176
150009
-4153
9356
150009
-4153
11366
150009
-4153
-2171
150009
-4153
-10645
150009
-4153
-2517
150009
-4153
5103
150009
-4153
-5761
150009
-4153
-3652
150009
-4153
-6888
150009
-4153
-1831
150009
-4153
5273
150009
-4153
-794
150009
-4153
7009
150009
-4153
-1094
150009
-4153
-4282
150009
-4153
-1798
150009
-4153
13064
150009
-4153
-20171
150009
-4153
-8431
150009
-4153
7246
150009
-4153
8956
150009
-4153
4341
150009
-4153
5180
150009
-4153
-7427
150009
-4153
209
150009
-4801
7889
31207
-4801
-1193
31207
-4801
5488
31207
-4801
-1474
31207
-4801
-10077
31207
-4801
-173
31207
-4801
7321
31207
-4801
6809
31207
-4801
-10489
31207
-4801
7235
31207
-4801
1944
31207
-4801
-4672
31207
-4801
9845
31207
-4801
-15383
31207
-4801
9126
31207
-4801
5699
31207
-4801
-11063
31207
-4801
1996
31207
-4801
4147
31207
-4801
4238
31207
-4801
16970
31207
-4801
-24414
31207
-4801
-1333
31207
-4801
-1856
31207
-4801
-14836
31207
-4801
-6799
31207
-4801
-13970
31207
-4801
-4932
31207
-4801
8777
31207
-4801
13676
31207
-4801
9779
31207
-4801
15491
31207
-4801
6218
31207
-4801
-2057
31207
-4801
5450
31207
-4801
7256
31207
-4801
-8341
31207
-4801
4736
31207
-4801
-4368
31207
-4801
9217
31207
-4801
5828
31207
-4801
15188
31207
-4801
-10076
31207
-4801
1225
31207
-4801
1661
31207
-4801
-7352
31207
-4801
-5825
31207
-4801
2012
31207
-4801
5095
31207
-4801
5699
31207
2375
3236
2234625
2375
-2887
2234625
2375
6240
2234625
2375
6040
2234625
2375
12974
2234625
2375
3002
2234625
2375
9032
2234625
2375
-1777
2234625
2375
-5602
2234625
2375
4112
2234625
2375
4553
2234625
2375
-3455
2234625
2375
-101
2234625
2375
5485
2234625
2375
11042
2234625
2375
-1114
2234625
2375
5827
2234625
2375
-11107
2234625
2375
4854
2234625
2375
-1461
2234625
2375
-2620
2234625
2375
4582
2234625
2375
8061
2234625
2375
-4419
2234625
2375
4206
2234625
2375
20177
2234625
2375
12640
2234625
2375
-846
2234625
2375
743
2234625
2375
-12005
2234625
2375
-1808
2234625
2375
-6676
2234625
2375
-9218
2234625
2375
-4038
2234625
2375
-3345
2234625
2375
4219
2234625
2375
9579
2234625
2375
-13930
2234625
2375
13037
2234625
2375
8570
2234625
2375
9871
2234625
2375
-11723
2234625
2375
-695
2234625
2375
7296
2234625
2375
108
2234625
2375
8473
2234625
2375
2127
2234625
2375
5921
2234625
2375
-1030
2234625
2375
-5151
2234625
-7466
15008
4406489
-7466
-2923
4406489
-7466
-11716
4406489
-7466
-8533
4406489
-7466
13910
4406489
-7466
7862
4406489
-7466
12154
4406489
-7466
12148
4406489
-7466
-3598
4406489
-7466
1966
4406489
-7466
-1421
4406489
-7466
-2212
4406489
-7466
-13487
4406489
-7466
10024
4406489
-7466
-10277
4406489
-7466
2451
4406489
-7466
4948
4406489
-7466
-2566
4406489
-7466
3098
4406489
-7466
-225
4406489
-7466
-4686
4406489
-7466
1939
4406489
-7466
-1838
4406489
-7466
-1830
4406489
-7466
367
4406489
-7466
5424
4406489
-7466
7963
4406489
-7466
10776
4406489
-7466
-7571
4406489
-7466
-1636
4406489
-7466
-14304
4406489
-7466
4767
4406489
-7466
4740
4406489
-7466
6635
4406489
-7466
-12688
4406489
-7466
4106
4406489
-7466
-7650
4406489
-7466
11709
4406489
-7466
-9405
4406489
-7466
-5965
4406489
-7466
7556
4406489
-7466
-7016
4406489
-7466
2642
4406489
-7466
-13567
4406489
-7466
-9215
4406489
-7466
2788
4406489
-7466
-11384
4406489
-7466
3039
4406489
-7466
-1812
4406489
-7466
1772
4406489
8748
-439
5246470
8748
-4328
5246470
8748
15293
5246470
8748
8271
5246470
8748
11249
5246470
8748
-6410
5246470
8748
12417
5246470
8748
-4833
5246470
8748
4288
5246470
8748
-15794
5246470
8748
3307
5246470
8748
-11482
5246470
8748
5088
5246470
8748
6876
5246470
8748
-5561
5246470
8748
-3647
5246470
8748
-1421
5246470
8748
723
5246470
8748
-9244
5246470
8748
4230
5246470
8748
-1589
5246470
8748
8714
5246470
8748
4796
5246470
8748
-4770
5246470
8748
589
5246470
8748
11230
5246470
8748
4094
5246470
8748
-4124
5246470
8748
-11166
5246470
8748
-3839
5246470
8748
-2551
5246470
8748
3357
5246470
8748
-43
5246470
8748
-2254
5246470
8748
-2986
5246470
8748
-5416
5246470
8748
4151
5246470
8748
1715
5246470
8748
448
5246470
8748
2820
5246470
8748
-871
5246470
8748
-10516
5246470
8748
-1569
5246470
8748
4167
5246470
8748
7686
5246470
8748
8164
5246470
8748
11024
5246470
8748
1720
5246470
8748
-573
5246470
8748
13989
5246470
5381
1893
29440
5381
18460
29440
5381
-6622
29440
5381
-4385
29440
5381
-6096
29440
5381
193
29440
5381
844
29440
5381
-16614
29440
5381
-641
29440
5381
1209
29440
5381
-13733
29440
5381
-14843
29440
5381
-9698
29440
5381
-7709
29440
5381
1658
29440
5381
-9996
29440
5381
-6781
29440
5381
-1935
29440
5381
7566
29440
5381
1530
29440
5381
-1302
29440
5381
792
29440
5381
-3704
29440
5381
2412
29440
5381
4939
29440
5381
-2327
29440
5381
1381
29440
5381
-6411
29440
5381
16405
29440
5381
-6845
29440
5381
1538
29440
5381
2619
29440
5381
6270
29440
5381
-4346
29440
5381
-2908
29440
5381
1418
29440
5381
1193
29440
5381
-11189
29440
5381
4820
29440
5381
-8952
29440
5381
-18116
29440
5381
-2053
29440
5381
-782
29440
5381
15886
29440
5381
4216
29440
5381
433
29440
5381
-7411
29440
5381
-13316
29440
5381
21211
29440
5381
-3093
29440
1768
2241
2233374
1768
-870
2233374
1768
-7187
2233374
1768
4312
2233374
1768
1929
2233374
1768
-11159
2233374
1768
20439
2233374
1768
-6223
2233374
1768
-943
2233374
1768
12167
2233374
1768
7570
2233374
1768
11543
2233374
1768
-6121
2233374
1768
-1117
2233374
1768
1455
2233374
1768
1480
2233374
1768
1000
2233374
1768
-5416
2233374
1768
2778
2233374
1768
-7287
2233374
1768
3650
2233374
1768
6502
2233374
1768
1494
2233374
1768
-1677
2233374
1768
-2069
2233374
1768
13653
2233374
1768
2895
2233374
1768
-10710
2233374
1768
-5674
2233374
1768
-9255
2233374
1768
-2487
2233374
1768
3567
2233374
1768
-7263
2233374
1768
-3538
2233374
1768
-2692
2233374
1768
-8104
2233374
1768
-8464
2233374
1768
10822
2233374
1768
15617
2233374
1768
-9679
2233374
1768
5888
2233374
1768
-6772
2233374
1768
-9272
2233374
1768
-757
2233374
1768
16584
2233374
1768
-1042
2233374
1768
2369
2233374
1768
-2799
2233374
1768
12713
2233374
1768
19456
2233374
776
807
143376
776
-17857
143376
776
7992
143376
776
-373
143376
776
-10808
143376
776
-23
143376
776
-2511
143376
776
2800
143376
776
9076
143376
776
12172
143376
776
-10149
143376
776
4074
143376
776
8236
143376
776
-636
143376
776
8156
143376
776
-11137
143376
776
-1162
143376
776
-1009
143376
776
1524
143376
776
-4979
143376
776
-12666
143376
776
1246
143376
776
-921
143376
776
-1071
143376
776
-3007
143376
776
-6031
143376
776
12500
143376
776
-2493
143376
776
2483
143376
776
7589
143376
776
6924
143376
776
-4580
143376
776
-11279
143376
776
-7101
143376
776
6857
143376
776
-3169
143376
776
-8668
143376
776
-1692
143376
776
1126
143376
776
16497
143376
776
-4312
143376
776
4654
143376
776
-11890
143376
776
8586
143376
776
-3827
143376
776
3440
143376
776
5414
143376
776
12344
143376
776
-6477
143376
776
7267
143376
5577
-4041
1206536
5577
-10116
1206536
5577
-17885
1206536
5577
-13567
1206536
5577
2973
1206536
5577
1986
1206536
5577
-11962
1206536
5577
1252
1206536
5577
17178
1206536
5577
-7119
1206536
5577
-7288
1206536
5577
-1106
1206536
5577
-638
1206536
5577
-2403
1206536
5577
7658
1206536
5577
-20512
1206536
5577
15006
1206536
5577
8089
1206536
5577
3232
1206536
5577
-9569
1206536
5577
3710
1206536
5577
7037
1206536
5577
6535
1206536
5577
-6616
1206536
5577
-5824
1206536
5577
8159
1206536
5577
-12822
1206536
5577
75
1206536
5577
16782
1206536
5577
860
1206536
5577
9484
1206536
5577
-4604
1206536
5577
976
1206536
5577
-4600
1206536
5577
3852
1206536
5577
-2496
1206536
5577
-3622
1206536
5577
2255
1206536
5577
6709
1206536
5577
-6719
1206536
5577
1448
1206536
5577
-18624
1206536
5577
-2864
1206536
5577
-17098
1206536
5577
-12492
1206536
5577
12434
1206536
5577
-13652
1206536
5577
1722
1206536
5577
-13394
1206536
5577
10578
1206536
4891
7763
291603
4891
4051
291603
4891
9260
291603
4891
-6426
291603
4891
6192
291603
4891
1940
291603
4891
-11823
291603
4891
-327
291603
4891
-11644
291603
4891
-5793
291603
4891
6745
291603
4891
-570
291603
4891
10003
291603
4891
13107
291603
4891
-14949
291603
4891
-3185
291603
4891
22555
291603
4891
-3683
291603
4891
-582
291603
4891
-7117
291603
4891
-12552
291603
4891
2151
291603
4891
-11739
291603
4891
-3774
291603
4891
12984
291603
4891
-3594
291603
4891
5507
291603
4891
5222
291603
4891
8038
291603
4891
-2241
291603
4891
-7053
291603
4891
-12387
291603
4891
808
291603
4891
-3370
291603
4891
4203
291603
4891
6589
291603
4891
-4186
291603
4891
-3619
291603
4891
-6118
291603
4891
5543
291603
4891
16337
291603
4891
7135
291603
4891
2393
291603
4891
7082
291603
4891
-598
291603
4891
580
291603
4891
3303
291603
4891
752
291603
4891
-1489
291603
4891
-13233
291603
7433
-6866
4337952
7433
938
4337952
7433
4242
4337952
7433
-349
4337952
7433
6437
4337952
7433
15097
4337952
7433
-2280
4337952
7433
-3592
4337952
7433
1499
4337952
7433
451
4337952
7433
12009
4337952
7433
14623
4337952
7433
-1465
4337952
7433
8080
4337952
7433
-10167
4337952
7433
11382
4337952
7433
-1732
4337952
7433
7387
4337952
7433
7288
4337952
7433
-1118
4337952
7433
13049
4337952
7433
3893
4337952
7433
4923
4337952
7433
-4299
4337952
7433
5427
4337952
7433
-8064
4337952
7433
3549
4337952
7433
-914
4337952
7433
-940
4337952
7433
-4934
4337952
7433
8952
4337952
7433
1558
4337952
7433
4059
4337952
7433
-7744
4337952
7433
-6478
4337952
7433
-6550
4337952
7433
-5304
4337952
7433
3140
4337952
7433
-303
4337952
7433
6183
4337952
7433
-19477
4337952
7433
11885
4337952
7433
-8682
4337952
7433
-9970
4337952
7433
-3952
4337952
7433
6452
4337952
7433
-13852
4337952
7433
-10099
4337952
7433
8478
4337952
7433
-12376
4337952
1511
-6598
1450253
1511
-9837
1450253
1511
2316
1450253
1511
2496
1450253
1511
7302
1450253
1511
5870
1450253
1511
3480
1450253
1511
-9370
1450253
1511
-6811
1450253
1511
-826
1450253
1511
3769
1450253
1511
8648
1450253
1511
-181
1450253
1511
-11766
1450253
1511
-3088
1450253
1511
-5035
1450253
1511
-7496
1450253
1511
2098
1450253
1511
21598
1450253
1511
-7302
1450253
1511
2014
1450253
1511
9371
1450253
1511
259
1450253
1511
3614
1450253
1511
1167
1450253
1511
-2880
1450253
1511
-2132
1450253
1511
-7703
1450253
1511
-6109
1450253
1511
16405
1450253
1511
-5383
1450253
1511
10322
1450253
1511
9498
1450253
1511
6578
1450253
1511
-7031
1450253
1511
-1295
1450253
1511
-3296
1450253
1511
6830
1450253
1511
6079
1450253
1511
12203
1450253
1511
12347
1450253
1511
-12723
1450253
1511
274
1450253
1511
-7919
1450253
1511
1848
1450253
1511
-9583
1450253
1511
-7767
1450253
1511
-5606
1450253
1511
2745
1450253
1511
-3778
1450253
2274
12986
2428940
2274
-7098
2428940
2274
-12115
2428940
2274
9506
2428940
2274
-15334
2428940
2274
1116
2428940
2274
-8977
2428940
2274
8972
2428940
2274
-4720
2428940
2274
1884
2428940
2274
-14343
2428940
2274
-8801
2428940
2274
4783
2428940
2274
15498
2428940
2274
320
2428940
2274
4808
2428940
2274
-8676
2428940
2274
8929
2428940
2274
-1399
2428940
2274
-6148
2428940
2274
-10393
2428940
2274
7490
2428940
2274
-12881
2428940
2274
-6830
2428940
2274
-4810
2428940
2274
-7284
2428940
2274
757
2428940
2274
-22728
2428940
2274
-5117
2428940
2274
13682
2428940
2274
-6337
2428940
2274
-48
2428940
2274
310
2428940
2274
-3054
2428940
2274
5191
2428940
2274
3489
2428940
2274
-9229
2428940
2274
4364
2428940
2274
-10868
2428940
2274
2630
2428940
2274
8708
2428940
2274
15939
2428940
2274
3273
2428940
2274
-2340
2428940
2274
7745
2428940
2274
5988
2428940
2274
-31465
2428940
2274
-3981
2428940
2274
3440
2428940
2274
3539
2428940
7299
8422
4792352
7299
-7486
4792352
7299
-3059
4792352
7299
-1960
4792352
7299
-7651
4792352
7299
-13234
4792352
7299
10919
4792352
7299
-190
4792352
7299
-15814
4792352
7299
335
4792352
7299
4224
4792352
7299
-3407
4792352
7299
-6234
4792352
7299
-15432
4792352
7299
4069
4792352
7299
-2115
4792352
7299
-7952
4792352
7299
4306
4792352
7299
-9571
4792352
7299
6574
4792352
7299
-654
4792352
7299
-653
4792352
7299
-9019
4792352
7299
2016
4792352
7299
-10066
4792352
7299
4336
4792352
7299
8535
4792352
7299
464
4792352
7299
4821
4792352
7299
2572
4792352
7299
-9036
4792352
7299
-3148
4792352
7299
-2829
4792352
7299
3495
4792352
7299
-2320
4792352
7299
-6129
4792352
7299
6379
4792352
7299
-7908
4792352
7299
-6308
4792352
7299
-3616
4792352
7299
-1815
4792352
7299
-5557
4792352
7299
5324
4792352
7299
-3248
4792352
7299
2029
4792352
7299
1021
4792352
7299
8119
4792352
7299
438
4792352
7299
12752
4792352
7299
8754
4792352
3683
-1501
1916980
3683
-10804
1916980
3683
-19383
1916980
3683
-13266
1916980
3683
11556
1916980
3683
4626
1916980
3683
1943
1916980
3683
-9372
1916980
3683
5931
1916980
3683
-2303
1916980
3683
2727
1916980
3683
13120
1916980
3683
13137
1916980
3683
-2778
1916980
3683
-6551
1916980
3683
-11531
1916980
3683
8856
1916980
3683
2940
1916980
3683
-3245
1916980
3683
-18868
1916980
3683
-11142
1916980
3683
1381
1916980
3683
10887
1916980
3683
3675
1916980
3683
12591
1916980
3683
-12674
1916980
3683
-15788
1916980
3683
681
1916980
3683
-2263
1916980
3683
-4543
1916980
3683
-13824
1916980
3683
1686
1916980
3683
631
1916980
3683
5117
1916980
3683
6339
1916980
3683
-8417
1916980
3683
-1533
1916980
3683
7987
1916980
3683
9850
1916980
3683
-2698
1916980
3683
4820
1916980
3683
-5369
1916980
3683
887
1916980
3683
3462
1916980
3683
2457
1916980
3683
9575
1916980
3683
14087
1916980
3683
6575
1916980
3683
-8315
1916980
3683
-14304
1916980
-714
7282
211171
-714
-15
211171
-714
-5846
211171
-714
19006
211171
-714
-1886
211171
-714
3324
211171
-714
9963
211171
-714
-842
211171
-714
-1719
211171
-714
6883
211171
-714
-2877
211171
-714
-6366
211171
-714
-4116
211171
-714
-16306
211171
-714
7145
211171
-714
11161
211171
-714
-418
211171
-714
3608
211171
-714
-7442
211171
-714
295
211171
-714
8462
211171
-714
11697
211171
-714
4100
211171
-714
-11477
211171
-714
12582
211171
-714
1051
211171
-714
5911
211171
-714
7823
211171
-714
-14740
211171
-714
1133
211171
-714
8503
211171
-714
7788
211171
-714
14923
211171
-714
8367
211171
-714
27
211171
-714
-16795
211171
-714
-1644
211171
-714
8075
211171
-714
6444
211171
-714
-6883
211171
-714
-9280
211171
-714
8682
211171
-714
-7646
211171
-714
17005
211171
-714
-3289
211171
-714
6503
211171
-714
-2968
211171
-714
-18942
211171
-714
5110
211171
-714
-8532
211171
3459
5776
1654808
3459
-2172
1654808
3459
3213
1654808
3459
27
1654808
3459
-9331
1654808
3459
8326
1654808
3459
2564
1654808
3459
12
1654808
3459
4878
1654808
3459
-6668
1654808
3459
11892
1654808
3459
-2499
1654808
3459
11024
1654808
3459
-6308
1654808
3459
42
1654808
3459
15535
1654808
3459
-2141
1654808
3459
-3366
1654808
3459
8071
1654808
3459
-11625
1654808
3459
1521
1654808
3459
1313
1654808
3459
3308
1654808
3459
4618
1654808
3459
-14989
1654808
3459
2830
1654808
3459
4046
1654808
3459
-14578
1654808
3459
4603
1654808
3459
-2119
1654808
3459
14243
1654808
3459
-4647
1654808
3459
2434
1654808
3459
1484
1654808
3459
-7039
1654808
3459
10623
1654808
3459
-386
1654808
3459
4744
1654808
3459
-11245
1654808
3459
-4979
1654808
3459
6169
1654808
3459
6163
1654808
3459
2853
1654808
3459
-3810
1654808
3459
1666
1654808
3459
10492
1654808
3459
2934
1654808
3459
1189
1654808
3459
-7733
1654808
3459
-4206
1654808
5678
14216
3230743
5678
-6763
3230743
5678
10493
3230743
5678
-6886
3230743
5678
1857
3230743
5678
-8357
3230743
5678
1419
3230743
5678
-11206
3230743
5678
251
3230743
5678
207
3230743
5678
-1967
3230743
5678
321
3230743
5678
-3020
3230743
5678
-168
3230743
5678
-1999
3230743
5678
-11397
3230743
5678
-4127
3230743
5678
-3264
3230743
5678
-7568
3230743
5678
12345
3230743
5678
-2962
3230743
5678
-4122
3230743
5678
11019
3230743
5678
806
3230743
5678
2859
3230743
5678
-11597
3230743
5678
17117
3230743
5678
-5207
3230743
5678
-4723
3230743
5678
-8469
3230743
5678
-7771
3230743
5678
-2336
3230743
5678
4112
3230743
5678
6308
3230743
5678
840
3230743
5678
1516
3230743
5678
9474
3230743
5678
8179
3230743
5678
5166
3230743
5678
-299
3230743
5678
5076
3230743
5678
-345
3230743
5678
1895
3230743
5678
-2004
3230743
5678
-22154
3230743
5678
-2360
3230743
5678
3859
3230743
5678
-14732
3230743
5678
7573
3230743
5678
5452
3230743
2882
9571
96304
2882
-12918
96304
2882
12331
96304
2882
5033
96304
2882
-7640
96304
2882
1427
96304
2882
1927
96304
2882
-19
96304
2882
-437
96304
2882
-9372
96304
2882
8564
96304
2882
-10691
96304
2882
-8271
96304
2882
841
96304
2882
937
96304
2882
-6088
96304
2882
11144
96304
2882
3388
96304
2882
152
96304
2882
1627
96304
2882
805
96304
2882
4974
96304
2882
-5699
96304
2882
6547
96304
2882
-1017
96304
2882
-11666
96304
2882
5634
96304
2882
-1943
96304
2882
13611
96304
2882
1641
96304
2882
2040
96304
2882
-11761
96304
2882
746
96304
2882
-517
96304
2882
7682
96304
2882
4012
96304
2882
-5447
96304
2882
4112
96304
2882
401
96304
2882
-7219
96304
2882
934
96304
2882
-11655
96304
2882
-3146
96304
2882
-9898
96304
2882
23505
96304
2882
-6143
96304
2882
5420
96304
2882
-5763
96304
2882
-8939
96304
2882
2290
96304
7143
6132
4596029
7143
8737
4596029
7143
3148
4596029
7143
-10551
4596029
7143
-14694
4596029
7143
-6073
4596029
7143
-2418
4596029
7143
3898
4596029
7143
-7527
4596029
7143
1303
4596029
7143
-3135
4596029
7143
6725
4596029
7143
3352
4596029
7143
7423
4596029
7143
-6574
4596029
7143
9910
4596029
7143
1327
4596029
7143
5443
4596029
7143
524
4596029
7143
-11898
4596029
7143
10210
4596029
7143
4098
4596029
7143
-2041
4596029
7143
-2649
4596029
7143
-3181
4596029
7143
5888
4596029
7143
10334
4596029
7143
-9762
4596029
7143
829
4596029
7143
4139
4596029
7143
3539
4596029
7143
-14968
4596029
7143
-349
4596029
7143
-2551
4596029
7143
1117
4596029
7143
12431
4596029
7143
20035
4596029
7143
8447
4596029
7143
-15123
4596029
7143
-10687
4596029
7143
9632
4596029
7143
-6651
4596029
7143
-5026
4596029
7143
-6778
4596029
7143
254
4596029
7143
7550
4596029
7143
9631
4596029
7143
-2179
4596029
7143
6219
4596029
7143
6973
4596029
-1675
-2966
2757090
-1675
8036
2757090
-1675
4266
2757090
-1675
1539
2757090
-1675
-16959
2757090
-1675
-13340
2757090
-1675
-6735
2757090
-1675
-873
2757090
-1675
-2474
2757090
-1675
8703
2757090
-1675
2572
2757090
-1675
8716
2757090
-1675
-17599
2757090
-1675
7135
2757090
-1675
899
2757090
-1675
-2655
2757090
-1675
-5006
2757090
-1675
-1296
2757090
-1675
4428
2757090
-1675
12967
2757090
-1675
11117
2757090
-1675
-6683
2757090
-1675
-10112
2757090
-1675
-4985
2757090
-1675
-2887
2757090
-1675
10083
2757090
-1675
2317
2757090
-1675
4165
2757090
-1675
-3229
2757090
-1675
-8888
2757090
-1675
7281
2757090
-1675
-8207
2757090
-1675
-1277
2757090
-1675
-14020
2757090
-1675
4257
2757090
-1675
-16268
2757090
-1675
15029
2757090
-1675
14556
2757090
-1675
3958
2757090
-1675
-11654
2757090
-1675
10282
2757090
-1675
12495
2757090
-1675
6853
2757090
-1675
-2071
2757090
-1675
-3728
2757090
-1675
1041
2757090
-1675
1088
2757090
-1675
-5919
2757090
-1675
5526
2757090
-1675
-5110
2757090
10575
-4334
2153827
10575
4044
2153827
10575
9198
2153827
10575
2636
2153827
10575
-1450
2153827
10575
-8315
2153827
10575
12001
2153827
10575
21885
2153827
10575
-1870
2153827
10575
2765
2153827
10575
-4250
2153827
10575
-5256
2153827
10575
2184
2153827
10575
8522
2153827
10575
-9133
2153827
10575
-6156
2153827
10575
-3080
2153827
10575
41
2153827
10575
-2929
2153827
10575
9386
2153827
10575
-2827
2153827
10575
-9690
2153827
10575
-11793
2153827
10575
1373
2153827
10575
5828
2153827
10575
-1040
2153827
10575
-16868
2153827
10575
-4312
2153827
10575
-3662
2153827
10575
2069
2153827
10575
16694
2153827
10575
-9298
2153827
10575
6071
2153827
10575
-3073
2153827
10575
-11684
2153827
10575
-7656
2153827
10575
-8203
2153827
10575
5951
2153827
10575
-1133
2153827
10575
40
2153827
10575
-17202
2153827
10575
-10450
2153827
10575
7779
2153827
10575
3137
2153827
10575
1558
2153827
10575
-9549
2153827
10575
4182
2153827
10575
4759
2153827
10575
-10743
2153827
10575
-17628
2153827
3712
-6952
544824
3712
-6708
544824
3712
57
544824
3712
-6128
544824
3712
-4640
544824
3712
11489
544824
3712
-1396
544824
3712
3553
544824
3712
-4132
544824
3712
1154
544824
3712
-1078
544824
3712
-7861
544824
3712
1511
544824
3712
4442
544824
3712
6149
544824
3712
1451
544824
3712
5031
544824
3712
-2075
544824
3712
13060
544824
3712
-13914
544824
3712
801
544824
3712
2169
544824
3712
-16086
544824
3712
-1945
544824
3712
13910
544824
3712
5211
544824
3712
2585
544824
3712
-3698
544824
3712
1889
544824
3712
312
544824
3712
-107
544824
3712
-13310
544824
3712
13605
544824
3712
-11634
544824
3712
-241
544824
3712
-398
544824
3712
3168
544824
3712
11639
544824
3712
3716
544824
3712
5707
544824
3712
773
544824
3712
-5602
544824
3712
-13646
544824
3712
6585
544824
3712
5033
544824
3712
5746
544824
3712
4929
544824
3712
2385
544824
3712
85
544824
3712
3168
544824
-6987
-13591
4340170
-6987
7659
4340170
-6987
-8533
4340170
-6987
7536
4340170
-6987
-3710
4340170
-6987
2646
4340170
-6987
6630
4340170
-6987
-1419
4340170
-6987
-14630
4340170
-6987
-6254
4340170
-6987
3111
4340170
-6987
-5107
4340170
-6987
-6129
4340170
-6987
-2026
4340170
-6987
6816
4340170
-6987
-6045
4340170
-6987
-268
4340170
-6987
13730
4340170
-6987
9517
4340170
-6987
1798
4340170
-6987
-11444
4340170
-6987
6111
4340170
-6987
-19479
4340170
-6987
-12852
4340170
-6987
-9893
4340170
-6987
-2993
4340170
-6987
-1566
4340170
-6987
-4120
4340170
-6987
4014
4340170
-6987
11768
4340170
-6987
1823
4340170
-6987
10839
4340170
-6987
-3391
4340170
-6987
8984
4340170
-6987
-28542
4340170
-6987
-7727
4340170
-6987
-3690
4340170
-6987
-6831
4340170
-6987
3729
4340170
-6987
-2068
4340170
-6987
5455
4340170
-6987
-4944
4340170
-6987
10346
4340170
-6987
4570
4340170
-6987
-5970
4340170
-6987
-8706
4340170
-6987
-3111
4340170
-6987
-118
4340170
-6987
-10678
4340170
-6987
-11163
4340170
-1227
-15275
145906
-1227
9410
145906
-1227
3085
145906
-1227
5937
145906
-1227
-9431
145906
-1227
-92
145906
-1227
3517
145906
-1227
-1589
145906
-1227
-16778
145906
-1227
5611
145906
-1227
-11843
145906
-1227
-8369
145906
-1227
-1688
145906
-1227
-13992
145906
-1227
7219
145906
-1227
10513
145906
-1227
-6929
145906
-1227
-7547
145906
-1227
-5466
145906
-1227
-10478
145906
-1227
17527
145906
-1227
3218
145906
-1227
-21447
145906
-1227
-8173
145906
-1227
-12180
145906
-1227
909
145906
-1227
9294
145906
-1227
-2617
145906
-1227
2687
145906
-1227
-4738
145906
-1227
1981
145906
-1227
-294
145906
-1227
7180
145906
-1227
-2698
145906
-1227
-5598
145906
-1227
-12799
145906
-1227
363
145906
-1227
-4697
145906
-1227
-15079
145906
-1227
-3008
145906
-1227
6159
145906
-1227
-12913
145906
-1227
3050
145906
-1227
7476
145906
-1227
-846
145906
-1227
19161
145906
-1227
7408
145906
-1227
2440
145906
-1227
10373
145906
-1227
5011
145906
-12016
20524
54400
-12016
12217
54400
-12016
-10456
54400
-12016
-8120
54400
-12016
2906
54400
-12016
-5700
54400
-12016
-3476
54400
-12016
-2691
54400
-12016
-7279
54400
-12016
-19107
54400
-12016
-2829
54400
-12016
-7433
54400
-12016
-83
54400
-12016
-7054
54400
-12016
-7752
54400
-12016
2284
54400
-12016
6461
54400
-12016
-15149
54400
-12016
7399
54400
-12016
655
54400
-12016
-1820
54400
-12016
-7773
54400
-12016
1718
54400
-12016
-12262
54400
-12016
-703
54400
-12016
590
54400
-12016
-1882
54400
-12016
-9445
54400
-12016
1205
54400
-12016
-1362
54400
-12016
-11598
54400
-12016
12622
54400
-12016
-6967
54400
-12016
6085
54400
-12016
-3615
54400
-12016
24700
54400
-12016
-7845
54400
-12016
9880
54400
-12016
-5668
54400
-12016
-6070
54400
-12016
3709
54400
-12016
-11391
54400
-12016
-3411
54400
-12016
-4779
54400
-12016
-5326
54400
-12016
-8610
54400
-12016
-1034
54400
-12016
-8792
54400
-12016
-308
54400
-12016
-8793
54400
2748
-671
31294
2748
-11742
31294
2748
-12406
31294
2748
-5112
31294
2748
4274
31294
2748
3267
31294
2748
5198
31294
2748
4397
31294
2748
-4112
31294
2748
-4183
31294
2748
484
31294
2748
7099
31294
2748
-3039
31294
2748
3778
31294
2748
16184
31294
2748
-11004
31294
2748
9688
31294
2748
8736
31294
2748
1584
31294
2748
2825
31294
2748
5534
31294
2748
-2726
31294
2748
-6181
31294
2748
12661
31294
2748
3737
31294
2748
5928
31294
2748
8146
31294
2748
-9007
31294
2748
-4802
31294
2748
7361
31294
2748
503
31294
2748
1054
31294
2748
-894
31294
2748
15351
31294
2748
15158
31294
2748
-1138
31294
2748
4732
31294
2748
2453
31294
2748
2400
31294
2748
-11635
31294
2748
5297
31294
2748
810
31294
2748
10156
31294
2748
-1688
31294
2748
438
31294
2748
-11294
31294
2748
2742
31294
2748
-15518
31294
2748
9759
31294
2748
7893
31294
3118
11196
93223
3118
-11730
93223
3118
7455
93223
3118
653
93223
3118
-3560
93223
3118
-6608
93223
3118
-3286
93223
3118
11613
93223
3118
2900
93223
3118
-5104
93223
3118
-1934
93223
3118
20669
93223
3118
-1784
93223
3118
1262
93223
3118
12951
93223
3118
-4856
93223
3118
-8699
93223
3118
6
93223
3118
7888
93223
3118
-491
93223
3118
7663
93223
3118
-3041
93223
3118
9677
93223
3118
-24559
93223
3118
-3853
93223
3118
10941
93223
3118
-2796
93223
3118
-462
93223
3118
6015
93223
3118
3559
93223
3118
-2045
93223
3118
-9514
93223
3118
-8864
93223
3118
-2512
93223
3118
-1677
93223
3118
3761
93223
3118
15474
93223
3118
5013
93223
3118
1017
93223
3118
6309
93223
3118
-8634
93223
3118
-5695
93223
3118
-2288
93223
3118
-6386
93223
3118
12227
93223
3118
5509
93223
3118
-15350
93223
3118
-4940
93223
3118
-54
93223
3118
2625
93223
-208
17611
7412
-208
-4026
7412
-208
-18599
7412
-208
1592
7412
-208
-2416
7412
-208
1855
7412
-208
12918
7412
-208
-4768
7412
-208
6131
7412
-208
2231
7412
-208
-8067
7412
-208
8611
7412
-208
2579
7412
-208
-8294
7412
-208
-4679
7412
-208
-7445
7412
-208
-5923
7412
-208
-901
7412
-208
5405
7412
-208
-4490
7412
-208
10014
7412
-208
-279
7412
-208
1797
7412
-208
570
7412
-208
7446
7412
-208
1684
7412
-208
-8934
7412
-208
-1942
7412
-208
-464
7412
-208
-6943
7412
-208
-18658
7412
-208
5058
7412
-208
1173
7412
-208
-12316
7412
-208
-10119
7412
-208
-699
7412
-208
-4582
7412
-208
10550
7412
-208
-2334
7412
-208
-461
7412
-208
1120
7412
-208
-5063
7412
-208
2104
7412
-208
1809
7412
-208
2728
7412
-208
-984
7412
-208
-10257
7412
-208
-7147
7412
-208
1334
7412
-208
6126
7412
735
-542
274711
735
1919
274711
735
6280
274711
735
-431
274711
735
3048
274711
735
611
274711
735
-4794
274711
735
2280
274711
735
5150
274711
735
8888
274711
735
5978
274711
735
-3679
274711
735
2365
274711
735
6209
274711
735
13229
274711
735
4220
274711
735
8642
274711
735
-712
274711
735
-4370
274711
735
-1663
274711
735
2015
274711
735
3331
274711
735
10040
274711
735
-10842
274711
735
8855
274711
735
-16466
274711
735
7697
274711
735
-980
274711
735
2434
274711
735
-1110
274711
735
-420
274711
735
14469
274711
735
10977
274711
735
-13707
274711
735
-2424
274711
735
-7246
274711
735
4987
274711
735
-7037
274711
735
1290
274711
735
-1334
274711
735
-497
274711
735
-187
274711
735
-3318
274711
735
15294
274711
735
12413
274711
735
7567
274711
735
-8439
274711
735
4869
274711
735
-948
274711
735
10122
274711
-1924
2913
2622182
-1924
3315
2622182
-1924
-8268
2622182
-1924
2608
2622182
-1924
-7808
2622182
-1924
12731
2622182
-1924
-10608
2622182
-1924
-6760
2622182
-1924
686
2622182
-1924
-17052
2622182
-1924
3860
2622182
-1924
-9562
2622182
-1924
-5240
2622182
-1924
-5216
2622182
-1924
1833
2622182
-1924
2449
2622182
-1924
-648
2622182
-1924
-5288
2622182
-1924
-13028
2622182
-1924
9322
2622182
-1924
5686
2622182
-1924
-2969
2622182
-1924
-18131
2622182
-1924
742
2622182
-1924
-6666
2622182
-1924
3591
2622182
-1924
3454
2622182
-1924
-3910
2622182
-1924
4440
2622182
-1924
-17520
2622182
-1924
-9172
2622182
-1924
8586
2622182
-1924
-1843
2622182
-1924
6052
2622182
-1924
5814
2622182
-1924
7936
2622182
-1924
1316
2622182
-1924
6213
2622182
-1924
-1526
2622182
-1924
-797
2622182
-1924
-721
2622182
-1924
-10894
2622182
-1924
5802
2622182
-1924
4628
2622182
-1924
2732
2622182
-1924
-6953
2622182
-1924
-4669
2622182
-1924
-7047
2622182
-1924
-984
2622182
-1924
-11572
2622182
-12579
9400
381109
-12579
8928
381109
-12579
5531
381109
-12579
-7268
381109
-12579
5094
381109
-12579
83
381109
-12579
-1744
381109
-12579
-13635
381109
-12579
17002
381109
-12579
3537
381109
-12579
-6057
381109
-12579
7494
381109
-12579
3900
381109
-12579
661
381109
-12579
-11758
381109
-12579
-13187
381109
-12579
17441
381109
-12579
-6198
381109
-12579
13376
381109
-12579
-9835
381109
-12579
-107
381109
-12579
-5794
381109
-12579
5773
381109
-12579
-2896
381109
-12579
7129
381109
-12579
-11311
381109
-12579
5915
381109
-12579
8479
381109
-12579
1114
381109
-12579
-15773
381109
-12579
-2176
381109
-12579
7875
381109
-12579
5968
381109
-12579
569
381109
-12579
-2917
381109
-12579
2163
381109
-12579
-9197
381109
-12579
-10219
381109
-12579
4703
381109
-12579
8065
381109
-12579
-6485
381109
-12579
-13262
381109
-12579
15814
381109
-12579
-15626
381109
-12579
6391
381109
-12579
3447
381109
-12579
18360
381109
-12579
2318
381109
-12579
-290
381109
-12579
-13102
381109
9700
-523
5513740
9700
-3651
5513740
9700
-8363
5513740
9700
-8499
5513740
9700
-6011
5513740
9700
-9223
5513740
9700
-20265
5513740
9700
8925
5513740
9700
4656
5513740
9700
1177
5513740
9700
-11371
5513740
9700
-4257
5513740
9700
7033
5513740
9700
-1201
5513740
9700
14126
5513740
9700
1808
5513740
9700
-901
5513740
9700
-3649
5513740
9700
387
5513740
9700
-9683
5513740
9700
-8858
5513740
9700
7048
5513740
9700
5866
5513740
9700
-10935
5513740
9700
3084
5513740
9700
4960
5513740
9700
-5943
5513740
9700
-13681
5513740
9700
1773
5513740
9700
-2240
5513740
9700
6842
5513740
9700
-9512
5513740
9700
-7157
5513740
9700
-9037
5513740
9700
-14721
5513740
9700
-10859
5513740
9700
205
5513740
9700
4443
5513740
9700
-3522
5513740
9700
-1752
5513740
9700
3844
5513740
9700
-8516
5513740
9700
-2569
5513740
9700
-1270
5513740
9700
-8673
5513740
9700
3555
5513740
9700
-9668
5513740
9700
5040
5513740
9700
-15109
5513740
9700
7802
5513740
458
4119
1247241
458
-8259
1247241
458
-1879
1247241
458
3500
1247241
458
-1680
1247241
458
-6563
1247241
458
-4749
1247241
458
2885
1247241
458
-9727
1247241
458
13817
1247241
458
6517
1247241
458
6819
1247241
458
5747
1247241
458
-4211
1247241
458
-3154
1247241
458
7474
1247241
458
13859
1247241
458
7426
1247241
458
-4059
1247241
458
7036
1247241
458
-4359
1247241
458
2276
1247241
458
-7350
1247241
458
-3461
1247241
458
-10666
1247241
458
-2429
1247241
458
-6984
1247241
458
7872
1247241
458
-12084
1247241
458
-2368
1247241
458
11021
1247241
458
-723
1247241
458
-8363
1247241
458
-5299
1247241
458
6552
1247241
458
11732
1247241
458
-9069
1247241
458
3396
1247241
458
-680
1247241
458
10306
1247241
458
-4273
1247241
458
3821
1247241
458
-5191
1247241
458
-2528
1247241
458
9110
1247241
458
850
1247241
458
2338
1247241
458
-5772
1247241
458
16321
1247241
458
7247
1247241
6092
-3741
2246680
6092
753
2246680
6092
12925
2246680
6092
-16856
2246680
6092
15723
2246680
6092
-7962
2246680
6092
13109
2246680
6092
-4599
2246680
6092
7230
2246680
6092
-5095
2246680
6092
-705
2246680
6092
9611
2246680
6092
4641
2246680
6092
-6440
2246680
6092
3868
2246680
6092
-7567
2246680
6092
-9198
2246680
6092
11923
2246680
6092
14435
2246680
6092
-1755
2246680
6092
-7434
2246680
6092
-5097
2246680
6092
15490
2246680
6092
4552
2246680
6092
5278
2246680
6092
2590
2246680
6092
-3209
2246680
6092
-649
2246680
6092
-13574
2246680
6092
2673
2246680
6092
-4135
2246680
6092
-338
2246680
6092
-2907
2246680
6092
-4861
2246680
6092
1677
2246680
6092
3139
2246680
6092
-24695
2246680
6092
-1232
2246680
6092
-9095
2246680
6092
-15097
2246680
6092
-6379
2246680
6092
7235
2246680
6092
10969
2246680
6092
13739
2246680
6092
-17061
2246680
6092
1192
2246680
6092
-751
2246680
6092
-12764
2246680
6092
8548
2246680
6092
-12490
2246680
-9248
22059
4464764
-9248
-3432
4464764
-9248
-3015
4464764
-9248
3175
4464764
-9248
1410
4464764
-9248
-653
4464764
-9248
4385
4464764
-9248
-7514
4464764
-9248
-4061
4464764
-9248
-19012
4464764
-9248
3904
4464764
-9248
12697
4464764
-9248
20503
4464764
-9248
-1212
4464764
-9248
1594
4464764
-9248
11480
4464764
-9248
-4583
4464764
-9248
-8808
4464764
-9248
-5286
4464764
-9248
-8137
4464764
-9248
-6554
4464764
-9248
9712
4464764
-9248
6517
4464764
-9248
5912
4464764
-9248
14891
4464764
-9248
5739
4464764
-9248
19256
4464764
-9248
-16153
4464764
-9248
3734
4464764
-9248
900
4464764
-9248
-2413
4464764
-9248
2365
4464764
-9248
4366
4464764
-9248
-588
4464764
-9248
12761
4464764
-9248
12300
4464764
-9248
708
4464764
-9248
-3889
4464764
-9248
2950
4464764
-9248
13647
4464764
-9248
11694
4464764
-9248
10041
4464764
-9248
13787
4464764
-9248
-6367
4464764
-9248
-4821
4464764
-9248
8779
4464764
-9248
-6202
4464764
-9248
3291
4464764
-9248
-13804
4464764
-9248
1699
4464764
8392
3923
4331528
8392
-5533
4331528
8392
-5657
4331528
8392
145
4331528
8392
-4243
4331528
8392
-3164
4331528
8392
4229
4331528
8392
3971
4331528
8392
7076
4331528
8392
-706
4331528
8392
94
4331528
8392
15629
4331528
8392
14387
4331528
8392
-825
4331528
8392
-4206
4331528
8392
-592
4331528
8392
5131
4331528
8392
-8926
4331528
8392
9021
4331528
8392
3881
4331528
8392
1724
4331528
8392
5438
4331528
8392
21279
4331528
8392
-1367
4331528
8392
-11729
4331528
8392
7937
4331528
8392
9154
4331528
8392
1749
4331528
8392
1871
4331528
8392
-8039
4331528
8392
2408
4331528
8392
5500
4331528
8392
-86
4331528
8392
-3130
4331528
8392
-11470
4331528
8392
2470
4331528
8392
8511
4331528
8392
-3262
4331528
8392
-8484
4331528
8392
3687
4331528
8392
8057
4331528
8392
25
4331528
8392
5740
4331528
8392
13325
4331528
8392
3064
4331528
8392
2604
4331528
8392
5491
4331528
8392
10327
4331528
8392
-18140
4331528
8392
-1738
4331528
4385
9602
282880
4385
8124
282880
4385
9716
282880
4385
3164
282880
4385
-480
282880
4385
-1242
282880
4385
4118
282880
4385
22688
282880
4385
-11784
282880
4385
359
282880
4385
-4881
282880
4385
8485
282880
4385
2655
282880
4385
8045
282880
4385
18764
282880
4385
-4389
282880
4385
-31
282880
4385
6976
282880
4385
-7742
282880
4385
-7743
282880
4385
-428
282880
4385
-5740
282880
4385
-14103
282880
4385
14701
282880
4385
11530
282880
4385
1200
282880
4385
14826
282880
4385
-2389
282880
4385
-6903
282880
4385
6767
282880
4385
215
282880
4385
-882
282880
4385
5890
282880
4385
-2684
282880
4385
-646
282880
4385
-1232
282880
4385
-2665
282880
4385
-14035
282880
4385
-9151
282880
4385
-6873
282880
4385
6061
282880
4385
-8854
282880
4385
-10247
282880
4385
8978
282880
4385
-2693
282880
4385
7005
282880
4385
-102
282880
4385
-5487
282880
4385
9485
282880
4385
-19328
282880
6554
-5661
8192555
6554
-2136
8192555
6554
-3662
8192555
6554
-7693
8192555
6554
17356
8192555
6554
5625
8192555
6554
14908
8192555
6554
-10496
8192555
6554
-2984
8192555
6554
-1182
8192555
6554
8121
8192555
6554
-347
8192555
6554
-4647
8192555
6554
2960
8192555
6554
6123
8192555
6554
1151
8192555
6554
-292
8192555
6554
-2278
8192555
6554
15222
8192555
6554
5847
8192555
6554
-1355
8192555
6554
3062
8192555
6554
-8472
8192555
6554
-10863
8192555
6554
-5595
8192555
6554
5349
8192555
6554
-8659
8192555
6554
9131
8192555
6554
410
8192555
6554
-8223
8192555
6554
15553
8192555
6554
-2793
8192555
6554
4963
8192555
6554
-18336
8192555
6554
12030
8192555
6554
-2271
8192555
6554
-2525
8192555
6554
2172
8192555
6554
2653
8192555
6554
-15722
8192555
6554
2236
8192555
6554
-7898
8192555
6554
-227
8192555
6554
7073
8192555
6554
-5993
8192555
6554
-13899
8192555
6554
-17614
8192555
6554
-3408
8192555
6554
6772
8192555
6554
8824
8192555
-3808
2463
282816
-3808
4795
282816
-3808
3390
282816
-3808
-8976
282816
-3808
-16929
282816
-3808
3545
282816
-3808
3327
282816
-3808
4122
282816
-3808
-1777
282816
-3808
-2002
282816
-3808
11006
282816
-3808
11176
282816
-3808
1043
282816
-3808
6401
282816
-3808
-5046
282816
-3808
15347
282816
-3808
6938
282816
-3808
-4710
282816
-3808
-8777
282816
-3808
1890
282816
-3808
-780
282816
-3808
2984
282816
-3808
-4140
282816
-3808
-9599
282816
-3808
-8503
282816
-3808
-10767
282816
-3808
-5043
282816
-3808
4290
282816
-3808
9570
282816
-3808
2897
282816
-3808
-12384
282816
-3808
13682
282816
-3808
8451
282816
-3808
-4161
282816
-3808
-3812
282816
-3808
6702
282816
-3808
4862
282816
-3808
803
282816
-3808
-236
282816
-3808
-7477
282816
-3808
11675
282816
-3808
743
282816
-3808
-2752
282816
-3808
-953
282816
-3808
-4344
282816
-3808
-2553
282816
-3808
-2926
282816
-3808
9222
282816
-3808
-6114
282816
-3808
-7007
282816
12100
-14085
55920
12100
-8657
55920
12100
4754
55920
12100
-11670
55920
12100
-11524
55920
12100
-5853
55920
12100
1434
55920
12100
1706
55920
12100
5641
55920
12100
6992
55920
12100
4613
55920
12100
6027
55920
12100
-970
55920
12100
-451
55920
12100
2909
55920
12100
-300
55920
12100
5754
55920
12100
-11978
55920
12100
-1873
55920
12100
9037
55920
12100
14180
55920
12100
2490
55920
12100
-11144
55920
12100
8140
55920
12100
159
55920
12100
-852
55920
12100
-171
55920
12100
247
55920
12100
4644
55920
12100
2984
55920
12100
-9865
55920
12100
-275
55920
12100
6363
55920
12100
2619
55920
12100
-7316
55920
12100
15868
55920
12100
5602
55920
12100
-3834
55920
12100
-1828
55920
12100
2588
55920
12100
-5259
55920
12100
6787
55920
12100
-7715
55920
12100
-898
55920
12100
-2637
55920
12100
-3336
55920
12100
-24855
55920
12100
6076
55920
12100
2556
55920
12100
13775
55920
-10577
-15184
2153887
-10577
9359
2153887
-10577
-11137
2153887
-10577
-7512
2153887
-10577
-254
2153887
-10577
-5354
2153887
-10577
10678
2153887
-10577
-2178
2153887
-10577
-3140
2153887
-10577
1667
2153887
-10577
-7057
2153887
-10577
2906
2153887
-10577
5082
2153887
-10577
-9737
2153887
-10577
-14350
2153887
-10577
-5933
2153887
-10577
-9222
2153887
-10577
326
2153887
-10577
3744
2153887
-10577
-3062
2153887
-10577
11717
2153887
-10577
-7926
2153887
-10577
-12988
2153887
-10577
2920
2153887
-10577
-6358
2153887
-10577
6375
2153887
-10577
-1384
2153887
-10577
5409
2153887
-10577
4815
2153887
-10577
7415
2153887
-10577
8999
2153887
-10577
-8069
2153887
-10577
6320
2153887
-10577
-1953
2153887
-10577
-8278
2153887
-10577
-7731
2153887
-10577
3883
2153887
-10577
-11118
2153887
-10577
10533
2153887
-10577
10709
2153887
-10577
-7734
2153887
-10577
12492
2153887
-10577
13699
2153887
-10577
-1097
2153887
-10577
3487
2153887
-10577
-19945
2153887
-10577
-3473
2153887
-10577
97
2153887
-10577
5248
2153887
-10577
-514
2153887
8291
5827
5046276
8291
-3965
5046276
8291
-6749
5046276
8291
9843
5046276
8291
-3872
5046276
8291
30
5046276
8291
-965
5046276
8291
4579
5046276
8291
-319
5046276
8291
-9779
5046276
8291
13561
5046276
8291
-5586
5046276
8291
-3159
5046276
8291
852
5046276
8291
896
5046276
8291
11299
5046276
8291
13577
5046276
8291
5588
5046276
8291
-3638
5046276
8291
6201
5046276
8291
-4860
5046276
8291
-4885
5046276
8291
-4156
5046276
8291
3504
5046276
8291
4093
5046276
8291
-4573
5046276
8291
5573
5046276
8291
13538
5046276
8291
-3143
5046276
8291
-3396
5046276
8291
-3778
5046276
8291
-1124
5046276
8291
-1392
5046276
8291
9579
5046276
8291
-8229
5046276
8291
3682
5046276
8291
-3976
5046276
8291
-15116
5046276
8291
-10965
5046276
8291
-1537
5046276
8291
1011
5046276
8291
-15100
5046276
8291
16895
5046276
8291
5101
5046276
8291
6291
5046276
8291
1851
5046276
8291
-8714
5046276
8291
15043
5046276
8291
8833
5046276
8291
-2738
5046276
2014
-5720
2424855
2014
11112
2424855
2014
-8100
2424855
2014
4071
2424855
2014
6237
2424855
2014
-4884
2424855
2014
-568
2424855
2014
-2127
2424855
2014
-2265
2424855
2014
-180
2424855
2014
-4356
2424855
2014
-2826
2424855
2014
6553
2424855
2014
-6645
2424855
2014
-7267
2424855
2014
-1016
2424855
2014
-13316
2424855
2014
5313
2424855
2014
-5313
2424855
2014
2741
2424855
2014
5834
2424855
2014
-8575
2424855
2014
7927
2424855
2014
-1427
2424855
2014
-2739
2424855
2014
-2735
2424855
2014
-3523
2424855
2014
4779
2424855
2014
1962
2424855
2014
363
2424855
2014
10109
2424855
2014
-4649
2424855
2014
-4506
2424855
2014
-15476
2424855
2014
83
2424855
2014
-8119
2424855
2014
-11507
2424855
2014
-1636
2424855
2014
5820
2424855
2014
175
2424855
2014
-17936
2424855
2014
-16400
2424855
2014
-9659
2424855
2014
12525
2424855
2014
-541
2424855
2014
-16211
2424855
2014
3456
2424855
2014
3141
2424855
2014
-7637
2424855
2014
1471
2424855
6116
-341
2376220
6116
-1072
2376220
6116
11443
2376220
6116
5106
2376220
6116
-10436
2376220
6116
-3184
2376220
6116
-5783
2376220
6116
6920
2376220
6116
-7061
2376220
6116
6857
2376220
6116
-3758
2376220
6116
9270
2376220
6116
847
2376220
6116
13200
2376220
6116
2294
2376220
6116
-6548
2376220
6116
3511
2376220
6116
-4107
2376220
6116
-4143
2376220
6116
-2996
2376220
6116
-6370
2376220
6116
5221
2376220
6116
-6676
2376220
6116
-3043
2376220
6116
-7813
2376220
6116
-429
2376220
6116
-697
2376220
6116
12028
2376220
6116
-6214
2376220
6116
-9186
2376220
6116
4224
2376220
6116
-598
2376220
6116
-964
2376220
6116
3810
2376220
6116
-15177
2376220
6116
-4237
2376220
6116
-3096
2376220
6116
7378
2376220
6116
9387
2376220
6116
8281
2376220
6116
1522
2376220
6116
4230
2376220
6116
-1878
2376220
6116
-180
2376220
6116
-6240
2376220
6116
-15050
2376220
6116
-832
2376220
6116
4797
2376220
6116
8228
2376220
6116
7185
2376220
-4785
-9055
32227
-4785
9
32227
-4785
7457
32227
-4785
-4897
32227
-4785
24
32227
-4785
917
32227
-4785
1877
32227
-4785
1605
32227
-4785
-5856
32227
-4785
-13037
32227
-4785
3942
32227
-4785
11968
32227
-4785
5048
32227
-4785
-14419
32227
-4785
-3137
32227
-4785
7386
32227
-4785
-19840
32227
-4785
15372
32227
-4785
8301
32227
-4785
25063
32227
-4785
-2240
32227
-4785
-1394
32227
-4785
1445
32227
-4785
9728
32227
-4785
4164
32227
-4785
8929
32227
-4785
-7323
32227
-4785
18569
32227
-4785
757
32227
-4785
-2410
32227
-4785
11406
32227
-4785
6516
32227
-4785
7921
32227
-4785
-12069
32227
-4785
15811
32227
-4785
-137
32227
-4785
1648
32227
-4785
-5350
32227
-4785
-9123
32227
-4785
-2139
32227
-4785
6924
32227
-4785
4142
32227
-4785
-5697
32227
-4785
20515
32227
-4785
-7945
32227
-4785
-1689
32227
-4785
7982
32227
-4785
1162
32227
-4785
-3030
32227
-4785
-4298
32227
-3111
-1705
418262
-3111
1987
418262
-3111
1202
418262
-3111
2193
418262
-3111
-1097
418262
-3111
10798
418262
-3111
-485
418262
-3111
-11593
418262
-3111
18726
418262
-3111
-2663
418262
-3111
-4285
418262
-3111
-762
418262
-3111
6760
418262
-3111
-14566
418262
-3111
8606
418262
-3111
2060
418262
-3111
12098
418262
-3111
2302
418262
-3111
9453
418262
-3111
-597
418262
-3111
-2082
418262
-3111
-8144
418262
-3111
8427
418262
-3111
440
418262
-3111
-1130
418262
-3111
9122
418262
-3111
7007
418262
-3111
13045
418262
-3111
6893
418262
-3111
-3329
418262
-3111
-1212
418262
-3111
7438
418262
-3111
-3145
418262
-3111
-992
418262
-3111
-7197
418262
-3111
-571
418262
-3111
7154
418262
-3111
-7314
418262
-3111
-1403
418262
-3111
5927
418262
-3111
-4552
418262
-3111
2980
418262
-3111
4857
418262
-3111
8610
418262
-3111
5208
418262
-3111
-886
418262
-3111
-4813
418262
-3111
17621
418262
-3111
3867
418262
-3111
23
418262
-5607
-3420
1466866
-5607
-5271
1466866
-5607
-1104
1466866
-5607
10196
1466866
-5607
2546
1466866
-5607
4622
1466866
-5607
-10214
1466866
-5607
3003
1466866
-5607
9533
1466866
-5607
1011
1466866
-5607
-7683
1466866
-5607
-5175
1466866
-5607
-7363
1466866
-5607
-5142
1466866
-5607
6080
1466866
-5607
-6073
1466866
-5607
-5254
1466866
-5607
4
1466866
-5607
5064
1466866
-5607
1483
1466866
-5607
2279
1466866
-5607
9835
1466866
-5607
11999
1466866
-5607
3267
1466866
-5607
-2971
1466866
-5607
-1644
1466866
-5607
14858
1466866
-5607
-141
1466866
-5607
-1749
1466866
-5607
-8936
1466866
-5607
-9526
1466866
-5607
918
1466866
-5607
-14280
1466866
-5607
-4898
1466866
-5607
-4091
1466866
-5607
-13985
1466866
-5607
-278
1466866
-5607
-11957
1466866
-5607
-5760
1466866
-5607
7255
1466866
-5607
-9484
1466866
-5607
2929
1466866
-5607
13266
1466866
-5607
677
1466866
-5607
-1697
1466866
-5607
-3592
1466866
-5607
-13091
1466866
-5607
1306
1466866
-5607
4767
1466866
-5607
-16576
1466866
-7066
4237
5185733
-7066
-1981
5185733
-7066
6767
5185733
-7066
5946
5185733
-7066
82
5185733
-7066
14944
5185733
-7066
7790
5185733
-7066
-3747
5185733
-7066
13012
5185733
-7066
16442
5185733
-7066
10083
5185733
-7066
-1588
5185733
-7066
-10356
5185733
-7066
-3387
5185733
-7066
6484
5185733
-7066
-7802
5185733
-7066
-10278
5185733
-7066
2219
5185733
-7066
2555
5185733
-7066
3434
5185733
-7066
-6620
5185733
-7066
-2072
5185733
-7066
2539
5185733
-7066
-13665
5185733
-7066
6620
5185733
-7066
-11666
5185733
-7066
7187
5185733
-7066
1417
5185733
-7066
-10878
5185733
-7066
9621
5185733
-7066
-2883
5185733
-7066
-167
5185733
-7066
14262
5185733
-7066
9313
5185733
-7066
-1281
5185733
-7066
19938
5185733
-7066
2499
5185733
-7066
15907
5185733
-7066
-10617
5185733
-7066
3260
5185733
-7066
951
5185733
-7066
5375
5185733
-7066
4901
5185733
-7066
5038
5185733
-7066
3053
5185733
-7066
1783
5185733
-7066
-99
5185733
-7066
3761
5185733
-7066
-10244
5185733
-7066
-13152
5185733
-907
-6463
664034
-907
5122
664034
-907
-9905
664034
-907
5683
664034
-907
9877
664034
-907
1148
664034
-907
-1401
664034
-907
11462
664034
-907
3632
664034
-907
19336
664034
-907
10865
664034
-907
5837
664034
-907
173
664034
-907
-331
664034
-907
7370
664034
-907
-4290
664034
-907
3489
664034
-907
-15287
664034
-907
-9725
664034
-907
-9917
664034
-907
10971
664034
-907
499
664034
-907
-3007
664034
-907
2795
664034
-907
1014
664034
-907
4377
664034
-907
-3877
664034
-907
-12383
664034
-907
2742
664034
-907
11777
664034
-907
1058
664034
-907
-6286
664034
-907
9606
664034
-907
5815
664034
-907
431
664034
-907
655
664034
-907
558
664034
-907
-4090
664034
-907
-3699
664034
-907
16523
664034
-907
2029
664034
-907
8158
664034
-907
-7601
664034
-907
-5418
664034
-907
-7413
664034
-907
-62
664034
-907
5377
664034
-907
-5650
664034
-907
14921
664034
-907
-1738
664034
-2931
2868
615617
-2931
-9094
615617
-2931
1593
615617
-2931
-4522
615617
-2931
-4584
615617
-2931
7403
615617
-2931
-5446
615617
-2931
-378
615617
-2931
-19730
615617
-2931
5132
615617
-2931
-5795
615617
-2931
-8330
615617
-2931
1823
615617
-2931
4598
615617
-2931
4025
615617
-2931
19537
615617
-2931
-3158
615617
-2931
14127
615617
-2931
4052
615617
-2931
3323
615617
-2931
7347
615617
-2931
1389
615617
-2931
5752
615617
-2931
-13991
615617
-2931
-694
615617
-2931
7864
615617
-2931
7505
615617
-2931
3555
615617
-2931
12076
615617
-2931
-12833
615617
-2931
-7891
615617
-2931
-1516
615617
-2931
-12171
615617
-2931
-7171
615617
-2931
12942
615617
-2931
-2622
615617
-2931
5470
615617
-2931
1202
615617
-2931
6060
615617
-2931
2660
615617
-2931
-12552
615617
-2931
-1404
615617
-2931
-8101
615617
-2931
-1122
615617
-2931
11349
615617
-2931
-2819
615617
-2931
-5483
615617
-2931
1018
615617
-2931
2524
615617
-2931
1868
615617
116
-1912
655362
116
-3992
655362
116
-4255
655362
116
-18
655362
116
180
655362
116
10685
655362
116
11203
655362
116
-190
655362
116
4168
655362
116
5194
655362
116
4656
655362
116
-9552
655362
116
9905
655362
116
-3886
655362
116
-2710
655362
116
12339
655362
116
-1436
655362
116
-4500
655362
116
-938
655362
116
-1052
655362
116
-7109
655362
116
-5885
655362
116
-2766
655362
116
-4444
655362
116
2648
655362
116
-2474
655362
116
-3401
655362
116
-4032
655362
116
-16759
655362
116
-16541
655362
116
5190
655362
116
16115
655362
116
-19046
655362
116
1608
655362
116
-7779
655362
116
7577
655362
116
3700
655362
116
8917
655362
116
-6095
655362
116
-847
655362
116
-2616
655362
116
5323
655362
116
1925
655362
116
-21207
655362
116
2930
655362
116
6030
655362
116
-15299
655362
116
787
655362
116
3239
655362
116
-10330
655362
2235
1366
2104079
2235
11374
2104079
2235
2255
2104079
2235
56
2104079
2235
3820
2104079
2235
-5538
2104079
2235
-7126
2104079
2235
-3702
2104079
2235
-5520
2104079
2235
5060
2104079
2235
-2004
2104079
2235
-8023
2104079
2235
-2610
2104079
2235
2738
2104079
2235
-3308
2104079
2235
1236
2104079
2235
-2863
2104079
2235
-1781
2104079
2235
-2151
2104079
2235
-11816
2104079
2235
8073
2104079
2235
3034
2104079
2235
2324
2104079
2235
-1569
2104079
2235
3276
2104079
2235
-1203
2104079
2235
8621
2104079
2235
-5076
2104079
2235
10725
2104079
2235
-9723
2104079
2235
-4703
2104079
2235
5733
2104079
2235
-10192
2104079
2235
19064
2104079
2235
-1238
2104079
2235
-9476
2104079
2235
-8423
2104079
2235
-6507
2104079
2235
2852
2104079
2235
4405
2104079
2235
-1279
2104079
2235
-3230
2104079
2235
13987
2104079
2235
190
2104079
2235
8137
2104079
2235
3994
2104079
2235
10308
2104079
2235
-7703
2104079
2235
-1252
2104079
2235
-12873
2104079
14942
-5076
1419379
14942
-4124
1419379
14942
-6950
1419379
14942
-2723
1419379
14942
-829
1419379
14942
-960
1419379
14942
-8581
1419379
14942
-1847
1419379
14942
675
1419379
14942
-11804
1419379
14942
-2128
1419379
14942
7464
1419379
14942
3406
1419379
14942
7950
1419379
14942
2727
1419379
14942
6339
1419379
14942
-15508
1419379
14942
-10325
1419379
14942
7851
1419379
14942
-2831
1419379
14942
-282
1419379
14942
8186
1419379
14942
9054
1419379
14942
-454
1419379
14942
5722
1419379
14942
-1166
1419379
14942
982
1419379
14942
115
1419379
14942
8382
1419379
14942
7386
1419379
14942
-194
1419379
14942
-25989
1419379
14942
1917
1419379
14942
5881
1419379
14942
1946
1419379
14942
-14475
1419379
14942
-305
1419379
14942
-20849
1419379
14942
-1446
1419379
14942
6756
1419379
14942
-8842
1419379
14942
9448
1419379
14942
17900
1419379
14942
3763
1419379
14942
-4855
1419379
14942
1443
1419379
14942
1981
1419379
14942
1410
1419379
14942
3129
1419379
14942
6474
1419379
-1816
1789
2233582
-1816
-7322
2233582
-1816
3557
2233582
-1816
2754
2233582
-1816
9584
2233582
-1816
1951
2233582
-1816
-3367
2233582
-1816
-13247
2233582
-1816
8152
2233582
-1816
-9704
2233582
-1816
-19623
2233582
-1816
-9855
2233582
-1816
736
2233582
-1816
866
2233582
-1816
-4569
2233582
-1816
-5416
2233582
-1816
-12048
2233582
-1816
4237
2233582
-1816
-10083
2233582
-1816
-1270
2233582
-1816
8187
2233582
-1816
-5447
2233582
-1816
-7939
2233582
-1816
10550
2233582
-1816
865
2233582
-1816
-2910
2233582
-1816
9317
2233582
-1816
13105
2233582
-1816
-6430
2233582
-1816
-12158
2233582
-1816
13135
2233582
-1816
13635
2233582
-1816
6316
2233582
-1816
-3407
2233582
-1816
462
2233582
-1816
1339
2233582
-1816
1343
2233582
-1816
10220
2233582
-1816
-11455
2233582
-1816
9479
2233582
-1816
-8232
2233582
-1816
3758
2233582
-1816
-8172
2233582
-1816
5311
2233582
-1816
7599
2233582
-1816
-632
2233582
-1816
6131
2233582
-1816
-1423
2233582
-1816
1099
2233582
-1816
-16001
2233582
-2974
4440
876740
-2974
-10527
876740
-2974
-2197
876740
-2974
-1380
876740
-2974
-476
876740
-2974
8887
876740
-2974
-3305
876740
-2974
3307
876740
-2974
7599
876740
-2974
-7847
876740
-2974
3672
876740
-2974
-3254
876740
-2974
9143
876740
-2974
8281
876740
-2974
7043
876740
-2974
-8767
876740
-2974
10112
876740
-2974
12500
876740
-2974
11526
876740
-2974
8990
876740
-2974
-6513
876740
-2974
6635
876740
-2974
9090
876740
-2974
-3847
876740
-2974
161
876740
-2974
-4923
876740
-2974
9214
876740
-2974
6730
876740
-2974
-1122
876740
-2974
-4275
876740
-2974
6994
876740
-2974
7695
876740
-2974
-567
876740
-2974
2216
876740
-2974
-212
876740
-2974
6462
876740
-2974
-4307
876740
-2974
4957
876740
-2974
-11141
876740
-2974
-1252
876740
-2974
12287
876740
-2974
11174
876740
-2974
-14854
876740
-2974
4644
876740
-2974
2299
876740
-2974
-4350
876740
-2974
-2370
876740
-2974
-4592
876740
-2974
2298
876740
-2974
-12677
876740
-10676
-16579
3328144
-10676
-7028
3328144
-10676
7169
3328144
-10676
-2986
3328144
-10676
1557
3328144
-10676
4716
3328144
-10676
-9791
3328144
-10676
-1870
3328144
-10676
-8779
3328144
-10676
9392
3328144
-10676
-1786
3328144
-10676
-2743
3328144
-10676
10928
3328144
-10676
-15061
3328144
-10676
1781
3328144
-10676
8778
3328144
-10676
-2337
3328144
-10676
-8485
3328144
-10676
4243
3328144
-10676
-1041
3328144
-10676
7776
3328144
-10676
8687
3328144
-10676
-4325
3328144
-10676
3846
3328144
-10676
-3615
3328144
-10676
-3533
3328144
-10676
-8903
3328144
-10676
-4664
3328144
-10676
2365
3328144
-10676
11527
3328144
-10676
11791
3328144
-10676
5236
3328144
-10676
9895
3328144
-10676
3111
3328144
-10676
-978
3328144
-10676
4086
3328144
-10676
1940
3328144
-10676
1759
3328144
-10676
-2551
3328144
-10676
-4822
3328144
-10676
7586
3328144
-10676
1080
3328144
-10676
11103
3328144
-10676
7590
3328144
-10676
10563
3328144
-10676
-6141
3328144
-10676
4842
3328144
-10676
292
3328144
-10676
6849
3328144
-10676
3353
3328144
1925
13
2622232
1925
504
2622232
1925
2479
2622232
1925
13473
2622232
1925
10199
2622232
1925
-11817
2622232
1925
-5207
2622232
1925
-3431
2622232
1925
1650
2622232
1925
-464
2622232
1925
4933
2622232
1925
15623
2622232
1925
8077
2622232
1925
-2233
2622232
1925
804
2622232
1925
-5966
2622232
1925
-2777
2622232
1925
10143
2622232
1925
6335
2622232
1925
2834
2622232
1925
392
2622232
1925
1855
2622232
1925
1234
2622232
1925
-2627
2622232
1925
-1699
2622232
1925
-9737
2622232
1925
-10274
2622232
1925
-9736
2622232
1925
-5577
2622232
1925
8544
2622232
1925
-6036
2622232
1925
7989
2622232
1925
-659
2622232
1925
14229
2622232
1925
-2382
2622232
1925
6072
2622232
1925
-4433
2622232
1925
14034
2622232
1925
-1935
2622232
1925
20965
2622232
1925
-886
2622232
1925
-5575
2622232
1925
9239
2622232
1925
-4487
2622232
1925
2673
2622232
1925
-7832
2622232
1925
-634
2622232
1925
-3731
2622232
1925
345
2622232
1925
2705
2622232
1076
-2907
141314
1076
-4280
141314
1076
-7684
141314
1076
15206
141314
1076
19192
141314
1076
11154
141314
1076
1457
141314
1076
-430
141314
1076
-2121
141314
1076
-18537
141314
1076
6955
141314
1076
-3968
141314
1076
-4159
141314
1076
7479
141314
1076
4467
141314
1076
-9921
141314
1076
-6127
141314
1076
9333
141314
1076
8384
141314
1076
6474
141314
1076
1959
141314
1076
10532
141314
1076
1576
141314
1076
-10012
141314
1076
10356
141314
1076
-149
141314
1076
-4670
141314
1076
-6861
141314
1076
3116
141314
1076
-6346
141314
1076
5057
141314
1076
-11090
141314
1076
8567
141314
1076
7723
141314
1076
-1694
141314
1076
-5322
141314
1076
3898
141314
1076
5936
141314
1076
959
141314
1076
-2281
141314
1076
-7896
141314
1076
-4687
141314
1076
5208
141314
1076
1587
141314
1076
-3489
141314
1076
-2354
141314
1076
-4329
141314
1076
9637
141314
1076
8562
141314
1076
3583
141314
127
-6965
524551
127
-3486
524551
127
7292
524551
127
-654
524551
127
-6716
524551
127
-12593
524551
127
-6814
524551
127
12382
524551
127
-9532
524551
127
2068
524551
127
-65
524551
127
-7024
524551
127
-8119
524551
127
9580
524551
127
-9539
524551
127
-9191
524551
127
-1006
524551
127
898
524551
127
-4774
524551
127
5792
524551
127
8892
524551
127
16224
524551
127
-1656
524551
127
-4942
524551
127
-1221
524551
127
8388
524551
127
-15014
524551
127
3505
524551
127
4578
524551
127
-9304
524551
127
5027
524551
127
11803
524551
127
11266
524551
127
-3117
524551
127
-2314
524551
127
9083
524551
127
2874
524551
127
459
524551
127
-17780
524551
127
1220
524551
127
12909
524551
127
6400
524551
127
2145
524551
127
-11020
524551
127
2383
524551
127
-11209
524551
127
-920
524551
127
-4303
524551
127
-3654
524551
127
-7951
524551
403
1223
1639432
403
3862
1639432
403
-3398
1639432
403
-2504
1639432
403
4949
1639432
403
2472
1639432
403
5709
1639432
403
1105
1639432
403
-3078
1639432
403
13771
1639432
403
1009
1639432
403
6252
1639432
403
15513
1639432
403
-6859
1639432
403
6644
1639432
403
-2344
1639432
403
3390
1639432
403
-5358
1639432
403
5529
1639432
403
-5039
1639432
403
-4977
1639432
403
11002
1639432
403
-4023
1639432
403
-1744
1639432
403
-1060
1639432
403
11124
1639432
403
-15415
1639432
403
4832
1639432
403
-4986
1639432
403
-4630
1639432
403
-4922
1639432
403
1484
1639432
403
1559
1639432
403
9622
1639432
403
7343
1639432
403
-3815
1639432
403
-1640
1639432
403
-14967
1639432
403
6460
1639432
403
-6041
1639432
403
-3147
1639432
403
11631
1639432
403
10077
1639432
403
11527
1639432
403
-10956
1639432
403
10483
1639432
403
-1086
1639432
403
5268
1639432
403
-229
1639432
403
-5214
1639432
-1765
-4069
2364387
-1765
-12409
2364387
-1765
-5771
2364387
-1765
13081
2364387
-1765
6273
2364387
-1765
5451
2364387
-1765
-7665
2364387
-1765
-10788
2364387
-1765
-5414
2364387
-1765
5879
2364387
-1765
15341
2364387
-1765
11457
2364387
-1765
7147
2364387
-1765
1475
2364387
-1765
5208
2364387
-1765
-3320
2364387
-1765
2334
2364387
-1765
102
2364387
-1765
-2305
2364387
-1765
-8995
2364387
-1765
-985
2364387
-1765
124
2364387
-1765
8135
2364387
-1765
2658
2364387
-1765
3197
2364387
-1765
-7700
2364387
-1765
-4663
2364387
-1765
-8193
2364387
-1765
-4988
2364387
-1765
-1500
2364387
-1765
-2295
2364387
-1765
-5525
2364387
-1765
-10902
2364387
-1765
-2829
2364387
-1765
-6384
2364387
-1765
4698
2364387
-1765
-6330
2364387
-1765
-1733
2364387
-1765
-9299
2364387
-1765
9340
2364387
-1765
-7922
2364387
-1765
12746
2364387
-1765
4729
2364387
-1765
7713
2364387
-1765
-399
2364387
-1765
-3664
2364387
-1765
14961
2364387
-1765
7846
2364387
-1765
1138
2364387
-1765
-4243
2364387
-11226
6720
516225
-11226
-94
516225
-11226
-10082
516225
-11226
-3350
516225
-11226
-6707
516225
-11226
-3625
516225
-11226
13586
516225
-11226
-5877
516225
-11226
-160
516225
-11226
647
516225
-11226
2502
516225
-11226
-16304
516225
-11226
315
516225
-11226
6331
516225
-11226
-5322
516225
-11226
6446
516225
-11226
-4615
516225
-11226
2245
516225
-11226
7241
516225
-11226
6550
516225
-11226
-1700
516225
-11226
8146
516225
-11226
-2098
516225
-11226
9808
516225
-11226
5415
516225
-11226
-18702
516225
-11226
-3713
516225
-11226
-3885
516225
-11226
18905
516225
-11226
-5072
516225
-11226
4575
516225
-11226
-4373
516225
-11226
-1104
516225
-11226
5442
516225
-11226
-1185
516225
-11226
10932
516225
-11226
-1126
516225
-11226
3568
516225
-11226
6136
516225
-11226
-7795
516225
-11226
1542
516225
-11226
5833
516225
-11226
-2182
516225
-11226
-8330
516225
-11226
3449
516225
-11226
-675
516225
-11226
-6795
516225
-11226
4278
516225
-11226
-13852
516225
-11226
-13463
516225
-3468
7702
1720514
-3468
-3869
1720514
-3468
10301
1720514
-3468
1064
1720514
-3468
2296
1720514
-3468
5391
1720514
-3468
2720
1720514
-3468
-8429
1720514
-3468
-6552
1720514
-3468
1108
1720514
-3468
10136
1720514
-3468
-13175
1720514
-3468
335
1720514
-3468
2428
1720514
-3468
7285
1720514
-3468
-5637
1720514
-3468
-4732
1720514
-3468
6635
1720514
-3468
-522
1720514
-3468
7893
1720514
-3468
-2124
1720514
-3468
7875
1720514
-3468
-1214
1720514
-3468
6144
1720514
-3468
4052
1720514
-3468
-14954
1720514
-3468
-4371
1720514
-3468
-2668
1720514
-3468
-18265
1720514
-3468
4377
1720514
-3468
-3908
1720514
-3468
-7720
1720514
-3468
9056
1720514
-3468
3930
1720514
-3468
15830
1720514
-3468
9466
1720514
-3468
-8090
1720514
-3468
4885
1720514
-3468
2335
1720514
-3468
-5463
1720514
-3468
-6772
1720514
-3468
-8571
1720514
-3468
-8768
1720514
-3468
-1463
1720514
-3468
7411
1720514
-3468
-12195
1720514
-3468
7657
1720514
-3468
-4654
1720514
-3468
11097
1720514
-3468
3437
1720514
1480
-1833
1189896
1480
-13817
1189896
1480
-9852
1189896
1480
-11673
1189896
1480
19022
1189896
1480
2506
1189896
1480
-4736
1189896
1480
-730
1189896
1480
-1938
1189896
1480
3959
1189896
1480
-1187
1189896
1480
8380
1189896
1480
-6255
1189896
1480
307
1189896
1480
4303
1189896
1480
4346
1189896
1480
-4041
1189896
1480
-9645
1189896
1480
7694
1189896
1480
-785
1189896
1480
16462
1189896
1480
3201
1189896
1480
4303
1189896
1480
-6936
1189896
1480
-13814
1189896
1480
1594
1189896
1480
-3795
1189896
1480
508
1189896
1480
11777
1189896
1480
7817
1189896
1480
8943
1189896
1480
-3089
1189896
1480
4962
1189896
1480
3666
1189896
1480
-8030
1189896
1480
10003
1189896
1480
19191
1189896
1480
-5571
1189896
1480
-5353
1189896
1480
200
1189896
1480
-1408
1189896
1480
-6051
1189896
1480
3597
1189896
1480
-1904
1189896
1480
570
1189896
1480
6273
1189896
1480
-350
1189896
1480
8259
1189896
1480
-11245
1189896
1480
7979
1189896
2220
15171
2104846
2220
3570
2104846
2220
-2413
2104846
2220
-32768
2104846
2220
4166
2104846
2220
289
2104846
2220
16708
2104846
2220
2994
2104846
2220
5999
2104846
2220
301
2104846
2220
12129
2104846
2220
3653
2104846
2220
458
2104846
2220
6811
2104846
2220
8959
2104846
2220
13312
2104846
2220
15265
2104846
2220
5302
2104846
2220
-4727
2104846
2220
3013
2104846
2220
-14080
2104846
2220
-7987
2104846
2220
6310
2104846
2220
-13709
2104846
2220
564
2104846
2220
-6369
2104846
2220
-727
2104846
2220
-33
2104846
2220
4703
2104846
2220
-4341
2104846
2220
624
2104846
2220
7008
2104846
2220
11691
2104846
2220
-4460
2104846
2220
-977
2104846
2220
8743
2104846
2220
-8835
2104846
2220
-639
2104846
2220
-23
2104846
2220
-10453
2104846
2220
-515
2104846
2220
-4897
2104846
2220
-8127
2104846
2220
-5069
2104846
2220
-9239
2104846
2220
7527
2104846
2220
378
2104846
2220
-5519
2104846
2220
-3738
2104846
2220
-361
2104846
-11967
15182
55680
-11967
-12144
55680
-11967
5328
55680
-11967
16049
55680
-11967
4713
55680
-11967
200
55680
-11967
-4702
55680
-11967
6044
55680
-11967
-2124
55680
-11967
-8144
55680
-11967
-7522
55680
-11967
5458
55680
-11967
-4967
55680
-11967
-5793
55680
-11967
-7396
55680
-11967
1730
55680
-11967
10386
55680
-11967
862
55680
-11967
-1147
55680
-11967
-8549
55680
-11967
1372
55680
-11967
-1601
55680
-11967
-150
55680
-11967
-15433
55680
-11967
1000
55680
-11967
-31283
55680
-11967
-817
55680
-11967
-21938
55680
-11967
523
55680
-11967
1118
55680
-11967
-3690
55680
-11967
8600
55680
-11967
-14400
55680
-11967
9921
55680
-11967
-1627
55680
-11967
6262
55680
-11967
-1163
55680
-11967
8071
55680
-11967
-8777
55680
-11967
6802
55680
-11967
9543
55680
-11967
2753
55680
-11967
-831
55680
-11967
4699
55680
-11967
210
55680
-11967
-2053
55680
-11967
13810
55680
-11967
6071
55680
-11967
-4528
55680
-11967
7033
55680
3895
7802
153907
3895
9358
153907
3895
7221
153907
3895
-14279
153907
3895
10317
153907
3895
-6841
153907
3895
943
153907
3895
-5991
153907
3895
19641
153907
3895
1212
153907
3895
-1521
153907
3895
-14385
153907
3895
21041
153907
3895
-1044
153907
3895
6664
153907
3895
-1746
153907
3895
1843
153907
3895
-9493
153907
3895
-3896
153907
3895
3658
153907
3895
2833
153907
3895
10039
153907
3895
-13441
153907
3895
11503
153907
3895
11630
153907
3895
20423
153907
3895
-2608
153907
3895
12322
153907
3895
4655
153907
3895
6488
153907
3895
3585
153907
3895
13137
153907
3895
4782
153907
3895
5616
153907
3895
-7482
153907
3895
-111
153907
3895
3491
153907
3895
6536
153907
3895
-4787
153907
3895
-3531
153907
3895
-10478
153907
3895
850
153907
3895
3851
153907
3895
2851
153907
3895
10229
153907
3895
2427
153907
3895
-6518
153907
3895
4502
153907
3895
-106
153907
3895
8098
153907
-3440
12007
554200
-3440
-3753
554200
-3440
9531
554200
-3440
-599
554200
-3440
4555
554200
-3440
1116
554200
-3440
-7453
554200
-3440
-1283
554200
-3440
-5042
554200
-3440
9585
554200
-3440
15648
554200
-3440
-4875
554200
-3440
3523
554200
-3440
-541
554200
-3440
-892
554200
-3440
767
554200
-3440
5786
554200
-3440
-4082
554200
-3440
-4666
554200
-3440
5314
554200
-3440
-8286
554200
-3440
6913
554200
-3440
5462
554200
-3440
531
554200
-3440
13368
554200
-3440
-7493
554200
-3440
-1895
554200
-3440
2523
554200
-3440
-399
554200
-3440
-2248
554200
-3440
6626
554200
-3440
-927
554200
-3440
-5505
554200
-3440
13653
554200
-3440
-5177
554200
-3440
3055
554200
-3440
-1420
554200
-3440
-1667
554200
-3440
-4093
554200
-3440
-32
554200
-3440
5217
554200
-3440
3940
554200
-3440
-13106
554200
-3440
5905
554200
-3440
1201
554200
-3440
771
554200
-3440
7132
554200
-3440
-1610
554200
-3440
13449
554200
-3440
6853
554200
5016
-17845
942106
5016
-3247
942106
5016
-4517
942106
5016
9345
942106
5016
-2896
942106
5016
12521
942106
5016
-11466
942106
5016
-4852
942106
5016
2456
942106
5016
-11931
942106
5016
2540
942106
5016
-16826
942106
5016
-6839
942106
5016
9572
942106
5016
-14065
942106
5016
1748
942106
5016
16875
942106
5016
-4473
942106
5016
-16006
942106
5016
7689
942106
5016
-2064
942106
5016
632
942106
5016
-3199
942106
5016
-4866
942106
5016
-44
942106
5016
-15398
942106
5016
-1833
942106
5016
-7361
942106
5016
-1982
942106
5016
4791
942106
5016
6147
942106
5016
5180
942106
5016
10750
942106
5016
-10768
942106
5016
5550
942106
5016
133
942106
5016
-20394
942106
5016
2312
942106
5016
-6979
942106
5016
2309
942106
5016
5505
942106
5016
-9131
942106
5016
1045
942106
5016
4042
942106
5016
-1863
942106
5016
-330
942106
5016
-449
942106
5016
-14736
942106
5016
-5796
942106
5016
-3658
942106
2873
-5869
162102
2873
14339
162102
2873
-6695
162102
2873
5613
162102
2873
-13157
162102
2873
-9519
162102
2873
-1309
162102
2873
-6219
162102
2873
4896
162102
2873
10381
162102
2873
589
162102
2873
8074
162102
2873
9181
162102
2873
407
162102
2873
-8487
162102
2873
-5905
162102
2873
671
162102
2873
-21152
162102
2873
-4562
162102
2873
-11485
162102
2873
6201
162102
2873
3975
162102
2873
3717
162102
2873
-2286
162102
2873
-5606
162102
2873
-11591
162102
2873
13332
162102
2873
7020
162102
2873
3533
162102
2873
7156
162102
2873
16471
162102
2873
-4227
162102
2873
-1763
162102
2873
-2768
162102
2873
3009
162102
2873
-19966
162102
2873
-6469
162102
2873
-9455
162102
2873
5749
162102
2873
-5531
162102
2873
-2787
162102
2873
-1309
162102
2873
6275
162102
2873
20026
162102
2873
11587
162102
2873
4522
162102
2873
-7730
162102
2873
450
162102
2873
3059
162102
2873
2011
162102
734
-8201
339991
734
-7236
339991
734
-5581
339991
734
-12033
339991
734
19186
339991
734
1708
339991
734
13104
339991
734
-3971
339991
734
-11257
339991
734
4175
339991
734
-10387
339991
734
-9511
339991
734
-6077
339991
734
-7286
339991
734
-6275
339991
734
-14976
339991
734
696
339991
734
1483
339991
734
-599
339991
734
-21589
339991
734
-2636
339991
734
13175
339991
734
-1171
339991
734
-1597
339991
734
4788
339991
734
-1016
339991
734
6212
339991
734
6231
339991
734
-9252
339991
734
9402
339991
734
2292
339991
734
-2613
339991
734
-749
339991
734
-7272
339991
734
-503
339991
734
8820
339991
734
-7646
339991
734
2702
339991
734
-1165
339991
734
-9138
339991
734
1349
339991
734
12053
339991
734
4028
339991
734
9418
339991
734
-4697
339991
734
-2691
339991
734
-8454
339991
734
2327
339991
734
2563
339991
734
2704
339991
-12038
1893
119439
-12038
-10022
119439
-12038
11022
119439
-12038
-7095
119439
-12038
-13151
119439
-12038
-3281
119439
-12038
-568
119439
-12038
-9569
119439
-12038
-772
119439
-12038
12094
119439
-12038
9086
119439
-12038
-5193
119439
-12038
-2634
119439
-12038
-8043
119439
-12038
-5432
119439
-12038
-7432
119439
-12038
-335
119439
-12038
4262
119439
-12038
14236
119439
-12038
3939
119439
-12038
-2064
119439
-12038
3070
119439
-12038
-2790
119439
-12038
4609
119439
-12038
8118
119439
-12038
14161
119439
-12038
-144
119439
-12038
5246
119439
-12038
-12770
119439
-12038
4926
119439
-12038
-1456
119439
-12038
10794
119439
-12038
3834
119439
-12038
280
119439
-12038
32
119439
-12038
1437
119439
-12038
-4223
119439
-12038
-8704
119439
-12038
-21032
119439
-12038
4061
119439
-12038
4716
119439
-12038
214
119439
-12038
-650
119439
-12038
-2072
119439
-12038
1734
119439
-12038
-3692
119439
-12038
3275
119439
-12038
-10412
119439
-12038
11087
119439
-12038
8096
119439
-8776
7540
5376094
-8776
-2887
5376094
-8776
16788
5376094
-8776
3981
5376094
-8776
-9007
5376094
-8776
-624
5376094
-8776
-21526
5376094
-8776
5575
5376094
-8776
-15100
5376094
-8776
9395
5376094
-8776
-3687
5376094
-8776
-271
5376094
-8776
9732
5376094
-8776
8226
5376094
-8776
-4668
5376094
-8776
5317
5376094
-8776
4108
5376094
-8776
724
5376094
-8776
-3911
5376094
-8776
-1757
5376094
-8776
600
5376094
-8776
3540
5376094
-8776
8094
5376094
-8776
-886
5376094
-8776
7999
5376094
-8776
5979
5376094
-8776
812
5376094
-8776
-15175
5376094
-8776
148
5376094
-8776
-1427
5376094
-8776
148
5376094
-8776
3680
5376094
-8776
9553
5376094
-8776
-2362
5376094
-8776
-11307
5376094
-8776
7826
5376094
-8776
-6909
5376094
-8776
1535
5376094
-8776
2955
5376094
-8776
2272
5376094
-8776
3772
5376094
-8776
-10535
5376094
-8776
-3296
5376094
-8776
-22713
5376094
-8776
9312
5376094
-8776
449
5376094
-8776
-6510
5376094
-8776
-10313
5376094
-8776
-2176
5376094
-8776
17084
5376094
1358
22626
80899
1358
-12484
80899
1358
-9663
80899
1358
-26124
80899
1358
60
80899
1358
13942
80899
1358
5541
80899
1358
-4852
80899
1358
-4778
80899
1358
15
80899
1358
1525
80899
1358
-5928
80899
1358
-8984
80899
1358
-119
80899
1358
7812
80899
1358
14122
80899
1358
8130
80899
1358
-11090
80899
1358
1968
80899
1358
18843
80899
1358
-6022
80899
1358
-14465
80899
1358
-7137
80899
1358
12300
80899
1358
7252
80899
1358
-1000
80899
1358
5131
80899
1358
2955
80899
1358
200
80899
1358
3795
80899
1358
11301
80899
1358
-15574
80899
1358
-4065
80899
1358
2621
80899
1358
-12336
80899
1358
16587
80899
1358
6855
80899
1358
-6853
80899
1358
-481
80899
1358
11026
80899
1358
-1204
80899
1358
-4942
80899
1358
-6898
80899
1358
-4173
80899
1358
2826
80899
1358
468
80899
1358
4847
80899
1358
11850
80899
1358
-10709
80899
1358
2060
80899
-4643
-3541
1392853
-4643
-4802
1392853
-4643
-11394
1392853
-4643
-4597
1392853
-4643
-2846
1392853
-4643
7088
1392853
-4643
-5289
1392853
-4643
12663
1392853
-4643
5066
1392853
-4643
-10703
1392853
-4643
1261
1392853
-4643
3352
1392853
-4643
-4665
1392853
-4643
3025
1392853
-4643
1458
1392853
-4643
-137
1392853
-4643
18005
1392853
-4643
4340
1392853
-4643
-2792
1392853
-4643
15210
1392853
-4643
-5988
1392853
-4643
4953
1392853
-4643
6600
1392853
-4643
3326
1392853
-4643
-9054
1392853
-4643
4040
1392853
-4643
-16354
1392853
-4643
3182
1392853
-4643
3330
1392853
-4643
12106
1392853
-4643
8502
1392853
-4643
11362
1392853
-4643
-5996
1392853
-4643
-1829
1392853
-4643
11371
1392853
-4643
-10295
1392853
-4643
-5159
1392853
-4643
3203
1392853
-4643
-5507
1392853
-4643
322
1392853
-4643
-8172
1392853
-4643
-9122
1392853
-4643
-14383
1392853
-4643
-2296
1392853
-4643
7673
1392853
-4643
8752
1392853
-4643
-9384
1392853
-4643
3839
1392853
-4643
-1598
1392853
-4643
8480
1392853
3873
-13946
282928
3873
7643
282928
3873
-3637
282928
3873
3173
282928
3873
9024
282928
3873
-1487
282928
3873
-6112
282928
3873
12271
282928
3873
4078
282928
3873
2331
282928
3873
-2285
282928
3873
-3527
282928
3873
23045
282928
3873
-6478
282928
3873
8019
282928
3873
-5522
282928
3873
-10822
282928
3873
6635
282928
3873
-9042
282928
3873
13709
282928
3873
-1056
282928
3873
-5885
282928
3873
-806
282928
3873
-435
282928
3873
10689
282928
3873
3950
282928
3873
-941
282928
3873
3660
282928
3873
15798
282928
3873
8635
282928
3873
-917
282928
3873
9222
282928
3873
3297
282928
3873
548
282928
3873
-9417
282928
3873
9128
282928
3873
5371
282928
3873
9752
282928
3873
-4241
282928
3873
-3454
282928
3873
-2051
282928
3873
14236
282928
3873
-14209
282928
3873
6294
282928
3873
2660
282928
3873
3288
282928
3873
3019
282928
3873
-8214
282928
3873
-19648
282928
3873
9682
282928
871
-1770
925965
871
3339
925965
871
17832
925965
871
-5982
925965
871
87
925965
871
5449
925965
871
-5481
925965
871
-5905
925965
871
8932
925965
871
-1497
925965
871
917
925965
871
-5289
925965
871
2825
925965
871
3581
925965
871
-10128
925965
871
-10977
925965
871
-1662
925965
871
-2438
925965
871
-5472
925965
871
-10026
925965
871
-3198
925965
871
13159
925965
871
-7446
925965
871
846
925965
871
-6354
925965
871
-9465
925965
871
-5027
925965
871
-13443
925965
871
-3477
925965
871
-3132
925965
871
8042
925965
871
-341
925965
871
-7119
925965
871
-1861
925965
871
4186
925965
871
10106
925965
871
1183
925965
871
-940
925965
871
-1203
925965
871
-3602
925965
871
2310
925965
871
1722
925965
871
6186
925965
871
-1906
925965
871
3638
925965
871
-6504
925965
871
-12338
925965
871
-10370
925965
871
-6817
925965
871
5534
925965
-318
-3680
71928
-318
7649
71928
-318
-1856
71928
-318
4895
71928
-318
-729
71928
-318
-9436
71928
-318
-624
71928
-318
-4994
71928
-318
2036
71928
-318
-1810
71928
-318
8055
71928
-318
1232
71928
-318
-792
71928
-318
-7955
71928
-318
-6488
71928
-318
2895
71928
-318
19411
71928
-318
6501
71928
-318
1200
71928
-318
-4815
71928
-318
2994
71928
-318
355
71928
-318
2464
71928
-318
-8312
71928
-318
1263
71928
-318
3683
71928
-318
-10372
71928
-318
4396
71928
-318
3593
71928
-318
6712
71928
-318
247
71928
-318
-10198
71928
-318
2444
71928
-318
-2093
71928
-318
10280
71928
-318
5724
71928
-318
-3622
71928
-318
-6496
71928
-318
3388
71928
-318
-3482
71928
-318
6739
71928
-318
-1056
71928
-318
5467
71928
-318
2140
71928
-318
1920
71928
-318
1644
71928
-318
7981
71928
-318
-5782
71928
-318
-8679
71928
-318
996
71928
-972
-1597
141538
-972
6285
141538
-972
-12382
141538
-972
10060
141538
-972
-8926
141538
-972
6905
141538
-972
8181
141538
-972
-6058
141538
-972
63
141538
-972
1751
141538
-972
-1209
141538
-972
-16226
141538
-972
-2635
141538
-972
-1760
141538
-972
1018
141538
-972
-623
141538
-972
11271
141538
-972
-9164
141538
-972
-11522
141538
-972
-6594
141538
-972
-10323
141538
-972
10694
141538
-972
2692
141538
-972
-2517
141538
-972
8072
141538
-972
-6754
141538
-972
4358
141538
-972
-5461
141538
-972
-6183
141538
-972
15960
141538
-972
15815
141538
-972
15333
141538
-972
4618
141538
-972
913
141538
-972
-18931
141538
-972
-3012
141538
-972
5915
141538
-972
1620
141538
-972
-17345
141538
-972
11011
141538
-972
3370
141538
-972
1102
141538
-972
8555
141538
-972
13122
141538
-972
-9481
141538
-972
7000
141538
-972
7536
141538
-972
-4547
141538
-972
-8233
141538
-972
-5181
141538
146
1925
590848
146
-11831
590848
146
-6234
590848
146
-10581
590848
146
8698
590848
146
-3274
590848
146
10842
590848
146
6636
590848
146
-8691
590848
146
-2128
590848
146
1538
590848
146
12349
590848
146
152
590848
146
266
590848
146
-1172
590848
146
6313
590848
146
14213
590848
146
-6972
590848
146
4969
590848
146
-6012
590848
146
-9606
590848
146
12375
590848
146
-8163
590848
146
-1254
590848
146
-6632
590848
146
1288
590848
146
-1990
590848
146
9608
590848
146
3817
590848
146
71
590848
146
4477
590848
146
3953
590848
146
-5534
590848
146
-7992
590848
146
-416
590848
146
11646
590848
146
-6949
590848
146
-7973
590848
146
481
590848
146
10534
590848
146
-3012
590848
146
4932
590848
146
6590
590848
146
-11262
590848
146
-3862
590848
146
-5832
590848
146
10945
590848
146
-12226
590848
146
-2734
590848
146
3542
590848
8471
-11191
4330753
8471
2159
4330753
8471
512
4330753
8471
-3012
4330753
8471
1854
4330753
8471
-4035
4330753
8471
7932
4330753
8471
-13381
4330753
8471
4766
4330753
8471
1494
4330753
8471
-11543
4330753
8471
-3030
4330753
8471
-17779
4330753
8471
201
4330753
8471
-305
4330753
8471
10645
4330753
8471
-11553
4330753
8471
11589
4330753
8471
-3916
4330753
8471
4080
4330753
8471
10481
4330753
8471
8667
4330753
8471
761
4330753
8471
-5295
4330753
8471
9414
4330753
8471
8589
4330753
8471
-3163
4330753
8471
3042
4330753
8471
-3332
4330753
8471
-2928
4330753
8471
-13328
4330753
8471
-1843
4330753
8471
-14416
4330753
8471
-913
4330753
8471
1104
4330753
8471
-1717
4330753
8471
-2889
4330753
8471
-2874
4330753
8471
-517
4330753
8471
10979
4330753
8471
5696
4330753
8471
-6047
4330753
8471
8972
4330753
8471
18159
4330753
8471
-1140
4330753
8471
-2892
4330753
8471
1594
4330753
8471
-3824
4330753
8471
-3105
4330753
8471
-9318
4330753
10360
11827
2801766
10360
-10836
2801766
10360
-18392
2801766
10360
12446
2801766
10360
226
2801766
10360
13932
2801766
10360
-6632
2801766
10360
-7489
2801766
10360
-4590
2801766
10360
9936
2801766
10360
6254
2801766
10360
3840
2801766
10360
12846
2801766
10360
-998
2801766
10360
4216
2801766
10360
-5641
2801766
10360
-1034
2801766
10360
641
2801766
10360
3465
2801766
10360
-2979
2801766
10360
-7682
2801766
10360
-2992
2801766
10360
-1902
2801766
10360
6057
2801766
10360
-12189
2801766
10360
-6690
2801766
10360
-94
2801766
10360
11901
2801766
10360
-3574
2801766
10360
-4950
2801766
10360
3069
2801766
10360
811
2801766
10360
-16806
2801766
10360
-4054
2801766
10360
11430
2801766
10360
-10441
2801766
10360
-651
2801766
10360
-513
2801766
10360
13447
2801766
10360
-11031
2801766
10360
-13571
2801766
10360
7399
2801766
10360
-12137
2801766
10360
-6502
2801766
10360
6152
2801766
10360
8991
2801766
10360
-14084
2801766
10360
3287
2801766
10360
5006
2801766
10360
3317
2801766
-718
707
81124
-718
-5113
81124
-718
2195
81124
-718
-3594
81124
-718
-18000
81124
-718
-2519
81124
-718
182
81124
-718
11627
81124
-718
-11402
81124
-718
9870
81124
-718
-6433
81124
-718
9266
81124
-718
961
81124
-718
7117
81124
-718
-289
81124
-718
-6264
81124
-718
-4899
81124
-718
8740
81124
-718
-9165
81124
-718
-13539
81124
-718
8410
81124
-718
6857
81124
-718
3959
81124
-718
9348
81124
-718
223
81124
-718
3554
81124
-718
932
81124
-718
-1155
81124
-718
3594
81124
-718
11755
81124
-718
10750
81124
-718
10476
81124
-718
-13736
81124
-718
4497
81124
-718
-2685
81124
-718
-5605
81124
-718
812
81124
-718
7421
81124
-718
-7731
81124
-718
6118
81124
-718
-2944
81124
-718
-10294
81124
-718
-17148
81124
-718
9452
81124
-718
2311
81124
-718
-18350
81124
-718
-3100
81124
-718
-8262
81124
-718
-471
81124
-718
-8913
81124
-2043
-9764
2098144
-2043
-2103
2098144
-2043
10048
2098144
-2043
4611
2098144
-2043
-9904
2098144
-2043
7282
2098144
-2043
1224
2098144
-2043
-3292
2098144
-2043
-866
2098144
-2043
-12272
2098144
-2043
-5679
2098144
-2043
6453
2098144
-2043
-4100
2098144
-2043
-1806
2098144
-2043
4534
2098144
-2043
-6915
2098144
-2043
10200
2098144
-2043
10340
2098144
-2043
-15651
2098144
-2043
-16345
2098144
-2043
13325
2098144
-2043
-8554
2098144
-2043
424
2098144
-2043
-11601
2098144
-2043
-3367
2098144
-2043
1413
2098144
-2043
-6991
2098144
-2043
-2645
2098144
-2043
-4509
2098144
-2043
296
2098144
-2043
2410
2098144
-2043
1647
2098144
-2043
8475
2098144
-2043
19233
2098144
-2043
-1532
2098144
-2043
-3303
2098144
-2043
-6474
2098144
-2043
5272
2098144
-2043
6450
2098144
-2043
12383
2098144
-2043
-9512
2098144
-2043
-11394
2098144
-2043
18472
2098144
-2043
11038
2098144
-2043
-1685
2098144
-2043
83
2098144
-2043
-3428
2098144
-2043
6717
2098144
-2043
235
2098144
-2043
-6434
2098144
-5037
-7840
93408
-5037
-9378
93408
-5037
990
93408
-5037
8145
93408
-5037
-2450
93408
-5037
14978
93408
-5037
1677
93408
-5037
9532
93408
-5037
1451
93408
-5037
-2071
93408
-5037
7980
93408
-5037
18148
93408
-5037
-2829
93408
-5037
3054
93408
-5037
8563
93408
-5037
-5706
93408
-5037
2604
93408
-5037
-824
93408
-5037
-2478
93408
-5037
4249
93408
-5037
-5666
93408
-5037
-8190
93408
-5037
-11755
93408
-5037
8682
93408
-5037
4112
93408
-5037
-815
93408
-5037
4407
93408
-5037
10949
93408
-5037
1238
93408
-5037
-7082
93408
-5037
-4412
93408
-5037
11597
93408
-5037
-3738
93408
-5037
7142
93408
-5037
-5266
93408
-5037
3860
93408
-5037
-3310
93408
-5037
-6220
93408
-5037
-1176
93408
-5037
1757
93408
-5037
3874
93408
-5037
-7160
93408
-5037
15647
93408
-5037
-689
93408
-5037
2082
93408
-5037
7946
93408
-5037
8070
93408
-5037
3858
93408
-5037
-528
93408
-5037
-241
93408
-5944
-7219
2250984
-5944
6712
2250984
-5944
-883
2250984
-5944
955
2250984
-5944
-4223
2250984
-5944
-9809
2250984
-5944
-11547
2250984
-5944
-9663
2250984
-5944
-2750
2250984
-5944
13439
2250984
-5944
9293
2250984
-5944
6721
2250984
-5944
4379
2250984
-5944
772
2250984
-5944
-6973
2250984
-5944
-6708
2250984
-5944
520
2250984
-5944
2112
2250984
-5944
5480
2250984
-5944
-2066
2250984
-5944
5718
2250984
-5944
7265
2250984
-5944
2332
2250984
-5944
2683
2250984
-5944
606
2250984
-5944
-6915
2250984
-5944
611
2250984
-5944
9716
2250984
-5944
-3594
2250984
-5944
-1606
2250984
-5944
4880
2250984
-5944
6744
2250984
-5944
22732
2250984
-5944
-13735
2250984
-5944
8361
2250984
-5944
-6297
2250984
-5944
-9312
2250984
-5944
-5534
2250984
-5944
6630
2250984
-5944
5556
2250984
-5944
-6159
2250984
-5944
-12444
2250984
-5944
-8124
2250984
-5944
5518
2250984
-5944
7119
2250984
-5944
2003
2250984
-5944
6607
2250984
-5944
-13760
2250984
-5944
10351
2250984
-5944
-6639
2250984
-10328
7308
2280606
-10328
1652
2280606
-10328
-886
2280606
-10328
3683
2280606
-10328
-1645
2280606
-10328
15879
2280606
-10328
477
2280606
-10328
13884
2280606
-10328
-528
2280606
-10328
-11870
2280606
-10328
-17608
2280606
-10328
1261
2280606
-10328
3777
2280606
-10328
407
2280606
-10328
-210
2280606
-10328
-616
2280606
-10328
-605
2280606
-10328
-1330
2280606
-10328
-4781
2280606
-10328
15299
2280606
-10328
6064
2280606
-10328
-7946
2280606
-10328
-2328
2280606
-10328
-13133
2280606
-10328
1573
2280606
-10328
5121
2280606
-10328
-2824
2280606
-10328
983
2280606
-10328
-3096
2280606
-10328
-6217
2280606
-10328
-8942
2280606
-10328
-2411
2280606
-10328
1664
2280606
-10328
-5718
2280606
-10328
20104
2280606
-10328
-817
2280606
-10328
1602
2280606
-10328
7946
2280606
-10328
8977
2280606
-10328
-3418
2280606
-10328
15992
2280606
-10328
-1187
2280606
-10328
6330
2280606
-10328
-8503
2280606
-10328
7125
2280606
-10328
-3851
2280606
-10328
-13274
2280606
-10328
2746
2280606
-10328
4690
2280606
-10328
105
2280606
-3478
8124
1656519
-3478
1675
1656519
-3478
-4233
1656519
-3478
13767
1656519
-3478
-4776
1656519
-3478
2551
1656519
-3478
-3883
1656519
-3478
18289
1656519
-3478
-7700
1656519
-3478
-6114
1656519
-3478
4449
1656519
-3478
4554
1656519
-3478
9696
1656519
-3478
5887
1656519
-3478
5709
1656519
-3478
-15336
1656519
-3478
2671
1656519
-3478
-11260
1656519
-3478
-2438
1656519
-3478
2735
1656519
-3478
274
1656519
-3478
5594
1656519
-3478
-10199
1656519
-3478
-13437
1656519
-3478
-10173
1656519
-3478
1344
1656519
-3478
-1882
1656519
-3478
-5536
1656519
-3478
-5834
1656519
-3478
4357
1656519
-3478
-3873
1656519
-3478
-7203
1656519
-3478
8093
1656519
-3478
4129
1656519
-3478
10052
1656519
-3478
3244
1656519
-3478
4798
1656519
-3478
1272
1656519
-3478
-10856
1656519
-3478
8308
1656519
-3478
13188
1656519
-3478
-11497
1656519
-3478
5190
1656519
-3478
4351
1656519
-3478
-6032
1656519
-3478
4059
1656519
-3478
3760
1656519
-3478
-1618
1656519
-3478
8422
1656519
-3478
-10103
1656519
-1473
3456
1059319
-1473
-4585
1059319
-1473
4527
1059319
-1473
2865
1059319
-1473
-607
1059319
-1473
-5888
1059319
-1473
-2403
1059319
-1473
10168
1059319
-1473
3194
1059319
-1473
1829
1059319
-1473
7239
1059319
-1473
6734
1059319
-1473
-7620
1059319
-1473
18140
1059319
-1473
3663
1059319
-1473
-7179
1059319
-1473
-4819
1059319
-1473
16567
1059319
-1473
5192
1059319
-1473
6955
1059319
-1473
843
1059319
-1473
10053
1059319
-1473
14727
1059319
-1473
-9063
1059319
-1473
-3344
1059319
-1473
-5241
1059319
-1473
-6327
1059319
-1473
-1073
1059319
-1473
-15393
1059319
-1473
-8447
1059319
-1473
14777
1059319
-1473
4861
1059319
-1473
-6084
1059319
-1473
-10405
1059319
-1473
13
1059319
-1473
225
1059319
-1473
-3244
1059319
-1473
-1453
1059319
-1473
-11611
1059319
-1473
12042
1059319
-1473
8195
1059319
-1473
-1089
1059319
-1473
15824
1059319
-1473
-14230
1059319
-1473
-6844
1059319
-1473
5896
1059319
-1473
2510
1059319
-1473
9975
1059319
-1473
-3221
1059319
-1473
4347
1059319
-8408
-9938
4332662
-8408
848
4332662
-8408
-2742
4332662
-8408
-1561
4332662
-8408
-6102
4332662
-8408
-6374
4332662
-8408
-5966
4332662
-8408
1904
4332662
-8408
-13320
4332662
-8408
-1434
4332662
-8408
-1954
4332662
-8408
1880
4332662
-8408
3169
4332662
-8408
-2224
4332662
-8408
12794
4332662
-8408
4497
4332662
-8408
-9993
4332662
-8408
-4175
4332662
-8408
-3028
4332662
-8408
1451
4332662
-8408
5240
4332662
-8408
-17899
4332662
-8408
-1312
4332662
-8408
-10217
4332662
-8408
372
4332662
-8408
-563
4332662
-8408
10758
4332662
-8408
-2424
4332662
-8408
8062
4332662
-8408
5365
4332662
-8408
6015
4332662
-8408
-6976
4332662
-8408
6211
4332662
-8408
-17885
4332662
-8408
-21551
4332662
-8408
-641
4332662
-8408
-795
4332662
-8408
-820
4332662
-8408
-14085
4332662
-8408
11468
4332662
-8408
10865
4332662
-8408
10031
4332662
-8408
16873
4332662
-8408
-955
4332662
-8408
572
4332662
-8408
-1103
4332662
-8408
-6190
4332662
-8408
-2456
4332662
-8408
-2497
4332662
-8408
-17284
4332662
7458
-5054
4534304
7458
-662
4534304
7458
-1584
4534304
7458
-4380
4534304
7458
5026
4534304
7458
21
4534304
7458
3271
4534304
7458
8671
4534304
7458
4931
4534304
7458
-5924
4534304
7458
-1249
4534304
7458
-1512
4534304
7458
-2751
4534304
7458
2362
4534304
7458
-10828
4534304
7458
5669
4534304
7458
-13816
4534304
7458
3921
4534304
7458
-3837
4534304
7458
1488
4534304
7458
8617
4534304
7458
-14989
4534304
7458
18671
4534304
7458
756
4534304
7458
-3642
4534304
7458
-7401
4534304
7458
3576
4534304
7458
3332
4534304
7458
653
4534304
7458
9558
4534304
7458
8039
4534304
7458
5932
4534304
7458
6271
4534304
7458
-12874
4534304
7458
9099
4534304
7458
9142
4534304
7458
-10566
4534304
7458
-14264
4534304
7458
-7564
4534304
7458
17065
4534304
7458
-5327
4534304
7458
-3052
4534304
7458
3978
4534304
7458
4228
4534304
7458
3641
4534304
7458
-4850
4534304
7458
-5192
4534304
7458
11531
4534304
7458
4905
4534304
7458
11048
4534304
284
8115
266754
284
7238
266754
284
-7009
266754
284
-4794
266754
284
-13150
266754
284
6104
266754
284
-4637
266754
284
3428
266754
284
14490
266754
284
-8007
266754
284
5014
266754
284
2330
266754
284
-11392
266754
284
-4935
266754
284
-8041
266754
284
-12781
266754
284
7291
266754
284
-10852
266754
284
-12350
266754
284
-5536
266754
284
-5774
266754
284
2451
266754
284
-12349
266754
284
-2222
266754
284
-8742
266754
284
-1114
266754
284
2821
266754
284
-4316
266754
284
87
266754
284
-8558
266754
284
-4556
266754
284
3537
266754
284
-8026
266754
284
8579
266754
284
-9036
266754
284
3284
266754
284
-14244
266754
284
-7113
266754
284
1282
266754
284
2294
266754
284
7396
266754
284
-42
266754
284
539
266754
284
1638
266754
284
-860
266754
284
5449
266754
284
1007
266754
284
-13864
266754
284
-4423
266754
284
-624
266754
-2622
-6381
1140936
-2622
4431
1140936
-2622
-3840
1140936
-2622
9596
1140936
-2622
9694
1140936
-2622
-11464
1140936
-2622
6919
1140936
-2622
-423
1140936
-2622
-1486
1140936
-2622
-5113
1140936
-2622
-3394
1140936
-2622
-3778
1140936
-2622
3195
1140936
-2622
10152
1140936
-2622
-2663
1140936
-2622
-8148
1140936
-2622
-7885
1140936
-2622
2730
1140936
-2622
-1299
1140936
-2622
-4079
1140936
-2622
14839
1140936
-2622
6069
1140936
-2622
-10501
1140936
-2622
9545
1140936
-2622
12914
1140936
-2622
14231
1140936
-2622
10064
1140936
-2622
11708
1140936
-2622
-8155
1140936
-2622
11813
1140936
-2622
-2873
1140936
-2622
-3888
1140936
-2622
-6906
1140936
-2622
-8829
1140936
-2622
-850
1140936
-2622
-8905
1140936
-2622
-9941
1140936
-2622
1470
1140936
-2622
-97
1140936
-2622
801
1140936
-2622
-1165
1140936
-2622
-5161
1140936
-2622
7499
1140936
-2622
-800
1140936
-2622
-10826
1140936
-2622
8295
1140936
-2622
9899
1140936
-2622
3352
1140936
-2622
5620
1140936
-2622
1000
1140936
10850
-6913
1958004
10850
-749
1958004
10850
-5545
1958004
10850
11691
1958004
10850
-4171
1958004
10850
-14076
1958004
10850
-1320
1958004
10850
8323
1958004
10850
-10543
1958004
10850
-698
1958004
10850
3196
1958004
10850
4559
1958004
10850
-44
1958004
10850
746
1958004
10850
3256
1958004
10850
12570
1958004
10850
9046
1958004
10850
-79
1958004
10850
4786
1958004
10850
18251
1958004
10850
5302
1958004
10850
-9697
1958004
10850
2710
1958004
10850
5959
1958004
10850
-2293
1958004
10850
-5778
1958004
10850
5926
1958004
10850
9285
1958004
10850
-3802
1958004
10850
-3664
1958004
10850
-6555
1958004
10850
4164
1958004
10850
3482
1958004
10850
-2602
1958004
10850
1112
1958004
10850
4259
1958004
10850
-5839
1958004
10850
-3795
1958004
10850
11247
1958004
10850
-10212
1958004
10850
7421
1958004
10850
-991
1958004
10850
-13223
1958004
10850
-5252
1958004
10850
2731
1958004
10850
2096
1958004
10850
-9239
1958004
10850
3972
1958004
10850
-20971
1958004
10850
403
1958004
-4667
2497
1067992
-4667
-12922
1067992
-4667
-2239
1067992
-4667
185
1067992
-4667
-2594
1067992
-4667
-2322
1067992
-4667
-13742
1067992
-4667
-7265
1067992
-4667
-7159
1067992
-4667
-18572
1067992
-4667
-10767
1067992
-4667
13922
1067992
-4667
5434
1067992
-4667
2113
1067992
-4667
-2203
1067992
-4667
4266
1067992
-4667
-5222
1067992
-4667
4019
1067992
-4667
-8931
1067992
-4667
-8818
1067992
-4667
-1011
1067992
-4667
-10025
1067992
-4667
-544
1067992
-4667
11258
1067992
-4667
2008
1067992
-4667
2677
1067992
-4667
9539
1067992
-4667
9409
1067992
-4667
2036
1067992
-4667
-3840
1067992
-4667
-2005
1067992
-4667
-2185
1067992
-4667
7929
1067992
-4667
-4477
1067992
-4667
-2049
1067992
-4667
18428
1067992
-4667
-738
1067992
-4667
3388
1067992
-4667
-4788
1067992
-4667
-2385
1067992
-4667
9435
1067992
-4667
2215
1067992
-4667
-5859
1067992
-4667
-9257
1067992
-4667
-3137
1067992
-4667
-555
1067992
-4667
18246
1067992
-4667
8858
1067992
-4667
16014
1067992
-4667
4957
1067992
-5270
4799
616175
-5270
-8820
616175
-5270
9162
616175
-5270
-4134
616175
-5270
58
616175
-5270
4213
616175
-5270
8154
616175
-5270
-1273
616175
-5270
-1498
616175
-5270
3286
616175
-5270
-3996
616175
-5270
5664
616175
-5270
-10292
616175
-5270
6777
616175
-5270
7707
616175
-5270
9500
616175
-5270
-373
616175
-5270
6508
616175
-5270
-10183
616175
-5270
2650
616175
-5270
-4537
616175
-5270
-9044
616175
-5270
10780
616175
-5270
3996
616175
-5270
4590
616175
-5270
8794
616175
-5270
3412
616175
-5270
8780
616175
-5270
5554
616175
-5270
5697
616175
-5270
13664
616175
-5270
-2660
616175
-5270
331
616175
-5270
-3930
616175
-5270
7727
616175
-5270
2356
616175
-5270
-1069
616175
-5270
-3402
616175
-5270
-8286
616175
-5270
8359
616175
-5270
-5122
616175
-5270
-177
616175
-5270
6980
616175
-5270
1210
616175
-5270
6251
616175
-5270
2633
616175
-5270
3243
616175
-5270
-2511
616175
-5270
3680
616175
-5270
21198
616175
39
1977
393473
39
1047
393473
39
-3297
393473
39
-3831
393473
39
-13769
393473
39
-8166
393473
39
-13755
393473
39
-9706
393473
39
-998
393473
39
1093
393473
39
-4040
393473
39
1222
393473
39
7090
393473
39
-1766
393473
39
4412
393473
39
7399
393473
39
-6266
393473
39
14771
393473
39
-7448
393473
39
3646
393473
39
888
393473
39
12941
393473
39
1002
393473
39
-3768
393473
39
6276
393473
39
-4076
393473
39
-12118
393473
39
-3043
393473
39
-14254
393473
39
4841
393473
39
-9754
393473
39
-4454
393473
39
6429
393473
39
8338
393473
39
-2804
393473
39
19379
393473
39
370
393473
39
5546
393473
39
-3199
393473
39
-5229
393473
39
-2826
393473
39
-1743
393473
39
-4347
393473
39
-1336
393473
39
-18498
393473
39
-4778
393473
39
7425
393473
39
2906
393473
39
-28025
393473
39
7633
393473
-1526
-16861
1253617
-1526
2111
1253617
-1526
11372
1253617
-1526
8121
1253617
-1526
4239
1253617
-1526
15213
1253617
-1526
-15404
1253617
-1526
-5309
1253617
-1526
-548
1253617
-1526
-4568
1253617
-1526
-8400
1253617
-1526
-6368
1253617
-1526
-2288
1253617
-1526
574
1253617
-1526
694
1253617
-1526
-654
1253617
-1526
-3512
1253617
-1526
-11970
1253617
-1526
-7940
1253617
-1526
4322
1253617
-1526
3910
1253617
-1526
-775
1253617
-1526
-13245
1253617
-1526
6324
1253617
-1526
7144
1253617
-1526
3086
1253617
-1526
-1841
1253617
-1526
1560
1253617
-1526
3766
1253617
-1526
-5065
1253617
-1526
9095
1253617
-1526
5532
1253617
-1526
-5104
1253617
-1526
3898
1253617
-1526
1339
1253617
-1526
-6896
1253617
-1526
-5804
1253617
-1526
6768
1253617
-1526
-1620
1253617
-1526
23422
1253617
-1526
-343
1253617
-1526
-8153
1253617
-1526
14959
1253617
-1526
2119
1253617
-1526
-8338
1253617
-1526
-14694
1253617
-1526
-10283
1253617
-1526
12856
1253617
-1526
449
1253617
-1526
-3587
1253617
-2676
1664
1728712
-2676
-20367
1728712
-2676
-2879
1728712
-2676
6951
1728712
-2676
-18493
1728712
-2676
-11667
1728712
-2676
13535
1728712
-2676
5086
1728712
-2676
2208
1728712
-2676
-1076
1728712
-2676
-3489
1728712
-2676
6305
1728712
-2676
-8681
1728712
-2676
3367
1728712
-2676
8716
1728712
-2676
-1417
1728712
-2676
-13025
1728712
-2676
1119
1728712
-2676
-2170
1728712
-2676
5066
1728712
-2676
5067
1728712
-2676
-1131
1728712
-2676
8184
1728712
-2676
8345
1728712
-2676
-1493
1728712
-2676
8145
1728712
-2676
-17331
1728712
-2676
-11035
1728712
-2676
7896
1728712
-2676
-5175
1728712
-2676
4411
1728712
-2676
3722
1728712
-2676
-4080
1728712
-2676
-8773
1728712
-2676
7467
1728712
-2676
3316
1728712
-2676
-777
1728712
-2676
-5949
1728712
-2676
-5123
1728712
-2676
7470
1728712
-2676
-340
1728712
-2676
3894
1728712
-2676
9129
1728712
-2676
-8494
1728712
-2676
-11035
1728712
-2676
-4041
1728712
-2676
74
1728712
-2676
-6113
1728712
-2676
17946
1728712
-2676
1313
1728712
-9736
2997
7471214
-9736
-12924
7471214
-9736
-10533
7471214
-9736
4955
7471214
-9736
394
7471214
-9736
19834
7471214
-9736
2462
7471214
-9736
4860
7471214
-9736
-1368
7471214
-9736
6034
7471214
-9736
9390
7471214
-9736
848
7471214
-9736
6016
7471214
-9736
-12188
7471214
-9736
1205
7471214
-9736
10584
7471214
-9736
2536
7471214
-9736
7071
7471214
-9736
-5378
7471214
-9736
-10846
7471214
-9736
-4371
7471214
-9736
-3797
7471214
-9736
9095
7471214
-9736
4059
7471214
-9736
4659
7471214
-9736
4960
7471214
-9736
-789
7471214
-9736
-3223
7471214
-9736
292
7471214
-9736
10664
7471214
-9736
4970
7471214
-9736
-730
7471214
-9736
7545
7471214
-9736
4621
7471214
-9736
1432
7471214
-9736
-8739
7471214
-9736
-725
7471214
-9736
-13380
7471214
-9736
-2979
7471214
-9736
9128
7471214
-9736
13873
7471214
-9736
-4101
7471214
-9736
-56
7471214
-9736
-8094
7471214
-9736
9385
7471214
-9736
-1627
7471214
-9736
5812
7471214
-9736
3596
7471214
-9736
3261
7471214
-9736
-1874
7471214
-2087
-746
2490806
-2087
9474
2490806
-2087
-14703
2490806
-2087
-10383
2490806
-2087
-3286
2490806
-2087
4638
2490806
-2087
14462
2490806
-2087
-8239
2490806
-2087
-2184
2490806
-2087
6042
2490806
-2087
3517
2490806
-2087
442
2490806
-2087
9828
2490806
-2087
-3917
2490806
-2087
5791
2490806
-2087
-471
2490806
-2087
7876
2490806
-2087
5211
2490806
-2087
2841
2490806
-2087
-6800
2490806
-2087
2587
2490806
-2087
8221
2490806
-2087
2536
2490806
-2087
-10876
2490806
-2087
-3531
2490806
-2087
1101
2490806
-2087
-21793
2490806
-2087
-17599
2490806
-2087
-8232
2490806
-2087
1344
2490806
-2087
1275
2490806
-2087
-5157
2490806
-2087
278
2490806
-2087
5560
2490806
-2087
15012
2490806
-2087
-9590
2490806
-2087
3159
2490806
-2087
3457
2490806
-2087
-5669
2490806
-2087
566
2490806
-2087
4344
2490806
-2087
11442
2490806
-2087
8262
2490806
-2087
-3441
2490806
-2087
11919
2490806
-2087
6944
2490806
-2087
10879
2490806
-2087
3325
2490806
-2087
-9001
2490806
-2087
4313
2490806
2491
-6663
3148559
2491
11559
3148559
2491
-3864
3148559
2491
-21906
3148559
2491
-3311
3148559
2491
-2535
3148559
2491
-4914
3148559
2491
22677
3148559
2491
-190
3148559
2491
6178
3148559
2491
2230
3148559
2491
-5106
3148559
2491
9314
3148559
2491
-3765
3148559
2491
-3176
3148559
2491
16197
3148559
2491
241
3148559
2491
2018
3148559
2491
8413
3148559
2491
365
3148559
2491
-7371
3148559
2491
846
3148559
2491
-4608
3148559
2491
-1906
3148559
2491
-442
3148559
2491
2861
3148559
2491
-1188
3148559
2491
4709
3148559
2491
-14039
3148559
2491
-117
3148559
2491
-5434
3148559
2491
11208
3148559
2491
10833
3148559
2491
3374
3148559
2491
1826
3148559
2491
-2245
3148559
2491
1547
3148559
2491
3085
3148559
2491
-1437
3148559
2491
-4247
3148559
2491
4030
3148559
2491
-334
3148559
2491
355
3148559
2491
11798
3148559
2491
-8675
3148559
2491
7389
3148559
2491
1268
3148559
2491
9859
3148559
2491
5660
3148559
2491
-4440
3148559
1950
-2699
2949147
1950
-9139
2949147
1950
-11907
2949147
1950
-11964
2949147
1950
15481
2949147
1950
5504
2949147
1950
-2964
2949147
1950
7209
2949147
1950
-3502
2949147
1950
-3769
2949147
1950
-2168
2949147
1950
-1501
2949147
1950
3099
2949147
1950
10261
2949147
1950
7865
2949147
1950
1793
2949147
1950
5958
2949147
1950
14705
2949147
1950
1491
2949147
1950
4026
2949147
1950
-1039
2949147
1950
-1640
2949147
1950
11558
2949147
1950
-8280
2949147
1950
-4251
2949147
1950
-2048
2949147
1950
3063
2949147
1950
2214
2949147
1950
-7354
2949147
1950
6555
2949147
1950
-9980
2949147
1950
-5225
2949147
1950
-3482
2949147
1950
-2720
2949147
1950
-2336
2949147
1950
-8309
2949147
1950
963
2949147
1950
6876
2949147
1950
-5172
2949147
1950
-19
2949147
1950
3764
2949147
1950
8490
2949147
1950
-1058
2949147
1950
6077
2949147
1950
4925
2949147
1950
-7356
2949147
1950
5019
2949147
1950
-4041
2949147
1950
-10109
2949147
1950
-2266
2949147
-1743
-9282
2104804
-1743
-6495
2104804
-1743
-2411
2104804
-1743
-10126
2104804
-1743
6270
2104804
-1743
-9792
2104804
-1743
2767
2104804
-1743
-4487
2104804
-1743
-10439
2104804
-1743
4119
2104804
-1743
1896
2104804
-1743
-3870
2104804
-1743
487
2104804
-1743
7455
2104804
-1743
-17353
2104804
-1743
9071
2104804
-1743
6190
2104804
-1743
6870
2104804
-1743
2516
2104804
-1743
6258
2104804
-1743
6686
2104804
-1743
-4836
2104804
-1743
-6117
2104804
-1743
6243
2104804
-1743
20972
2104804
-1743
-6053
2104804
-1743
-3492
2104804
-1743
9036
2104804
-1743
-8888
2104804
-1743
9426
2104804
-1743
959
2104804
-1743
9265
2104804
-1743
-4080
2104804
-1743
-2591
2104804
-1743
-4472
2104804
-1743
-1388
2104804
-1743
-11717
2104804
-1743
-5445
2104804
-1743
4887
2104804
-1743
9742
2104804
-1743
-1149
2104804
-1743
19583
2104804
-1743
-2314
2104804
-1743
-6291
2104804
-1743
-5688
2104804
-1743
1545
2104804
-1743
-2606
2104804
-1743
-8335
2104804
-1743
-6666
2104804
-1743
-6174
2104804
559
6588
1051911
559
-14271
1051911
559
-17117
1051911
559
4696
1051911
559
-10423
1051911
559
5428
1051911
559
1540
1051911
559
-13206
1051911
559
15830
1051911
559
8061
1051911
559
-3032
1051911
559
2256
1051911
559
16852
1051911
559
-7147
1051911
559
583
1051911
559
4737
1051911
559
3014
1051911
559
-19593
1051911
559
-554
1051911
559
12476
1051911
559
-9687
1051911
559
4490
1051911
559
-2804
1051911
559
-8959
1051911
559
-590
1051911
559
-7530
1051911
559
26236
1051911
559
19268
1051911
559
-843
1051911
559
17481
1051911
559
8622
1051911
559
6239
1051911
559
-5558
1051911
559
-94
1051911
559
-4745
1051911
559
-1401
1051911
559
-12689
1051911
559
-1492
1051911
559
-4322
1051911
559
-9923
1051911
559
5811
1051911
559
-2455
1051911
559
11376
1051911
559
-17850
1051911
559
7387
1051911
559
-12620
1051911
559
877
1051911
559
-9037
1051911
559
-5485
1051911
559
-9227
1051911
4926
-10886
96279
4926
21998
96279
4926
133
96279
4926
9239
96279
4926
2173
96279
4926
18455
96279
4926
-15153
96279
4926
6202
96279
4926
395
96279
4926
8439
96279
4926
1305
96279
4926
14616
96279
4926
-7400
96279
4926
-2854
96279
4926
6081
96279
4926
-5247
96279
4926
3000
96279
4926
-8530
96279
4926
-823
96279
4926
-13030
96279
4926
164
96279
4926
8013
96279
4926
-5467
96279
4926
1812
96279
4926
7914
96279
4926
1304
96279
4926
-11999
96279
4926
-13571
96279
4926
-11579
96279
4926
9701
96279
4926
-1897
96279
4926
1188
96279
4926
6837
96279
4926
1478
96279
4926
13684
96279
4926
-5159
96279
4926
-7712
96279
4926
3692
96279
4926
23204
96279
4926
-3370
96279
4926
-707
96279
4926
-13165
96279
4926
4684
96279
4926
-9976
96279
4926
-103
96279
4926
-2013
96279
4926
-1888
96279
4926
-12473
96279
4926
-4057
96279
4926
9422
96279
9422
9124
4275211
9422
9708
4275211
9422
-8152
4275211
9422
-63
4275211
9422
-7082
4275211
9422
-15762
4275211
9422
-1359
4275211
9422
4798
4275211
9422
-3134
4275211
9422
1322
4275211
9422
6518
4275211
9422
7740
4275211
9422
-4752
4275211
9422
-7106
4275211
9422
-4250
4275211
9422
-21271
4275211
9422
-8280
4275211
9422
-2440
4275211
9422
-11613
4275211
9422
8618
4275211
9422
-6555
4275211
9422
8995
4275211
9422
-406
4275211
9422
2842
4275211
9422
33
4275211
9422
29495
4275211
9422
-4804
4275211
9422
4795
4275211
9422
-20022
4275211
9422
8530
4275211
9422
3646
4275211
9422
-4617
4275211
9422
-2301
4275211
9422
-535
4275211
9422
4662
4275211
9422
32767
4275211
9422
7589
4275211
9422
11718
4275211
9422
-7885
4275211
9422
3989
4275211
9422
7422
4275211
9422
9998
4275211
9422
9964
4275211
9422
12428
4275211
9422
5656
4275211
9422
3635
4275211
9422
-5805
4275211
9422
5137
4275211
9422
1728
4275211
9422
431
4275211
-3298
4280
356563
-3298
-12045
356563
-3298
-5763
356563
-3298
13875
356563
-3298
2050
356563
-3298
23710
356563
-3298
846
356563
-3298
3696
356563
-3298
-1599
356563
-3298
-7174
356563
-3298
37
356563
-3298
-2015
356563
-3298
11657
356563
-3298
3176
356563
-3298
-22741
356563
-3298
-18249
356563
-3298
-10693
356563
-3298
3731
356563
-3298
2899
356563
-3298
1876
356563
-3298
3572
356563
-3298
6436
356563
-3298
3265
356563
-3298
6883
356563
-3298
-1541
356563
-3298
-14176
356563
-3298
-4119
356563
-3298
9514
356563
-3298
-3761
356563
-3298
-5305
356563
-3298
352
356563
-3298
-1591
356563
-3298
-10244
356563
-3298
-4975
356563
-3298
2888
356563
-3298
9544
356563
-3298
3845
356563
-3298
10763
356563
-3298
8139
356563
-3298
5422
356563
-3298
9178
356563
-3298
3024
356563
-3298
8056
356563
-3298
1878
356563
-3298
13205
356563
-3298
-10719
356563
-3298
-4643
356563
-3298
6973
356563
-3298
2361
356563
-3298
6457
356563
10800
-1701
1109108
10800
14264
1109108
10800
2928
1109108
10800
13974
1109108
10800
6535
1109108
10800
-4667
1109108
10800
-4018
1109108
10800
822
1109108
10800
-6308
1109108
10800
-8148
1109108
10800
1776
1109108
10800
4511
1109108
10800
11338
1109108
10800
-2982
1109108
10800
2201
1109108
10800
-8985
1109108
10800
2001
1109108
10800
-3628
1109108
10800
18480
1109108
10800
-3802
1109108
10800
-5985
1109108
10800
-1257
1109108
10800
18785
1109108
10800
-9407
1109108
10800
9006
1109108
10800
-5169
1109108
10800
-1117
1109108
10800
-1243
1109108
10800
4069
1109108
10800
2600
1109108
10800
743
1109108
10800
8943
1109108
10800
-9090
1109108
10800
-2861
1109108
10800
-7514
1109108
10800
3818
1109108
10800
-9682
1109108
10800
5366
1109108
10800
-2770
1109108
10800
10247
1109108
10800
11178
1109108
10800
-5780
1109108
10800
-21696
1109108
10800
4288
1109108
10800
-11788
1109108
10800
4322
1109108
10800
-19567
1109108
10800
-1655
1109108
10800
-877
1109108
10800
-5956
1109108
-755
-4485
79073
-755
5564
79073
-755
9292
79073
-755
1737
79073
-755
-4634
79073
-755
-4666
79073
-755
-4130
79073
-755
-2800
79073
-755
-6076
79073
-755
-5180
79073
-755
6137
79073
-755
3587
79073
-755
-4950
79073
-755
-2285
79073
-755
3644
79073
-755
-6715
79073
-755
-15150
79073
-755
12269
79073
-755
-5623
79073
-755
1513
79073
-755
831
79073
-755
-13406
79073
-755
1237
79073
-755
8924
79073
-755
-6315
79073
-755
-8128
79073
-755
7173
79073
-755
3269
79073
-755
-23560
79073
-755
-15064
79073
-755
1090
79073
-755
5957
79073
-755
13
79073
-755
5162
79073
-755
1909
79073
-755
1737
79073
-755
-30
79073
-755
102
79073
-755
-7903
79073
-755
-4032
79073
-755
6518
79073
-755
-4500
79073
-755
-5964
79073
-755
13725
79073
-755
-4756
79073
-755
5166
79073
-755
15398
79073
-755
380
79073
-755
-6604
79073
-755
152
79073
-4353
191
20991
-4353
1651
20991
-4353
517
20991
-4353
-8877
20991
-4353
19836
20991
-4353
794
20991
-4353
5103
20991
-4353
465
20991
-4353
8504
20991
-4353
-2330
20991
-4353
16561
20991
-4353
-3797
20991
-4353
-1044
20991
-4353
-1582
20991
-4353
-5132
20991
-4353
-2749
20991
-4353
13695
20991
-4353
1678
20991
-4353
4362
20991
-4353
16147
20991
-4353
5723
20991
-4353
5765
20991
-4353
4768
20991
-4353
-1756
20991
-4353
12027
20991
-4353
10137
20991
-4353
1273
20991
-4353
-606
20991
-4353
-10797
20991
-4353
-15914
20991
-4353
-6623
20991
-4353
2900
20991
-4353
-751
20991
-4353
4987
20991
-4353
2716
20991
-4353
3210
20991
-4353
-10139
20991
-4353
1266
20991
-4353
-8452
20991
-4353
4215
20991
-4353
-6798
20991
-4353
-7184
20991
-4353
2884
20991
-4353
-16421
20991
-4353
9973
20991
-4353
-10300
20991
-4353
6162
20991
-4353
10079
20991
-4353
-8236
20991
-4353
-12453
20991
-3638
3942
1263817
-3638
-16469
1263817
-3638
1592
1263817
-3638
2845
1263817
-3638
13050
1263817
-3638
3984
1263817
-3638
-97
1263817
-3638
-10068
1263817
-3638
-4299
1263817
-3638
15328
1263817
-3638
10579
1263817
-3638
2493
1263817
-3638
1831
1263817
-3638
4471
1263817
-3638
-1726
1263817
-3638
1318
1263817
-3638
55
1263817
-3638
-8076
1263817
-3638
-2063
1263817
-3638
2642
1263817
-3638
932
1263817
-3638
5598
1263817
-3638
-2402
1263817
-3638
-2320
1263817
-3638
11754
1263817
-3638
4770
1263817
-3638
7711
1263817
-3638
-13265
1263817
-3638
-10062
1263817
-3638
-12403
1263817
-3638
765
1263817
-3638
-587
1263817
-3638
10084
1263817
-3638
6271
1263817
-3638
-4668
1263817
-3638
-1513
1263817
-3638
-4807
1263817
-3638
-12910
1263817
-3638
-3003
1263817
-3638
1576
1263817
-3638
882
1263817
-3638
-5915
1263817
-3638
-279
1263817
-3638
-11983
1263817
-3638
1451
1263817
-3638
5164
1263817
-3638
8784
1263817
-3638
8631
1263817
-3638
-2471
1263817
-3638
-6370
1263817
-8370
4672
4267123
-8370
3083
4267123
-8370
-6846
4267123
-8370
7663
4267123
-8370
7535
4267123
-8370
1668
4267123
-8370
-2066
4267123
-8370
-5040
4267123
-8370
11493
4267123
-8370
3015
4267123
-8370
-8828
4267123
-8370
5338
4267123
-8370
-9530
4267123
-8370
924
4267123
-8370
-7626
4267123
-8370
11869
4267123
-8370
1052
4267123
-8370
-4230
4267123
-8370
6126
4267123
-8370
7503
4267123
-8370
-1723
4267123
-8370
5270
4267123
-8370
4125
4267123
-8370
-5778
4267123
-8370
-7734
4267123
-8370
-13238
4267123
-8370
4831
4267123
-8370
-6168
4267123
-8370
-2383
4267123
-8370
-11890
4267123
-8370
-15296
4267123
-8370
-6632
4267123
-8370
9309
4267123
-8370
-2468
4267123
-8370
13118
4267123
-8370
7656
4267123
-8370
-821
4267123
-8370
3784
4267123
-8370
5445
4267123
-8370
4190
4267123
-8370
-3900
4267123
-8370
-5331
4267123
-8370
-2488
4267123
-8370
-4840
4267123
-8370
-11049
4267123
-8370
-19038
4267123
-8370
3255
4267123
-8370
3866
4267123
-8370
2793
4267123
-8370
-3887
4267123
-3203
3342
614605
-3203
7502
614605
-3203
1983
614605
-3203
647
614605
-3203
-11558
614605
-3203
20792
614605
-3203
13747
614605
-3203
6708
614605
-3203
5349
614605
-3203
7507
614605
-3203
18078
614605
-3203
-5870
614605
-3203
1384
614605
-3203
5149
614605
-3203
19742
614605
-3203
-7127
614605
-3203
-5619
614605
-3203
-7815
614605
-3203
-6500
614605
-3203
9101
614605
-3203
1722
614605
-3203
3639
614605
-3203
-6928
614605
-3203
4146
614605
-3203
-9409
614605
-3203
5024
614605
-3203
-9910
614605
-3203
-8412
614605
-3203
2724
614605
-3203
-19302
614605
-3203
-968
614605
-3203
-7995
614605
-3203
-1096
614605
-3203
3294
614605
-3203
4350
614605
-3203
6163
614605
-3203
3068
614605
-3203
3442
614605
-3203
-5610
614605
-3203
-15142
614605
-3203
3017
614605
-3203
3833
614605
-3203
4686
614605
-3203
-11573
614605
-3203
14358
614605
-3203
-2686
614605
-3203
6562
614605
-3203
-3379
614605
-3203
1395
614605
-3203
12421
614605
-4389
3593
283639
-4389
-4510
283639
-4389
-4356
283639
-4389
284
283639
-4389
-90
283639
-4389
14832
283639
-4389
-510
283639
-4389
6234
283639
-4389
3241
283639
-4389
-6880
283639
-4389
1646
283639
-4389
2049
283639
-4389
-7132
283639
-4389
-1860
283639
-4389
3758
283639
-4389
-11710
283639
-4389
17270
283639
-4389
-5587
283639
-4389
2676
283639
-4389
-18857
283639
-4389
-15494
283639
-4389
-12652
283639
-4389
376
283639
-4389
1053
283639
-4389
1650
283639
-4389
-7778
283639
-4389
-11614
283639
-4389
6146
283639
-4389
-3851
283639
-4389
-4807
283639
-4389
-2261
283639
-4389
17794
283639
-4389
22129
283639
-4389
1974
283639
-4389
-2923
283639
-4389
10182
283639
-4389
1690
283639
-4389
4861
283639
-4389
5017
283639
-4389
-7934
283639
-4389
-6321
283639
-4389
19407
283639
-4389
9548
283639
-4389
9350
283639
-4389
-4532
283639
-4389
4336
283639
-4389
1198
283639
-4389
1646
283639
-4389
2224
283639
-4389
2113
283639
3714
-1929
610360
3714
-307
610360
3714
4716
610360
3714
-14711
610360
3714
10814
610360
3714
12173
610360
3714
-11421
610360
3714
11949
610360
3714
-901
610360
3714
15001
610360
3714
2905
610360
3714
3595
610360
3714
-6883
610360
3714
9553
610360
3714
4031
610360
3714
14118
610360
3714
8040
610360
3714
15156
610360
3714
3373
610360
3714
2910
610360
3714
4755
610360
3714
-2837
610360
3714
-6654
610360
3714
333
610360
3714
-8649
610360
3714
-2273
610360
3714
-2373
610360
3714
-15487
610360
3714
-4682
610360
3714
12169
610360
3714
13638
610360
3714
-3747
610360
3714
648
610360
3714
-18903
610360
3714
-4265
610360
3714
-6544
610360
3714
-16000
610360
3714
-3493
610360
3714
-11222
610360
3714
-5515
610360
3714
956
610360
3714
-11838
610360
3714
5291
610360
3714
-18154
610360
3714
-4970
610360
3714
11347
610360
3714
-2249
610360
3714
-8232
610360
3714
-10565
610360
3714
-10113
610360
12138
3011
640623
12138
779
640623
12138
-3666
640623
12138
-9533
640623
12138
10754
640623
12138
-697
640623
12138
-13583
640623
12138
-6873
640623
12138
-5256
640623
12138
1316
640623
12138
210
640623
12138
-9436
640623
12138
3200
640623
12138
14040
640623
12138
4107
640623
12138
3770
640623
12138
-7075
640623
12138
6033
640623
12138
9534
640623
12138
2580
640623
12138
-4326
640623
12138
1532
640623
12138
-872
640623
12138
-9539
640623
12138
-520
640623
12138
-356
640623
12138
-7737
640623
12138
3158
640623
12138
14953
640623
12138
-14503
640623
12138
424
640623
12138
-11646
640623
12138
-2854
640623
12138
-5086
640623
12138
-11862
640623
12138
8286
640623
12138
12494
640623
12138
11749
640623
12138
-6924
640623
12138
-13520
640623
12138
8793
640623
12138
-13645
640623
12138
7595
640623
12138
-3807
640623
12138
10260
640623
12138
-6072
640623
12138
-3810
640623
12138
2533
640623
12138
-6740
640623
12138
4894
640623
-3560
-15246
1458370
-3560
-6057
1458370
-3560
-7964
1458370
-3560
-5628
1458370
-3560
-11100
1458370
-3560
-7053
1458370
-3560
3039
1458370
-3560
-6258
1458370
-3560
6520
1458370
-3560
3447
1458370
-3560
-11842
1458370
-3560
-611
1458370
-3560
-5878
1458370
-3560
-2331
1458370
-3560
-13831
1458370
-3560
15080
1458370
-3560
-4973
1458370
-3560
-18144
1458370
-3560
-9334
1458370
-3560
2087
1458370
-3560
1620
1458370
-3560
-13811
1458370
-3560
-13934
1458370
-3560
-10835
1458370
-3560
3557
1458370
-3560
2311
1458370
-3560
-2098
1458370
-3560
4576
1458370
-3560
2801
1458370
-3560
1454
1458370
-3560
-12556
1458370
-3560
-20218
1458370
-3560
-4355
1458370
-3560
-1623
1458370
-3560
1539
1458370
-3560
-737
1458370
-3560
408
1458370
-3560
1230
1458370
-3560
-12600
1458370
-3560
2460
1458370
-3560
-11934
1458370
-3560
-17646
1458370
-3560
8137
1458370
-3560
-118
1458370
-3560
-4493
1458370
-3560
-3917
1458370
-3560
20738
1458370
-3560
-2560
1458370
-3560
-3297
1458370
-3560
-10160
1458370
3475
-16541
1655832
3475
-19134
1655832
3475
16677
1655832
3475
5386
1655832
3475
7518
1655832
3475
-1473
1655832
3475
7593
1655832
3475
6886
1655832
3475
18262
1655832
3475
4618
1655832
3475
1600
1655832
3475
-13548
1655832
3475
-8916
1655832
3475
-4684
1655832
3475
-3754
1655832
3475
-8119
1655832
3475
5700
1655832
3475
4194
1655832
3475
-4860
1655832
3475
-3973
1655832
3475
10995
1655832
3475
-11620
1655832
3475
3976
1655832
3475
-9310
1655832
3475
1652
1655832
3475
3452
1655832
3475
-5663
1655832
3475
11436
1655832
3475
4763
1655832
3475
-7764
1655832
3475
6686
1655832
3475
-1800
1655832
3475
11161
1655832
3475
-1676
1655832
3475
-11511
1655832
3475
-8007
1655832
3475
-483
1655832
3475
-2032
1655832
3475
-3915
1655832
3475
-3496
1655832
3475
-5302
1655832
3475
-5940
1655832
3475
1760
1655832
3475
8854
1655832
3475
-7966
1655832
3475
2818
1655832
3475
12467
1655832
3475
1071
1655832
3475
-9428
1655832
3475
-3674
1655832
7535
-16387
4732199
7535
-2664
4732199
7535
4102
4732199
7535
-8461
4732199
7535
6395
4732199
7535
22528
4732199
7535
-6598
4732199
7535
10023
4732199
7535
6104
4732199
7535
577
4732199
7535
-6218
4732199
7535
-11109
4732199
7535
83
4732199
7535
4926
4732199
7535
5821
4732199
7535
-1597
4732199
7535
-3145
4732199
7535
9966
4732199
7535
9907
4732199
7535
-3965
4732199
7535
3043
4732199
7535
-3977
4732199
7535
1816
4732199
7535
3464
4732199
7535
3200
4732199
7535
-6823
4732199
7535
6335
4732199
7535
4409
4732199
7535
1576
4732199
7535
7780
4732199
7535
3122
4732199
7535
35
4732199
7535
-976
4732199
7535
2147
4732199
7535
1877
4732199
7535
-3138
4732199
7535
5898
4732199
7535
-1572
4732199
7535
-1852
4732199
7535
-2605
4732199
7535
-3465
4732199
7535
4642
4732199
7535
567
4732199
7535
-234
4732199
7535
-10595
4732199
7535
6345
4732199
7535
8779
4732199
7535
5286
4732199
7535
6384
4732199
7535
-12081
4732199
15063
-4677
179577
15063
8966
179577
15063
-13718
179577
15063
-5367
179577
15063
1403
179577
15063
8843
179577
15063
5721
179577
15063
19233
179577
15063
1437
179577
15063
23180
179577
15063
4392
179577
15063
-4833
179577
15063
8410
179577
15063
-11197
179577
15063
7008
179577
15063
5340
179577
15063
4609
179577
15063
244
179577
15063
-4028
179577
15063
9002
179577
15063
-2039
179577
15063
-526
179577
15063
-9223
179577
15063
3773
179577
15063
-7041
179577
15063
3536
179577
15063
7165
179577
15063
7823
179577
15063
-362
179577
15063
-11281
179577
15063
-3128
179577
15063
12813
179577
15063
6486
179577
15063
13529
179577
15063
-15485
179577
15063
-8023
179577
15063
17508
179577
15063
-3693
179577
15063
24
179577
15063
-7727
179577
15063
4415
179577
15063
7622
179577
15063
7502
179577
15063
2006
179577
15063
15477
179577
15063
-4633
179577
15063
-670
179577
15063
3055
179577
15063
-1059
179577
15063
-10108
179577
-11114
-6958
779393
-11114
-2051
779393
-11114
7554
779393
-11114
-3034
779393
-11114
-2799
779393
-11114
-5622
779393
-11114
-615
779393
-11114
7521
779393
-11114
-24904
779393
-11114
1540
779393
-11114
-11557
779393
-11114
4027
779393
-11114
5265
779393
-11114
3897
779393
-11114
5968
779393
-11114
-16517
779393
-11114
14868
779393
-11114
-8932
779393
-11114
4618
779393
-11114
-4090
779393
-11114
1562
779393
-11114
-5015
779393
-11114
2865
779393
-11114
-16168
779393
-11114
-99
779393
-11114
236
779393
-11114
6130
779393
-11114
-3388
779393
-11114
2089
779393
-11114
6569
779393
-11114
-2695
779393
-11114
-5961
779393
-11114
7293
779393
-11114
-9205
779393
-11114
4768
779393
-11114
352
779393
-11114
2712
779393
-11114
-7576
779393
-11114
1131
779393
-11114
9981
779393
-11114
-10310
779393
-11114
6960
779393
-11114
-4096
779393
-11114
-4201
779393
-11114
-2083
779393
-11114
1486
779393
-11114
-14739
779393
-11114
-1857
779393
-11114
-255
779393
-11114
-1801
779393
4447
-419
284931
4447
-3031
284931
4447
840
284931
4447
864
284931
4447
13625
284931
4447
-276
284931
4447
2545
284931
4447
-5825
284931
4447
2282
284931
4447
5029
284931
4447
6073
284931
4447
8372
284931
4447
-13888
284931
4447
3078
284931
4447
23072
284931
4447
-7967
284931
4447
14413
284931
4447
-8100
284931
4447
70
284931
4447
3759
284931
4447
9537
284931
4447
-7218
284931
4447
-13837
284931
4447
-3174
284931
4447
9257
284931
4447
-2206
284931
4447
-8150
284931
4447
5375
284931
4447
491
284931
4447
990
284931
4447
-7908
284931
4447
-4219
284931
4447
-1968
284931
4447
-2926
284931
4447
-2601
284931
4447
-959
284931
4447
3335
284931
4447
-1232
284931
4447
10782
284931
4447
3564
284931
4447
5982
284931
4447
-20756
284931
4447
-2651
284931
4447
9282
284931
4447
-11434
284931
4447
9633
284931
4447
-5912
284931
4447
2593
284931
4447
2820
284931
4447
-8628
284931
-8490
10812
4398201
-8490
8017
4398201
-8490
355
4398201
-8490
4893
4398201
-8490
10564
4398201
-8490
-2875
4398201
-8490
6457
4398201
-8490
5985
4398201
-8490
12996
4398201
-8490
-8453
4398201
-8490
4359
4398201
-8490
10305
4398201
-8490
-897
4398201
-8490
-11189
4398201
-8490
12446
4398201
-8490
-1756
4398201
-8490
17656
4398201
-8490
-1730
4398201
-8490
3534
4398201
-8490
4615
4398201
-8490
-7241
4398201
-8490
-1478
4398201
-8490
8293
4398201
-8490
-5358
4398201
-8490
-7128
4398201
-8490
3425
4398201
-8490
1127
4398201
-8490
-3891
4398201
-8490
267
4398201
-8490
-12821
4398201
-8490
-3352
4398201
-8490
-9271
4398201
-8490
-7549
4398201
-8490
11068
4398201
-8490
-15511
4398201
-8490
-10333
4398201
-8490
1852
4398201
-8490
-4501
4398201
-8490
5944
4398201
-8490
1971
4398201
-8490
1636
4398201
-8490
-5895
4398201
-8490
15688
4398201
-8490
-2566
4398201
-8490
3294
4398201
-8490
-3484
4398201
-8490
-2762
4398201
-8490
3359
4398201
-8490
-7983
4398201
-8490
12062
4398201
2757
10830
31544
2757
989
31544
2757
412
31544
2757
2742
31544
2757
-9303
31544
2757
1349
31544
2757
14916
31544
2757
3937
31544
2757
13144
31544
2757
4607
31544
2757
-8733
31544
2757
11713
31544
2757
-2924
31544
2757
-2454
31544
2757
-10727
31544
2757
5107
31544
2757
-377
31544
2757
9377
31544
2757
-9885
31544
2757
-1006
31544
2757
-754
31544
2757
-4136
31544
2757
-3266
31544
2757
-338
31544
2757
-11914
31544
2757
4851
31544
2757
8655
31544
2757
-7915
31544
2757
-19095
31544
2757
-11102
31544
2757
4724
31544
2757
-429
31544
2757
8145
31544
2757
-4710
31544
2757
10511
31544
2757
-19555
31544
2757
3231
31544
2757
-11906
31544
2757
4228
31544
2757
-717
31544
2757
-8734
31544
2757
-10840
31544
2757
4986
31544
2757
-5497
31544
2757
13022
31544
2757
-7691
31544
2757
4592
31544
2757
3028
31544
2757
-4946
31544
2757
-7917
31544
-6098
4628
2182375
-6098
-9097
2182375
-6098
-4690
2182375
-6098
-9501
2182375
-6098
4041
2182375
-6098
-3074
2182375
-6098
-2026
2182375
-6098
-3702
2182375
-6098
-5609
2182375
-6098
13861
2182375
-6098
19990
2182375
-6098
-552
2182375
-6098
-9173
2182375
-6098
-4661
2182375
-6098
-15762
2182375
-6098
5955
2182375
-6098
-9316
2182375
-6098
3061
2182375
-6098
-7838
2182375
-6098
-15831
2182375
-6098
15308
2182375
-6098
-10356
2182375
-6098
-7672
2182375
-6098
-9202
2182375
-6098
3
2182375
-6098
-1357
2182375
-6098
-2789
2182375
-6098
13635
2182375
-6098
2129
2182375
-6098
4869
2182375
-6098
-11404
2182375
-6098
-7849
2182375
-6098
-1812
2182375
-6098
9969
2182375
-6098
1648
2182375
-6098
-5713
2182375
-6098
-11189
2182375
-6098
11731
2182375
-6098
9766
2182375
-6098
9750
2182375
-6098
-4883
2182375
-6098
-2868
2182375
-6098
150
2182375
-6098
134
2182375
-6098
-6538
2182375
-6098
-2717
2182375
-6098
-4457
2182375
-6098
2483
2182375
-6098
-1016
2182375
-6098
-7162
2182375
-22577
19217
6327771
-22577
15307
6327771
-22577
4693
6327771
-22577
-8538
6327771
-22577
9379
6327771
-22577
6327
6327771
-22577
-2949
6327771
-22577
3449
6327771
-22577
-2704
6327771
-22577
-4260
6327771
-22577
-3865
6327771
-22577
-5011
6327771
-22577
-14471
6327771
-22577
-8897
6327771
-22577
2503
6327771
-22577
8103
6327771
-22577
-2913
6327771
-22577
-15531
6327771
-22577
3243
6327771
-22577
-1665
6327771
-22577
-3116
6327771
-22577
-5510
6327771
-22577
4077
6327771
-22577
-1008
6327771
-22577
-3360
6327771
-22577
-1883
6327771
-22577
5567
6327771
-22577
4357
6327771
-22577
4843
6327771
-22577
-8448
6327771
-22577
129
6327771
-22577
5355
6327771
-22577
6367
6327771
-22577
7937
6327771
-22577
-7622
6327771
-22577
-11144
6327771
-22577
-1623
6327771
-22577
10900
6327771
-22577
825
6327771
-22577
-12048
6327771
-22577
6470
6327771
-22577
-3636
6327771
-22577
-14363
6327771
-22577
5779
6327771
-22577
9376
6327771
-22577
7603
6327771
-22577
4107
6327771
-22577
2972
6327771
-22577
5111
6327771
-22577
3903
6327771
-1984
7663
2099424
-1984
-20809
2099424
-1984
1039
2099424
-1984
-2005
2099424
-1984
1784
2099424
-1984
3769
2099424
-1984
3228
2099424
-1984
1110
2099424
-1984
-5050
2099424
-1984
-4305
2099424
-1984
-17172
2099424
-1984
-5728
2099424
-1984
-9871
2099424
-1984
3811
2099424
-1984
-9788
2099424
-1984
-16426
2099424
-1984
10745
2099424
-1984
-2694
2099424
-1984
17729
2099424
-1984
-13703
2099424
-1984
-24066
2099424
-1984
4350
2099424
-1984
-297
2099424
-1984
612
2099424
-1984
-11875
2099424
-1984
5628
2099424
-1984
-8601
2099424
-1984
1915
2099424
-1984
-2022
2099424
-1984
1403
2099424
-1984
-8499
2099424
-1984
1554
2099424
-1984
4160
2099424
-1984
5714
2099424
-1984
-15559
2099424
-1984
13219
2099424
-1984
-15531
2099424
-1984
1297
2099424
-1984
-10189
2099424
-1984
-4265
2099424
-1984
-3561
2099424
-1984
2089
2099424
-1984
6594
2099424
-1984
-15180
2099424
-1984
823
2099424
-1984
1362
2099424
-1984
-4790
2099424
-1984
-13380
2099424
-1984
-13478
2099424
-1984
4039
2099424
5202
-11345
93184
5202
3724
93184
5202
8250
93184
5202
5831
93184
5202
-10254
93184
5202
-13271
93184
5202
-9248
93184
5202
-8849
93184
5202
1207
93184
5202
10082
93184
5202
7921
93184
5202
-4503
93184
5202
6667
93184
5202
11445
93184
5202
-1994
93184
5202
-8583
93184
5202
3935
93184
5202
6276
93184
5202
3481
93184
5202
-3319
93184
5202
-6510
93184
5202
7847
93184
5202
8555
93184
5202
2036
93184
5202
-5262
93184
5202
5681
93184
5202
-11634
93184
5202
5787
93184
5202
2811
93184
5202
12078
93184
5202
5588
93184
5202
7719
93184
5202
-3660
93184
5202
9135
93184
5202
8255
93184
5202
-5065
93184
5202
-7688
93184
5202
9410
93184
5202
-4452
93184
5202
-1169
93184
5202
6901
93184
5202
-555
93184
5202
-1387
93184
5202
12454
93184
5202
6308
93184
5202
12536
93184
5202
-10868
93184
5202
-2174
93184
5202
-5162
93184
5202
6972
93184
7731
2330
5311540
7731
-50
5311540
7731
-7227
5311540
7731
-12407
5311540
7731
3510
5311540
7731
-1623
5311540
7731
-5495
5311540
7731
-278
5311540
7731
-842
5311540
7731
4632
5311540
7731
-9110
5311540
7731
5318
5311540
7731
817
5311540
7731
-5769
5311540
7731
2131
5311540
7731
-8868
5311540
7731
-6078
5311540
7731
-1418
5311540
7731
22142
5311540
7731
14094
5311540
7731
-328
5311540
7731
-10073
5311540
7731
-4228
5311540
7731
-5067
5311540
7731
-1173
5311540
7731
-15554
5311540
7731
-7797
5311540
7731
-1540
5311540
7731
-119
5311540
7731
2830
5311540
7731
-8408
5311540
7731
1154
5311540
7731
-1821
5311540
7731
-10820
5311540
7731
-7155
5311540
7731
-5857
5311540
7731
2043
5311540
7731
-674
5311540
7731
-4784
5311540
7731
-3552
5311540
7731
-505
5311540
7731
-4131
5311540
7731
10376
5311540
7731
1936
5311540
7731
3635
5311540
7731
475
5311540
7731
-7303
5311540
7731
-10308
5311540
7731
-3459
5311540
7731
-3599
5311540
11101
-813
391281
11101
2780
391281
11101
3290
391281
11101
-8388
391281
11101
-2825
391281
11101
9650
391281
11101
9494
391281
11101
2409
391281
11101
9523
391281
11101
1615
391281
11101
1531
391281
11101
-2872
391281
11101
-13724
391281
11101
10991
391281
11101
-3188
391281
11101
-9109
391281
11101
-2331
391281
11101
4408
391281
11101
3850
391281
11101
16009
391281
11101
3847
391281
11101
-3675
391281
11101
-8519
391281
11101
-13641
391281
11101
-7972
391281
11101
16716
391281
11101
4698
391281
11101
-806
391281
11101
-7871
391281
11101
11113
391281
11101
-3721
391281
11101
10512
391281
11101
14450
391281
11101
-2553
391281
11101
19935
391281
11101
-5756
391281
11101
-1490
391281
11101
8324
391281
11101
5725
391281
11101
7028
391281
11101
5271
391281
11101
-2977
391281
11101
5156
391281
11101
-12578
391281
11101
2506
391281
11101
-4898
391281
11101
-2210
391281
11101
5152
391281
11101
4060
391281
11101
-1133
391281
-9646
1912
5319792
-9646
2946
5319792
-9646
-10833
5319792
-9646
-2099
5319792
-9646
-367
5319792
-9646
-756
5319792
-9646
-1056
5319792
-9646
23215
5319792
-9646
9094
5319792
-9646
-6882
5319792
-9646
179
5319792
-9646
2980
5319792
-9646
9730
5319792
-9646
10763
5319792
-9646
5285
5319792
-9646
1290
5319792
-9646
-4964
5319792
-9646
11458
5319792
-9646
12419
5319792
-9646
-14002
5319792
-9646
-3789
5319792
-9646
528
5319792
-9646
7181
5319792
-9646
3351
5319792
-9646
17577
5319792
-9646
5916
5319792
-9646
3328
5319792
-9646
16518
5319792
-9646
7749
5319792
-9646
-3148
5319792
-9646
6817
5319792
-9646
7675
5319792
-9646
9068
5319792
-9646
2292
5319792
-9646
-4532
5319792
-9646
10275
5319792
-9646
1521
5319792
-9646
-7890
5319792
-9646
6607
5319792
-9646
6400
5319792
-9646
-12236
5319792
-9646
5000
5319792
-9646
4272
5319792
-9646
5469
5319792
-9646
8327
5319792
-9646
-6078
5319792
-9646
-4509
5319792
-9646
-10313
5319792
-9646
14411
5319792
-9646
-5640
5319792
-2083
5107
2425013
-2083
1142
2425013
-2083
6395
2425013
-2083
-3308
2425013
-2083
4406
2425013
-2083
-16869
2425013
-2083
7184
2425013
-2083
-2338
2425013
-2083
1602
2425013
-2083
11841
2425013
-2083
3064
2425013
-2083
-8216
2425013
-2083
-4856
2425013
-2083
-2417
2425013
-2083
3686
2425013
-2083
4172
2425013
-2083
-3560
2425013
-2083
-161
2425013
-2083
-1518
2425013
-2083
-1516
2425013
-2083
-2409
2425013
-2083
-4274
2425013
-2083
14195
2425013
-2083
-233
2425013
-2083
-2747
2425013
-2083
-2915
2425013
-2083
-10310
2425013
-2083
6786
2425013
-2083
10307
2425013
-2083
-4291
2425013
-2083
7104
2425013
-2083
3609
2425013
-2083
2287
2425013
-2083
-4947
2425013
-2083
-15171
2425013
-2083
3757
2425013
-2083
-6804
2425013
-2083
-3732
2425013
-2083
-11010
2425013
-2083
-11221
2425013
-2083
-6697
2425013
-2083
-358
2425013
-2083
-2962
2425013
-2083
6214
2425013
-2083
-5861
2425013
-2083
4497
2425013
-2083
-8608
2425013
-2083
4232
2425013
-2083
711
2425013
-2083
9091
2425013
1429
3840
1582856
1429
-13149
1582856
1429
6718
1582856
1429
22480
1582856
1429
-5875
1582856
1429
-15790
1582856
1429
-1091
1582856
1429
99
1582856
1429
5004
1582856
1429
-13134
1582856
1429
-4074
1582856
1429
11825
1582856
1429
-483
1582856
1429
6465
1582856
1429
465
1582856
1429
-19168
1582856
1429
2799
1582856
1429
9189
1582856
1429
7443
1582856
1429
5851
1582856
1429
-11217
1582856
1429
-7393
1582856
1429
-8689
1582856
1429
-4187
1582856
1429
-3856
1582856
1429
3899
1582856
1429
6467
1582856
1429
10235
1582856
1429
1058
1582856
1429
5235
1582856
1429
-4088
1582856
1429
-6912
1582856
1429
2984
1582856
1429
-4820
1582856
1429
4228
1582856
1429
2363
1582856
1429
10453
1582856
1429
-5341
1582856
1429
12624
1582856
1429
-10478
1582856
1429
-10348
1582856
1429
-416
1582856
1429
639
1582856
1429
-7386
1582856
1429
1972
1582856
1429
9174
1582856
1429
-9606
1582856
1429
-16758
1582856
1429
-10045
1582856
1429
-8458
1582856
-13009
-7742
64935
-13009
3414
64935
-13009
-1619
64935
-13009
8356
64935
-13009
-21162
64935
-13009
-12082
64935
-13009
-10291
64935
-13009
-11366
64935
-13009
-5874
64935
-13009
-4462
64935
-13009
-1
64935
-13009
-5478
64935
-13009
2013
64935
-13009
6873
64935
-13009
-4476
64935
-13009
-2356
64935
-13009
4093
64935
-13009
-6371
64935
-13009
-14654
64935
-13009
4296
64935
-13009
-8845
64935
-13009
-7366
64935
-13009
-2348
64935
-13009
3978
64935
-13009
-6561
64935
-13009
8145
64935
-13009
1804
64935
-13009
-7441
64935
-13009
905
64935
-13009
-2886
64935
-13009
9252
64935
-13009
-1721
64935
-13009
-5700
64935
-13009
-8073
64935
-13009
-10687
64935
-13009
-4822
64935
-13009
10214
64935
-13009
-6042
64935
-13009
4649
64935
-13009
-1016
64935
-13009
6738
64935
-13009
-8540
64935
-13009
-7607
64935
-13009
9125
64935
-13009
-9763
64935
-13009
18413
64935
-13009
15639
64935
-13009
-1953
64935
-13009
-11654
64935
-13009
-3525
64935
1599
164
3148055
1599
6497
3148055
1599
-4040
3148055
1599
-9710
3148055
1599
169
3148055
1599
1565
3148055
1599
-4558
3148055
1599
979
3148055
1599
7825
3148055
1599
-1160
3148055
1599
-7428
3148055
1599
-1781
3148055
1599
-433
3148055
1599
5137
3148055
1599
15105
3148055
1599
-7000
3148055
1599
3431
3148055
1599
-6818
3148055
1599
-952
3148055
1599
-177
3148055
1599
-8595
3148055
1599
12234
3148055
1599
-4735
3148055
1599
1217
3148055
1599
-5075
3148055
1599
1506
3148055
1599
-11550
3148055
1599
-11702
3148055
1599
-14196
3148055
1599
2144
3148055
1599
4129
3148055
1599
3800
3148055
1599
4393
3148055
1599
-644
3148055
1599
-2917
3148055
1599
10621
3148055
1599
10230
3148055
1599
-7802
3148055
1599
-6790
3148055
1599
2434
3148055
1599
-1670
3148055
1599
-2370
3148055
1599
12224
3148055
1599
7676
3148055
1599
-10079
3148055
1599
11232
3148055
1599
-1899
3148055
1599
1684
3148055
1599
4052
3148055
1599
-7112
3148055
-2430
-1905
2691256
-2430
-886
2691256
-2430
14631
2691256
-2430
6948
2691256
-2430
-10407
2691256
-2430
-8176
2691256
-2430
-2257
2691256
-2430
-5188
2691256
-2430
-8632
2691256
-2430
1553
2691256
-2430
-8740
2691256
-2430
-2536
2691256
-2430
6846
2691256
-2430
-14648
2691256
-2430
-9068
2691256
-2430
125
2691256
-2430
-6748
2691256
-2430
-3846
2691256
-2430
-5003
2691256
-2430
4836
2691256
-2430
-10761
2691256
-2430
5648
2691256
-2430
3000
2691256
-2430
6595
2691256
-2430
8432
2691256
-2430
-5816
2691256
-2430
-19239
2691256
-2430
-14909
2691256
-2430
-5390
2691256
-2430
-814
2691256
-2430
-5709
2691256
-2430
-9513
2691256
-2430
13722
2691256
-2430
13184
2691256
-2430
-4073
2691256
-2430
-5273
2691256
-2430
733
2691256
-2430
-3437
2691256
-2430
6291
2691256
-2430
-3586
2691256
-2430
-5185
2691256
-2430
10400
2691256
-2430
-365
2691256
-2430
5485
2691256
-2430
-2255
2691256
-2430
-29
2691256
-2430
2103
2691256
-2430
-4502
2691256
-2430
-20
2691256
-2430
5859
2691256
-2713
6468
946629
-2713
9740
946629
-2713
-786
946629
-2713
5516
946629
-2713
-3410
946629
-2713
10908
946629
-2713
-5233
946629
-2713
-5867
946629
-2713
-13782
946629
-2713
11230
946629
-2713
2463
946629
-2713
-6725
946629
-2713
-6211
946629
-2713
-7722
946629
-2713
11445
946629
-2713
-5754
946629
-2713
-18194
946629
-2713
3491
946629
-2713
4300
946629
-2713
5093
946629
-2713
6274
946629
-2713
-11567
946629
-2713
3806
946629
-2713
7714
946629
-2713
-12428
946629
-2713
-735
946629
-2713
618
946629
-2713
1120
946629
-2713
1683
946629
-2713
4727
946629
-2713
-7484
946629
-2713
5880
946629
-2713
3894
946629
-2713
-6804
946629
-2713
4718
946629
-2713
13909
946629
-2713
11680
946629
-2713
3572
946629
-2713
14014
946629
-2713
-27526
946629
-2713
-12286
946629
-2713
3912
946629
-2713
18272
946629
-2713
2254
946629
-2713
16609
946629
-2713
-1749
946629
-2713
3098
946629
-2713
-179
946629
-2713
-5123
946629
-2713
-4405
946629
6097
13005
2116888
6097
-9973
2116888
6097
-11404
2116888
6097
-49
2116888
6097
-9847
2116888
6097
-15016
2116888
6097
1860
2116888
6097
5806
2116888
6097
-2469
2116888
6097
-5653
2116888
6097
5198
2116888
6097
1961
2116888
6097
-6854
2116888
6097
-9098
2116888
6097
-10443
2116888
6097
-9900
2116888
6097
-2022
2116888
6097
-9153
2116888
6097
-15770
2116888
6097
-1027
2116888
6097
9407
2116888
6097
-1786
2116888
6097
-5565
2116888
6097
-10697
2116888
6097
5683
2116888
6097
-12626
2116888
6097
-9005
2116888
6097
-155
2116888
6097
3851
2116888
6097
2675
2116888
6097
15910
2116888
6097
-3827
2116888
6097
-11224
2116888
6097
2322
2116888
6097
-6752
2116888
6097
-1153
2116888
6097
4394
2116888
6097
4181
2116888
6097
7624
2116888
6097
8252
2116888
6097
5102
2116888
6097
-4077
2116888
6097
-11440
2116888
6097
3575
2116888
6097
3733
2116888
6097
1679
2116888
6097
9701
2116888
6097
-674
2116888
6097
-7047
2116888
6097
-12112
2116888
-3183
-3776
550360
-3183
2907
550360
-3183
-6082
550360
-3183
-15724
550360
-3183
-1563
550360
-3183
-4557
550360
-3183
-2031
550360
-3183
1656
550360
-3183
-757
550360
-3183
-1191
550360
-3183
-7259
550360
-3183
7657
550360
-3183
10480
550360
-3183
9486
550360
-3183
7141
550360
-3183
-2347
550360
-3183
-10176
550360
-3183
11678
550360
-3183
-13225
550360
-3183
3566
550360
-3183
9272
550360
-3183
-3775
550360
-3183
-3828
550360
-3183
-11130
550360
-3183
2575
550360
-3183
-10554
550360
-3183
13689
550360
-3183
2845
550360
-3183
6768
550360
-3183
6898
550360
-3183
-6238
550360
-3183
-6982
550360
-3183
-12831
550360
-3183
-1108
550360
-3183
712
550360
-3183
9108
550360
-3183
-5399
550360
-3183
1933
550360
-3183
-475
550360
-3183
-10593
550360
-3183
-6198
550360
-3183
-6523
550360
-3183
7569
550360
-3183
-1108
550360
-3183
9255
550360
-3183
-1541
550360
-3183
-6246
550360
-3183
-2525
550360
-3183
-8163
550360
-3183
2485
550360
11360
-19853
843876
11360
3115
843876
11360
1045
843876
11360
3656
843876
11360
11194
843876
11360
-2933
843876
11360
-8718
843876
11360
2153
843876
11360
-3804
843876
11360
6547
843876
11360
3917
843876
11360
9134
843876
11360
-923
843876
11360
9889
843876
11360
15619
843876
11360
5076
843876
11360
-30
843876
11360
6560
843876
11360
1427
843876
11360
-338
843876
11360
1282
843876
11360
14971
843876
11360
-5839
843876
11360
-6638
843876
11360
-9726
843876
11360
2304
843876
11360
-7622
843876
11360
3022
843876
11360
15042
843876
11360
-234
843876
11360
-12150
843876
11360
-1829
843876
11360
19739
843876
11360
-12990
843876
11360
-8774
843876
11360
-12318
843876
11360
-7966
843876
11360
1758
843876
11360
2052
843876
11360
15925
843876
11360
4098
843876
11360
1385
843876
11360
16607
843876
11360
-4443
843876
11360
8901
843876
11360
-6236
843876
11360
-5324
843876
11360
-14937
843876
11360
17376
843876
11360
-5213
843876
962
148
75800
962
20059
75800
962
-2137
75800
962
9036
75800
962
-2260
75800
962
-4770
75800
962
-8238
75800
962
-397
75800
962
2798
75800
962
8676
75800
962
-3499
75800
962
-7399
75800
962
6940
75800
962
-1473
75800
962
6469
75800
962
-4795
75800
962
10954
75800
962
8736
75800
962
18240
75800
962
12702
75800
962
8172
75800
962
-4939
75800
962
6525
75800
962
19800
75800
962
11466
75800
962
-8115
75800
962
-2884
75800
962
4955
75800
962
1753
75800
962
-6043
75800
962
652
75800
962
3027
75800
962
-6180
75800
962
-6306
75800
962
7659
75800
962
3144
75800
962
2541
75800
962
-6286
75800
962
-3897
75800
962
-19709
75800
962
7502
75800
962
-4891
75800
962
3424
75800
962
-1427
75800
962
7439
75800
962
-7080
75800
962
7844
75800
962
9252
75800
962
9088
75800
962
-5821
75800
11338
12949
256097
11338
-5570
256097
11338
-6938
256097
11338
1974
256097
11338
-633
256097
11338
-13458
256097
11338
-5143
256097
11338
11152
256097
11338
-2797
256097
11338
5493
256097
11338
-6116
256097
11338
-819
256097
11338
-9391
256097
11338
-4383
256097
11338
12925
256097
11338
3183
256097
11338
-2759
256097
11338
3817
256097
11338
-3437
256097
11338
3617
256097
11338
-1520
256097
11338
-75
256097
11338
-2072
256097
11338
-11778
256097
11338
-7457
256097
11338
5158
256097
11338
-11273
256097
11338
993
256097
11338
-7639
256097
11338
-1267
256097
11338
8017
256097
11338
-10112
256097
11338
-7365
256097
11338
-1897
256097
11338
-1324
256097
11338
-4735
256097
11338
-7785
256097
11338
-12104
256097
11338
-6273
256097
11338
11175
256097
11338
-5967
256097
11338
4578
256097
11338
27994
256097
11338
11162
256097
11338
8967
256097
11338
-4729
256097
11338
13967
256097
11338
-2709
256097
11338
-6197
256097
11338
39
256097
13447
-5981
713025
13447
11257
713025
13447
-5057
713025
13447
-2609
713025
13447
11491
713025
13447
967
713025
13447
10310
713025
13447
-4648
713025
13447
351
713025
13447
11302
713025
13447
-371
713025
13447
410
713025
13447
-771
713025
13447
10875
713025
13447
-2020
713025
13447
-761
713025
13447
5586
713025
13447
3728
713025
13447
-2000
713025
13447
3447
713025
13447
8900
713025
13447
9303
713025
13447
2803
713025
13447
-1769
713025
13447
2514
713025
13447
-340
713025
13447
-8179
713025
13447
-17807
713025
13447
8841
713025
13447
-1643
713025
13447
4269
713025
13447
-988
713025
13447
2967
713025
13447
-8119
713025
13447
2586
713025
13447
-9841
713025
13447
-3336
713025
13447
1211
713025
13447
-10142
713025
13447
-6954
713025
13447
9235
713025
13447
-7826
713025
13447
7607
713025
13447
12166
713025
13447
6903
713025
13447
-7049
713025
13447
-278
713025
13447
5878
713025
13447
-3216
713025
13447
9723
713025
9968
5785
6296604
9968
-9595
6296604
9968
4552
6296604
9968
-2857
6296604
9968
-12599
6296604
9968
-5973
6296604
9968
-11137
6296604
9968
-6894
6296604
9968
8783
6296604
9968
12131
6296604
9968
10157
6296604
9968
-9431
6296604
9968
7654
6296604
9968
960
6296604
9968
7835
6296604
9968
-2769
6296604
9968
-9445
6296604
9968
-5026
6296604
9968
2982
6296604
9968
4565
6296604
9968
7997
6296604
9968
-918
6296604
9968
-16930
6296604
9968
23880
6296604
9968
-7965
6296604
9968
-2639
6296604
9968
4758
6296604
9968
1509
6296604
9968
4298
6296604
9968
-10616
6296604
9968
-5236
6296604
9968
-14513
6296604
9968
26671
6296604
9968
347
6296604
9968
149
6296604
9968
9831
6296604
9968
-6449
6296604
9968
10428
6296604
9968
19694
6296604
9968
1955
6296604
9968
-8048
6296604
9968
-4872
6296604
9968
1849
6296604
9968
-2907
6296604
9968
1431
6296604
9968
-3585
6296604
9968
-1992
6296604
9968
4287
6296604
9968
-1278
6296604
9968
4968
6296604
-436
-1692
1181936
-436
5390
1181936
-436
187
1181936
-436
-15398
1181936
-436
9624
1181936
-436
-2054
1181936
-436
102
1181936
-436
-10959
1181936
-436
6729
1181936
-436
-8584
1181936
-436
2474
1181936
-436
-11461
1181936
-436
-3733
1181936
-436
-4875
1181936
-436
-2624
1181936
-436
-8714
1181936
-436
8859
1181936
-436
2113
1181936
-436
-8462
1181936
-436
1924
1181936
-436
-1859
1181936
-436
1781
1181936
-436
-5281
1181936
-436
5348
1181936
-436
-3295
1181936
-436
-8916
1181936
-436
-6703
1181936
-436
12761
1181936
-436
-23180
1181936
-436
2899
1181936
-436
18650
1181936
-436
16411
1181936
-436
2437
1181936
-436
-16215
1181936
-436
3395
1181936
-436
-2054
1181936
-436
-3359
1181936
-436
-6775
1181936
-436
-9819
1181936
-436
3420
1181936
-436
3915
1181936
-436
3183
1181936
-436
13197
1181936
-436
-3663
1181936
-436
744
1181936
-436
-10325
1181936
-436
-5237
1181936
-436
-3398
1181936
-436
13080
1181936
-436
5787
1181936
-15604
7727
176272
-15604
-1186
176272
-15604
-2489
176272
-15604
-4687
176272
-15604
-113
176272
-15604
3814
176272
-15604
5703
176272
-15604
-11500
176272
-15604
-7233
176272
-15604
19688
176272
-15604
-17164
176272
-15604
2184
176272
-15604
-3803
176272
-15604
2526
176272
-15604
17844
176272
-15604
-15663
176272
-15604
-15587
176272
-15604
642
176272
-15604
3440
176272
-15604
-399
176272
-15604
-14278
176272
-15604
-8593
176272
-15604
7162
176272
-15604
-5033
176272
-15604
-2288
176272
-15604
-7062
176272
-15604
-4771
176272
-15604
-15190
176272
-15604
-979
176272
-15604
-6294
176272
-15604
-5141
176272
-15604
-9823
176272
-15604
-12885
176272
-15604
-11713
176272
-15604
4283
176272
-15604
-7529
176272
-15604
4033
176272
-15604
-12254
176272
-15604
-9279
176272
-15604
5239
176272
-15604
10385
176272
-15604
7220
176272
-15604
-3483
176272
-15604
988
176272
-15604
-7225
176272
-15604
8682
176272
-15604
-8411
176272
-15604
-1415
176272
-15604
-5338
176272
-15604
8691
176272
11184
6624
60540
11184
-3577
60540
11184
2379
60540
11184
2367
60540
11184
6291
60540
11184
5517
60540
11184
12134
60540
11184
-7606
60540
11184
-8857
60540
11184
-7661
60540
11184
-16036
60540
11184
-2122
60540
11184
13299
60540
11184
-3435
60540
11184
-3681
60540
11184
12988
60540
11184
3660
60540
11184
17482
60540
11184
-1179
60540
11184
10184
60540
11184
8151
60540
11184
-9144
60540
11184
1328
60540
11184
-7489
60540
11184
-589
60540
11184
-8395
60540
11184
4396
60540
11184
-8119
60540
11184
-8997
60540
11184
-2839
60540
11184
2673
60540
11184
-5135
60540
11184
-4115
60540
11184
-8015
60540
11184
3257
60540
11184
-10420
60540
11184
-8546
60540
11184
8847
60540
11184
-347
60540
11184
-2156
60540
11184
-2499
60540
11184
8914
60540
11184
3105
60540
11184
-817
60540
11184
13392
60540
11184
-5960
60540
11184
-1738
60540
11184
-1165
60540
11184
-6145
60540
11184
18495
60540
-23287
5143
4370880
-23287
-1908
4370880
-23287
7083
4370880
-23287
-10260
4370880
-23287
4593
4370880
-23287
5144
4370880
-23287
-6917
4370880
-23287
-7139
4370880
-23287
-13744
4370880
-23287
7332
4370880
-23287
23187
4370880
-23287
17703
4370880
-23287
18142
4370880
-23287
8108
4370880
-23287
-9387
4370880
-23287
13973
4370880
-23287
-8326
4370880
-23287
10659
4370880
-23287
10708
4370880
-23287
-5873
4370880
-23287
-11361
4370880
-23287
-12078
4370880
-23287
-7419
4370880
-23287
7983
4370880
-23287
1955
4370880
-23287
7875
4370880
-23287
-15644
4370880
-23287
-7618
4370880
-23287
4710
4370880
-23287
-3744
4370880
-23287
-20854
4370880
-23287
-17450
4370880
-23287
320
4370880
-23287
-900
4370880
-23287
-2205
4370880
-23287
4987
4370880
-23287
-9340
4370880
-23287
-1141
4370880
-23287
4373
4370880
-23287
-5505
4370880
-23287
905
4370880
-23287
-9280
4370880
-23287
16913
4370880
-23287
-7667
4370880
-23287
-6802
4370880
-23287
-6997
4370880
-23287
5217
4370880
-23287
-3464
4370880
-23287
-11769
4370880
-23287
7430
4370880
4794
-1329
96799
4794
-9011
96799
4794
-675
96799
4794
18124
96799
4794
-1801
96799
4794
-691
96799
4794
-6403
96799
4794
-1394
96799
4794
10124
96799
4794
547
96799
4794
3887
96799
4794
-1828
96799
4794
3226
96799
4794
5026
96799
4794
-5341
96799
4794
1284
96799
4794
6680
96799
4794
13510
96799
4794
6063
96799
4794
414
96799
4794
7875
96799
4794
-3704
96799
4794
-2269
96799
4794
-16927
96799
4794
-4410
96799
4794
-578
96799
4794
-7559
96799
4794
-4921
96799
4794
-1716
96799
4794
3264
96799
4794
-5068
96799
4794
5115
96799
4794
-7992
96799
4794
8238
96799
4794
3523
96799
4794
1723
96799
4794
3680
96799
4794
3586
96799
4794
1005
96799
4794
10061
96799
4794
-64
96799
4794
-5440
96799
4794
2997
96799
4794
-3887
96799
4794
22415
96799
4794
-2293
96799
4794
-8469
96799
4794
1315
96799
4794
-5189
96799
4794
3638
96799
-1289
1397
143867
-1289
3583
143867
-1289
7202
143867
-1289
8991
143867
-1289
-15440
143867
-1289
-16849
143867
-1289
8526
143867
-1289
978
143867
-1289
347
143867
-1289
-9085
143867
-1289
9587
143867
-1289
14489
143867
-1289
8053
143867
-1289
5711
143867
-1289
3578
143867
-1289
10610
143867
-1289
-730
143867
-1289
-10210
143867
-1289
-7039
143867
-1289
8781
143867
-1289
641
143867
-1289
482
143867
-1289
-6772
143867
-1289
-15931
143867
-1289
-3587
143867
-1289
-309
143867
-1289
1125
143867
-1289
-7501
143867
-1289
-3790
143867
-1289
2462
143867
-1289
15568
143867
-1289
-1344
143867
-1289
674
143867
-1289
13532
143867
-1289
1727
143867
-1289
-1236
143867
-1289
-11753
143867
-1289
-6207
143867
-1289
-5767
143867
-1289
-21139
143867
-1289
2427
143867
-1289
-2555
143867
-1289
3105
143867
-1289
1142
143867
-1289
-11971
143867
-1289
15676
143867
-1289
3264
143867
-1289
-5830
143867
-1289
2491
143867
-1289
4928
143867
-1790
-2937
2167008
-1790
13442
2167008
-1790
-6912
2167008
-1790
2832
2167008
-1790
1061
2167008
-1790
5639
2167008
-1790
7707
2167008
-1790
6549
2167008
-1790
1723
2167008
-1790
-1115
2167008
-1790
874
2167008
-1790
-10530
2167008
-1790
-19961
2167008
-1790
-3198
2167008
-1790
10015
2167008
-1790
7967
2167008
-1790
-10322
2167008
-1790
-10947
2167008
-1790
6576
2167008
-1790
4816
2167008
-1790
1855
2167008
-1790
913
2167008
-1790
7313
2167008
-1790
10612
2167008
-1790
5910
2167008
-1790
-14447
2167008
-1790
-976
2167008
-1790
-10616
2167008
-1790
3653
2167008
-1790
-6259
2167008
-1790
3384
2167008
-1790
-10209
2167008
-1790
11406
2167008
-1790
5404
2167008
-1790
-4394
2167008
-1790
4725
2167008
-1790
1233
2167008
-1790
2669
2167008
-1790
16902
2167008
-1790
-2330
2167008
-1790
-13390
2167008
-1790
-1005
2167008
-1790
-14546
2167008
-1790
3010
2167008
-1790
-15327
2167008
-1790
1607
2167008
-1790
-7337
2167008
-1790
-2233
2167008
-1790
4225
2167008
-1790
-15891
2167008
9641
-419
5385486
9641
377
5385486
9641
-2079
5385486
9641
325
5385486
9641
1978
5385486
9641
3093
5385486
9641
-15246
5385486
9641
-8212
5385486
9641
-9574
5385486
9641
4744
5385486
9641
-10040
5385486
9641
8100
5385486
9641
1612
5385486
9641
3254
5385486
9641
8225
5385486
9641
2538
5385486
9641
-5719
5385486
9641
-1986
5385486
9641
-5219
5385486
9641
-2271
5385486
9641
9185
5385486
9641
9103
5385486
9641
7722
5385486
9641
-3670
5385486
9641
-6590
5385486
9641
-2767
5385486
9641
-885
5385486
9641
7151
5385486
9641
-3046
5385486
9641
-3383
5385486
9641
-2340
5385486
9641
-1959
5385486
9641
-3582
5385486
9641
-2675
5385486
9641
-1846
5385486
9641
-14673
5385486
9641
6895
5385486
9641
-6010
5385486
9641
4007
5385486
9641
-6332
5385486
9641
-6626
5385486
9641
2927
5385486
9641
4488
5385486
9641
-15410
5385486
9641
-7704
5385486
9641
-11767
5385486
9641
-1313
5385486
9641
-10934
5385486
9641
-1389
5385486
9641
-13209
5385486
-11431
-7978
457106
-11431
-762
457106
-11431
7535
457106
-11431
6594
457106
-11431
-7904
457106
-11431
-5609
457106
-11431
-20627
457106
-11431
937
457106
-11431
-5273
457106
-11431
-3007
457106
-11431
-4403
457106
-11431
1138
457106
-11431
9957
457106
-11431
12255
457106
-11431
8231
457106
-11431
14149
457106
-11431
183
457106
-11431
-4319
457106
-11431
-2629
457106
-11431
-10375
457106
-11431
-2942
457106
-11431
6225
457106
-11431
273
457106
-11431
-11574
457106
-11431
5105
457106
-11431
-3207
457106
-11431
-3828
457106
-11431
-3999
457106
-11431
-11899
457106
-11431
-10016
457106
-11431
2327
457106
-11431
-6253
457106
-11431
-7485
457106
-11431
8683
457106
-11431
9980
457106
-11431
2015
457106
-11431
-6392
457106
-11431
2536
457106
-11431
-5145
457106
-11431
-1956
457106
-11431
7728
457106
-11431
5494
457106
-11431
-3501
457106
-11431
1128
457106
-11431
1544
457106
-11431
13375
457106
-11431
-12425
457106
-11431
-11266
457106
-11431
881
457106
-11431
-8626
457106
9553
-156
4209920
9553
-1263
4209920
9553
-11575
4209920
9553
316
4209920
9553
-403
4209920
9553
-8840
4209920
9553
6537
4209920
9553
-5149
4209920
9553
-4394
4209920
9553
-7468
4209920
9553
-8294
4209920
9553
10786
4209920
9553
4857
4209920
9553
-16573
4209920
9553
3819
4209920
9553
358
4209920
9553
2281
4209920
9553
-24340
4209920
9553
4872
4209920
9553
15406
4209920
9553
-12140
4209920
9553
10197
4209920
9553
5307
4209920
9553
-2857
4209920
9553
13127
4209920
9553
-3748
4209920
9553
-1241
4209920
9553
4738
4209920
9553
4435
4209920
9553
-308
4209920
9553
4903
4209920
9553
-10175
4209920
9553
10635
4209920
9553
-2469
4209920
9553
-2828
4209920
9553
3225
4209920
9553
-5820
4209920
9553
-1375
4209920
9553
-2657
4209920
9553
-2335
4209920
9553
-4484
4209920
9553
-15235
4209920
9553
-3668
4209920
9553
3881
4209920
9553
-7785
4209920
9553
2590
4209920
9553
-3905
4209920
9553
-2335
4209920
9553
418
4209920
9553
6132
4209920
1929
-12630
2752792
1929
1697
2752792
1929
6660
2752792
1929
218
2752792
1929
-9209
2752792
1929
-2492
2752792
1929
5008
2752792
1929
-5467
2752792
1929
6470
2752792
1929
-4596
2752792
1929
-5474
2752792
1929
9890
2752792
1929
4483
2752792
1929
2054
2752792
1929
-8513
2752792
1929
-2861
2752792
1929
6841
2752792
1929
11410
2752792
1929
-8820
2752792
1929
5234
2752792
1929
20738
2752792
1929
-9446
2752792
1929
7801
2752792
1929
-5691
2752792
1929
-2729
2752792
1929
8648
2752792
1929
-5581
2752792
1929
-3590
2752792
1929
4330
2752792
1929
1381
2752792
1929
-5881
2752792
1929
9614
2752792
1929
2
2752792
1929
-3105
2752792
1929
-2308
2752792
1929
-119
2752792
1929
20548
2752792
1929
3999
2752792
1929
3385
2752792
1929
11198
2752792
1929
-7212
2752792
1929
7551
2752792
1929
-9082
2752792
1929
15957
2752792
1929
5845
2752792
1929
6711
2752792
1929
-1766
2752792
1929
-630
2752792
1929
9748
2752792
1929
-4591
2752792
-3613
-7362
1392844
-3613
-3612
1392844
-3613
3926
1392844
-3613
-8501
1392844
-3613
2266
1392844
-3613
-7209
1392844
-3613
-8020
1392844
-3613
5502
1392844
-3613
7070
1392844
-3613
8130
1392844
-3613
-417
1392844
-3613
-4964
1392844
-3613
5825
1392844
-3613
7226
1392844
-3613
2232
1392844
-3613
11975
1392844
-3613
14057
1392844
-3613
-309
1392844
-3613
6254
1392844
-3613
3081
1392844
-3613
-11145
1392844
-3613
12521
1392844
-3613
13092
1392844
-3613
-6503
1392844
-3613
-8959
1392844
-3613
4017
1392844
-3613
-1920
1392844
-3613
6909
1392844
-3613
774
1392844
-3613
8515
1392844
-3613
15472
1392844
-3613
3627
1392844
-3613
1388
1392844
-3613
1339
1392844
-3613
197
1392844
-3613
5948
1392844
-3613
-3590
1392844
-3613
-4566
1392844
-3613
368
1392844
-3613
2006
1392844
-3613
-9805
1392844
-3613
7805
1392844
-3613
2128
1392844
-3613
1511
1392844
-3613
2508
1392844
-3613
917
1392844
-3613
-1648
1392844
-3613
4171
1392844
-3613
-1504
1392844
-3613
-2213
1392844
21667
85
391180
21667
6704
391180
21667
-9299
391180
21667
5557
391180
21667
-541
391180
21667
11159
391180
21667
-10626
391180
21667
15011
391180
21667
5778
391180
21667
6920
391180
21667
12175
391180
21667
-9979
391180
21667
-6783
391180
21667
10574
391180
21667
-1676
391180
21667
1359
391180
21667
10755
391180
21667
-4714
391180
21667
4987
391180
21667
-3949
391180
21667
1805
391180
21667
3430
391180
21667
-20061
391180
21667
5589
391180
21667
11654
391180
21667
12781
391180
21667
4806
391180
21667
-2969
391180
21667
7739
391180
21667
3359
391180
21667
3548
391180
21667
4696
391180
21667
-1012
391180
21667
-4444
391180
21667
-14105
391180
21667
-2562
391180
21667
845
391180
21667
6694
391180
21667
-534
391180
21667
3547
391180
21667
5943
391180
21667
-7909
391180
21667
3801
391180
21667
5350
391180
21667
1542
391180
21667
-1452
391180
21667
-10284
391180
21667
-9136
391180
21667
5278
391180
21667
-469
391180
4342
-8284
217099
4342
-8068
217099
4342
-8248
217099
4342
-6272
217099
4342
1110
217099
4342
-1098
217099
4342
569
217099
4342
-9556
217099
4342
3436
217099
4342
-8462
217099
4342
-2078
217099
4342
2289
217099
4342
14098
217099
4342
-10259
217099
4342
-3895
217099
4342
10255
217099
4342
17963
217099
4342
2711
217099
4342
8309
217099
4342
-3684
217099
4342
-1070
217099
4342
2987
217099
4342
15958
217099
4342
8078
217099
4342
6886
217099
4342
-2346
217099
4342
1796
217099
4342
2817
217099
4342
3963
217099
4342
-7136
217099
4342
-1056
217099
4342
-3207
217099
4342
-7447
217099
4342
-2611
217099
4342
-6624
217099
4342
5961
217099
4342
-1082
217099
4342
-12178
217099
4342
-9472
217099
4342
-1941
217099
4342
2636
217099
4342
-2853
217099
4342
20326
217099
4342
13426
217099
4342
-11667
217099
4342
-1412
217099
4342
-4279
217099
4342
-5183
217099
4342
-7169
217099
4342
-12830
217099
11991
8665
187769
11991
284
187769
11991
-4963
187769
11991
5788
187769
11991
-12133
187769
11991
-12295
187769
11991
-22218
187769
11991
1879
187769
11991
-757
187769
11991
4556
187769
11991
-6603
187769
11991
2090
187769
11991
-3495
187769
11991
-15152
187769
11991
15804
187769
11991
7580
187769
11991
-5117
187769
11991
14285
187769
11991
3212
187769
11991
2270
187769
11991
-466
187769
11991
164
187769
11991
11225
187769
11991
-626
187769
11991
6500
187769
11991
-5306
187769
11991
-5963
187769
11991
5384
187769
11991
4588
187769
11991
502
187769
11991
3461
187769
11991
-3607
187769
11991
818
187769
11991
-277
187769
11991
-219
187769
11991
-5032
187769
11991
1270
187769
11991
-2621
187769
11991
9159
187769
11991
-3377
187769
11991
-11818
187769
11991
1894
187769
11991
-4745
187769
11991
-2603
187769
11991
-3253
187769
11991
-4834
187769
11991
6227
187769
11991
-5352
187769
11991
-3976
187769
11991
-4547
187769
